2025-07-13 00:09:40,096 [INFO] WebApp:189 - Connection lost
2025-07-13 00:09:41,056 [INFO] WebApp:186 - Connection restablished
2025-07-13 00:23:30,706 [INFO] WebApp:189 - Connection lost
2025-07-13 00:23:31,558 [INFO] WebApp:186 - Connection restablished
2025-07-13 00:38:42,612 [INFO] WebApp:189 - Connection lost
2025-07-13 00:38:43,733 [INFO] WebApp:186 - Connection restablished
2025-07-13 00:53:51,393 [INFO] WebApp:189 - Connection lost
2025-07-13 00:53:52,241 [INFO] WebApp:186 - Connection restablished
2025-07-13 01:10:58,924 [INFO] WebApp:189 - Connection lost
2025-07-13 01:10:59,770 [INFO] WebApp:186 - Connection restablished
2025-07-13 01:24:30,598 [INFO] WebApp:189 - Connection lost
2025-07-13 01:24:31,451 [INFO] WebApp:186 - Connection restablished
2025-07-13 01:39:57,213 [INFO] WebApp:189 - Connection lost
2025-07-13 01:39:58,072 [INFO] WebApp:186 - Connection restablished
2025-07-13 01:55:23,373 [INFO] WebApp:189 - Connection lost
2025-07-13 01:55:24,239 [INFO] WebApp:186 - Connection restablished
2025-07-13 02:10:31,234 [INFO] WebApp:189 - Connection lost
2025-07-13 02:10:31,622 [INFO] WebApp:186 - Connection restablished
2025-07-13 02:25:30,327 [INFO] WebApp:189 - Connection lost
2025-07-13 02:25:30,703 [INFO] WebApp:186 - Connection restablished
2025-07-13 02:40:46,415 [INFO] WebApp:189 - Connection lost
2025-07-13 02:40:46,806 [INFO] WebApp:186 - Connection restablished
2025-07-13 02:55:53,499 [INFO] WebApp:189 - Connection lost
2025-07-13 02:55:53,882 [INFO] WebApp:186 - Connection restablished
2025-07-13 03:11:01,710 [INFO] WebApp:189 - Connection lost
2025-07-13 03:11:02,064 [INFO] WebApp:186 - Connection restablished
2025-07-13 03:26:08,865 [INFO] WebApp:189 - Connection lost
2025-07-13 03:26:09,240 [INFO] WebApp:186 - Connection restablished
2025-07-13 03:41:20,211 [INFO] WebApp:189 - Connection lost
2025-07-13 03:41:20,598 [INFO] WebApp:186 - Connection restablished
2025-07-13 03:56:31,169 [INFO] WebApp:189 - Connection lost
2025-07-13 03:56:31,546 [INFO] WebApp:186 - Connection restablished
2025-07-13 04:11:40,288 [INFO] WebApp:189 - Connection lost
2025-07-13 04:11:40,708 [INFO] WebApp:186 - Connection restablished
2025-07-13 04:26:49,884 [INFO] WebApp:189 - Connection lost
2025-07-13 04:26:50,292 [INFO] WebApp:186 - Connection restablished
2025-07-13 04:41:58,051 [INFO] WebApp:189 - Connection lost
2025-07-13 04:41:58,430 [INFO] WebApp:186 - Connection restablished
2025-07-13 04:42:00,230 [INFO] WebApp:189 - Connection lost
2025-07-13 04:42:00,360 [INFO] WebApp:186 - Connection restablished
2025-07-13 04:57:05,364 [INFO] WebApp:189 - Connection lost
2025-07-13 04:57:05,829 [INFO] WebApp:186 - Connection restablished
2025-07-13 05:12:13,421 [INFO] WebApp:189 - Connection lost
2025-07-13 05:12:13,804 [INFO] WebApp:186 - Connection restablished
2025-07-13 05:23:33,470 [INFO] WebApp:189 - Connection lost
2025-07-13 05:23:33,841 [INFO] WebApp:186 - Connection restablished
2025-07-13 05:27:50,439 [INFO] WebApp:189 - Connection lost
2025-07-13 05:27:50,918 [INFO] WebApp:186 - Connection restablished
2025-07-13 05:27:54,403 [INFO] WebApp:189 - Connection lost
2025-07-13 05:27:54,525 [INFO] WebApp:186 - Connection restablished
2025-07-13 05:46:32,437 [INFO] WebApp:189 - Connection lost
2025-07-13 05:46:32,826 [INFO] WebApp:186 - Connection restablished
2025-07-13 06:02:00,004 [INFO] WebApp:189 - Connection lost
2025-07-13 06:02:00,394 [INFO] WebApp:186 - Connection restablished
2025-07-13 06:17:26,761 [INFO] WebApp:189 - Connection lost
2025-07-13 06:17:27,149 [INFO] WebApp:186 - Connection restablished
2025-07-13 06:28:26,320 [INFO] WebApp:189 - Connection lost
2025-07-13 06:28:26,705 [INFO] WebApp:186 - Connection restablished
2025-07-13 06:43:52,848 [INFO] WebApp:189 - Connection lost
2025-07-13 06:43:53,258 [INFO] WebApp:186 - Connection restablished
2025-07-13 06:59:19,370 [INFO] WebApp:189 - Connection lost
2025-07-13 06:59:19,753 [INFO] WebApp:186 - Connection restablished
2025-07-13 07:14:45,870 [INFO] WebApp:189 - Connection lost
2025-07-13 07:14:46,257 [INFO] WebApp:186 - Connection restablished
2025-07-13 07:29:26,236 [INFO] WebApp:189 - Connection lost
2025-07-13 07:29:26,630 [INFO] WebApp:186 - Connection restablished
2025-07-13 07:29:30,236 [INFO] WebApp:189 - Connection lost
2025-07-13 07:29:30,369 [INFO] WebApp:186 - Connection restablished
2025-07-13 07:44:52,685 [INFO] WebApp:189 - Connection lost
2025-07-13 07:44:53,070 [INFO] WebApp:186 - Connection restablished
2025-07-13 07:44:55,134 [INFO] WebApp:189 - Connection lost
2025-07-13 07:44:55,264 [INFO] WebApp:186 - Connection restablished
2025-07-13 08:00:19,392 [INFO] WebApp:189 - Connection lost
2025-07-13 08:00:19,772 [INFO] WebApp:186 - Connection restablished
2025-07-13 08:15:26,572 [INFO] WebApp:189 - Connection lost
2025-07-13 08:15:26,964 [INFO] WebApp:186 - Connection restablished
2025-07-13 08:30:26,187 [INFO] WebApp:189 - Connection lost
2025-07-13 08:30:26,565 [INFO] WebApp:186 - Connection restablished
2025-07-13 08:30:28,527 [INFO] WebApp:189 - Connection lost
2025-07-13 08:30:28,658 [INFO] WebApp:186 - Connection restablished
2025-07-13 08:45:33,864 [INFO] WebApp:189 - Connection lost
2025-07-13 08:45:34,234 [INFO] WebApp:186 - Connection restablished
2025-07-13 09:00:41,353 [INFO] WebApp:189 - Connection lost
2025-07-13 09:00:41,724 [INFO] WebApp:186 - Connection restablished
2025-07-13 09:15:48,262 [INFO] WebApp:189 - Connection lost
2025-07-13 09:15:48,664 [INFO] WebApp:186 - Connection restablished
2025-07-13 09:30:54,522 [INFO] WebApp:189 - Connection lost
2025-07-13 09:30:54,910 [INFO] WebApp:186 - Connection restablished
2025-07-13 09:46:02,112 [INFO] WebApp:189 - Connection lost
2025-07-13 09:46:02,490 [INFO] WebApp:186 - Connection restablished
2025-07-13 10:01:09,794 [INFO] WebApp:189 - Connection lost
2025-07-13 10:01:10,175 [INFO] WebApp:186 - Connection restablished
2025-07-13 10:16:17,776 [INFO] WebApp:189 - Connection lost
2025-07-13 10:16:18,161 [INFO] WebApp:186 - Connection restablished
2025-07-13 10:31:27,930 [INFO] WebApp:189 - Connection lost
2025-07-13 10:31:28,327 [INFO] WebApp:186 - Connection restablished
2025-07-13 10:46:37,226 [INFO] WebApp:189 - Connection lost
2025-07-13 10:46:37,587 [INFO] WebApp:186 - Connection restablished
2025-07-13 11:01:45,018 [INFO] WebApp:189 - Connection lost
2025-07-13 11:01:45,410 [INFO] WebApp:186 - Connection restablished
2025-07-13 11:16:52,297 [INFO] WebApp:189 - Connection lost
2025-07-13 11:16:52,668 [INFO] WebApp:186 - Connection restablished
2025-07-13 11:32:28,152 [INFO] WebApp:189 - Connection lost
2025-07-13 11:32:28,548 [INFO] WebApp:186 - Connection restablished
2025-07-13 11:47:35,502 [INFO] WebApp:189 - Connection lost
2025-07-13 11:47:35,897 [INFO] WebApp:186 - Connection restablished
2025-07-13 12:02:46,538 [INFO] WebApp:189 - Connection lost
2025-07-13 12:02:46,940 [INFO] WebApp:186 - Connection restablished
2025-07-13 12:17:53,492 [INFO] WebApp:189 - Connection lost
2025-07-13 12:17:53,874 [INFO] WebApp:186 - Connection restablished
2025-07-13 12:17:54,919 [INFO] WebApp:189 - Connection lost
2025-07-13 12:17:55,051 [INFO] WebApp:186 - Connection restablished
2025-07-13 12:33:01,771 [INFO] WebApp:189 - Connection lost
2025-07-13 12:33:02,168 [INFO] WebApp:186 - Connection restablished
2025-07-13 12:38:37,394 [WARN] IP:2191 - I2C_Coeff_DF not found: check if there is a RefParameter without a condition.
2025-07-13 12:38:37,401 [WARN] IP:2191 - Analog_Filter not found: check if there is a RefParameter without a condition.
2025-07-13 12:38:37,402 [WARN] IP:2191 - I2C_Coeff_DF not found: check if there is a RefParameter without a condition.
2025-07-13 12:38:37,402 [WARN] IP:2191 - Analog_Filter not found: check if there is a RefParameter without a condition.
2025-07-13 12:38:37,408 [WARN] IP:2191 - I2C_Coeff_DF not found: check if there is a RefParameter without a condition.
2025-07-13 12:38:37,408 [WARN] IP:2191 - Analog_Filter not found: check if there is a RefParameter without a condition.
2025-07-13 12:38:37,408 [WARN] IP:2191 - I2C_Coeff_DF not found: check if there is a RefParameter without a condition.
2025-07-13 12:38:37,408 [WARN] IP:2191 - Analog_Filter not found: check if there is a RefParameter without a condition.
2025-07-13 12:38:37,612 [WARN] IP:2191 - I2C_Coeff_DF not found: check if there is a RefParameter without a condition.
2025-07-13 12:38:37,612 [WARN] IP:2191 - Analog_Filter not found: check if there is a RefParameter without a condition.
2025-07-13 12:38:37,614 [WARN] IP:2191 - I2C_Coeff_DF not found: check if there is a RefParameter without a condition.
2025-07-13 12:38:37,614 [WARN] IP:2191 - Analog_Filter not found: check if there is a RefParameter without a condition.
2025-07-13 12:38:37,724 [WARN] IP:2191 - I2C_Coeff_DF not found: check if there is a RefParameter without a condition.
2025-07-13 12:38:37,724 [WARN] IP:2191 - Analog_Filter not found: check if there is a RefParameter without a condition.
2025-07-13 12:38:37,725 [WARN] IP:2191 - I2C_Coeff_DF not found: check if there is a RefParameter without a condition.
2025-07-13 12:38:37,725 [WARN] IP:2191 - Analog_Filter not found: check if there is a RefParameter without a condition.
2025-07-13 12:44:42,640 [WARN] IP:2191 - I2C_Coeff_DF not found: check if there is a RefParameter without a condition.
2025-07-13 12:44:42,644 [WARN] IP:2191 - Analog_Filter not found: check if there is a RefParameter without a condition.
2025-07-13 12:44:43,123 [WARN] IP:2191 - I2C_Coeff_DF not found: check if there is a RefParameter without a condition.
2025-07-13 12:44:43,125 [WARN] IP:2191 - Analog_Filter not found: check if there is a RefParameter without a condition.
2025-07-13 12:45:21,738 [WARN] IP:2191 - I2C_Coeff_DF not found: check if there is a RefParameter without a condition.
2025-07-13 12:45:21,742 [WARN] IP:2191 - Analog_Filter not found: check if there is a RefParameter without a condition.
2025-07-13 12:45:21,944 [WARN] IP:2191 - I2C_Coeff_DF not found: check if there is a RefParameter without a condition.
2025-07-13 12:45:21,944 [WARN] IP:2191 - Analog_Filter not found: check if there is a RefParameter without a condition.
2025-07-13 12:45:56,476 [INFO] UtilMem:75 - End SaveConfig() Used Memory: 877499992 Bytes (1073741824)
2025-07-13 12:45:57,193 [INFO] UtilMem:75 - End SaveConfig() Used Memory: 915870976 Bytes (1073741824)
2025-07-13 12:45:57,992 [INFO] ProjectBuilder:2334 - IP not ready for code generation: ADC1
2025-07-13 12:46:05,252 [INFO] BlockDiagram:2766 - set Specific Code input for plugin: TIM1_8
2025-07-13 12:46:05,257 [INFO] BlockDiagram:2766 - set Specific Code input for plugin: TIM1_8
2025-07-13 12:46:05,257 [INFO] BlockDiagram:2766 - set Specific Code input for plugin: TIM1_8
2025-07-13 12:46:05,257 [INFO] BlockDiagram:2766 - set Specific Code input for plugin: TIM1_8
2025-07-13 12:46:05,257 [INFO] BlockDiagram:2766 - set Specific Code input for plugin: SYS
2025-07-13 12:46:05,257 [INFO] BlockDiagram:2766 - set Specific Code input for plugin: ADC
2025-07-13 12:46:05,257 [INFO] BlockDiagram:2766 - set Specific Code input for plugin: RCC
2025-07-13 12:46:05,257 [INFO] BlockDiagram:2766 - set Specific Code input for plugin: I2C
2025-07-13 12:46:05,257 [INFO] BlockDiagram:2766 - set Specific Code input for plugin: I2C
2025-07-13 12:46:05,257 [INFO] BlockDiagram:2766 - set Specific Code input for plugin: RTC
2025-07-13 12:46:05,257 [INFO] BlockDiagram:2766 - set Specific Code input for plugin: USB_OTG_FS
2025-07-13 12:46:05,257 [INFO] BlockDiagram:2766 - set Specific Code input for plugin: NVIC
2025-07-13 12:46:05,257 [INFO] BlockDiagram:2766 - set Specific Code input for plugin: DMA
2025-07-13 12:46:05,257 [INFO] BlockDiagram:2766 - set Specific Code input for plugin: UART
2025-07-13 12:46:05,261 [INFO] BlockDiagram:2766 - set Specific Code input for plugin: GPIO
2025-07-13 12:46:05,266 [INFO] CodeGenerator:807 - code generatio: config db path: /Applications/STM32CubeIDE.app/Contents/Eclipse/plugins/com.st.stm32cube.common.mx_6.12.1.202409122256//db/
2025-07-13 12:46:05,321 [WARN] IP:2191 - I2C_Coeff_DF not found: check if there is a RefParameter without a condition.
2025-07-13 12:46:05,322 [WARN] IP:2191 - Analog_Filter not found: check if there is a RefParameter without a condition.
2025-07-13 12:46:05,323 [WARN] IP:2191 - I2C_Coeff_DF not found: check if there is a RefParameter without a condition.
2025-07-13 12:46:05,323 [WARN] IP:2191 - Analog_Filter not found: check if there is a RefParameter without a condition.
2025-07-13 12:46:05,651 [INFO] CodeEngine:255 - oldGeneratedFile, /Users/apple/STM32CubeIDE/workspace_1.16.1/STM32F405_EPS/MXTmpFiles/license.tmp_save
2025-07-13 12:46:06,376 [INFO] CodeEngine:279 - Generated code: /Users/apple/STM32CubeIDE/workspace_1.16.1/STM32F405_EPS/MXTmpFiles/license.tmp
2025-07-13 12:46:06,798 [INFO] CodeEngine:255 - oldGeneratedFile, /Users/apple/STM32CubeIDE/workspace_1.16.1/STM32F405_EPS/Core/Src/gpio.c_save
2025-07-13 12:46:07,162 [INFO] CodeEngine:279 - Generated code: /Users/apple/STM32CubeIDE/workspace_1.16.1/STM32F405_EPS/Core/Src/gpio.c
2025-07-13 12:46:07,179 [INFO] CodeEngine:255 - oldGeneratedFile, /Users/apple/STM32CubeIDE/workspace_1.16.1/STM32F405_EPS/Core/Inc/gpio.h_save
2025-07-13 12:46:07,312 [INFO] CodeEngine:279 - Generated code: /Users/apple/STM32CubeIDE/workspace_1.16.1/STM32F405_EPS/Core/Inc/gpio.h
2025-07-13 12:46:08,054 [WARN] IPConfigManager:3005 - Warning: the RefConfig PWREx_EnableUSBVoltageDetector is not available in your config.xml file
2025-07-13 12:46:08,087 [INFO] CodeEngine:255 - oldGeneratedFile, /Users/apple/STM32CubeIDE/workspace_1.16.1/STM32F405_EPS/Core/Src/adc.c_save
2025-07-13 12:46:08,506 [INFO] CodeEngine:279 - Generated code: /Users/apple/STM32CubeIDE/workspace_1.16.1/STM32F405_EPS/Core/Src/adc.c
2025-07-13 12:46:08,523 [INFO] CodeEngine:255 - oldGeneratedFile, /Users/apple/STM32CubeIDE/workspace_1.16.1/STM32F405_EPS/Core/Inc/adc.h_save
2025-07-13 12:46:08,622 [INFO] CodeEngine:279 - Generated code: /Users/apple/STM32CubeIDE/workspace_1.16.1/STM32F405_EPS/Core/Inc/adc.h
2025-07-13 12:46:08,664 [INFO] CodeEngine:255 - oldGeneratedFile, /Users/apple/STM32CubeIDE/workspace_1.16.1/STM32F405_EPS/Core/Src/dma.c_save
2025-07-13 12:46:08,737 [INFO] CodeEngine:279 - Generated code: /Users/apple/STM32CubeIDE/workspace_1.16.1/STM32F405_EPS/Core/Src/dma.c
2025-07-13 12:46:08,738 [INFO] CodeEngine:255 - oldGeneratedFile, /Users/apple/STM32CubeIDE/workspace_1.16.1/STM32F405_EPS/Core/Inc/dma.h_save
2025-07-13 12:46:08,813 [INFO] CodeEngine:279 - Generated code: /Users/apple/STM32CubeIDE/workspace_1.16.1/STM32F405_EPS/Core/Inc/dma.h
2025-07-13 12:46:08,820 [INFO] CodeEngine:255 - oldGeneratedFile, /Users/apple/STM32CubeIDE/workspace_1.16.1/STM32F405_EPS/Core/Src/i2c.c_save
2025-07-13 12:46:08,912 [INFO] CodeEngine:279 - Generated code: /Users/apple/STM32CubeIDE/workspace_1.16.1/STM32F405_EPS/Core/Src/i2c.c
2025-07-13 12:46:08,914 [INFO] CodeEngine:255 - oldGeneratedFile, /Users/apple/STM32CubeIDE/workspace_1.16.1/STM32F405_EPS/Core/Inc/i2c.h_save
2025-07-13 12:46:08,973 [INFO] CodeEngine:279 - Generated code: /Users/apple/STM32CubeIDE/workspace_1.16.1/STM32F405_EPS/Core/Inc/i2c.h
2025-07-13 12:46:08,979 [INFO] CodeEngine:255 - oldGeneratedFile, /Users/apple/STM32CubeIDE/workspace_1.16.1/STM32F405_EPS/Core/Src/rtc.c_save
2025-07-13 12:46:09,065 [INFO] CodeEngine:279 - Generated code: /Users/apple/STM32CubeIDE/workspace_1.16.1/STM32F405_EPS/Core/Src/rtc.c
2025-07-13 12:46:09,067 [INFO] CodeEngine:255 - oldGeneratedFile, /Users/apple/STM32CubeIDE/workspace_1.16.1/STM32F405_EPS/Core/Inc/rtc.h_save
2025-07-13 12:46:09,143 [INFO] CodeEngine:279 - Generated code: /Users/apple/STM32CubeIDE/workspace_1.16.1/STM32F405_EPS/Core/Inc/rtc.h
2025-07-13 12:46:09,147 [INFO] CodeEngine:255 - oldGeneratedFile, /Users/apple/STM32CubeIDE/workspace_1.16.1/STM32F405_EPS/Core/Src/tim.c_save
2025-07-13 12:46:09,265 [INFO] CodeEngine:279 - Generated code: /Users/apple/STM32CubeIDE/workspace_1.16.1/STM32F405_EPS/Core/Src/tim.c
2025-07-13 12:46:09,268 [INFO] CodeEngine:255 - oldGeneratedFile, /Users/apple/STM32CubeIDE/workspace_1.16.1/STM32F405_EPS/Core/Inc/tim.h_save
2025-07-13 12:46:09,383 [INFO] CodeEngine:279 - Generated code: /Users/apple/STM32CubeIDE/workspace_1.16.1/STM32F405_EPS/Core/Inc/tim.h
2025-07-13 12:46:09,408 [INFO] CodeEngine:255 - oldGeneratedFile, /Users/apple/STM32CubeIDE/workspace_1.16.1/STM32F405_EPS/Core/Src/usart.c_save
2025-07-13 12:46:09,512 [INFO] CodeEngine:279 - Generated code: /Users/apple/STM32CubeIDE/workspace_1.16.1/STM32F405_EPS/Core/Src/usart.c
2025-07-13 12:46:09,517 [INFO] CodeEngine:255 - oldGeneratedFile, /Users/apple/STM32CubeIDE/workspace_1.16.1/STM32F405_EPS/Core/Inc/usart.h_save
2025-07-13 12:46:09,586 [INFO] CodeEngine:279 - Generated code: /Users/apple/STM32CubeIDE/workspace_1.16.1/STM32F405_EPS/Core/Inc/usart.h
2025-07-13 12:46:09,590 [INFO] CodeEngine:255 - oldGeneratedFile, /Users/apple/STM32CubeIDE/workspace_1.16.1/STM32F405_EPS/Core/Src/usb_otg.c_save
2025-07-13 12:46:09,668 [INFO] CodeEngine:279 - Generated code: /Users/apple/STM32CubeIDE/workspace_1.16.1/STM32F405_EPS/Core/Src/usb_otg.c
2025-07-13 12:46:09,670 [INFO] CodeEngine:255 - oldGeneratedFile, /Users/apple/STM32CubeIDE/workspace_1.16.1/STM32F405_EPS/Core/Inc/usb_otg.h_save
2025-07-13 12:46:09,725 [INFO] CodeEngine:279 - Generated code: /Users/apple/STM32CubeIDE/workspace_1.16.1/STM32F405_EPS/Core/Inc/usb_otg.h
2025-07-13 12:46:09,735 [INFO] CodeEngine:255 - oldGeneratedFile, /Users/apple/STM32CubeIDE/workspace_1.16.1/STM32F405_EPS/Core/Src/stm32f4xx_it.c_save
2025-07-13 12:46:09,887 [INFO] CodeEngine:279 - Generated code: /Users/apple/STM32CubeIDE/workspace_1.16.1/STM32F405_EPS/Core/Src/stm32f4xx_it.c
2025-07-13 12:46:09,889 [INFO] CodeEngine:255 - oldGeneratedFile, /Users/apple/STM32CubeIDE/workspace_1.16.1/STM32F405_EPS/Core/Inc/stm32f4xx_it.h_save
2025-07-13 12:46:09,959 [INFO] CodeEngine:279 - Generated code: /Users/apple/STM32CubeIDE/workspace_1.16.1/STM32F405_EPS/Core/Inc/stm32f4xx_it.h
2025-07-13 12:46:09,973 [INFO] CodeEngine:255 - oldGeneratedFile, /Users/apple/STM32CubeIDE/workspace_1.16.1/STM32F405_EPS/Core/Src/stm32f4xx_hal_msp.c_save
2025-07-13 12:46:10,065 [INFO] CodeEngine:279 - Generated code: /Users/apple/STM32CubeIDE/workspace_1.16.1/STM32F405_EPS/Core/Src/stm32f4xx_hal_msp.c
2025-07-13 12:46:10,066 [INFO] CodeEngine:255 - oldGeneratedFile, /Users/apple/STM32CubeIDE/workspace_1.16.1/STM32F405_EPS/MXTmpFiles/system.tmp_save
2025-07-13 12:46:10,119 [INFO] CodeEngine:279 - Generated code: /Users/apple/STM32CubeIDE/workspace_1.16.1/STM32F405_EPS/MXTmpFiles/system.tmp
2025-07-13 12:46:10,128 [INFO] CodeEngine:311 - oldGeneratedFile, /Users/apple/STM32CubeIDE/workspace_1.16.1/STM32F405_EPS/Core/Inc/stm32f4xx_hal_conf.h_save
2025-07-13 12:46:10,200 [INFO] CodeEngine:335 - Generated code: /Users/apple/STM32CubeIDE/workspace_1.16.1/STM32F405_EPS/Core/Inc/stm32f4xx_hal_conf.h
2025-07-13 12:46:10,308 [INFO] CodeEngine:255 - oldGeneratedFile, /Users/apple/STM32CubeIDE/workspace_1.16.1/STM32F405_EPS/Core/Inc/main.h_save
2025-07-13 12:46:10,476 [INFO] CodeEngine:279 - Generated code: /Users/apple/STM32CubeIDE/workspace_1.16.1/STM32F405_EPS/Core/Inc/main.h
2025-07-13 12:46:10,481 [INFO] CodeEngine:255 - oldGeneratedFile, /Users/apple/STM32CubeIDE/workspace_1.16.1/STM32F405_EPS/Core/Src/main.c_save
2025-07-13 12:46:10,923 [INFO] CodeEngine:279 - Generated code: /Users/apple/STM32CubeIDE/workspace_1.16.1/STM32F405_EPS/Core/Src/main.c
2025-07-13 12:46:11,197 [INFO] ProjectBuilder:3249 - Time for Copy HAL[2] : 0mS.
2025-07-13 12:46:11,207 [INFO] ProjectBuilder:4828 - Project Generator version: 4.5.0-B34
2025-07-13 12:46:11,318 [INFO] ConfigFileManager:1531 - The Die is : DIE413
2025-07-13 12:46:11,331 [INFO] ApiDbMcu:508 - Load IP Config File for FATFS
2025-07-13 12:46:11,337 [INFO] ApiDbMcu:508 - Load IP Config File for FREERTOS
2025-07-13 12:46:11,339 [INFO] ApiDbMcu:508 - Load IP Config File for LIBJPEG
2025-07-13 12:46:11,347 [INFO] ApiDbMcu:508 - Load IP Config File for MBEDTLS
2025-07-13 12:46:11,359 [INFO] ApiDbMcu:508 - Load IP Config File for USB_DEVICE
2025-07-13 12:46:11,367 [INFO] ApiDbMcu:508 - Load IP Config File for USB_HOST
2025-07-13 12:46:14,119 [INFO] ProjectBuilder:5097 - Time for Generating toolchain IDE Files: 2909mS.
2025-07-13 12:46:14,123 [INFO] ProjectBuilder:3107 - Time for Copy CMSIS : 0mS.
2025-07-13 12:46:14,124 [INFO] ProjectBuilder:3107 - Time for Copy CMSIS : 0mS.
2025-07-13 12:46:18,386 [INFO] ADCParametersView:116 -                Rank 1 : false
2025-07-13 12:46:18,389 [INFO] ADCParametersView:116 -                Rank 1 : false
2025-07-13 12:46:18,390 [INFO] ADCParametersView:116 -                Rank 2 : false
2025-07-13 12:46:18,391 [INFO] ADCParametersView:116 -                Rank 1 : false
2025-07-13 12:46:18,391 [INFO] ADCParametersView:116 -                Rank 2 : false
2025-07-13 12:46:18,391 [INFO] ADCParametersView:116 -                Rank 3 : false
2025-07-13 12:46:18,392 [INFO] ADCParametersView:116 -                Rank 1 : false
2025-07-13 12:46:18,392 [INFO] ADCParametersView:116 -                Rank 2 : false
2025-07-13 12:46:18,392 [INFO] ADCParametersView:116 -                Rank 3 : false
2025-07-13 12:46:18,392 [INFO] ADCParametersView:116 -                Rank 4 : false
2025-07-13 12:46:18,392 [INFO] ADCParametersView:116 -                Rank 1 : false
2025-07-13 12:46:18,392 [INFO] ADCParametersView:116 -                Rank 2 : false
2025-07-13 12:46:18,393 [INFO] ADCParametersView:116 -                Rank 3 : false
2025-07-13 12:46:18,393 [INFO] ADCParametersView:116 -                Rank 4 : false
2025-07-13 12:46:18,393 [INFO] ADCParametersView:116 -                Rank 5 : false
2025-07-13 12:46:18,393 [INFO] ADCParametersView:116 -                Rank 1 : false
2025-07-13 12:46:18,393 [INFO] ADCParametersView:116 -                Rank 2 : false
2025-07-13 12:46:18,393 [INFO] ADCParametersView:116 -                Rank 3 : false
2025-07-13 12:46:18,393 [INFO] ADCParametersView:116 -                Rank 4 : false
2025-07-13 12:46:18,393 [INFO] ADCParametersView:116 -                Rank 5 : false
2025-07-13 12:46:18,393 [INFO] ADCParametersView:116 -                Rank 6 : false
2025-07-13 12:46:18,394 [INFO] ADCParametersView:116 -                Rank 1 : false
2025-07-13 12:46:18,394 [INFO] ADCParametersView:116 -                Rank 2 : false
2025-07-13 12:46:18,394 [INFO] ADCParametersView:116 -                Rank 3 : false
2025-07-13 12:46:18,394 [INFO] ADCParametersView:116 -                Rank 4 : false
2025-07-13 12:46:18,394 [INFO] ADCParametersView:116 -                Rank 5 : false
2025-07-13 12:46:18,394 [INFO] ADCParametersView:116 -                Rank 6 : false
2025-07-13 12:46:18,394 [INFO] ADCParametersView:116 -                Rank 7 : false
2025-07-13 12:46:18,395 [INFO] ADCParametersView:116 -                Rank 1 : false
2025-07-13 12:46:18,395 [INFO] ADCParametersView:116 -                Rank 2 : false
2025-07-13 12:46:18,395 [INFO] ADCParametersView:116 -                Rank 3 : false
2025-07-13 12:46:18,395 [INFO] ADCParametersView:116 -                Rank 4 : false
2025-07-13 12:46:18,395 [INFO] ADCParametersView:116 -                Rank 5 : false
2025-07-13 12:46:18,395 [INFO] ADCParametersView:116 -                Rank 6 : false
2025-07-13 12:46:18,395 [INFO] ADCParametersView:116 -                Rank 7 : false
2025-07-13 12:46:18,395 [INFO] ADCParametersView:116 -                Rank 8 : false
2025-07-13 12:46:18,395 [INFO] ADCParametersView:116 -                Rank 1 : false
2025-07-13 12:46:18,395 [INFO] ADCParametersView:116 -                Rank 2 : false
2025-07-13 12:46:18,395 [INFO] ADCParametersView:116 -                Rank 3 : false
2025-07-13 12:46:18,395 [INFO] ADCParametersView:116 -                Rank 4 : false
2025-07-13 12:46:18,395 [INFO] ADCParametersView:116 -                Rank 5 : false
2025-07-13 12:46:18,395 [INFO] ADCParametersView:116 -                Rank 6 : false
2025-07-13 12:46:18,395 [INFO] ADCParametersView:116 -                Rank 7 : false
2025-07-13 12:46:18,395 [INFO] ADCParametersView:116 -                Rank 8 : true
2025-07-13 12:46:18,396 [INFO] ADCParametersView:116 -                Rank 1 : false
2025-07-13 12:46:18,396 [INFO] ADCParametersView:116 -                Rank 2 : false
2025-07-13 12:46:18,396 [INFO] ADCParametersView:116 -                Rank 3 : false
2025-07-13 12:46:18,396 [INFO] ADCParametersView:116 -                Rank 4 : false
2025-07-13 12:46:18,396 [INFO] ADCParametersView:116 -                Rank 5 : false
2025-07-13 12:46:18,396 [INFO] ADCParametersView:116 -                Rank 6 : false
2025-07-13 12:46:18,396 [INFO] ADCParametersView:116 -                Rank 7 : false
2025-07-13 12:46:18,396 [INFO] ADCParametersView:116 -                Rank 8 : true
2025-07-13 12:46:18,396 [INFO] ADCParametersView:116 -                Rank 9 : false
2025-07-13 12:46:18,397 [INFO] ADCParametersView:116 -                Rank 1 : false
2025-07-13 12:46:18,397 [INFO] ADCParametersView:116 -                Rank 2 : false
2025-07-13 12:46:18,397 [INFO] ADCParametersView:116 -                Rank 3 : false
2025-07-13 12:46:18,397 [INFO] ADCParametersView:116 -                Rank 4 : false
2025-07-13 12:46:18,397 [INFO] ADCParametersView:116 -                Rank 5 : false
2025-07-13 12:46:18,397 [INFO] ADCParametersView:116 -                Rank 6 : false
2025-07-13 12:46:18,397 [INFO] ADCParametersView:116 -                Rank 7 : false
2025-07-13 12:46:18,397 [INFO] ADCParametersView:116 -                Rank 8 : true
2025-07-13 12:46:18,397 [INFO] ADCParametersView:116 -                Rank 9 : false
2025-07-13 12:46:18,397 [INFO] ADCParametersView:116 -                Rank 10 : false
2025-07-13 12:46:18,398 [INFO] ADCParametersView:116 -                Rank 1 : false
2025-07-13 12:46:18,398 [INFO] ADCParametersView:116 -                Rank 2 : false
2025-07-13 12:46:18,398 [INFO] ADCParametersView:116 -                Rank 3 : false
2025-07-13 12:46:18,398 [INFO] ADCParametersView:116 -                Rank 4 : false
2025-07-13 12:46:18,398 [INFO] ADCParametersView:116 -                Rank 5 : false
2025-07-13 12:46:18,398 [INFO] ADCParametersView:116 -                Rank 6 : false
2025-07-13 12:46:18,398 [INFO] ADCParametersView:116 -                Rank 7 : false
2025-07-13 12:46:18,398 [INFO] ADCParametersView:116 -                Rank 8 : true
2025-07-13 12:46:18,398 [INFO] ADCParametersView:116 -                Rank 9 : false
2025-07-13 12:46:18,398 [INFO] ADCParametersView:116 -                Rank 10 : false
2025-07-13 12:46:18,398 [INFO] ADCParametersView:116 -                Rank 11 : false
2025-07-13 12:46:18,399 [INFO] ADCParametersView:116 -                Rank 1 : false
2025-07-13 12:46:18,399 [INFO] ADCParametersView:116 -                Rank 2 : false
2025-07-13 12:46:18,399 [INFO] ADCParametersView:116 -                Rank 3 : false
2025-07-13 12:46:18,399 [INFO] ADCParametersView:116 -                Rank 4 : false
2025-07-13 12:46:18,399 [INFO] ADCParametersView:116 -                Rank 5 : false
2025-07-13 12:46:18,399 [INFO] ADCParametersView:116 -                Rank 6 : false
2025-07-13 12:46:18,399 [INFO] ADCParametersView:116 -                Rank 7 : false
2025-07-13 12:46:18,399 [INFO] ADCParametersView:116 -                Rank 8 : true
2025-07-13 12:46:18,399 [INFO] ADCParametersView:116 -                Rank 9 : false
2025-07-13 12:46:18,399 [INFO] ADCParametersView:116 -                Rank 10 : false
2025-07-13 12:46:18,399 [INFO] ADCParametersView:116 -                Rank 11 : false
2025-07-13 12:46:18,399 [INFO] ADCParametersView:116 -                Rank 12 : false
2025-07-13 12:46:18,400 [INFO] ADCParametersView:116 -                Rank 1 : false
2025-07-13 12:46:18,400 [INFO] ADCParametersView:116 -                Rank 2 : false
2025-07-13 12:46:18,400 [INFO] ADCParametersView:116 -                Rank 3 : false
2025-07-13 12:46:18,400 [INFO] ADCParametersView:116 -                Rank 4 : false
2025-07-13 12:46:18,400 [INFO] ADCParametersView:116 -                Rank 5 : false
2025-07-13 12:46:18,400 [INFO] ADCParametersView:116 -                Rank 6 : false
2025-07-13 12:46:18,400 [INFO] ADCParametersView:116 -                Rank 7 : false
2025-07-13 12:46:18,400 [INFO] ADCParametersView:116 -                Rank 8 : true
2025-07-13 12:46:18,400 [INFO] ADCParametersView:116 -                Rank 9 : false
2025-07-13 12:46:18,400 [INFO] ADCParametersView:116 -                Rank 10 : false
2025-07-13 12:46:18,400 [INFO] ADCParametersView:116 -                Rank 11 : false
2025-07-13 12:46:18,400 [INFO] ADCParametersView:116 -                Rank 12 : false
2025-07-13 12:46:18,401 [INFO] ADCParametersView:116 -                Rank 13 : false
2025-07-13 12:46:18,407 [INFO] ADCParametersView:116 -                Rank 1 : false
2025-07-13 12:46:18,410 [INFO] ADCParametersView:116 -                Rank 2 : false
2025-07-13 12:46:18,414 [INFO] ADCParametersView:116 -                Rank 3 : false
2025-07-13 12:46:18,416 [INFO] ADCParametersView:116 -                Rank 4 : false
2025-07-13 12:46:18,416 [INFO] ADCParametersView:116 -                Rank 5 : false
2025-07-13 12:46:18,416 [INFO] ADCParametersView:116 -                Rank 6 : false
2025-07-13 12:46:18,416 [INFO] ADCParametersView:116 -                Rank 7 : false
2025-07-13 12:46:18,416 [INFO] ADCParametersView:116 -                Rank 8 : true
2025-07-13 12:46:18,416 [INFO] ADCParametersView:116 -                Rank 9 : false
2025-07-13 12:46:18,416 [INFO] ADCParametersView:116 -                Rank 10 : false
2025-07-13 12:46:18,417 [INFO] ADCParametersView:116 -                Rank 11 : false
2025-07-13 12:46:18,417 [INFO] ADCParametersView:116 -                Rank 12 : false
2025-07-13 12:46:18,417 [INFO] ADCParametersView:116 -                Rank 13 : false
2025-07-13 12:46:18,417 [INFO] ADCParametersView:116 -                Rank 14 : false
2025-07-13 12:46:18,624 [INFO] ADCParametersView:116 -                Rank 1 : false
2025-07-13 12:46:18,625 [INFO] ADCParametersView:116 -                Rank 2 : false
2025-07-13 12:46:18,625 [INFO] ADCParametersView:116 -                Rank 3 : false
2025-07-13 12:46:18,625 [INFO] ADCParametersView:116 -                Rank 4 : false
2025-07-13 12:46:18,625 [INFO] ADCParametersView:116 -                Rank 5 : false
2025-07-13 12:46:18,625 [INFO] ADCParametersView:116 -                Rank 6 : false
2025-07-13 12:46:18,626 [INFO] ADCParametersView:116 -                Rank 7 : false
2025-07-13 12:46:18,626 [INFO] ADCParametersView:116 -                Rank 8 : true
2025-07-13 12:46:18,626 [INFO] ADCParametersView:116 -                Rank 9 : false
2025-07-13 12:46:18,626 [INFO] ADCParametersView:116 -                Rank 10 : false
2025-07-13 12:46:18,626 [INFO] ADCParametersView:116 -                Rank 11 : false
2025-07-13 12:46:18,626 [INFO] ADCParametersView:116 -                Rank 12 : false
2025-07-13 12:46:18,626 [INFO] ADCParametersView:116 -                Rank 13 : false
2025-07-13 12:46:18,626 [INFO] ADCParametersView:116 -                Rank 14 : false
2025-07-13 12:46:18,627 [INFO] ADCParametersView:116 -                Rank 1 : false
2025-07-13 12:46:18,627 [INFO] ADCParametersView:116 -                Rank 2 : false
2025-07-13 12:46:18,627 [INFO] ADCParametersView:116 -                Rank 3 : false
2025-07-13 12:46:18,627 [INFO] ADCParametersView:116 -                Rank 4 : false
2025-07-13 12:46:18,627 [INFO] ADCParametersView:116 -                Rank 5 : false
2025-07-13 12:46:18,627 [INFO] ADCParametersView:116 -                Rank 6 : false
2025-07-13 12:46:18,627 [INFO] ADCParametersView:116 -                Rank 7 : false
2025-07-13 12:46:18,627 [INFO] ADCParametersView:116 -                Rank 8 : true
2025-07-13 12:46:18,627 [INFO] ADCParametersView:116 -                Rank 9 : false
2025-07-13 12:46:18,627 [INFO] ADCParametersView:116 -                Rank 10 : false
2025-07-13 12:46:18,627 [INFO] ADCParametersView:116 -                Rank 11 : false
2025-07-13 12:46:18,627 [INFO] ADCParametersView:116 -                Rank 12 : false
2025-07-13 12:46:18,627 [INFO] ADCParametersView:116 -                Rank 13 : false
2025-07-13 12:46:18,627 [INFO] ADCParametersView:116 -                Rank 14 : false
2025-07-13 12:46:18,628 [INFO] ADCParametersView:116 -                Rank 1 : false
2025-07-13 12:46:18,628 [INFO] ADCParametersView:116 -                Rank 2 : false
2025-07-13 12:46:18,628 [INFO] ADCParametersView:116 -                Rank 3 : false
2025-07-13 12:46:18,628 [INFO] ADCParametersView:116 -                Rank 4 : false
2025-07-13 12:46:18,628 [INFO] ADCParametersView:116 -                Rank 5 : false
2025-07-13 12:46:18,628 [INFO] ADCParametersView:116 -                Rank 6 : false
2025-07-13 12:46:18,628 [INFO] ADCParametersView:116 -                Rank 7 : false
2025-07-13 12:46:18,628 [INFO] ADCParametersView:116 -                Rank 8 : true
2025-07-13 12:46:18,628 [INFO] ADCParametersView:116 -                Rank 9 : false
2025-07-13 12:46:18,628 [INFO] ADCParametersView:116 -                Rank 10 : false
2025-07-13 12:46:18,628 [INFO] ADCParametersView:116 -                Rank 11 : false
2025-07-13 12:46:18,629 [INFO] ADCParametersView:116 -                Rank 12 : false
2025-07-13 12:46:18,629 [INFO] ADCParametersView:116 -                Rank 13 : false
2025-07-13 12:46:18,629 [INFO] ADCParametersView:116 -                Rank 14 : false
2025-07-13 12:46:18,629 [INFO] ADCParametersView:116 -                Rank 1 : false
2025-07-13 12:46:18,629 [INFO] ADCParametersView:116 -                Rank 2 : false
2025-07-13 12:46:18,629 [INFO] ADCParametersView:116 -                Rank 3 : false
2025-07-13 12:46:18,629 [INFO] ADCParametersView:116 -                Rank 4 : false
2025-07-13 12:46:18,629 [INFO] ADCParametersView:116 -                Rank 5 : false
2025-07-13 12:46:18,629 [INFO] ADCParametersView:116 -                Rank 6 : false
2025-07-13 12:46:18,629 [INFO] ADCParametersView:116 -                Rank 7 : false
2025-07-13 12:46:18,629 [INFO] ADCParametersView:116 -                Rank 8 : true
2025-07-13 12:46:18,629 [INFO] ADCParametersView:116 -                Rank 9 : false
2025-07-13 12:46:18,629 [INFO] ADCParametersView:116 -                Rank 10 : false
2025-07-13 12:46:18,629 [INFO] ADCParametersView:116 -                Rank 11 : false
2025-07-13 12:46:18,630 [INFO] ADCParametersView:116 -                Rank 12 : false
2025-07-13 12:46:18,630 [INFO] ADCParametersView:116 -                Rank 13 : false
2025-07-13 12:46:18,630 [INFO] ADCParametersView:116 -                Rank 14 : false
2025-07-13 12:46:18,630 [INFO] ADCParametersView:116 -                Rank 1 : false
2025-07-13 12:46:18,630 [INFO] ADCParametersView:116 -                Rank 2 : false
2025-07-13 12:46:18,630 [INFO] ADCParametersView:116 -                Rank 3 : false
2025-07-13 12:46:18,630 [INFO] ADCParametersView:116 -                Rank 4 : false
2025-07-13 12:46:18,630 [INFO] ADCParametersView:116 -                Rank 5 : false
2025-07-13 12:46:18,630 [INFO] ADCParametersView:116 -                Rank 6 : false
2025-07-13 12:46:18,630 [INFO] ADCParametersView:116 -                Rank 7 : false
2025-07-13 12:46:18,630 [INFO] ADCParametersView:116 -                Rank 8 : true
2025-07-13 12:46:18,631 [INFO] ADCParametersView:116 -                Rank 9 : false
2025-07-13 12:46:18,631 [INFO] ADCParametersView:116 -                Rank 10 : false
2025-07-13 12:46:18,631 [INFO] ADCParametersView:116 -                Rank 11 : false
2025-07-13 12:46:18,631 [INFO] ADCParametersView:116 -                Rank 12 : false
2025-07-13 12:46:18,631 [INFO] ADCParametersView:116 -                Rank 13 : false
2025-07-13 12:46:18,631 [INFO] ADCParametersView:116 -                Rank 14 : false
2025-07-13 12:46:18,632 [INFO] ADCParametersView:116 -                Rank 1 : false
2025-07-13 12:46:18,632 [INFO] ADCParametersView:116 -                Rank 2 : false
2025-07-13 12:46:18,632 [INFO] ADCParametersView:116 -                Rank 3 : false
2025-07-13 12:46:18,632 [INFO] ADCParametersView:116 -                Rank 4 : false
2025-07-13 12:46:18,632 [INFO] ADCParametersView:116 -                Rank 5 : false
2025-07-13 12:46:18,632 [INFO] ADCParametersView:116 -                Rank 6 : false
2025-07-13 12:46:18,632 [INFO] ADCParametersView:116 -                Rank 7 : false
2025-07-13 12:46:18,632 [INFO] ADCParametersView:116 -                Rank 8 : true
2025-07-13 12:46:18,632 [INFO] ADCParametersView:116 -                Rank 9 : false
2025-07-13 12:46:18,632 [INFO] ADCParametersView:116 -                Rank 10 : false
2025-07-13 12:46:18,632 [INFO] ADCParametersView:116 -                Rank 11 : false
2025-07-13 12:46:18,632 [INFO] ADCParametersView:116 -                Rank 12 : false
2025-07-13 12:46:18,632 [INFO] ADCParametersView:116 -                Rank 13 : false
2025-07-13 12:46:18,632 [INFO] ADCParametersView:116 -                Rank 14 : false
2025-07-13 12:46:18,633 [INFO] ADCParametersView:116 -                Rank 1 : false
2025-07-13 12:46:18,633 [INFO] ADCParametersView:116 -                Rank 2 : false
2025-07-13 12:46:18,633 [INFO] ADCParametersView:116 -                Rank 3 : false
2025-07-13 12:46:18,633 [INFO] ADCParametersView:116 -                Rank 4 : false
2025-07-13 12:46:18,633 [INFO] ADCParametersView:116 -                Rank 5 : false
2025-07-13 12:46:18,633 [INFO] ADCParametersView:116 -                Rank 6 : false
2025-07-13 12:46:18,633 [INFO] ADCParametersView:116 -                Rank 7 : false
2025-07-13 12:46:18,633 [INFO] ADCParametersView:116 -                Rank 8 : true
2025-07-13 12:46:18,633 [INFO] ADCParametersView:116 -                Rank 9 : false
2025-07-13 12:46:18,633 [INFO] ADCParametersView:116 -                Rank 10 : false
2025-07-13 12:46:18,634 [INFO] ADCParametersView:116 -                Rank 11 : false
2025-07-13 12:46:18,634 [INFO] ADCParametersView:116 -                Rank 12 : false
2025-07-13 12:46:18,634 [INFO] ADCParametersView:116 -                Rank 13 : false
2025-07-13 12:46:18,634 [INFO] ADCParametersView:116 -                Rank 14 : false
2025-07-13 12:46:18,634 [INFO] ADCParametersView:116 -                Rank 1 : false
2025-07-13 12:46:18,634 [INFO] ADCParametersView:116 -                Rank 2 : false
2025-07-13 12:46:18,634 [INFO] ADCParametersView:116 -                Rank 3 : false
2025-07-13 12:46:18,634 [INFO] ADCParametersView:116 -                Rank 4 : false
2025-07-13 12:46:18,634 [INFO] ADCParametersView:116 -                Rank 5 : false
2025-07-13 12:46:18,634 [INFO] ADCParametersView:116 -                Rank 6 : false
2025-07-13 12:46:18,634 [INFO] ADCParametersView:116 -                Rank 7 : false
2025-07-13 12:46:18,634 [INFO] ADCParametersView:116 -                Rank 8 : true
2025-07-13 12:46:18,635 [INFO] ADCParametersView:116 -                Rank 9 : false
2025-07-13 12:46:18,635 [INFO] ADCParametersView:116 -                Rank 10 : false
2025-07-13 12:46:18,635 [INFO] ADCParametersView:116 -                Rank 11 : false
2025-07-13 12:46:18,635 [INFO] ADCParametersView:116 -                Rank 12 : false
2025-07-13 12:46:18,635 [INFO] ADCParametersView:116 -                Rank 13 : false
2025-07-13 12:46:18,635 [INFO] ADCParametersView:116 -                Rank 14 : false
2025-07-13 12:46:18,635 [INFO] ADCParametersView:116 -                Rank 1 : false
2025-07-13 12:46:18,635 [INFO] ADCParametersView:116 -                Rank 2 : false
2025-07-13 12:46:18,635 [INFO] ADCParametersView:116 -                Rank 3 : false
2025-07-13 12:46:18,635 [INFO] ADCParametersView:116 -                Rank 4 : false
2025-07-13 12:46:18,635 [INFO] ADCParametersView:116 -                Rank 5 : false
2025-07-13 12:46:18,635 [INFO] ADCParametersView:116 -                Rank 6 : false
2025-07-13 12:46:18,635 [INFO] ADCParametersView:116 -                Rank 7 : false
2025-07-13 12:46:18,636 [INFO] ADCParametersView:116 -                Rank 8 : true
2025-07-13 12:46:18,636 [INFO] ADCParametersView:116 -                Rank 9 : false
2025-07-13 12:46:18,636 [INFO] ADCParametersView:116 -                Rank 10 : false
2025-07-13 12:46:18,636 [INFO] ADCParametersView:116 -                Rank 11 : false
2025-07-13 12:46:18,636 [INFO] ADCParametersView:116 -                Rank 12 : false
2025-07-13 12:46:18,636 [INFO] ADCParametersView:116 -                Rank 13 : false
2025-07-13 12:46:18,636 [INFO] ADCParametersView:116 -                Rank 14 : false
2025-07-13 12:46:18,636 [INFO] ADCParametersView:116 -                Rank 1 : false
2025-07-13 12:46:18,636 [INFO] ADCParametersView:116 -                Rank 2 : false
2025-07-13 12:46:18,636 [INFO] ADCParametersView:116 -                Rank 3 : false
2025-07-13 12:46:18,637 [INFO] ADCParametersView:116 -                Rank 4 : false
2025-07-13 12:46:18,637 [INFO] ADCParametersView:116 -                Rank 5 : false
2025-07-13 12:46:18,637 [INFO] ADCParametersView:116 -                Rank 6 : false
2025-07-13 12:46:18,637 [INFO] ADCParametersView:116 -                Rank 7 : false
2025-07-13 12:46:18,637 [INFO] ADCParametersView:116 -                Rank 8 : true
2025-07-13 12:46:18,637 [INFO] ADCParametersView:116 -                Rank 9 : false
2025-07-13 12:46:18,637 [INFO] ADCParametersView:116 -                Rank 10 : false
2025-07-13 12:46:18,637 [INFO] ADCParametersView:116 -                Rank 11 : false
2025-07-13 12:46:18,637 [INFO] ADCParametersView:116 -                Rank 12 : false
2025-07-13 12:46:18,637 [INFO] ADCParametersView:116 -                Rank 13 : false
2025-07-13 12:46:18,637 [INFO] ADCParametersView:116 -                Rank 14 : false
2025-07-13 12:46:18,637 [INFO] ADCParametersView:116 -                Rank 1 : false
2025-07-13 12:46:18,637 [INFO] ADCParametersView:116 -                Rank 2 : false
2025-07-13 12:46:18,637 [INFO] ADCParametersView:116 -                Rank 3 : false
2025-07-13 12:46:18,637 [INFO] ADCParametersView:116 -                Rank 4 : false
2025-07-13 12:46:18,638 [INFO] ADCParametersView:116 -                Rank 5 : false
2025-07-13 12:46:18,638 [INFO] ADCParametersView:116 -                Rank 6 : false
2025-07-13 12:46:18,638 [INFO] ADCParametersView:116 -                Rank 7 : false
2025-07-13 12:46:18,638 [INFO] ADCParametersView:116 -                Rank 8 : true
2025-07-13 12:46:18,638 [INFO] ADCParametersView:116 -                Rank 9 : false
2025-07-13 12:46:18,638 [INFO] ADCParametersView:116 -                Rank 10 : false
2025-07-13 12:46:18,640 [INFO] ADCParametersView:116 -                Rank 11 : false
2025-07-13 12:46:18,641 [INFO] ADCParametersView:116 -                Rank 12 : false
2025-07-13 12:46:18,641 [INFO] ADCParametersView:116 -                Rank 13 : false
2025-07-13 12:46:18,641 [INFO] ADCParametersView:116 -                Rank 14 : false
2025-07-13 12:46:18,641 [INFO] ADCParametersView:116 -                Rank 1 : false
2025-07-13 12:46:18,641 [INFO] ADCParametersView:116 -                Rank 2 : false
2025-07-13 12:46:18,641 [INFO] ADCParametersView:116 -                Rank 3 : false
2025-07-13 12:46:18,641 [INFO] ADCParametersView:116 -                Rank 4 : false
2025-07-13 12:46:18,641 [INFO] ADCParametersView:116 -                Rank 5 : false
2025-07-13 12:46:18,641 [INFO] ADCParametersView:116 -                Rank 6 : false
2025-07-13 12:46:18,642 [INFO] ADCParametersView:116 -                Rank 7 : false
2025-07-13 12:46:18,642 [INFO] ADCParametersView:116 -                Rank 8 : true
2025-07-13 12:46:18,642 [INFO] ADCParametersView:116 -                Rank 9 : false
2025-07-13 12:46:18,642 [INFO] ADCParametersView:116 -                Rank 10 : false
2025-07-13 12:46:18,642 [INFO] ADCParametersView:116 -                Rank 11 : false
2025-07-13 12:46:18,642 [INFO] ADCParametersView:116 -                Rank 12 : false
2025-07-13 12:46:18,642 [INFO] ADCParametersView:116 -                Rank 13 : false
2025-07-13 12:46:18,642 [INFO] ADCParametersView:116 -                Rank 14 : false
2025-07-13 12:46:18,642 [INFO] ADCParametersView:116 -                Rank 1 : false
2025-07-13 12:46:18,642 [INFO] ADCParametersView:116 -                Rank 2 : false
2025-07-13 12:46:18,642 [INFO] ADCParametersView:116 -                Rank 3 : false
2025-07-13 12:46:18,642 [INFO] ADCParametersView:116 -                Rank 4 : false
2025-07-13 12:46:18,642 [INFO] ADCParametersView:116 -                Rank 5 : false
2025-07-13 12:46:18,642 [INFO] ADCParametersView:116 -                Rank 6 : false
2025-07-13 12:46:18,642 [INFO] ADCParametersView:116 -                Rank 7 : false
2025-07-13 12:46:18,643 [INFO] ADCParametersView:116 -                Rank 8 : true
2025-07-13 12:46:18,643 [INFO] ADCParametersView:116 -                Rank 9 : false
2025-07-13 12:46:18,643 [INFO] ADCParametersView:116 -                Rank 10 : false
2025-07-13 12:46:18,643 [INFO] ADCParametersView:116 -                Rank 11 : false
2025-07-13 12:46:18,643 [INFO] ADCParametersView:116 -                Rank 12 : false
2025-07-13 12:46:18,643 [INFO] ADCParametersView:116 -                Rank 13 : false
2025-07-13 12:46:18,643 [INFO] ADCParametersView:116 -                Rank 14 : false
2025-07-13 12:46:18,643 [INFO] ADCParametersView:116 -                Rank 1 : false
2025-07-13 12:46:18,643 [INFO] ADCParametersView:116 -                Rank 2 : false
2025-07-13 12:46:18,643 [INFO] ADCParametersView:116 -                Rank 3 : false
2025-07-13 12:46:18,643 [INFO] ADCParametersView:116 -                Rank 4 : false
2025-07-13 12:46:18,643 [INFO] ADCParametersView:116 -                Rank 5 : false
2025-07-13 12:46:18,643 [INFO] ADCParametersView:116 -                Rank 6 : false
2025-07-13 12:46:18,643 [INFO] ADCParametersView:116 -                Rank 7 : false
2025-07-13 12:46:18,643 [INFO] ADCParametersView:116 -                Rank 8 : true
2025-07-13 12:46:18,644 [INFO] ADCParametersView:116 -                Rank 9 : false
2025-07-13 12:46:18,644 [INFO] ADCParametersView:116 -                Rank 10 : false
2025-07-13 12:46:18,644 [INFO] ADCParametersView:116 -                Rank 11 : false
2025-07-13 12:46:18,644 [INFO] ADCParametersView:116 -                Rank 12 : false
2025-07-13 12:46:18,644 [INFO] ADCParametersView:116 -                Rank 13 : false
2025-07-13 12:46:18,644 [INFO] ADCParametersView:116 -                Rank 14 : false
2025-07-13 12:46:18,644 [INFO] ADCParametersView:116 -                Rank 2 : false
2025-07-13 12:46:18,644 [INFO] ADCParametersView:116 -                Rank 3 : false
2025-07-13 12:46:18,644 [INFO] ADCParametersView:116 -                Rank 4 : false
2025-07-13 12:46:18,644 [INFO] ADCParametersView:116 -                Rank 5 : false
2025-07-13 12:46:18,644 [INFO] ADCParametersView:116 -                Rank 6 : false
2025-07-13 12:46:18,644 [INFO] ADCParametersView:116 -                Rank 7 : false
2025-07-13 12:46:18,644 [INFO] ADCParametersView:116 -                Rank 8 : true
2025-07-13 12:46:18,644 [INFO] ADCParametersView:116 -                Rank 9 : false
2025-07-13 12:46:18,645 [INFO] ADCParametersView:116 -                Rank 10 : false
2025-07-13 12:46:18,645 [INFO] ADCParametersView:116 -                Rank 11 : false
2025-07-13 12:46:18,645 [INFO] ADCParametersView:116 -                Rank 12 : false
2025-07-13 12:46:18,645 [INFO] ADCParametersView:116 -                Rank 13 : false
2025-07-13 12:46:18,645 [INFO] ADCParametersView:116 -                Rank 14 : false
2025-07-13 12:46:18,645 [INFO] ADCParametersView:116 -                Rank 3 : false
2025-07-13 12:46:18,646 [INFO] ADCParametersView:116 -                Rank 4 : false
2025-07-13 12:46:18,646 [INFO] ADCParametersView:116 -                Rank 5 : false
2025-07-13 12:46:18,646 [INFO] ADCParametersView:116 -                Rank 6 : false
2025-07-13 12:46:18,646 [INFO] ADCParametersView:116 -                Rank 7 : false
2025-07-13 12:46:18,646 [INFO] ADCParametersView:116 -                Rank 8 : true
2025-07-13 12:46:18,646 [INFO] ADCParametersView:116 -                Rank 9 : false
2025-07-13 12:46:18,646 [INFO] ADCParametersView:116 -                Rank 10 : false
2025-07-13 12:46:18,646 [INFO] ADCParametersView:116 -                Rank 11 : false
2025-07-13 12:46:18,646 [INFO] ADCParametersView:116 -                Rank 12 : false
2025-07-13 12:46:18,646 [INFO] ADCParametersView:116 -                Rank 13 : false
2025-07-13 12:46:18,646 [INFO] ADCParametersView:116 -                Rank 14 : false
2025-07-13 12:46:18,647 [INFO] ADCParametersView:116 -                Rank 4 : false
2025-07-13 12:46:18,647 [INFO] ADCParametersView:116 -                Rank 5 : false
2025-07-13 12:46:18,647 [INFO] ADCParametersView:116 -                Rank 6 : false
2025-07-13 12:46:18,647 [INFO] ADCParametersView:116 -                Rank 7 : false
2025-07-13 12:46:18,647 [INFO] ADCParametersView:116 -                Rank 8 : true
2025-07-13 12:46:18,647 [INFO] ADCParametersView:116 -                Rank 9 : false
2025-07-13 12:46:18,647 [INFO] ADCParametersView:116 -                Rank 10 : false
2025-07-13 12:46:18,647 [INFO] ADCParametersView:116 -                Rank 11 : false
2025-07-13 12:46:18,647 [INFO] ADCParametersView:116 -                Rank 12 : false
2025-07-13 12:46:18,647 [INFO] ADCParametersView:116 -                Rank 13 : false
2025-07-13 12:46:18,647 [INFO] ADCParametersView:116 -                Rank 14 : false
2025-07-13 12:46:18,647 [INFO] ADCParametersView:116 -                Rank 5 : false
2025-07-13 12:46:18,647 [INFO] ADCParametersView:116 -                Rank 6 : false
2025-07-13 12:46:18,647 [INFO] ADCParametersView:116 -                Rank 7 : false
2025-07-13 12:46:18,647 [INFO] ADCParametersView:116 -                Rank 8 : true
2025-07-13 12:46:18,648 [INFO] ADCParametersView:116 -                Rank 9 : false
2025-07-13 12:46:18,648 [INFO] ADCParametersView:116 -                Rank 10 : false
2025-07-13 12:46:18,648 [INFO] ADCParametersView:116 -                Rank 11 : false
2025-07-13 12:46:18,648 [INFO] ADCParametersView:116 -                Rank 12 : false
2025-07-13 12:46:18,648 [INFO] ADCParametersView:116 -                Rank 13 : false
2025-07-13 12:46:18,648 [INFO] ADCParametersView:116 -                Rank 14 : false
2025-07-13 12:46:18,648 [INFO] ADCParametersView:116 -                Rank 6 : false
2025-07-13 12:46:18,648 [INFO] ADCParametersView:116 -                Rank 7 : false
2025-07-13 12:46:18,648 [INFO] ADCParametersView:116 -                Rank 8 : true
2025-07-13 12:46:18,648 [INFO] ADCParametersView:116 -                Rank 9 : false
2025-07-13 12:46:18,648 [INFO] ADCParametersView:116 -                Rank 10 : false
2025-07-13 12:46:18,648 [INFO] ADCParametersView:116 -                Rank 11 : false
2025-07-13 12:46:18,648 [INFO] ADCParametersView:116 -                Rank 12 : false
2025-07-13 12:46:18,648 [INFO] ADCParametersView:116 -                Rank 13 : false
2025-07-13 12:46:18,648 [INFO] ADCParametersView:116 -                Rank 14 : false
2025-07-13 12:46:18,649 [INFO] ADCParametersView:116 -                Rank 7 : false
2025-07-13 12:46:18,649 [INFO] ADCParametersView:116 -                Rank 8 : true
2025-07-13 12:46:18,649 [INFO] ADCParametersView:116 -                Rank 9 : false
2025-07-13 12:46:18,649 [INFO] ADCParametersView:116 -                Rank 10 : false
2025-07-13 12:46:18,649 [INFO] ADCParametersView:116 -                Rank 11 : false
2025-07-13 12:46:18,649 [INFO] ADCParametersView:116 -                Rank 12 : false
2025-07-13 12:46:18,649 [INFO] ADCParametersView:116 -                Rank 13 : false
2025-07-13 12:46:18,649 [INFO] ADCParametersView:116 -                Rank 14 : false
2025-07-13 12:46:18,651 [INFO] ADCParametersView:116 -                Rank 8 : true
2025-07-13 12:46:18,651 [INFO] ADCParametersView:116 -                Rank 9 : false
2025-07-13 12:46:18,651 [INFO] ADCParametersView:116 -                Rank 10 : false
2025-07-13 12:46:18,652 [INFO] ADCParametersView:116 -                Rank 11 : false
2025-07-13 12:46:18,652 [INFO] ADCParametersView:116 -                Rank 12 : false
2025-07-13 12:46:18,652 [INFO] ADCParametersView:116 -                Rank 13 : false
2025-07-13 12:46:18,652 [INFO] ADCParametersView:116 -                Rank 14 : false
2025-07-13 12:46:18,653 [INFO] ADCParametersView:116 -                Rank 9 : false
2025-07-13 12:46:18,653 [INFO] ADCParametersView:116 -                Rank 10 : false
2025-07-13 12:46:18,653 [INFO] ADCParametersView:116 -                Rank 11 : false
2025-07-13 12:46:18,653 [INFO] ADCParametersView:116 -                Rank 12 : false
2025-07-13 12:46:18,653 [INFO] ADCParametersView:116 -                Rank 13 : false
2025-07-13 12:46:18,653 [INFO] ADCParametersView:116 -                Rank 14 : false
2025-07-13 12:46:18,653 [INFO] ADCParametersView:116 -                Rank 10 : false
2025-07-13 12:46:18,653 [INFO] ADCParametersView:116 -                Rank 11 : false
2025-07-13 12:46:18,654 [INFO] ADCParametersView:116 -                Rank 12 : false
2025-07-13 12:46:18,654 [INFO] ADCParametersView:116 -                Rank 13 : false
2025-07-13 12:46:18,654 [INFO] ADCParametersView:116 -                Rank 14 : false
2025-07-13 12:46:18,654 [INFO] ADCParametersView:116 -                Rank 11 : false
2025-07-13 12:46:18,654 [INFO] ADCParametersView:116 -                Rank 12 : false
2025-07-13 12:46:18,654 [INFO] ADCParametersView:116 -                Rank 13 : false
2025-07-13 12:46:18,654 [INFO] ADCParametersView:116 -                Rank 14 : false
2025-07-13 12:46:18,654 [INFO] ADCParametersView:116 -                Rank 12 : false
2025-07-13 12:46:18,654 [INFO] ADCParametersView:116 -                Rank 13 : false
2025-07-13 12:46:18,654 [INFO] ADCParametersView:116 -                Rank 14 : false
2025-07-13 12:46:18,654 [INFO] ADCParametersView:116 -                Rank 13 : false
2025-07-13 12:46:18,654 [INFO] ADCParametersView:116 -                Rank 14 : false
2025-07-13 12:46:18,654 [INFO] ADCParametersView:116 -                Rank 14 : false
2025-07-13 12:46:18,747 [INFO] ADCParametersView:116 -                Rank 1 : false
2025-07-13 12:46:18,778 [INFO] ADCParametersView:116 -                Rank 1 : false
2025-07-13 12:46:18,778 [INFO] ADCParametersView:116 -                Rank 2 : false
2025-07-13 12:46:18,778 [INFO] ADCParametersView:116 -                Rank 1 : false
2025-07-13 12:46:18,779 [INFO] ADCParametersView:116 -                Rank 2 : false
2025-07-13 12:46:18,779 [INFO] ADCParametersView:116 -                Rank 3 : false
2025-07-13 12:46:18,784 [INFO] ADCParametersView:116 -                Rank 1 : false
2025-07-13 12:46:18,784 [INFO] ADCParametersView:116 -                Rank 2 : false
2025-07-13 12:46:18,784 [INFO] ADCParametersView:116 -                Rank 3 : false
2025-07-13 12:46:18,784 [INFO] ADCParametersView:116 -                Rank 4 : false
2025-07-13 12:46:18,786 [INFO] ADCParametersView:116 -                Rank 1 : false
2025-07-13 12:46:18,786 [INFO] ADCParametersView:116 -                Rank 2 : false
2025-07-13 12:46:18,786 [INFO] ADCParametersView:116 -                Rank 3 : false
2025-07-13 12:46:18,786 [INFO] ADCParametersView:116 -                Rank 4 : false
2025-07-13 12:46:18,786 [INFO] ADCParametersView:116 -                Rank 5 : false
2025-07-13 12:46:18,789 [INFO] ADCParametersView:116 -                Rank 1 : false
2025-07-13 12:46:18,789 [INFO] ADCParametersView:116 -                Rank 2 : false
2025-07-13 12:46:18,789 [INFO] ADCParametersView:116 -                Rank 3 : false
2025-07-13 12:46:18,789 [INFO] ADCParametersView:116 -                Rank 4 : false
2025-07-13 12:46:18,789 [INFO] ADCParametersView:116 -                Rank 5 : false
2025-07-13 12:46:18,789 [INFO] ADCParametersView:116 -                Rank 6 : false
2025-07-13 12:46:18,789 [INFO] ADCParametersView:116 -                Rank 1 : false
2025-07-13 12:46:18,790 [INFO] ADCParametersView:116 -                Rank 2 : false
2025-07-13 12:46:18,790 [INFO] ADCParametersView:116 -                Rank 3 : false
2025-07-13 12:46:18,790 [INFO] ADCParametersView:116 -                Rank 4 : false
2025-07-13 12:46:18,790 [INFO] ADCParametersView:116 -                Rank 5 : false
2025-07-13 12:46:18,790 [INFO] ADCParametersView:116 -                Rank 6 : false
2025-07-13 12:46:18,790 [INFO] ADCParametersView:116 -                Rank 7 : false
2025-07-13 12:46:18,790 [INFO] ADCParametersView:116 -                Rank 1 : false
2025-07-13 12:46:18,790 [INFO] ADCParametersView:116 -                Rank 2 : false
2025-07-13 12:46:18,790 [INFO] ADCParametersView:116 -                Rank 3 : false
2025-07-13 12:46:18,790 [INFO] ADCParametersView:116 -                Rank 4 : false
2025-07-13 12:46:18,790 [INFO] ADCParametersView:116 -                Rank 5 : false
2025-07-13 12:46:18,790 [INFO] ADCParametersView:116 -                Rank 6 : false
2025-07-13 12:46:18,790 [INFO] ADCParametersView:116 -                Rank 7 : false
2025-07-13 12:46:18,791 [INFO] ADCParametersView:116 -                Rank 8 : true
2025-07-13 12:46:18,791 [INFO] ADCParametersView:116 -                Rank 1 : false
2025-07-13 12:46:18,791 [INFO] ADCParametersView:116 -                Rank 2 : false
2025-07-13 12:46:18,791 [INFO] ADCParametersView:116 -                Rank 3 : false
2025-07-13 12:46:18,791 [INFO] ADCParametersView:116 -                Rank 4 : false
2025-07-13 12:46:18,791 [INFO] ADCParametersView:116 -                Rank 5 : false
2025-07-13 12:46:18,791 [INFO] ADCParametersView:116 -                Rank 6 : false
2025-07-13 12:46:18,791 [INFO] ADCParametersView:116 -                Rank 7 : false
2025-07-13 12:46:18,791 [INFO] ADCParametersView:116 -                Rank 8 : true
2025-07-13 12:46:18,791 [INFO] ADCParametersView:116 -                Rank 9 : false
2025-07-13 12:46:18,792 [INFO] ADCParametersView:116 -                Rank 1 : false
2025-07-13 12:46:18,792 [INFO] ADCParametersView:116 -                Rank 2 : false
2025-07-13 12:46:18,792 [INFO] ADCParametersView:116 -                Rank 3 : false
2025-07-13 12:46:18,792 [INFO] ADCParametersView:116 -                Rank 4 : false
2025-07-13 12:46:18,792 [INFO] ADCParametersView:116 -                Rank 5 : false
2025-07-13 12:46:18,792 [INFO] ADCParametersView:116 -                Rank 6 : false
2025-07-13 12:46:18,792 [INFO] ADCParametersView:116 -                Rank 7 : false
2025-07-13 12:46:18,792 [INFO] ADCParametersView:116 -                Rank 8 : true
2025-07-13 12:46:18,792 [INFO] ADCParametersView:116 -                Rank 9 : false
2025-07-13 12:46:18,792 [INFO] ADCParametersView:116 -                Rank 10 : false
2025-07-13 12:46:18,792 [INFO] ADCParametersView:116 -                Rank 1 : false
2025-07-13 12:46:18,793 [INFO] ADCParametersView:116 -                Rank 2 : false
2025-07-13 12:46:18,793 [INFO] ADCParametersView:116 -                Rank 3 : false
2025-07-13 12:46:18,793 [INFO] ADCParametersView:116 -                Rank 4 : false
2025-07-13 12:46:18,793 [INFO] ADCParametersView:116 -                Rank 5 : false
2025-07-13 12:46:18,793 [INFO] ADCParametersView:116 -                Rank 6 : false
2025-07-13 12:46:18,793 [INFO] ADCParametersView:116 -                Rank 7 : false
2025-07-13 12:46:18,793 [INFO] ADCParametersView:116 -                Rank 8 : true
2025-07-13 12:46:18,793 [INFO] ADCParametersView:116 -                Rank 9 : false
2025-07-13 12:46:18,793 [INFO] ADCParametersView:116 -                Rank 10 : false
2025-07-13 12:46:18,793 [INFO] ADCParametersView:116 -                Rank 11 : false
2025-07-13 12:46:18,793 [INFO] ADCParametersView:116 -                Rank 1 : false
2025-07-13 12:46:18,793 [INFO] ADCParametersView:116 -                Rank 2 : false
2025-07-13 12:46:18,793 [INFO] ADCParametersView:116 -                Rank 3 : false
2025-07-13 12:46:18,794 [INFO] ADCParametersView:116 -                Rank 4 : false
2025-07-13 12:46:18,794 [INFO] ADCParametersView:116 -                Rank 5 : false
2025-07-13 12:46:18,794 [INFO] ADCParametersView:116 -                Rank 6 : false
2025-07-13 12:46:18,794 [INFO] ADCParametersView:116 -                Rank 7 : false
2025-07-13 12:46:18,794 [INFO] ADCParametersView:116 -                Rank 8 : true
2025-07-13 12:46:18,794 [INFO] ADCParametersView:116 -                Rank 9 : false
2025-07-13 12:46:18,794 [INFO] ADCParametersView:116 -                Rank 10 : false
2025-07-13 12:46:18,794 [INFO] ADCParametersView:116 -                Rank 11 : false
2025-07-13 12:46:18,794 [INFO] ADCParametersView:116 -                Rank 12 : false
2025-07-13 12:46:18,794 [INFO] ADCParametersView:116 -                Rank 1 : false
2025-07-13 12:46:18,794 [INFO] ADCParametersView:116 -                Rank 2 : false
2025-07-13 12:46:18,794 [INFO] ADCParametersView:116 -                Rank 3 : false
2025-07-13 12:46:18,794 [INFO] ADCParametersView:116 -                Rank 4 : false
2025-07-13 12:46:18,795 [INFO] ADCParametersView:116 -                Rank 5 : false
2025-07-13 12:46:18,795 [INFO] ADCParametersView:116 -                Rank 6 : false
2025-07-13 12:46:18,795 [INFO] ADCParametersView:116 -                Rank 7 : false
2025-07-13 12:46:18,795 [INFO] ADCParametersView:116 -                Rank 8 : true
2025-07-13 12:46:18,795 [INFO] ADCParametersView:116 -                Rank 9 : false
2025-07-13 12:46:18,795 [INFO] ADCParametersView:116 -                Rank 10 : false
2025-07-13 12:46:18,795 [INFO] ADCParametersView:116 -                Rank 11 : false
2025-07-13 12:46:18,795 [INFO] ADCParametersView:116 -                Rank 12 : false
2025-07-13 12:46:18,795 [INFO] ADCParametersView:116 -                Rank 13 : false
2025-07-13 12:46:18,795 [INFO] ADCParametersView:116 -                Rank 1 : false
2025-07-13 12:46:18,795 [INFO] ADCParametersView:116 -                Rank 2 : false
2025-07-13 12:46:18,795 [INFO] ADCParametersView:116 -                Rank 3 : false
2025-07-13 12:46:18,795 [INFO] ADCParametersView:116 -                Rank 4 : false
2025-07-13 12:46:18,796 [INFO] ADCParametersView:116 -                Rank 5 : false
2025-07-13 12:46:18,796 [INFO] ADCParametersView:116 -                Rank 6 : false
2025-07-13 12:46:18,796 [INFO] ADCParametersView:116 -                Rank 7 : false
2025-07-13 12:46:18,796 [INFO] ADCParametersView:116 -                Rank 8 : true
2025-07-13 12:46:18,796 [INFO] ADCParametersView:116 -                Rank 9 : false
2025-07-13 12:46:18,796 [INFO] ADCParametersView:116 -                Rank 10 : false
2025-07-13 12:46:18,796 [INFO] ADCParametersView:116 -                Rank 11 : false
2025-07-13 12:46:18,796 [INFO] ADCParametersView:116 -                Rank 12 : false
2025-07-13 12:46:18,796 [INFO] ADCParametersView:116 -                Rank 13 : false
2025-07-13 12:46:18,796 [INFO] ADCParametersView:116 -                Rank 14 : false
2025-07-13 12:46:42,556 [INFO] ParamManager:896 - [Generic UI] PropertyChangeEvent: TAB_STATUS_CHANGED , "dont care", "never mind"
2025-07-13 12:46:42,612 [INFO] NvicIntPanel:101 - NVIC parent = com.st.microxplorer.plugins.ip.nvic.MultiNvicIntPanel[,0,0,0x0,invalid,layout=javax.swing.BoxLayout,alignmentX=0.0,alignmentY=0.0,border=,flags=9,maximumSize=,minimumSize=,preferredSize=]
2025-07-13 12:46:42,740 [INFO] ADCParametersView:116 -                Rank 1 : false
2025-07-13 12:46:42,740 [INFO] ADCParametersView:116 -                Rank 2 : false
2025-07-13 12:46:42,740 [INFO] ADCParametersView:116 -                Rank 3 : false
2025-07-13 12:46:42,740 [INFO] ADCParametersView:116 -                Rank 4 : false
2025-07-13 12:46:42,740 [INFO] ADCParametersView:116 -                Rank 5 : false
2025-07-13 12:46:42,740 [INFO] ADCParametersView:116 -                Rank 6 : false
2025-07-13 12:46:42,740 [INFO] ADCParametersView:116 -                Rank 7 : false
2025-07-13 12:46:42,740 [INFO] ADCParametersView:116 -                Rank 8 : true
2025-07-13 12:46:42,740 [INFO] ADCParametersView:116 -                Rank 9 : false
2025-07-13 12:46:42,740 [INFO] ADCParametersView:116 -                Rank 10 : false
2025-07-13 12:46:42,741 [INFO] ADCParametersView:116 -                Rank 11 : false
2025-07-13 12:46:42,741 [INFO] ADCParametersView:116 -                Rank 12 : false
2025-07-13 12:46:42,741 [INFO] ADCParametersView:116 -                Rank 13 : false
2025-07-13 12:46:42,741 [INFO] ADCParametersView:116 -                Rank 14 : false
2025-07-13 12:46:42,744 [INFO] ADCParametersView:116 -                Rank 1 : false
2025-07-13 12:46:42,744 [INFO] ADCParametersView:116 -                Rank 2 : false
2025-07-13 12:46:42,744 [INFO] ADCParametersView:116 -                Rank 3 : false
2025-07-13 12:46:42,744 [INFO] ADCParametersView:116 -                Rank 4 : false
2025-07-13 12:46:42,744 [INFO] ADCParametersView:116 -                Rank 5 : false
2025-07-13 12:46:42,744 [INFO] ADCParametersView:116 -                Rank 6 : false
2025-07-13 12:46:42,744 [INFO] ADCParametersView:116 -                Rank 7 : false
2025-07-13 12:46:42,744 [INFO] ADCParametersView:116 -                Rank 8 : true
2025-07-13 12:46:42,744 [INFO] ADCParametersView:116 -                Rank 9 : false
2025-07-13 12:46:42,744 [INFO] ADCParametersView:116 -                Rank 10 : false
2025-07-13 12:46:42,745 [INFO] ADCParametersView:116 -                Rank 11 : false
2025-07-13 12:46:42,745 [INFO] ADCParametersView:116 -                Rank 12 : false
2025-07-13 12:46:42,745 [INFO] ADCParametersView:116 -                Rank 13 : false
2025-07-13 12:46:42,745 [INFO] ADCParametersView:116 -                Rank 14 : false
2025-07-13 12:46:42,745 [INFO] ADCParametersView:116 -                Rank 1 : false
2025-07-13 12:46:42,745 [INFO] ADCParametersView:116 -                Rank 2 : false
2025-07-13 12:46:42,745 [INFO] ADCParametersView:116 -                Rank 3 : false
2025-07-13 12:46:42,745 [INFO] ADCParametersView:116 -                Rank 4 : false
2025-07-13 12:46:42,746 [INFO] ADCParametersView:116 -                Rank 5 : false
2025-07-13 12:46:42,746 [INFO] ADCParametersView:116 -                Rank 6 : false
2025-07-13 12:46:42,746 [INFO] ADCParametersView:116 -                Rank 7 : false
2025-07-13 12:46:42,746 [INFO] ADCParametersView:116 -                Rank 8 : true
2025-07-13 12:46:42,746 [INFO] ADCParametersView:116 -                Rank 9 : false
2025-07-13 12:46:42,746 [INFO] ADCParametersView:116 -                Rank 10 : false
2025-07-13 12:46:42,746 [INFO] ADCParametersView:116 -                Rank 11 : false
2025-07-13 12:46:42,746 [INFO] ADCParametersView:116 -                Rank 12 : false
2025-07-13 12:46:42,746 [INFO] ADCParametersView:116 -                Rank 13 : false
2025-07-13 12:46:42,746 [INFO] ADCParametersView:116 -                Rank 14 : false
2025-07-13 12:46:42,746 [INFO] ADCParametersView:116 -                Rank 1 : false
2025-07-13 12:46:42,746 [INFO] ADCParametersView:116 -                Rank 2 : false
2025-07-13 12:46:42,746 [INFO] ADCParametersView:116 -                Rank 3 : false
2025-07-13 12:46:42,746 [INFO] ADCParametersView:116 -                Rank 4 : false
2025-07-13 12:46:42,747 [INFO] ADCParametersView:116 -                Rank 5 : false
2025-07-13 12:46:42,747 [INFO] ADCParametersView:116 -                Rank 6 : false
2025-07-13 12:46:42,747 [INFO] ADCParametersView:116 -                Rank 7 : false
2025-07-13 12:46:42,747 [INFO] ADCParametersView:116 -                Rank 8 : true
2025-07-13 12:46:42,747 [INFO] ADCParametersView:116 -                Rank 9 : false
2025-07-13 12:46:42,747 [INFO] ADCParametersView:116 -                Rank 10 : false
2025-07-13 12:46:42,747 [INFO] ADCParametersView:116 -                Rank 11 : false
2025-07-13 12:46:42,747 [INFO] ADCParametersView:116 -                Rank 12 : false
2025-07-13 12:46:42,747 [INFO] ADCParametersView:116 -                Rank 13 : false
2025-07-13 12:46:42,747 [INFO] ADCParametersView:116 -                Rank 14 : false
2025-07-13 12:46:42,747 [INFO] ADCParametersView:116 -                Rank 1 : false
2025-07-13 12:46:42,747 [INFO] ADCParametersView:116 -                Rank 2 : false
2025-07-13 12:46:42,747 [INFO] ADCParametersView:116 -                Rank 3 : false
2025-07-13 12:46:42,747 [INFO] ADCParametersView:116 -                Rank 4 : false
2025-07-13 12:46:42,748 [INFO] ADCParametersView:116 -                Rank 5 : false
2025-07-13 12:46:42,748 [INFO] ADCParametersView:116 -                Rank 6 : false
2025-07-13 12:46:42,748 [INFO] ADCParametersView:116 -                Rank 7 : false
2025-07-13 12:46:42,748 [INFO] ADCParametersView:116 -                Rank 8 : true
2025-07-13 12:46:42,748 [INFO] ADCParametersView:116 -                Rank 9 : false
2025-07-13 12:46:42,748 [INFO] ADCParametersView:116 -                Rank 10 : false
2025-07-13 12:46:42,748 [INFO] ADCParametersView:116 -                Rank 11 : false
2025-07-13 12:46:42,748 [INFO] ADCParametersView:116 -                Rank 12 : false
2025-07-13 12:46:42,748 [INFO] ADCParametersView:116 -                Rank 13 : false
2025-07-13 12:46:42,748 [INFO] ADCParametersView:116 -                Rank 14 : false
2025-07-13 12:46:42,748 [INFO] ADCParametersView:116 -                Rank 1 : false
2025-07-13 12:46:42,748 [INFO] ADCParametersView:116 -                Rank 2 : false
2025-07-13 12:46:42,748 [INFO] ADCParametersView:116 -                Rank 3 : false
2025-07-13 12:46:42,748 [INFO] ADCParametersView:116 -                Rank 4 : false
2025-07-13 12:46:42,749 [INFO] ADCParametersView:116 -                Rank 5 : false
2025-07-13 12:46:42,749 [INFO] ADCParametersView:116 -                Rank 6 : false
2025-07-13 12:46:42,749 [INFO] ADCParametersView:116 -                Rank 7 : false
2025-07-13 12:46:42,749 [INFO] ADCParametersView:116 -                Rank 8 : true
2025-07-13 12:46:42,749 [INFO] ADCParametersView:116 -                Rank 9 : false
2025-07-13 12:46:42,749 [INFO] ADCParametersView:116 -                Rank 10 : false
2025-07-13 12:46:42,749 [INFO] ADCParametersView:116 -                Rank 11 : false
2025-07-13 12:46:42,749 [INFO] ADCParametersView:116 -                Rank 12 : false
2025-07-13 12:46:42,749 [INFO] ADCParametersView:116 -                Rank 13 : false
2025-07-13 12:46:42,749 [INFO] ADCParametersView:116 -                Rank 14 : false
2025-07-13 12:46:42,749 [INFO] ADCParametersView:116 -                Rank 1 : false
2025-07-13 12:46:42,749 [INFO] ADCParametersView:116 -                Rank 2 : false
2025-07-13 12:46:42,749 [INFO] ADCParametersView:116 -                Rank 3 : false
2025-07-13 12:46:42,749 [INFO] ADCParametersView:116 -                Rank 4 : false
2025-07-13 12:46:42,750 [INFO] ADCParametersView:116 -                Rank 5 : false
2025-07-13 12:46:42,750 [INFO] ADCParametersView:116 -                Rank 6 : false
2025-07-13 12:46:42,750 [INFO] ADCParametersView:116 -                Rank 7 : false
2025-07-13 12:46:42,750 [INFO] ADCParametersView:116 -                Rank 8 : true
2025-07-13 12:46:42,750 [INFO] ADCParametersView:116 -                Rank 9 : false
2025-07-13 12:46:42,750 [INFO] ADCParametersView:116 -                Rank 10 : false
2025-07-13 12:46:42,750 [INFO] ADCParametersView:116 -                Rank 11 : false
2025-07-13 12:46:42,750 [INFO] ADCParametersView:116 -                Rank 12 : false
2025-07-13 12:46:42,750 [INFO] ADCParametersView:116 -                Rank 13 : false
2025-07-13 12:46:42,750 [INFO] ADCParametersView:116 -                Rank 14 : false
2025-07-13 12:46:42,750 [INFO] ADCParametersView:116 -                Rank 1 : false
2025-07-13 12:46:42,750 [INFO] ADCParametersView:116 -                Rank 2 : false
2025-07-13 12:46:42,750 [INFO] ADCParametersView:116 -                Rank 3 : false
2025-07-13 12:46:42,750 [INFO] ADCParametersView:116 -                Rank 4 : false
2025-07-13 12:46:42,751 [INFO] ADCParametersView:116 -                Rank 5 : false
2025-07-13 12:46:42,751 [INFO] ADCParametersView:116 -                Rank 6 : false
2025-07-13 12:46:42,751 [INFO] ADCParametersView:116 -                Rank 7 : false
2025-07-13 12:46:42,751 [INFO] ADCParametersView:116 -                Rank 8 : true
2025-07-13 12:46:42,751 [INFO] ADCParametersView:116 -                Rank 9 : false
2025-07-13 12:46:42,751 [INFO] ADCParametersView:116 -                Rank 10 : false
2025-07-13 12:46:42,751 [INFO] ADCParametersView:116 -                Rank 11 : false
2025-07-13 12:46:42,751 [INFO] ADCParametersView:116 -                Rank 12 : false
2025-07-13 12:46:42,751 [INFO] ADCParametersView:116 -                Rank 13 : false
2025-07-13 12:46:42,751 [INFO] ADCParametersView:116 -                Rank 14 : false
2025-07-13 12:46:42,751 [INFO] ADCParametersView:116 -                Rank 1 : false
2025-07-13 12:46:42,751 [INFO] ADCParametersView:116 -                Rank 2 : false
2025-07-13 12:46:42,752 [INFO] ADCParametersView:116 -                Rank 3 : false
2025-07-13 12:46:42,752 [INFO] ADCParametersView:116 -                Rank 4 : false
2025-07-13 12:46:42,752 [INFO] ADCParametersView:116 -                Rank 5 : false
2025-07-13 12:46:42,752 [INFO] ADCParametersView:116 -                Rank 6 : false
2025-07-13 12:46:42,752 [INFO] ADCParametersView:116 -                Rank 7 : false
2025-07-13 12:46:42,752 [INFO] ADCParametersView:116 -                Rank 8 : true
2025-07-13 12:46:42,752 [INFO] ADCParametersView:116 -                Rank 9 : false
2025-07-13 12:46:42,752 [INFO] ADCParametersView:116 -                Rank 10 : false
2025-07-13 12:46:42,752 [INFO] ADCParametersView:116 -                Rank 11 : false
2025-07-13 12:46:42,752 [INFO] ADCParametersView:116 -                Rank 12 : false
2025-07-13 12:46:42,752 [INFO] ADCParametersView:116 -                Rank 13 : false
2025-07-13 12:46:42,752 [INFO] ADCParametersView:116 -                Rank 14 : false
2025-07-13 12:46:42,752 [INFO] ADCParametersView:116 -                Rank 1 : false
2025-07-13 12:46:42,752 [INFO] ADCParametersView:116 -                Rank 2 : false
2025-07-13 12:46:42,752 [INFO] ADCParametersView:116 -                Rank 3 : false
2025-07-13 12:46:42,753 [INFO] ADCParametersView:116 -                Rank 4 : false
2025-07-13 12:46:42,753 [INFO] ADCParametersView:116 -                Rank 5 : false
2025-07-13 12:46:42,753 [INFO] ADCParametersView:116 -                Rank 6 : false
2025-07-13 12:46:42,753 [INFO] ADCParametersView:116 -                Rank 7 : false
2025-07-13 12:46:42,753 [INFO] ADCParametersView:116 -                Rank 8 : true
2025-07-13 12:46:42,753 [INFO] ADCParametersView:116 -                Rank 9 : false
2025-07-13 12:46:42,753 [INFO] ADCParametersView:116 -                Rank 10 : false
2025-07-13 12:46:42,753 [INFO] ADCParametersView:116 -                Rank 11 : false
2025-07-13 12:46:42,753 [INFO] ADCParametersView:116 -                Rank 12 : false
2025-07-13 12:46:42,753 [INFO] ADCParametersView:116 -                Rank 13 : false
2025-07-13 12:46:42,753 [INFO] ADCParametersView:116 -                Rank 14 : false
2025-07-13 12:46:42,753 [INFO] ADCParametersView:116 -                Rank 1 : false
2025-07-13 12:46:42,753 [INFO] ADCParametersView:116 -                Rank 2 : false
2025-07-13 12:46:42,753 [INFO] ADCParametersView:116 -                Rank 3 : false
2025-07-13 12:46:42,753 [INFO] ADCParametersView:116 -                Rank 4 : false
2025-07-13 12:46:42,754 [INFO] ADCParametersView:116 -                Rank 5 : false
2025-07-13 12:46:42,754 [INFO] ADCParametersView:116 -                Rank 6 : false
2025-07-13 12:46:42,754 [INFO] ADCParametersView:116 -                Rank 7 : false
2025-07-13 12:46:42,754 [INFO] ADCParametersView:116 -                Rank 8 : true
2025-07-13 12:46:42,754 [INFO] ADCParametersView:116 -                Rank 9 : false
2025-07-13 12:46:42,754 [INFO] ADCParametersView:116 -                Rank 10 : false
2025-07-13 12:46:42,754 [INFO] ADCParametersView:116 -                Rank 11 : false
2025-07-13 12:46:42,754 [INFO] ADCParametersView:116 -                Rank 12 : false
2025-07-13 12:46:42,754 [INFO] ADCParametersView:116 -                Rank 13 : false
2025-07-13 12:46:42,754 [INFO] ADCParametersView:116 -                Rank 14 : false
2025-07-13 12:46:42,754 [INFO] ADCParametersView:116 -                Rank 1 : false
2025-07-13 12:46:42,754 [INFO] ADCParametersView:116 -                Rank 2 : false
2025-07-13 12:46:42,754 [INFO] ADCParametersView:116 -                Rank 3 : false
2025-07-13 12:46:42,754 [INFO] ADCParametersView:116 -                Rank 4 : false
2025-07-13 12:46:42,754 [INFO] ADCParametersView:116 -                Rank 5 : false
2025-07-13 12:46:42,755 [INFO] ADCParametersView:116 -                Rank 6 : false
2025-07-13 12:46:42,755 [INFO] ADCParametersView:116 -                Rank 7 : false
2025-07-13 12:46:42,755 [INFO] ADCParametersView:116 -                Rank 8 : true
2025-07-13 12:46:42,755 [INFO] ADCParametersView:116 -                Rank 9 : false
2025-07-13 12:46:42,755 [INFO] ADCParametersView:116 -                Rank 10 : false
2025-07-13 12:46:42,755 [INFO] ADCParametersView:116 -                Rank 11 : false
2025-07-13 12:46:42,755 [INFO] ADCParametersView:116 -                Rank 12 : false
2025-07-13 12:46:42,755 [INFO] ADCParametersView:116 -                Rank 13 : false
2025-07-13 12:46:42,755 [INFO] ADCParametersView:116 -                Rank 14 : false
2025-07-13 12:46:42,755 [INFO] ADCParametersView:116 -                Rank 1 : false
2025-07-13 12:46:42,755 [INFO] ADCParametersView:116 -                Rank 2 : false
2025-07-13 12:46:42,755 [INFO] ADCParametersView:116 -                Rank 3 : false
2025-07-13 12:46:42,755 [INFO] ADCParametersView:116 -                Rank 4 : false
2025-07-13 12:46:42,755 [INFO] ADCParametersView:116 -                Rank 5 : false
2025-07-13 12:46:42,755 [INFO] ADCParametersView:116 -                Rank 6 : false
2025-07-13 12:46:42,755 [INFO] ADCParametersView:116 -                Rank 7 : false
2025-07-13 12:46:42,755 [INFO] ADCParametersView:116 -                Rank 8 : true
2025-07-13 12:46:42,756 [INFO] ADCParametersView:116 -                Rank 9 : false
2025-07-13 12:46:42,756 [INFO] ADCParametersView:116 -                Rank 10 : false
2025-07-13 12:46:42,756 [INFO] ADCParametersView:116 -                Rank 11 : false
2025-07-13 12:46:42,756 [INFO] ADCParametersView:116 -                Rank 12 : false
2025-07-13 12:46:42,756 [INFO] ADCParametersView:116 -                Rank 13 : false
2025-07-13 12:46:42,756 [INFO] ADCParametersView:116 -                Rank 14 : false
2025-07-13 12:46:42,756 [INFO] ADCParametersView:116 -                Rank 1 : false
2025-07-13 12:46:42,756 [INFO] ADCParametersView:116 -                Rank 2 : false
2025-07-13 12:46:42,756 [INFO] ADCParametersView:116 -                Rank 3 : false
2025-07-13 12:46:42,756 [INFO] ADCParametersView:116 -                Rank 4 : false
2025-07-13 12:46:42,757 [INFO] ADCParametersView:116 -                Rank 5 : false
2025-07-13 12:46:42,757 [INFO] ADCParametersView:116 -                Rank 6 : false
2025-07-13 12:46:42,757 [INFO] ADCParametersView:116 -                Rank 7 : false
2025-07-13 12:46:42,757 [INFO] ADCParametersView:116 -                Rank 8 : true
2025-07-13 12:46:42,757 [INFO] ADCParametersView:116 -                Rank 9 : false
2025-07-13 12:46:42,757 [INFO] ADCParametersView:116 -                Rank 10 : false
2025-07-13 12:46:42,757 [INFO] ADCParametersView:116 -                Rank 11 : false
2025-07-13 12:46:42,758 [INFO] ADCParametersView:116 -                Rank 12 : false
2025-07-13 12:46:42,758 [INFO] ADCParametersView:116 -                Rank 13 : false
2025-07-13 12:46:42,758 [INFO] ADCParametersView:116 -                Rank 14 : false
2025-07-13 12:46:42,758 [INFO] ADCParametersView:116 -                Rank 2 : false
2025-07-13 12:46:42,758 [INFO] ADCParametersView:116 -                Rank 3 : false
2025-07-13 12:46:42,758 [INFO] ADCParametersView:116 -                Rank 4 : false
2025-07-13 12:46:42,758 [INFO] ADCParametersView:116 -                Rank 5 : false
2025-07-13 12:46:42,758 [INFO] ADCParametersView:116 -                Rank 6 : false
2025-07-13 12:46:42,758 [INFO] ADCParametersView:116 -                Rank 7 : false
2025-07-13 12:46:42,758 [INFO] ADCParametersView:116 -                Rank 8 : true
2025-07-13 12:46:42,758 [INFO] ADCParametersView:116 -                Rank 9 : false
2025-07-13 12:46:42,758 [INFO] ADCParametersView:116 -                Rank 10 : false
2025-07-13 12:46:42,758 [INFO] ADCParametersView:116 -                Rank 11 : false
2025-07-13 12:46:42,758 [INFO] ADCParametersView:116 -                Rank 12 : false
2025-07-13 12:46:42,759 [INFO] ADCParametersView:116 -                Rank 13 : false
2025-07-13 12:46:42,759 [INFO] ADCParametersView:116 -                Rank 14 : false
2025-07-13 12:46:42,759 [INFO] ADCParametersView:116 -                Rank 3 : false
2025-07-13 12:46:42,759 [INFO] ADCParametersView:116 -                Rank 4 : false
2025-07-13 12:46:42,759 [INFO] ADCParametersView:116 -                Rank 5 : false
2025-07-13 12:46:42,759 [INFO] ADCParametersView:116 -                Rank 6 : false
2025-07-13 12:46:42,759 [INFO] ADCParametersView:116 -                Rank 7 : false
2025-07-13 12:46:42,759 [INFO] ADCParametersView:116 -                Rank 8 : true
2025-07-13 12:46:42,759 [INFO] ADCParametersView:116 -                Rank 9 : false
2025-07-13 12:46:42,759 [INFO] ADCParametersView:116 -                Rank 10 : false
2025-07-13 12:46:42,759 [INFO] ADCParametersView:116 -                Rank 11 : false
2025-07-13 12:46:42,759 [INFO] ADCParametersView:116 -                Rank 12 : false
2025-07-13 12:46:42,759 [INFO] ADCParametersView:116 -                Rank 13 : false
2025-07-13 12:46:42,759 [INFO] ADCParametersView:116 -                Rank 14 : false
2025-07-13 12:46:42,760 [INFO] ADCParametersView:116 -                Rank 4 : false
2025-07-13 12:46:42,760 [INFO] ADCParametersView:116 -                Rank 5 : false
2025-07-13 12:46:42,760 [INFO] ADCParametersView:116 -                Rank 6 : false
2025-07-13 12:46:42,760 [INFO] ADCParametersView:116 -                Rank 7 : false
2025-07-13 12:46:42,760 [INFO] ADCParametersView:116 -                Rank 8 : true
2025-07-13 12:46:42,760 [INFO] ADCParametersView:116 -                Rank 9 : false
2025-07-13 12:46:42,760 [INFO] ADCParametersView:116 -                Rank 10 : false
2025-07-13 12:46:42,760 [INFO] ADCParametersView:116 -                Rank 11 : false
2025-07-13 12:46:42,760 [INFO] ADCParametersView:116 -                Rank 12 : false
2025-07-13 12:46:42,760 [INFO] ADCParametersView:116 -                Rank 13 : false
2025-07-13 12:46:42,760 [INFO] ADCParametersView:116 -                Rank 14 : false
2025-07-13 12:46:42,760 [INFO] ADCParametersView:116 -                Rank 5 : false
2025-07-13 12:46:42,760 [INFO] ADCParametersView:116 -                Rank 6 : false
2025-07-13 12:46:42,760 [INFO] ADCParametersView:116 -                Rank 7 : false
2025-07-13 12:46:42,760 [INFO] ADCParametersView:116 -                Rank 8 : true
2025-07-13 12:46:42,760 [INFO] ADCParametersView:116 -                Rank 9 : false
2025-07-13 12:46:42,761 [INFO] ADCParametersView:116 -                Rank 10 : false
2025-07-13 12:46:42,761 [INFO] ADCParametersView:116 -                Rank 11 : false
2025-07-13 12:46:42,761 [INFO] ADCParametersView:116 -                Rank 12 : false
2025-07-13 12:46:42,761 [INFO] ADCParametersView:116 -                Rank 13 : false
2025-07-13 12:46:42,761 [INFO] ADCParametersView:116 -                Rank 14 : false
2025-07-13 12:46:42,761 [INFO] ADCParametersView:116 -                Rank 6 : false
2025-07-13 12:46:42,761 [INFO] ADCParametersView:116 -                Rank 7 : false
2025-07-13 12:46:42,761 [INFO] ADCParametersView:116 -                Rank 8 : true
2025-07-13 12:46:42,761 [INFO] ADCParametersView:116 -                Rank 9 : false
2025-07-13 12:46:42,761 [INFO] ADCParametersView:116 -                Rank 10 : false
2025-07-13 12:46:42,761 [INFO] ADCParametersView:116 -                Rank 11 : false
2025-07-13 12:46:42,761 [INFO] ADCParametersView:116 -                Rank 12 : false
2025-07-13 12:46:42,761 [INFO] ADCParametersView:116 -                Rank 13 : false
2025-07-13 12:46:42,761 [INFO] ADCParametersView:116 -                Rank 14 : false
2025-07-13 12:46:42,761 [INFO] ADCParametersView:116 -                Rank 7 : false
2025-07-13 12:46:42,762 [INFO] ADCParametersView:116 -                Rank 8 : true
2025-07-13 12:46:42,762 [INFO] ADCParametersView:116 -                Rank 9 : false
2025-07-13 12:46:42,762 [INFO] ADCParametersView:116 -                Rank 10 : false
2025-07-13 12:46:42,762 [INFO] ADCParametersView:116 -                Rank 11 : false
2025-07-13 12:46:42,762 [INFO] ADCParametersView:116 -                Rank 12 : false
2025-07-13 12:46:42,762 [INFO] ADCParametersView:116 -                Rank 13 : false
2025-07-13 12:46:42,762 [INFO] ADCParametersView:116 -                Rank 14 : false
2025-07-13 12:46:42,762 [INFO] ADCParametersView:116 -                Rank 8 : true
2025-07-13 12:46:42,762 [INFO] ADCParametersView:116 -                Rank 9 : false
2025-07-13 12:46:42,762 [INFO] ADCParametersView:116 -                Rank 10 : false
2025-07-13 12:46:42,762 [INFO] ADCParametersView:116 -                Rank 11 : false
2025-07-13 12:46:42,762 [INFO] ADCParametersView:116 -                Rank 12 : false
2025-07-13 12:46:42,762 [INFO] ADCParametersView:116 -                Rank 13 : false
2025-07-13 12:46:42,762 [INFO] ADCParametersView:116 -                Rank 14 : false
2025-07-13 12:46:42,762 [INFO] ADCParametersView:116 -                Rank 9 : false
2025-07-13 12:46:42,763 [INFO] ADCParametersView:116 -                Rank 10 : false
2025-07-13 12:46:42,763 [INFO] ADCParametersView:116 -                Rank 11 : false
2025-07-13 12:46:42,763 [INFO] ADCParametersView:116 -                Rank 12 : false
2025-07-13 12:46:42,763 [INFO] ADCParametersView:116 -                Rank 13 : false
2025-07-13 12:46:42,763 [INFO] ADCParametersView:116 -                Rank 14 : false
2025-07-13 12:46:42,763 [INFO] ADCParametersView:116 -                Rank 10 : false
2025-07-13 12:46:42,763 [INFO] ADCParametersView:116 -                Rank 11 : false
2025-07-13 12:46:42,763 [INFO] ADCParametersView:116 -                Rank 12 : false
2025-07-13 12:46:42,763 [INFO] ADCParametersView:116 -                Rank 13 : false
2025-07-13 12:46:42,763 [INFO] ADCParametersView:116 -                Rank 14 : false
2025-07-13 12:46:42,763 [INFO] ADCParametersView:116 -                Rank 11 : false
2025-07-13 12:46:42,763 [INFO] ADCParametersView:116 -                Rank 12 : false
2025-07-13 12:46:42,763 [INFO] ADCParametersView:116 -                Rank 13 : false
2025-07-13 12:46:42,763 [INFO] ADCParametersView:116 -                Rank 14 : false
2025-07-13 12:46:42,773 [INFO] ADCParametersView:116 -                Rank 12 : false
2025-07-13 12:46:42,775 [INFO] ADCParametersView:116 -                Rank 13 : false
2025-07-13 12:46:42,775 [INFO] ADCParametersView:116 -                Rank 14 : false
2025-07-13 12:46:42,776 [INFO] ADCParametersView:116 -                Rank 13 : false
2025-07-13 12:46:42,776 [INFO] ADCParametersView:116 -                Rank 14 : false
2025-07-13 12:46:42,776 [INFO] ADCParametersView:116 -                Rank 14 : false
2025-07-13 12:46:42,855 [INFO] ADCParametersView:116 -                Rank 1 : false
2025-07-13 12:46:42,858 [INFO] ADCParametersView:116 -                Rank 1 : false
2025-07-13 12:46:42,858 [INFO] ADCParametersView:116 -                Rank 2 : false
2025-07-13 12:46:42,858 [INFO] ADCParametersView:116 -                Rank 1 : false
2025-07-13 12:46:42,858 [INFO] ADCParametersView:116 -                Rank 2 : false
2025-07-13 12:46:42,859 [INFO] ADCParametersView:116 -                Rank 3 : false
2025-07-13 12:46:42,859 [INFO] ADCParametersView:116 -                Rank 1 : false
2025-07-13 12:46:42,859 [INFO] ADCParametersView:116 -                Rank 2 : false
2025-07-13 12:46:42,859 [INFO] ADCParametersView:116 -                Rank 3 : false
2025-07-13 12:46:42,859 [INFO] ADCParametersView:116 -                Rank 4 : false
2025-07-13 12:46:42,859 [INFO] ADCParametersView:116 -                Rank 1 : false
2025-07-13 12:46:42,859 [INFO] ADCParametersView:116 -                Rank 2 : false
2025-07-13 12:46:42,859 [INFO] ADCParametersView:116 -                Rank 3 : false
2025-07-13 12:46:42,860 [INFO] ADCParametersView:116 -                Rank 4 : false
2025-07-13 12:46:42,860 [INFO] ADCParametersView:116 -                Rank 5 : false
2025-07-13 12:46:42,860 [INFO] ADCParametersView:116 -                Rank 1 : false
2025-07-13 12:46:42,860 [INFO] ADCParametersView:116 -                Rank 2 : false
2025-07-13 12:46:42,860 [INFO] ADCParametersView:116 -                Rank 3 : false
2025-07-13 12:46:42,860 [INFO] ADCParametersView:116 -                Rank 4 : false
2025-07-13 12:46:42,860 [INFO] ADCParametersView:116 -                Rank 5 : false
2025-07-13 12:46:42,860 [INFO] ADCParametersView:116 -                Rank 6 : false
2025-07-13 12:46:42,862 [INFO] ADCParametersView:116 -                Rank 1 : false
2025-07-13 12:46:42,862 [INFO] ADCParametersView:116 -                Rank 2 : false
2025-07-13 12:46:42,862 [INFO] ADCParametersView:116 -                Rank 3 : false
2025-07-13 12:46:42,862 [INFO] ADCParametersView:116 -                Rank 4 : false
2025-07-13 12:46:42,862 [INFO] ADCParametersView:116 -                Rank 5 : false
2025-07-13 12:46:42,862 [INFO] ADCParametersView:116 -                Rank 6 : false
2025-07-13 12:46:42,862 [INFO] ADCParametersView:116 -                Rank 7 : false
2025-07-13 12:46:42,862 [INFO] ADCParametersView:116 -                Rank 1 : false
2025-07-13 12:46:42,862 [INFO] ADCParametersView:116 -                Rank 2 : false
2025-07-13 12:46:42,862 [INFO] ADCParametersView:116 -                Rank 3 : false
2025-07-13 12:46:42,862 [INFO] ADCParametersView:116 -                Rank 4 : false
2025-07-13 12:46:42,862 [INFO] ADCParametersView:116 -                Rank 5 : false
2025-07-13 12:46:42,862 [INFO] ADCParametersView:116 -                Rank 6 : false
2025-07-13 12:46:42,863 [INFO] ADCParametersView:116 -                Rank 7 : false
2025-07-13 12:46:42,863 [INFO] ADCParametersView:116 -                Rank 8 : true
2025-07-13 12:46:42,863 [INFO] ADCParametersView:116 -                Rank 1 : false
2025-07-13 12:46:42,863 [INFO] ADCParametersView:116 -                Rank 2 : false
2025-07-13 12:46:42,863 [INFO] ADCParametersView:116 -                Rank 3 : false
2025-07-13 12:46:42,863 [INFO] ADCParametersView:116 -                Rank 4 : false
2025-07-13 12:46:42,863 [INFO] ADCParametersView:116 -                Rank 5 : false
2025-07-13 12:46:42,863 [INFO] ADCParametersView:116 -                Rank 6 : false
2025-07-13 12:46:42,863 [INFO] ADCParametersView:116 -                Rank 7 : false
2025-07-13 12:46:42,863 [INFO] ADCParametersView:116 -                Rank 8 : true
2025-07-13 12:46:42,863 [INFO] ADCParametersView:116 -                Rank 9 : false
2025-07-13 12:46:42,864 [INFO] ADCParametersView:116 -                Rank 1 : false
2025-07-13 12:46:42,864 [INFO] ADCParametersView:116 -                Rank 2 : false
2025-07-13 12:46:42,864 [INFO] ADCParametersView:116 -                Rank 3 : false
2025-07-13 12:46:42,864 [INFO] ADCParametersView:116 -                Rank 4 : false
2025-07-13 12:46:42,864 [INFO] ADCParametersView:116 -                Rank 5 : false
2025-07-13 12:46:42,864 [INFO] ADCParametersView:116 -                Rank 6 : false
2025-07-13 12:46:42,864 [INFO] ADCParametersView:116 -                Rank 7 : false
2025-07-13 12:46:42,864 [INFO] ADCParametersView:116 -                Rank 8 : true
2025-07-13 12:46:42,864 [INFO] ADCParametersView:116 -                Rank 9 : false
2025-07-13 12:46:42,864 [INFO] ADCParametersView:116 -                Rank 10 : false
2025-07-13 12:46:42,864 [INFO] ADCParametersView:116 -                Rank 1 : false
2025-07-13 12:46:42,864 [INFO] ADCParametersView:116 -                Rank 2 : false
2025-07-13 12:46:42,865 [INFO] ADCParametersView:116 -                Rank 3 : false
2025-07-13 12:46:42,865 [INFO] ADCParametersView:116 -                Rank 4 : false
2025-07-13 12:46:42,865 [INFO] ADCParametersView:116 -                Rank 5 : false
2025-07-13 12:46:42,865 [INFO] ADCParametersView:116 -                Rank 6 : false
2025-07-13 12:46:42,865 [INFO] ADCParametersView:116 -                Rank 7 : false
2025-07-13 12:46:42,865 [INFO] ADCParametersView:116 -                Rank 8 : true
2025-07-13 12:46:42,865 [INFO] ADCParametersView:116 -                Rank 9 : false
2025-07-13 12:46:42,865 [INFO] ADCParametersView:116 -                Rank 10 : false
2025-07-13 12:46:42,865 [INFO] ADCParametersView:116 -                Rank 11 : false
2025-07-13 12:46:42,865 [INFO] ADCParametersView:116 -                Rank 1 : false
2025-07-13 12:46:42,865 [INFO] ADCParametersView:116 -                Rank 2 : false
2025-07-13 12:46:42,865 [INFO] ADCParametersView:116 -                Rank 3 : false
2025-07-13 12:46:42,866 [INFO] ADCParametersView:116 -                Rank 4 : false
2025-07-13 12:46:42,866 [INFO] ADCParametersView:116 -                Rank 5 : false
2025-07-13 12:46:42,866 [INFO] ADCParametersView:116 -                Rank 6 : false
2025-07-13 12:46:42,866 [INFO] ADCParametersView:116 -                Rank 7 : false
2025-07-13 12:46:42,866 [INFO] ADCParametersView:116 -                Rank 8 : true
2025-07-13 12:46:42,866 [INFO] ADCParametersView:116 -                Rank 9 : false
2025-07-13 12:46:42,866 [INFO] ADCParametersView:116 -                Rank 10 : false
2025-07-13 12:46:42,866 [INFO] ADCParametersView:116 -                Rank 11 : false
2025-07-13 12:46:42,866 [INFO] ADCParametersView:116 -                Rank 12 : false
2025-07-13 12:46:42,866 [INFO] ADCParametersView:116 -                Rank 1 : false
2025-07-13 12:46:42,866 [INFO] ADCParametersView:116 -                Rank 2 : false
2025-07-13 12:46:42,866 [INFO] ADCParametersView:116 -                Rank 3 : false
2025-07-13 12:46:42,866 [INFO] ADCParametersView:116 -                Rank 4 : false
2025-07-13 12:46:42,866 [INFO] ADCParametersView:116 -                Rank 5 : false
2025-07-13 12:46:42,867 [INFO] ADCParametersView:116 -                Rank 6 : false
2025-07-13 12:46:42,867 [INFO] ADCParametersView:116 -                Rank 7 : false
2025-07-13 12:46:42,867 [INFO] ADCParametersView:116 -                Rank 8 : true
2025-07-13 12:46:42,867 [INFO] ADCParametersView:116 -                Rank 9 : false
2025-07-13 12:46:42,867 [INFO] ADCParametersView:116 -                Rank 10 : false
2025-07-13 12:46:42,867 [INFO] ADCParametersView:116 -                Rank 11 : false
2025-07-13 12:46:42,867 [INFO] ADCParametersView:116 -                Rank 12 : false
2025-07-13 12:46:42,867 [INFO] ADCParametersView:116 -                Rank 13 : false
2025-07-13 12:46:42,867 [INFO] ADCParametersView:116 -                Rank 1 : false
2025-07-13 12:46:42,867 [INFO] ADCParametersView:116 -                Rank 2 : false
2025-07-13 12:46:42,867 [INFO] ADCParametersView:116 -                Rank 3 : false
2025-07-13 12:46:42,868 [INFO] ADCParametersView:116 -                Rank 4 : false
2025-07-13 12:46:42,868 [INFO] ADCParametersView:116 -                Rank 5 : false
2025-07-13 12:46:42,868 [INFO] ADCParametersView:116 -                Rank 6 : false
2025-07-13 12:46:42,868 [INFO] ADCParametersView:116 -                Rank 7 : false
2025-07-13 12:46:42,868 [INFO] ADCParametersView:116 -                Rank 8 : true
2025-07-13 12:46:42,868 [INFO] ADCParametersView:116 -                Rank 9 : false
2025-07-13 12:46:42,868 [INFO] ADCParametersView:116 -                Rank 10 : false
2025-07-13 12:46:42,868 [INFO] ADCParametersView:116 -                Rank 11 : false
2025-07-13 12:46:42,868 [INFO] ADCParametersView:116 -                Rank 12 : false
2025-07-13 12:46:42,868 [INFO] ADCParametersView:116 -                Rank 13 : false
2025-07-13 12:46:42,868 [INFO] ADCParametersView:116 -                Rank 14 : false
2025-07-13 12:46:53,760 [INFO] ADCParametersView:116 -                Rank 1 : false
2025-07-13 12:46:53,760 [INFO] ADCParametersView:116 -                Rank 2 : false
2025-07-13 12:46:53,760 [INFO] ADCParametersView:116 -                Rank 3 : false
2025-07-13 12:46:53,760 [INFO] ADCParametersView:116 -                Rank 4 : false
2025-07-13 12:46:53,760 [INFO] ADCParametersView:116 -                Rank 5 : false
2025-07-13 12:46:53,760 [INFO] ADCParametersView:116 -                Rank 6 : false
2025-07-13 12:46:53,760 [INFO] ADCParametersView:116 -                Rank 7 : false
2025-07-13 12:46:53,761 [INFO] ADCParametersView:116 -                Rank 8 : true
2025-07-13 12:46:53,761 [INFO] ADCParametersView:116 -                Rank 9 : false
2025-07-13 12:46:53,761 [INFO] ADCParametersView:116 -                Rank 10 : false
2025-07-13 12:46:53,761 [INFO] ADCParametersView:116 -                Rank 11 : true
2025-07-13 12:46:53,761 [INFO] ADCParametersView:116 -                Rank 12 : false
2025-07-13 12:46:53,761 [INFO] ADCParametersView:116 -                Rank 13 : false
2025-07-13 12:46:53,761 [INFO] ADCParametersView:116 -                Rank 14 : false
2025-07-13 12:46:55,312 [INFO] ADCParametersView:116 -                Rank 1 : false
2025-07-13 12:46:55,312 [INFO] ADCParametersView:116 -                Rank 2 : false
2025-07-13 12:46:55,312 [INFO] ADCParametersView:116 -                Rank 3 : false
2025-07-13 12:46:55,312 [INFO] ADCParametersView:116 -                Rank 4 : false
2025-07-13 12:46:55,312 [INFO] ADCParametersView:116 -                Rank 5 : false
2025-07-13 12:46:55,312 [INFO] ADCParametersView:116 -                Rank 6 : false
2025-07-13 12:46:55,313 [INFO] ADCParametersView:116 -                Rank 7 : false
2025-07-13 12:46:55,313 [INFO] ADCParametersView:116 -                Rank 8 : true
2025-07-13 12:46:55,313 [INFO] ADCParametersView:116 -                Rank 9 : false
2025-07-13 12:46:55,313 [INFO] ADCParametersView:116 -                Rank 10 : false
2025-07-13 12:46:55,313 [INFO] ADCParametersView:116 -                Rank 11 : true
2025-07-13 12:46:55,313 [INFO] ADCParametersView:116 -                Rank 12 : false
2025-07-13 12:46:55,313 [INFO] ADCParametersView:116 -                Rank 13 : false
2025-07-13 12:46:55,313 [INFO] ADCParametersView:116 -                Rank 14 : true
2025-07-13 12:46:56,103 [INFO] ADCParametersView:116 -                Rank 1 : false
2025-07-13 12:46:56,103 [INFO] ADCParametersView:116 -                Rank 2 : false
2025-07-13 12:46:56,103 [INFO] ADCParametersView:116 -                Rank 3 : false
2025-07-13 12:46:56,103 [INFO] ADCParametersView:116 -                Rank 4 : false
2025-07-13 12:46:56,103 [INFO] ADCParametersView:116 -                Rank 5 : false
2025-07-13 12:46:56,103 [INFO] ADCParametersView:116 -                Rank 6 : false
2025-07-13 12:46:56,103 [INFO] ADCParametersView:116 -                Rank 7 : false
2025-07-13 12:46:56,103 [INFO] ADCParametersView:116 -                Rank 8 : true
2025-07-13 12:46:56,104 [INFO] ADCParametersView:116 -                Rank 9 : false
2025-07-13 12:46:56,104 [INFO] ADCParametersView:116 -                Rank 10 : false
2025-07-13 12:46:56,104 [INFO] ADCParametersView:116 -                Rank 11 : true
2025-07-13 12:46:56,104 [INFO] ADCParametersView:116 -                Rank 12 : false
2025-07-13 12:46:56,104 [INFO] ADCParametersView:116 -                Rank 13 : true
2025-07-13 12:46:56,104 [INFO] ADCParametersView:116 -                Rank 14 : true
2025-07-13 12:46:56,699 [INFO] ADCParametersView:116 -                Rank 1 : false
2025-07-13 12:46:56,699 [INFO] ADCParametersView:116 -                Rank 2 : false
2025-07-13 12:46:56,699 [INFO] ADCParametersView:116 -                Rank 3 : false
2025-07-13 12:46:56,699 [INFO] ADCParametersView:116 -                Rank 4 : false
2025-07-13 12:46:56,699 [INFO] ADCParametersView:116 -                Rank 5 : false
2025-07-13 12:46:56,699 [INFO] ADCParametersView:116 -                Rank 6 : false
2025-07-13 12:46:56,699 [INFO] ADCParametersView:116 -                Rank 7 : false
2025-07-13 12:46:56,699 [INFO] ADCParametersView:116 -                Rank 8 : true
2025-07-13 12:46:56,699 [INFO] ADCParametersView:116 -                Rank 9 : false
2025-07-13 12:46:56,699 [INFO] ADCParametersView:116 -                Rank 10 : false
2025-07-13 12:46:56,699 [INFO] ADCParametersView:116 -                Rank 11 : true
2025-07-13 12:46:56,699 [INFO] ADCParametersView:116 -                Rank 12 : true
2025-07-13 12:46:56,700 [INFO] ADCParametersView:116 -                Rank 13 : true
2025-07-13 12:46:56,700 [INFO] ADCParametersView:116 -                Rank 14 : true
2025-07-13 12:46:57,526 [INFO] ADCParametersView:116 -                Rank 1 : false
2025-07-13 12:46:57,526 [INFO] ADCParametersView:116 -                Rank 2 : false
2025-07-13 12:46:57,526 [INFO] ADCParametersView:116 -                Rank 3 : false
2025-07-13 12:46:57,526 [INFO] ADCParametersView:116 -                Rank 4 : false
2025-07-13 12:46:57,526 [INFO] ADCParametersView:116 -                Rank 5 : false
2025-07-13 12:46:57,526 [INFO] ADCParametersView:116 -                Rank 6 : false
2025-07-13 12:46:57,526 [INFO] ADCParametersView:116 -                Rank 7 : false
2025-07-13 12:46:57,526 [INFO] ADCParametersView:116 -                Rank 8 : true
2025-07-13 12:46:57,527 [INFO] ADCParametersView:116 -                Rank 9 : false
2025-07-13 12:46:57,527 [INFO] ADCParametersView:116 -                Rank 10 : true
2025-07-13 12:46:57,527 [INFO] ADCParametersView:116 -                Rank 11 : true
2025-07-13 12:46:57,527 [INFO] ADCParametersView:116 -                Rank 12 : true
2025-07-13 12:46:57,527 [INFO] ADCParametersView:116 -                Rank 13 : true
2025-07-13 12:46:57,527 [INFO] ADCParametersView:116 -                Rank 14 : true
2025-07-13 12:46:58,005 [INFO] ADCParametersView:116 -                Rank 1 : false
2025-07-13 12:46:58,006 [INFO] ADCParametersView:116 -                Rank 2 : false
2025-07-13 12:46:58,006 [INFO] ADCParametersView:116 -                Rank 3 : false
2025-07-13 12:46:58,007 [INFO] ADCParametersView:116 -                Rank 4 : false
2025-07-13 12:46:58,007 [INFO] ADCParametersView:116 -                Rank 5 : false
2025-07-13 12:46:58,007 [INFO] ADCParametersView:116 -                Rank 6 : false
2025-07-13 12:46:58,007 [INFO] ADCParametersView:116 -                Rank 7 : false
2025-07-13 12:46:58,007 [INFO] ADCParametersView:116 -                Rank 8 : true
2025-07-13 12:46:58,007 [INFO] ADCParametersView:116 -                Rank 9 : true
2025-07-13 12:46:58,007 [INFO] ADCParametersView:116 -                Rank 10 : true
2025-07-13 12:46:58,007 [INFO] ADCParametersView:116 -                Rank 11 : true
2025-07-13 12:46:58,007 [INFO] ADCParametersView:116 -                Rank 12 : true
2025-07-13 12:46:58,007 [INFO] ADCParametersView:116 -                Rank 13 : true
2025-07-13 12:46:58,008 [INFO] ADCParametersView:116 -                Rank 14 : true
2025-07-13 12:46:58,748 [INFO] ADCParametersView:116 -                Rank 1 : false
2025-07-13 12:46:58,748 [INFO] ADCParametersView:116 -                Rank 2 : false
2025-07-13 12:46:58,748 [INFO] ADCParametersView:116 -                Rank 3 : false
2025-07-13 12:46:58,748 [INFO] ADCParametersView:116 -                Rank 4 : false
2025-07-13 12:46:58,748 [INFO] ADCParametersView:116 -                Rank 5 : false
2025-07-13 12:46:58,748 [INFO] ADCParametersView:116 -                Rank 6 : false
2025-07-13 12:46:58,748 [INFO] ADCParametersView:116 -                Rank 7 : true
2025-07-13 12:46:58,748 [INFO] ADCParametersView:116 -                Rank 8 : true
2025-07-13 12:46:58,748 [INFO] ADCParametersView:116 -                Rank 9 : true
2025-07-13 12:46:58,748 [INFO] ADCParametersView:116 -                Rank 10 : true
2025-07-13 12:46:58,748 [INFO] ADCParametersView:116 -                Rank 11 : true
2025-07-13 12:46:58,748 [INFO] ADCParametersView:116 -                Rank 12 : true
2025-07-13 12:46:58,749 [INFO] ADCParametersView:116 -                Rank 13 : true
2025-07-13 12:46:58,749 [INFO] ADCParametersView:116 -                Rank 14 : true
2025-07-13 12:46:59,238 [INFO] ADCParametersView:116 -                Rank 1 : false
2025-07-13 12:46:59,238 [INFO] ADCParametersView:116 -                Rank 2 : false
2025-07-13 12:46:59,238 [INFO] ADCParametersView:116 -                Rank 3 : false
2025-07-13 12:46:59,238 [INFO] ADCParametersView:116 -                Rank 4 : false
2025-07-13 12:46:59,238 [INFO] ADCParametersView:116 -                Rank 5 : false
2025-07-13 12:46:59,238 [INFO] ADCParametersView:116 -                Rank 6 : true
2025-07-13 12:46:59,238 [INFO] ADCParametersView:116 -                Rank 7 : true
2025-07-13 12:46:59,238 [INFO] ADCParametersView:116 -                Rank 8 : true
2025-07-13 12:46:59,238 [INFO] ADCParametersView:116 -                Rank 9 : true
2025-07-13 12:46:59,238 [INFO] ADCParametersView:116 -                Rank 10 : true
2025-07-13 12:46:59,238 [INFO] ADCParametersView:116 -                Rank 11 : true
2025-07-13 12:46:59,238 [INFO] ADCParametersView:116 -                Rank 12 : true
2025-07-13 12:46:59,239 [INFO] ADCParametersView:116 -                Rank 13 : true
2025-07-13 12:46:59,239 [INFO] ADCParametersView:116 -                Rank 14 : true
2025-07-13 12:46:59,742 [INFO] ADCParametersView:116 -                Rank 1 : false
2025-07-13 12:46:59,742 [INFO] ADCParametersView:116 -                Rank 2 : false
2025-07-13 12:46:59,742 [INFO] ADCParametersView:116 -                Rank 3 : false
2025-07-13 12:46:59,742 [INFO] ADCParametersView:116 -                Rank 4 : false
2025-07-13 12:46:59,742 [INFO] ADCParametersView:116 -                Rank 5 : true
2025-07-13 12:46:59,743 [INFO] ADCParametersView:116 -                Rank 6 : true
2025-07-13 12:46:59,743 [INFO] ADCParametersView:116 -                Rank 7 : true
2025-07-13 12:46:59,743 [INFO] ADCParametersView:116 -                Rank 8 : true
2025-07-13 12:46:59,743 [INFO] ADCParametersView:116 -                Rank 9 : true
2025-07-13 12:46:59,743 [INFO] ADCParametersView:116 -                Rank 10 : true
2025-07-13 12:46:59,743 [INFO] ADCParametersView:116 -                Rank 11 : true
2025-07-13 12:46:59,743 [INFO] ADCParametersView:116 -                Rank 12 : true
2025-07-13 12:46:59,743 [INFO] ADCParametersView:116 -                Rank 13 : true
2025-07-13 12:46:59,743 [INFO] ADCParametersView:116 -                Rank 14 : true
2025-07-13 12:47:00,277 [INFO] ADCParametersView:116 -                Rank 1 : false
2025-07-13 12:47:00,277 [INFO] ADCParametersView:116 -                Rank 2 : false
2025-07-13 12:47:00,277 [INFO] ADCParametersView:116 -                Rank 3 : false
2025-07-13 12:47:00,277 [INFO] ADCParametersView:116 -                Rank 4 : true
2025-07-13 12:47:00,277 [INFO] ADCParametersView:116 -                Rank 5 : true
2025-07-13 12:47:00,277 [INFO] ADCParametersView:116 -                Rank 6 : true
2025-07-13 12:47:00,277 [INFO] ADCParametersView:116 -                Rank 7 : true
2025-07-13 12:47:00,278 [INFO] ADCParametersView:116 -                Rank 8 : true
2025-07-13 12:47:00,278 [INFO] ADCParametersView:116 -                Rank 9 : true
2025-07-13 12:47:00,278 [INFO] ADCParametersView:116 -                Rank 10 : true
2025-07-13 12:47:00,278 [INFO] ADCParametersView:116 -                Rank 11 : true
2025-07-13 12:47:00,278 [INFO] ADCParametersView:116 -                Rank 12 : true
2025-07-13 12:47:00,278 [INFO] ADCParametersView:116 -                Rank 13 : true
2025-07-13 12:47:00,278 [INFO] ADCParametersView:116 -                Rank 14 : true
2025-07-13 12:47:02,137 [INFO] ADCParametersView:116 -                Rank 1 : false
2025-07-13 12:47:02,139 [INFO] ADCParametersView:116 -                Rank 2 : false
2025-07-13 12:47:02,140 [INFO] ADCParametersView:116 -                Rank 3 : true
2025-07-13 12:47:02,140 [INFO] ADCParametersView:116 -                Rank 4 : true
2025-07-13 12:47:02,140 [INFO] ADCParametersView:116 -                Rank 5 : true
2025-07-13 12:47:02,140 [INFO] ADCParametersView:116 -                Rank 6 : true
2025-07-13 12:47:02,141 [INFO] ADCParametersView:116 -                Rank 7 : true
2025-07-13 12:47:02,141 [INFO] ADCParametersView:116 -                Rank 8 : true
2025-07-13 12:47:02,141 [INFO] ADCParametersView:116 -                Rank 9 : true
2025-07-13 12:47:02,141 [INFO] ADCParametersView:116 -                Rank 10 : true
2025-07-13 12:47:02,141 [INFO] ADCParametersView:116 -                Rank 11 : true
2025-07-13 12:47:02,141 [INFO] ADCParametersView:116 -                Rank 12 : true
2025-07-13 12:47:02,141 [INFO] ADCParametersView:116 -                Rank 13 : true
2025-07-13 12:47:02,141 [INFO] ADCParametersView:116 -                Rank 14 : true
2025-07-13 12:47:02,577 [INFO] ADCParametersView:116 -                Rank 1 : false
2025-07-13 12:47:02,578 [INFO] ADCParametersView:116 -                Rank 2 : true
2025-07-13 12:47:02,578 [INFO] ADCParametersView:116 -                Rank 3 : true
2025-07-13 12:47:02,578 [INFO] ADCParametersView:116 -                Rank 4 : true
2025-07-13 12:47:02,578 [INFO] ADCParametersView:116 -                Rank 5 : true
2025-07-13 12:47:02,578 [INFO] ADCParametersView:116 -                Rank 6 : true
2025-07-13 12:47:02,578 [INFO] ADCParametersView:116 -                Rank 7 : true
2025-07-13 12:47:02,578 [INFO] ADCParametersView:116 -                Rank 8 : true
2025-07-13 12:47:02,578 [INFO] ADCParametersView:116 -                Rank 9 : true
2025-07-13 12:47:02,578 [INFO] ADCParametersView:116 -                Rank 10 : true
2025-07-13 12:47:02,578 [INFO] ADCParametersView:116 -                Rank 11 : true
2025-07-13 12:47:02,578 [INFO] ADCParametersView:116 -                Rank 12 : true
2025-07-13 12:47:02,578 [INFO] ADCParametersView:116 -                Rank 13 : true
2025-07-13 12:47:02,578 [INFO] ADCParametersView:116 -                Rank 14 : true
2025-07-13 12:47:03,055 [INFO] ADCParametersView:116 -                Rank 1 : true
2025-07-13 12:47:03,055 [INFO] ADCParametersView:116 -                Rank 2 : true
2025-07-13 12:47:03,055 [INFO] ADCParametersView:116 -                Rank 3 : true
2025-07-13 12:47:03,055 [INFO] ADCParametersView:116 -                Rank 4 : true
2025-07-13 12:47:03,055 [INFO] ADCParametersView:116 -                Rank 5 : true
2025-07-13 12:47:03,055 [INFO] ADCParametersView:116 -                Rank 6 : true
2025-07-13 12:47:03,055 [INFO] ADCParametersView:116 -                Rank 7 : true
2025-07-13 12:47:03,056 [INFO] ADCParametersView:116 -                Rank 8 : true
2025-07-13 12:47:03,056 [INFO] ADCParametersView:116 -                Rank 9 : true
2025-07-13 12:47:03,056 [INFO] ADCParametersView:116 -                Rank 10 : true
2025-07-13 12:47:03,056 [INFO] ADCParametersView:116 -                Rank 11 : true
2025-07-13 12:47:03,056 [INFO] ADCParametersView:116 -                Rank 12 : true
2025-07-13 12:47:03,056 [INFO] ADCParametersView:116 -                Rank 13 : true
2025-07-13 12:47:03,056 [INFO] ADCParametersView:116 -                Rank 14 : true
2025-07-13 12:47:19,418 [INFO] SpinnerEditorADC:65 - is string kkkk
2025-07-13 12:47:21,679 [INFO] NvicIntPanel:101 - NVIC parent = com.st.microxplorer.plugins.ip.nvic.MultiNvicIntPanel[,0,0,0x0,invalid,layout=javax.swing.BoxLayout,alignmentX=0.0,alignmentY=0.0,border=,flags=9,maximumSize=,minimumSize=,preferredSize=]
2025-07-13 12:47:21,818 [INFO] ADCParametersView:116 -                Rank 1 : true
2025-07-13 12:47:21,821 [INFO] ADCParametersView:116 -                Rank 2 : true
2025-07-13 12:47:21,821 [INFO] ADCParametersView:116 -                Rank 3 : true
2025-07-13 12:47:21,821 [INFO] ADCParametersView:116 -                Rank 4 : true
2025-07-13 12:47:21,821 [INFO] ADCParametersView:116 -                Rank 5 : true
2025-07-13 12:47:21,821 [INFO] ADCParametersView:116 -                Rank 6 : true
2025-07-13 12:47:21,821 [INFO] ADCParametersView:116 -                Rank 7 : true
2025-07-13 12:47:21,821 [INFO] ADCParametersView:116 -                Rank 8 : true
2025-07-13 12:47:21,821 [INFO] ADCParametersView:116 -                Rank 9 : true
2025-07-13 12:47:21,821 [INFO] ADCParametersView:116 -                Rank 10 : true
2025-07-13 12:47:21,821 [INFO] ADCParametersView:116 -                Rank 11 : true
2025-07-13 12:47:21,821 [INFO] ADCParametersView:116 -                Rank 12 : true
2025-07-13 12:47:21,821 [INFO] ADCParametersView:116 -                Rank 13 : true
2025-07-13 12:47:21,821 [INFO] ADCParametersView:116 -                Rank 14 : true
2025-07-13 12:47:21,853 [INFO] ADCParametersView:116 -                Rank 1 : true
2025-07-13 12:47:21,854 [INFO] ADCParametersView:116 -                Rank 2 : true
2025-07-13 12:47:21,854 [INFO] ADCParametersView:116 -                Rank 3 : true
2025-07-13 12:47:21,854 [INFO] ADCParametersView:116 -                Rank 4 : true
2025-07-13 12:47:21,854 [INFO] ADCParametersView:116 -                Rank 5 : true
2025-07-13 12:47:21,854 [INFO] ADCParametersView:116 -                Rank 6 : true
2025-07-13 12:47:21,855 [INFO] ADCParametersView:116 -                Rank 7 : true
2025-07-13 12:47:21,855 [INFO] ADCParametersView:116 -                Rank 8 : true
2025-07-13 12:47:21,855 [INFO] ADCParametersView:116 -                Rank 9 : true
2025-07-13 12:47:21,855 [INFO] ADCParametersView:116 -                Rank 10 : true
2025-07-13 12:47:21,855 [INFO] ADCParametersView:116 -                Rank 11 : true
2025-07-13 12:47:21,856 [INFO] ADCParametersView:116 -                Rank 12 : true
2025-07-13 12:47:21,856 [INFO] ADCParametersView:116 -                Rank 13 : true
2025-07-13 12:47:21,856 [INFO] ADCParametersView:116 -                Rank 14 : true
2025-07-13 12:47:21,857 [INFO] ADCParametersView:116 -                Rank 1 : true
2025-07-13 12:47:21,858 [INFO] ADCParametersView:116 -                Rank 2 : true
2025-07-13 12:47:21,859 [INFO] ADCParametersView:116 -                Rank 3 : true
2025-07-13 12:47:21,859 [INFO] ADCParametersView:116 -                Rank 4 : true
2025-07-13 12:47:21,860 [INFO] ADCParametersView:116 -                Rank 5 : true
2025-07-13 12:47:21,860 [INFO] ADCParametersView:116 -                Rank 6 : true
2025-07-13 12:47:21,860 [INFO] ADCParametersView:116 -                Rank 7 : true
2025-07-13 12:47:21,860 [INFO] ADCParametersView:116 -                Rank 8 : true
2025-07-13 12:47:21,860 [INFO] ADCParametersView:116 -                Rank 9 : true
2025-07-13 12:47:21,860 [INFO] ADCParametersView:116 -                Rank 10 : true
2025-07-13 12:47:21,860 [INFO] ADCParametersView:116 -                Rank 11 : true
2025-07-13 12:47:21,860 [INFO] ADCParametersView:116 -                Rank 12 : true
2025-07-13 12:47:21,860 [INFO] ADCParametersView:116 -                Rank 13 : true
2025-07-13 12:47:21,860 [INFO] ADCParametersView:116 -                Rank 14 : true
2025-07-13 12:47:21,860 [INFO] ADCParametersView:116 -                Rank 1 : true
2025-07-13 12:47:21,861 [INFO] ADCParametersView:116 -                Rank 2 : true
2025-07-13 12:47:21,861 [INFO] ADCParametersView:116 -                Rank 3 : true
2025-07-13 12:47:21,861 [INFO] ADCParametersView:116 -                Rank 4 : true
2025-07-13 12:47:21,861 [INFO] ADCParametersView:116 -                Rank 5 : true
2025-07-13 12:47:21,861 [INFO] ADCParametersView:116 -                Rank 6 : true
2025-07-13 12:47:21,861 [INFO] ADCParametersView:116 -                Rank 7 : true
2025-07-13 12:47:21,861 [INFO] ADCParametersView:116 -                Rank 8 : true
2025-07-13 12:47:21,861 [INFO] ADCParametersView:116 -                Rank 9 : true
2025-07-13 12:47:21,861 [INFO] ADCParametersView:116 -                Rank 10 : true
2025-07-13 12:47:21,861 [INFO] ADCParametersView:116 -                Rank 11 : true
2025-07-13 12:47:21,861 [INFO] ADCParametersView:116 -                Rank 12 : true
2025-07-13 12:47:21,861 [INFO] ADCParametersView:116 -                Rank 13 : true
2025-07-13 12:47:21,861 [INFO] ADCParametersView:116 -                Rank 14 : true
2025-07-13 12:47:21,862 [INFO] ADCParametersView:116 -                Rank 1 : true
2025-07-13 12:47:21,862 [INFO] ADCParametersView:116 -                Rank 2 : true
2025-07-13 12:47:21,862 [INFO] ADCParametersView:116 -                Rank 3 : true
2025-07-13 12:47:21,862 [INFO] ADCParametersView:116 -                Rank 4 : true
2025-07-13 12:47:21,862 [INFO] ADCParametersView:116 -                Rank 5 : true
2025-07-13 12:47:21,862 [INFO] ADCParametersView:116 -                Rank 6 : true
2025-07-13 12:47:21,862 [INFO] ADCParametersView:116 -                Rank 7 : true
2025-07-13 12:47:21,862 [INFO] ADCParametersView:116 -                Rank 8 : true
2025-07-13 12:47:21,862 [INFO] ADCParametersView:116 -                Rank 9 : true
2025-07-13 12:47:21,862 [INFO] ADCParametersView:116 -                Rank 10 : true
2025-07-13 12:47:21,862 [INFO] ADCParametersView:116 -                Rank 11 : true
2025-07-13 12:47:21,863 [INFO] ADCParametersView:116 -                Rank 12 : true
2025-07-13 12:47:21,863 [INFO] ADCParametersView:116 -                Rank 13 : true
2025-07-13 12:47:21,863 [INFO] ADCParametersView:116 -                Rank 14 : true
2025-07-13 12:47:21,863 [INFO] ADCParametersView:116 -                Rank 1 : true
2025-07-13 12:47:21,863 [INFO] ADCParametersView:116 -                Rank 2 : true
2025-07-13 12:47:21,863 [INFO] ADCParametersView:116 -                Rank 3 : true
2025-07-13 12:47:21,863 [INFO] ADCParametersView:116 -                Rank 4 : true
2025-07-13 12:47:21,863 [INFO] ADCParametersView:116 -                Rank 5 : true
2025-07-13 12:47:21,863 [INFO] ADCParametersView:116 -                Rank 6 : true
2025-07-13 12:47:21,864 [INFO] ADCParametersView:116 -                Rank 7 : true
2025-07-13 12:47:21,864 [INFO] ADCParametersView:116 -                Rank 8 : true
2025-07-13 12:47:21,864 [INFO] ADCParametersView:116 -                Rank 9 : true
2025-07-13 12:47:21,864 [INFO] ADCParametersView:116 -                Rank 10 : true
2025-07-13 12:47:21,864 [INFO] ADCParametersView:116 -                Rank 11 : true
2025-07-13 12:47:21,864 [INFO] ADCParametersView:116 -                Rank 12 : true
2025-07-13 12:47:21,864 [INFO] ADCParametersView:116 -                Rank 13 : true
2025-07-13 12:47:21,864 [INFO] ADCParametersView:116 -                Rank 14 : true
2025-07-13 12:47:21,865 [INFO] ADCParametersView:116 -                Rank 1 : true
2025-07-13 12:47:21,866 [INFO] ADCParametersView:116 -                Rank 2 : true
2025-07-13 12:47:21,870 [INFO] ADCParametersView:116 -                Rank 3 : true
2025-07-13 12:47:21,873 [INFO] ADCParametersView:116 -                Rank 4 : true
2025-07-13 12:47:21,874 [INFO] ADCParametersView:116 -                Rank 5 : true
2025-07-13 12:47:21,874 [INFO] ADCParametersView:116 -                Rank 6 : true
2025-07-13 12:47:21,874 [INFO] ADCParametersView:116 -                Rank 7 : true
2025-07-13 12:47:21,874 [INFO] ADCParametersView:116 -                Rank 8 : true
2025-07-13 12:47:21,874 [INFO] ADCParametersView:116 -                Rank 9 : true
2025-07-13 12:47:21,874 [INFO] ADCParametersView:116 -                Rank 10 : true
2025-07-13 12:47:21,874 [INFO] ADCParametersView:116 -                Rank 11 : true
2025-07-13 12:47:21,874 [INFO] ADCParametersView:116 -                Rank 12 : true
2025-07-13 12:47:21,874 [INFO] ADCParametersView:116 -                Rank 13 : true
2025-07-13 12:47:21,874 [INFO] ADCParametersView:116 -                Rank 14 : true
2025-07-13 12:47:21,875 [INFO] ADCParametersView:116 -                Rank 1 : true
2025-07-13 12:47:21,875 [INFO] ADCParametersView:116 -                Rank 2 : true
2025-07-13 12:47:21,875 [INFO] ADCParametersView:116 -                Rank 3 : true
2025-07-13 12:47:21,875 [INFO] ADCParametersView:116 -                Rank 4 : true
2025-07-13 12:47:21,875 [INFO] ADCParametersView:116 -                Rank 5 : true
2025-07-13 12:47:21,875 [INFO] ADCParametersView:116 -                Rank 6 : true
2025-07-13 12:47:21,875 [INFO] ADCParametersView:116 -                Rank 7 : true
2025-07-13 12:47:21,876 [INFO] ADCParametersView:116 -                Rank 8 : true
2025-07-13 12:47:21,876 [INFO] ADCParametersView:116 -                Rank 9 : true
2025-07-13 12:47:21,876 [INFO] ADCParametersView:116 -                Rank 10 : true
2025-07-13 12:47:21,876 [INFO] ADCParametersView:116 -                Rank 11 : true
2025-07-13 12:47:21,876 [INFO] ADCParametersView:116 -                Rank 12 : true
2025-07-13 12:47:21,876 [INFO] ADCParametersView:116 -                Rank 13 : true
2025-07-13 12:47:21,876 [INFO] ADCParametersView:116 -                Rank 14 : true
2025-07-13 12:47:21,877 [INFO] ADCParametersView:116 -                Rank 1 : true
2025-07-13 12:47:21,877 [INFO] ADCParametersView:116 -                Rank 2 : true
2025-07-13 12:47:21,877 [INFO] ADCParametersView:116 -                Rank 3 : true
2025-07-13 12:47:21,877 [INFO] ADCParametersView:116 -                Rank 4 : true
2025-07-13 12:47:21,877 [INFO] ADCParametersView:116 -                Rank 5 : true
2025-07-13 12:47:21,877 [INFO] ADCParametersView:116 -                Rank 6 : true
2025-07-13 12:47:21,877 [INFO] ADCParametersView:116 -                Rank 7 : true
2025-07-13 12:47:21,877 [INFO] ADCParametersView:116 -                Rank 8 : true
2025-07-13 12:47:21,877 [INFO] ADCParametersView:116 -                Rank 9 : true
2025-07-13 12:47:21,877 [INFO] ADCParametersView:116 -                Rank 10 : true
2025-07-13 12:47:21,877 [INFO] ADCParametersView:116 -                Rank 11 : true
2025-07-13 12:47:21,878 [INFO] ADCParametersView:116 -                Rank 12 : true
2025-07-13 12:47:21,878 [INFO] ADCParametersView:116 -                Rank 13 : true
2025-07-13 12:47:21,878 [INFO] ADCParametersView:116 -                Rank 14 : true
2025-07-13 12:47:21,879 [INFO] ADCParametersView:116 -                Rank 1 : true
2025-07-13 12:47:21,879 [INFO] ADCParametersView:116 -                Rank 2 : true
2025-07-13 12:47:21,880 [INFO] ADCParametersView:116 -                Rank 3 : true
2025-07-13 12:47:21,880 [INFO] ADCParametersView:116 -                Rank 4 : true
2025-07-13 12:47:21,880 [INFO] ADCParametersView:116 -                Rank 5 : true
2025-07-13 12:47:21,880 [INFO] ADCParametersView:116 -                Rank 6 : true
2025-07-13 12:47:21,880 [INFO] ADCParametersView:116 -                Rank 7 : true
2025-07-13 12:47:21,880 [INFO] ADCParametersView:116 -                Rank 8 : true
2025-07-13 12:47:21,880 [INFO] ADCParametersView:116 -                Rank 9 : true
2025-07-13 12:47:21,880 [INFO] ADCParametersView:116 -                Rank 10 : true
2025-07-13 12:47:21,880 [INFO] ADCParametersView:116 -                Rank 11 : true
2025-07-13 12:47:21,880 [INFO] ADCParametersView:116 -                Rank 12 : true
2025-07-13 12:47:21,880 [INFO] ADCParametersView:116 -                Rank 13 : true
2025-07-13 12:47:21,880 [INFO] ADCParametersView:116 -                Rank 14 : true
2025-07-13 12:47:21,881 [INFO] ADCParametersView:116 -                Rank 1 : true
2025-07-13 12:47:21,881 [INFO] ADCParametersView:116 -                Rank 2 : true
2025-07-13 12:47:21,881 [INFO] ADCParametersView:116 -                Rank 3 : true
2025-07-13 12:47:21,881 [INFO] ADCParametersView:116 -                Rank 4 : true
2025-07-13 12:47:21,881 [INFO] ADCParametersView:116 -                Rank 5 : true
2025-07-13 12:47:21,881 [INFO] ADCParametersView:116 -                Rank 6 : true
2025-07-13 12:47:21,881 [INFO] ADCParametersView:116 -                Rank 7 : true
2025-07-13 12:47:21,881 [INFO] ADCParametersView:116 -                Rank 8 : true
2025-07-13 12:47:21,882 [INFO] ADCParametersView:116 -                Rank 9 : true
2025-07-13 12:47:21,882 [INFO] ADCParametersView:116 -                Rank 10 : true
2025-07-13 12:47:21,882 [INFO] ADCParametersView:116 -                Rank 11 : true
2025-07-13 12:47:21,882 [INFO] ADCParametersView:116 -                Rank 12 : true
2025-07-13 12:47:21,882 [INFO] ADCParametersView:116 -                Rank 13 : true
2025-07-13 12:47:21,882 [INFO] ADCParametersView:116 -                Rank 14 : true
2025-07-13 12:47:21,882 [INFO] ADCParametersView:116 -                Rank 1 : true
2025-07-13 12:47:21,883 [INFO] ADCParametersView:116 -                Rank 2 : true
2025-07-13 12:47:21,884 [INFO] ADCParametersView:116 -                Rank 3 : true
2025-07-13 12:47:21,884 [INFO] ADCParametersView:116 -                Rank 4 : true
2025-07-13 12:47:21,884 [INFO] ADCParametersView:116 -                Rank 5 : true
2025-07-13 12:47:21,884 [INFO] ADCParametersView:116 -                Rank 6 : true
2025-07-13 12:47:21,885 [INFO] ADCParametersView:116 -                Rank 7 : true
2025-07-13 12:47:21,885 [INFO] ADCParametersView:116 -                Rank 8 : true
2025-07-13 12:47:21,885 [INFO] ADCParametersView:116 -                Rank 9 : true
2025-07-13 12:47:21,885 [INFO] ADCParametersView:116 -                Rank 10 : true
2025-07-13 12:47:21,885 [INFO] ADCParametersView:116 -                Rank 11 : true
2025-07-13 12:47:21,885 [INFO] ADCParametersView:116 -                Rank 12 : true
2025-07-13 12:47:21,885 [INFO] ADCParametersView:116 -                Rank 13 : true
2025-07-13 12:47:21,885 [INFO] ADCParametersView:116 -                Rank 14 : true
2025-07-13 12:47:21,885 [INFO] ADCParametersView:116 -                Rank 1 : true
2025-07-13 12:47:21,885 [INFO] ADCParametersView:116 -                Rank 2 : true
2025-07-13 12:47:21,885 [INFO] ADCParametersView:116 -                Rank 3 : true
2025-07-13 12:47:21,885 [INFO] ADCParametersView:116 -                Rank 4 : true
2025-07-13 12:47:21,885 [INFO] ADCParametersView:116 -                Rank 5 : true
2025-07-13 12:47:21,885 [INFO] ADCParametersView:116 -                Rank 6 : true
2025-07-13 12:47:21,886 [INFO] ADCParametersView:116 -                Rank 7 : true
2025-07-13 12:47:21,886 [INFO] ADCParametersView:116 -                Rank 8 : true
2025-07-13 12:47:21,886 [INFO] ADCParametersView:116 -                Rank 9 : true
2025-07-13 12:47:21,886 [INFO] ADCParametersView:116 -                Rank 10 : true
2025-07-13 12:47:21,886 [INFO] ADCParametersView:116 -                Rank 11 : true
2025-07-13 12:47:21,886 [INFO] ADCParametersView:116 -                Rank 12 : true
2025-07-13 12:47:21,886 [INFO] ADCParametersView:116 -                Rank 13 : true
2025-07-13 12:47:21,886 [INFO] ADCParametersView:116 -                Rank 14 : true
2025-07-13 12:47:21,886 [INFO] ADCParametersView:116 -                Rank 1 : true
2025-07-13 12:47:21,886 [INFO] ADCParametersView:116 -                Rank 2 : true
2025-07-13 12:47:21,886 [INFO] ADCParametersView:116 -                Rank 3 : true
2025-07-13 12:47:21,886 [INFO] ADCParametersView:116 -                Rank 4 : true
2025-07-13 12:47:21,886 [INFO] ADCParametersView:116 -                Rank 5 : true
2025-07-13 12:47:21,886 [INFO] ADCParametersView:116 -                Rank 6 : true
2025-07-13 12:47:21,887 [INFO] ADCParametersView:116 -                Rank 7 : true
2025-07-13 12:47:21,887 [INFO] ADCParametersView:116 -                Rank 8 : true
2025-07-13 12:47:21,887 [INFO] ADCParametersView:116 -                Rank 9 : true
2025-07-13 12:47:21,887 [INFO] ADCParametersView:116 -                Rank 10 : true
2025-07-13 12:47:21,887 [INFO] ADCParametersView:116 -                Rank 11 : true
2025-07-13 12:47:21,887 [INFO] ADCParametersView:116 -                Rank 12 : true
2025-07-13 12:47:21,887 [INFO] ADCParametersView:116 -                Rank 13 : true
2025-07-13 12:47:21,887 [INFO] ADCParametersView:116 -                Rank 14 : true
2025-07-13 12:47:21,888 [INFO] ADCParametersView:116 -                Rank 2 : true
2025-07-13 12:47:21,888 [INFO] ADCParametersView:116 -                Rank 3 : true
2025-07-13 12:47:21,888 [INFO] ADCParametersView:116 -                Rank 4 : true
2025-07-13 12:47:21,888 [INFO] ADCParametersView:116 -                Rank 5 : true
2025-07-13 12:47:21,888 [INFO] ADCParametersView:116 -                Rank 6 : true
2025-07-13 12:47:21,888 [INFO] ADCParametersView:116 -                Rank 7 : true
2025-07-13 12:47:21,888 [INFO] ADCParametersView:116 -                Rank 8 : true
2025-07-13 12:47:21,888 [INFO] ADCParametersView:116 -                Rank 9 : true
2025-07-13 12:47:21,888 [INFO] ADCParametersView:116 -                Rank 10 : true
2025-07-13 12:47:21,888 [INFO] ADCParametersView:116 -                Rank 11 : true
2025-07-13 12:47:21,888 [INFO] ADCParametersView:116 -                Rank 12 : true
2025-07-13 12:47:21,888 [INFO] ADCParametersView:116 -                Rank 13 : true
2025-07-13 12:47:21,889 [INFO] ADCParametersView:116 -                Rank 14 : true
2025-07-13 12:47:21,889 [INFO] ADCParametersView:116 -                Rank 3 : true
2025-07-13 12:47:21,890 [INFO] ADCParametersView:116 -                Rank 4 : true
2025-07-13 12:47:21,890 [INFO] ADCParametersView:116 -                Rank 5 : true
2025-07-13 12:47:21,890 [INFO] ADCParametersView:116 -                Rank 6 : true
2025-07-13 12:47:21,890 [INFO] ADCParametersView:116 -                Rank 7 : true
2025-07-13 12:47:21,890 [INFO] ADCParametersView:116 -                Rank 8 : true
2025-07-13 12:47:21,890 [INFO] ADCParametersView:116 -                Rank 9 : true
2025-07-13 12:47:21,890 [INFO] ADCParametersView:116 -                Rank 10 : true
2025-07-13 12:47:21,890 [INFO] ADCParametersView:116 -                Rank 11 : true
2025-07-13 12:47:21,890 [INFO] ADCParametersView:116 -                Rank 12 : true
2025-07-13 12:47:21,890 [INFO] ADCParametersView:116 -                Rank 13 : true
2025-07-13 12:47:21,890 [INFO] ADCParametersView:116 -                Rank 14 : true
2025-07-13 12:47:21,890 [INFO] ADCParametersView:116 -                Rank 4 : true
2025-07-13 12:47:21,890 [INFO] ADCParametersView:116 -                Rank 5 : true
2025-07-13 12:47:21,891 [INFO] ADCParametersView:116 -                Rank 6 : true
2025-07-13 12:47:21,891 [INFO] ADCParametersView:116 -                Rank 7 : true
2025-07-13 12:47:21,891 [INFO] ADCParametersView:116 -                Rank 8 : true
2025-07-13 12:47:21,891 [INFO] ADCParametersView:116 -                Rank 9 : true
2025-07-13 12:47:21,891 [INFO] ADCParametersView:116 -                Rank 10 : true
2025-07-13 12:47:21,891 [INFO] ADCParametersView:116 -                Rank 11 : true
2025-07-13 12:47:21,891 [INFO] ADCParametersView:116 -                Rank 12 : true
2025-07-13 12:47:21,891 [INFO] ADCParametersView:116 -                Rank 13 : true
2025-07-13 12:47:21,891 [INFO] ADCParametersView:116 -                Rank 14 : true
2025-07-13 12:47:21,891 [INFO] ADCParametersView:116 -                Rank 5 : true
2025-07-13 12:47:21,891 [INFO] ADCParametersView:116 -                Rank 6 : true
2025-07-13 12:47:21,891 [INFO] ADCParametersView:116 -                Rank 7 : true
2025-07-13 12:47:21,891 [INFO] ADCParametersView:116 -                Rank 8 : true
2025-07-13 12:47:21,891 [INFO] ADCParametersView:116 -                Rank 9 : true
2025-07-13 12:47:21,891 [INFO] ADCParametersView:116 -                Rank 10 : true
2025-07-13 12:47:21,891 [INFO] ADCParametersView:116 -                Rank 11 : true
2025-07-13 12:47:21,891 [INFO] ADCParametersView:116 -                Rank 12 : true
2025-07-13 12:47:21,891 [INFO] ADCParametersView:116 -                Rank 13 : true
2025-07-13 12:47:21,892 [INFO] ADCParametersView:116 -                Rank 14 : true
2025-07-13 12:47:21,892 [INFO] ADCParametersView:116 -                Rank 6 : true
2025-07-13 12:47:21,892 [INFO] ADCParametersView:116 -                Rank 7 : true
2025-07-13 12:47:21,892 [INFO] ADCParametersView:116 -                Rank 8 : true
2025-07-13 12:47:21,892 [INFO] ADCParametersView:116 -                Rank 9 : true
2025-07-13 12:47:21,892 [INFO] ADCParametersView:116 -                Rank 10 : true
2025-07-13 12:47:21,892 [INFO] ADCParametersView:116 -                Rank 11 : true
2025-07-13 12:47:21,892 [INFO] ADCParametersView:116 -                Rank 12 : true
2025-07-13 12:47:21,892 [INFO] ADCParametersView:116 -                Rank 13 : true
2025-07-13 12:47:21,892 [INFO] ADCParametersView:116 -                Rank 14 : true
2025-07-13 12:47:21,892 [INFO] ADCParametersView:116 -                Rank 7 : true
2025-07-13 12:47:21,892 [INFO] ADCParametersView:116 -                Rank 8 : true
2025-07-13 12:47:21,892 [INFO] ADCParametersView:116 -                Rank 9 : true
2025-07-13 12:47:21,892 [INFO] ADCParametersView:116 -                Rank 10 : true
2025-07-13 12:47:21,893 [INFO] ADCParametersView:116 -                Rank 11 : true
2025-07-13 12:47:21,893 [INFO] ADCParametersView:116 -                Rank 12 : true
2025-07-13 12:47:21,893 [INFO] ADCParametersView:116 -                Rank 13 : true
2025-07-13 12:47:21,893 [INFO] ADCParametersView:116 -                Rank 14 : true
2025-07-13 12:47:21,893 [INFO] ADCParametersView:116 -                Rank 8 : true
2025-07-13 12:47:21,893 [INFO] ADCParametersView:116 -                Rank 9 : true
2025-07-13 12:47:21,893 [INFO] ADCParametersView:116 -                Rank 10 : true
2025-07-13 12:47:21,893 [INFO] ADCParametersView:116 -                Rank 11 : true
2025-07-13 12:47:21,893 [INFO] ADCParametersView:116 -                Rank 12 : true
2025-07-13 12:47:21,893 [INFO] ADCParametersView:116 -                Rank 13 : true
2025-07-13 12:47:21,893 [INFO] ADCParametersView:116 -                Rank 14 : true
2025-07-13 12:47:21,893 [INFO] ADCParametersView:116 -                Rank 9 : true
2025-07-13 12:47:21,893 [INFO] ADCParametersView:116 -                Rank 10 : true
2025-07-13 12:47:21,893 [INFO] ADCParametersView:116 -                Rank 11 : true
2025-07-13 12:47:21,893 [INFO] ADCParametersView:116 -                Rank 12 : true
2025-07-13 12:47:21,893 [INFO] ADCParametersView:116 -                Rank 13 : true
2025-07-13 12:47:21,894 [INFO] ADCParametersView:116 -                Rank 14 : true
2025-07-13 12:47:21,894 [INFO] ADCParametersView:116 -                Rank 10 : true
2025-07-13 12:47:21,894 [INFO] ADCParametersView:116 -                Rank 11 : true
2025-07-13 12:47:21,894 [INFO] ADCParametersView:116 -                Rank 12 : true
2025-07-13 12:47:21,894 [INFO] ADCParametersView:116 -                Rank 13 : true
2025-07-13 12:47:21,894 [INFO] ADCParametersView:116 -                Rank 14 : true
2025-07-13 12:47:21,894 [INFO] ADCParametersView:116 -                Rank 11 : true
2025-07-13 12:47:21,894 [INFO] ADCParametersView:116 -                Rank 12 : true
2025-07-13 12:47:21,894 [INFO] ADCParametersView:116 -                Rank 13 : true
2025-07-13 12:47:21,894 [INFO] ADCParametersView:116 -                Rank 14 : true
2025-07-13 12:47:21,894 [INFO] ADCParametersView:116 -                Rank 12 : true
2025-07-13 12:47:21,894 [INFO] ADCParametersView:116 -                Rank 13 : true
2025-07-13 12:47:21,894 [INFO] ADCParametersView:116 -                Rank 14 : true
2025-07-13 12:47:21,894 [INFO] ADCParametersView:116 -                Rank 13 : true
2025-07-13 12:47:21,895 [INFO] ADCParametersView:116 -                Rank 14 : true
2025-07-13 12:47:21,895 [INFO] ADCParametersView:116 -                Rank 14 : true
2025-07-13 12:47:22,094 [INFO] ADCParametersView:116 -                Rank 1 : true
2025-07-13 12:47:22,100 [INFO] ADCParametersView:116 -                Rank 1 : true
2025-07-13 12:47:22,100 [INFO] ADCParametersView:116 -                Rank 2 : true
2025-07-13 12:47:22,100 [INFO] ADCParametersView:116 -                Rank 1 : true
2025-07-13 12:47:22,100 [INFO] ADCParametersView:116 -                Rank 2 : true
2025-07-13 12:47:22,100 [INFO] ADCParametersView:116 -                Rank 3 : true
2025-07-13 12:47:22,101 [INFO] ADCParametersView:116 -                Rank 1 : true
2025-07-13 12:47:22,101 [INFO] ADCParametersView:116 -                Rank 2 : true
2025-07-13 12:47:22,101 [INFO] ADCParametersView:116 -                Rank 3 : true
2025-07-13 12:47:22,101 [INFO] ADCParametersView:116 -                Rank 4 : true
2025-07-13 12:47:22,101 [INFO] ADCParametersView:116 -                Rank 1 : true
2025-07-13 12:47:22,101 [INFO] ADCParametersView:116 -                Rank 2 : true
2025-07-13 12:47:22,101 [INFO] ADCParametersView:116 -                Rank 3 : true
2025-07-13 12:47:22,101 [INFO] ADCParametersView:116 -                Rank 4 : true
2025-07-13 12:47:22,101 [INFO] ADCParametersView:116 -                Rank 5 : true
2025-07-13 12:47:22,102 [INFO] ADCParametersView:116 -                Rank 1 : true
2025-07-13 12:47:22,102 [INFO] ADCParametersView:116 -                Rank 2 : true
2025-07-13 12:47:22,102 [INFO] ADCParametersView:116 -                Rank 3 : true
2025-07-13 12:47:22,102 [INFO] ADCParametersView:116 -                Rank 4 : true
2025-07-13 12:47:22,102 [INFO] ADCParametersView:116 -                Rank 5 : true
2025-07-13 12:47:22,102 [INFO] ADCParametersView:116 -                Rank 6 : true
2025-07-13 12:47:22,102 [INFO] ADCParametersView:116 -                Rank 1 : true
2025-07-13 12:47:22,103 [INFO] ADCParametersView:116 -                Rank 2 : true
2025-07-13 12:47:22,103 [INFO] ADCParametersView:116 -                Rank 3 : true
2025-07-13 12:47:22,103 [INFO] ADCParametersView:116 -                Rank 4 : true
2025-07-13 12:47:22,103 [INFO] ADCParametersView:116 -                Rank 5 : true
2025-07-13 12:47:22,103 [INFO] ADCParametersView:116 -                Rank 6 : true
2025-07-13 12:47:22,103 [INFO] ADCParametersView:116 -                Rank 7 : true
2025-07-13 12:47:22,103 [INFO] ADCParametersView:116 -                Rank 1 : true
2025-07-13 12:47:22,103 [INFO] ADCParametersView:116 -                Rank 2 : true
2025-07-13 12:47:22,103 [INFO] ADCParametersView:116 -                Rank 3 : true
2025-07-13 12:47:22,104 [INFO] ADCParametersView:116 -                Rank 4 : true
2025-07-13 12:47:22,104 [INFO] ADCParametersView:116 -                Rank 5 : true
2025-07-13 12:47:22,104 [INFO] ADCParametersView:116 -                Rank 6 : true
2025-07-13 12:47:22,104 [INFO] ADCParametersView:116 -                Rank 7 : true
2025-07-13 12:47:22,104 [INFO] ADCParametersView:116 -                Rank 8 : true
2025-07-13 12:47:22,104 [INFO] ADCParametersView:116 -                Rank 1 : true
2025-07-13 12:47:22,104 [INFO] ADCParametersView:116 -                Rank 2 : true
2025-07-13 12:47:22,104 [INFO] ADCParametersView:116 -                Rank 3 : true
2025-07-13 12:47:22,104 [INFO] ADCParametersView:116 -                Rank 4 : true
2025-07-13 12:47:22,104 [INFO] ADCParametersView:116 -                Rank 5 : true
2025-07-13 12:47:22,104 [INFO] ADCParametersView:116 -                Rank 6 : true
2025-07-13 12:47:22,104 [INFO] ADCParametersView:116 -                Rank 7 : true
2025-07-13 12:47:22,104 [INFO] ADCParametersView:116 -                Rank 8 : true
2025-07-13 12:47:22,104 [INFO] ADCParametersView:116 -                Rank 9 : true
2025-07-13 12:47:22,105 [INFO] ADCParametersView:116 -                Rank 1 : true
2025-07-13 12:47:22,105 [INFO] ADCParametersView:116 -                Rank 2 : true
2025-07-13 12:47:22,105 [INFO] ADCParametersView:116 -                Rank 3 : true
2025-07-13 12:47:22,105 [INFO] ADCParametersView:116 -                Rank 4 : true
2025-07-13 12:47:22,105 [INFO] ADCParametersView:116 -                Rank 5 : true
2025-07-13 12:47:22,105 [INFO] ADCParametersView:116 -                Rank 6 : true
2025-07-13 12:47:22,105 [INFO] ADCParametersView:116 -                Rank 7 : true
2025-07-13 12:47:22,105 [INFO] ADCParametersView:116 -                Rank 8 : true
2025-07-13 12:47:22,105 [INFO] ADCParametersView:116 -                Rank 9 : true
2025-07-13 12:47:22,106 [INFO] ADCParametersView:116 -                Rank 10 : true
2025-07-13 12:47:22,106 [INFO] ADCParametersView:116 -                Rank 1 : true
2025-07-13 12:47:22,106 [INFO] ADCParametersView:116 -                Rank 2 : true
2025-07-13 12:47:22,106 [INFO] ADCParametersView:116 -                Rank 3 : true
2025-07-13 12:47:22,106 [INFO] ADCParametersView:116 -                Rank 4 : true
2025-07-13 12:47:22,106 [INFO] ADCParametersView:116 -                Rank 5 : true
2025-07-13 12:47:22,106 [INFO] ADCParametersView:116 -                Rank 6 : true
2025-07-13 12:47:22,106 [INFO] ADCParametersView:116 -                Rank 7 : true
2025-07-13 12:47:22,106 [INFO] ADCParametersView:116 -                Rank 8 : true
2025-07-13 12:47:22,107 [INFO] ADCParametersView:116 -                Rank 9 : true
2025-07-13 12:47:22,107 [INFO] ADCParametersView:116 -                Rank 10 : true
2025-07-13 12:47:22,107 [INFO] ADCParametersView:116 -                Rank 11 : true
2025-07-13 12:47:22,108 [INFO] ADCParametersView:116 -                Rank 1 : true
2025-07-13 12:47:22,108 [INFO] ADCParametersView:116 -                Rank 2 : true
2025-07-13 12:47:22,108 [INFO] ADCParametersView:116 -                Rank 3 : true
2025-07-13 12:47:22,108 [INFO] ADCParametersView:116 -                Rank 4 : true
2025-07-13 12:47:22,108 [INFO] ADCParametersView:116 -                Rank 5 : true
2025-07-13 12:47:22,108 [INFO] ADCParametersView:116 -                Rank 6 : true
2025-07-13 12:47:22,108 [INFO] ADCParametersView:116 -                Rank 7 : true
2025-07-13 12:47:22,108 [INFO] ADCParametersView:116 -                Rank 8 : true
2025-07-13 12:47:22,108 [INFO] ADCParametersView:116 -                Rank 9 : true
2025-07-13 12:47:22,108 [INFO] ADCParametersView:116 -                Rank 10 : true
2025-07-13 12:47:22,108 [INFO] ADCParametersView:116 -                Rank 11 : true
2025-07-13 12:47:22,108 [INFO] ADCParametersView:116 -                Rank 12 : true
2025-07-13 12:47:22,109 [INFO] ADCParametersView:116 -                Rank 1 : true
2025-07-13 12:47:22,109 [INFO] ADCParametersView:116 -                Rank 2 : true
2025-07-13 12:47:22,109 [INFO] ADCParametersView:116 -                Rank 3 : true
2025-07-13 12:47:22,109 [INFO] ADCParametersView:116 -                Rank 4 : true
2025-07-13 12:47:22,109 [INFO] ADCParametersView:116 -                Rank 5 : true
2025-07-13 12:47:22,109 [INFO] ADCParametersView:116 -                Rank 6 : true
2025-07-13 12:47:22,109 [INFO] ADCParametersView:116 -                Rank 7 : true
2025-07-13 12:47:22,109 [INFO] ADCParametersView:116 -                Rank 8 : true
2025-07-13 12:47:22,109 [INFO] ADCParametersView:116 -                Rank 9 : true
2025-07-13 12:47:22,109 [INFO] ADCParametersView:116 -                Rank 10 : true
2025-07-13 12:47:22,109 [INFO] ADCParametersView:116 -                Rank 11 : true
2025-07-13 12:47:22,109 [INFO] ADCParametersView:116 -                Rank 12 : true
2025-07-13 12:47:22,109 [INFO] ADCParametersView:116 -                Rank 13 : true
2025-07-13 12:47:22,136 [INFO] SpinnerEditorADC:65 - is string kkkk
2025-07-13 12:47:22,226 [INFO] ADCParametersView:116 -                Rank 1 : true
2025-07-13 12:47:22,226 [INFO] ADCParametersView:116 -                Rank 2 : true
2025-07-13 12:47:22,226 [INFO] ADCParametersView:116 -                Rank 3 : true
2025-07-13 12:47:22,226 [INFO] ADCParametersView:116 -                Rank 4 : true
2025-07-13 12:47:22,226 [INFO] ADCParametersView:116 -                Rank 5 : true
2025-07-13 12:47:22,226 [INFO] ADCParametersView:116 -                Rank 6 : true
2025-07-13 12:47:22,226 [INFO] ADCParametersView:116 -                Rank 7 : true
2025-07-13 12:47:22,226 [INFO] ADCParametersView:116 -                Rank 8 : true
2025-07-13 12:47:22,226 [INFO] ADCParametersView:116 -                Rank 9 : true
2025-07-13 12:47:22,226 [INFO] ADCParametersView:116 -                Rank 10 : true
2025-07-13 12:47:22,226 [INFO] ADCParametersView:116 -                Rank 11 : true
2025-07-13 12:47:22,227 [INFO] ADCParametersView:116 -                Rank 12 : true
2025-07-13 12:47:22,227 [INFO] ADCParametersView:116 -                Rank 13 : true
2025-07-13 12:47:22,229 [INFO] ADCParametersView:116 -                Rank 1 : true
2025-07-13 12:47:22,229 [INFO] ADCParametersView:116 -                Rank 2 : true
2025-07-13 12:47:22,229 [INFO] ADCParametersView:116 -                Rank 3 : true
2025-07-13 12:47:22,230 [INFO] ADCParametersView:116 -                Rank 4 : true
2025-07-13 12:47:22,230 [INFO] ADCParametersView:116 -                Rank 5 : true
2025-07-13 12:47:22,230 [INFO] ADCParametersView:116 -                Rank 6 : true
2025-07-13 12:47:22,230 [INFO] ADCParametersView:116 -                Rank 7 : true
2025-07-13 12:47:22,230 [INFO] ADCParametersView:116 -                Rank 8 : true
2025-07-13 12:47:22,230 [INFO] ADCParametersView:116 -                Rank 9 : true
2025-07-13 12:47:22,230 [INFO] ADCParametersView:116 -                Rank 10 : true
2025-07-13 12:47:22,230 [INFO] ADCParametersView:116 -                Rank 11 : true
2025-07-13 12:47:22,230 [INFO] ADCParametersView:116 -                Rank 12 : true
2025-07-13 12:47:22,230 [INFO] ADCParametersView:116 -                Rank 13 : true
2025-07-13 12:47:22,230 [INFO] ADCParametersView:116 -                Rank 1 : true
2025-07-13 12:47:22,230 [INFO] ADCParametersView:116 -                Rank 2 : true
2025-07-13 12:47:22,230 [INFO] ADCParametersView:116 -                Rank 3 : true
2025-07-13 12:47:22,230 [INFO] ADCParametersView:116 -                Rank 4 : true
2025-07-13 12:47:22,231 [INFO] ADCParametersView:116 -                Rank 5 : true
2025-07-13 12:47:22,231 [INFO] ADCParametersView:116 -                Rank 6 : true
2025-07-13 12:47:22,231 [INFO] ADCParametersView:116 -                Rank 7 : true
2025-07-13 12:47:22,231 [INFO] ADCParametersView:116 -                Rank 8 : true
2025-07-13 12:47:22,231 [INFO] ADCParametersView:116 -                Rank 9 : true
2025-07-13 12:47:22,231 [INFO] ADCParametersView:116 -                Rank 10 : true
2025-07-13 12:47:22,231 [INFO] ADCParametersView:116 -                Rank 11 : true
2025-07-13 12:47:22,231 [INFO] ADCParametersView:116 -                Rank 12 : true
2025-07-13 12:47:22,231 [INFO] ADCParametersView:116 -                Rank 13 : true
2025-07-13 12:47:22,231 [INFO] ADCParametersView:116 -                Rank 1 : true
2025-07-13 12:47:22,231 [INFO] ADCParametersView:116 -                Rank 2 : true
2025-07-13 12:47:22,231 [INFO] ADCParametersView:116 -                Rank 3 : true
2025-07-13 12:47:22,231 [INFO] ADCParametersView:116 -                Rank 4 : true
2025-07-13 12:47:22,231 [INFO] ADCParametersView:116 -                Rank 5 : true
2025-07-13 12:47:22,231 [INFO] ADCParametersView:116 -                Rank 6 : true
2025-07-13 12:47:22,231 [INFO] ADCParametersView:116 -                Rank 7 : true
2025-07-13 12:47:22,231 [INFO] ADCParametersView:116 -                Rank 8 : true
2025-07-13 12:47:22,232 [INFO] ADCParametersView:116 -                Rank 9 : true
2025-07-13 12:47:22,232 [INFO] ADCParametersView:116 -                Rank 10 : true
2025-07-13 12:47:22,232 [INFO] ADCParametersView:116 -                Rank 11 : true
2025-07-13 12:47:22,232 [INFO] ADCParametersView:116 -                Rank 12 : true
2025-07-13 12:47:22,232 [INFO] ADCParametersView:116 -                Rank 13 : true
2025-07-13 12:47:22,232 [INFO] ADCParametersView:116 -                Rank 1 : true
2025-07-13 12:47:22,232 [INFO] ADCParametersView:116 -                Rank 2 : true
2025-07-13 12:47:22,232 [INFO] ADCParametersView:116 -                Rank 3 : true
2025-07-13 12:47:22,232 [INFO] ADCParametersView:116 -                Rank 4 : true
2025-07-13 12:47:22,232 [INFO] ADCParametersView:116 -                Rank 5 : true
2025-07-13 12:47:22,232 [INFO] ADCParametersView:116 -                Rank 6 : true
2025-07-13 12:47:22,232 [INFO] ADCParametersView:116 -                Rank 7 : true
2025-07-13 12:47:22,232 [INFO] ADCParametersView:116 -                Rank 8 : true
2025-07-13 12:47:22,232 [INFO] ADCParametersView:116 -                Rank 9 : true
2025-07-13 12:47:22,232 [INFO] ADCParametersView:116 -                Rank 10 : true
2025-07-13 12:47:22,233 [INFO] ADCParametersView:116 -                Rank 11 : true
2025-07-13 12:47:22,233 [INFO] ADCParametersView:116 -                Rank 12 : true
2025-07-13 12:47:22,233 [INFO] ADCParametersView:116 -                Rank 13 : true
2025-07-13 12:47:22,233 [INFO] ADCParametersView:116 -                Rank 1 : true
2025-07-13 12:47:22,233 [INFO] ADCParametersView:116 -                Rank 2 : true
2025-07-13 12:47:22,233 [INFO] ADCParametersView:116 -                Rank 3 : true
2025-07-13 12:47:22,233 [INFO] ADCParametersView:116 -                Rank 4 : true
2025-07-13 12:47:22,233 [INFO] ADCParametersView:116 -                Rank 5 : true
2025-07-13 12:47:22,233 [INFO] ADCParametersView:116 -                Rank 6 : true
2025-07-13 12:47:22,233 [INFO] ADCParametersView:116 -                Rank 7 : true
2025-07-13 12:47:22,233 [INFO] ADCParametersView:116 -                Rank 8 : true
2025-07-13 12:47:22,233 [INFO] ADCParametersView:116 -                Rank 9 : true
2025-07-13 12:47:22,233 [INFO] ADCParametersView:116 -                Rank 10 : true
2025-07-13 12:47:22,233 [INFO] ADCParametersView:116 -                Rank 11 : true
2025-07-13 12:47:22,233 [INFO] ADCParametersView:116 -                Rank 12 : true
2025-07-13 12:47:22,233 [INFO] ADCParametersView:116 -                Rank 13 : true
2025-07-13 12:47:22,234 [INFO] ADCParametersView:116 -                Rank 1 : true
2025-07-13 12:47:22,234 [INFO] ADCParametersView:116 -                Rank 2 : true
2025-07-13 12:47:22,234 [INFO] ADCParametersView:116 -                Rank 3 : true
2025-07-13 12:47:22,234 [INFO] ADCParametersView:116 -                Rank 4 : true
2025-07-13 12:47:22,234 [INFO] ADCParametersView:116 -                Rank 5 : true
2025-07-13 12:47:22,234 [INFO] ADCParametersView:116 -                Rank 6 : true
2025-07-13 12:47:22,234 [INFO] ADCParametersView:116 -                Rank 7 : true
2025-07-13 12:47:22,234 [INFO] ADCParametersView:116 -                Rank 8 : true
2025-07-13 12:47:22,234 [INFO] ADCParametersView:116 -                Rank 9 : true
2025-07-13 12:47:22,234 [INFO] ADCParametersView:116 -                Rank 10 : true
2025-07-13 12:47:22,234 [INFO] ADCParametersView:116 -                Rank 11 : true
2025-07-13 12:47:22,234 [INFO] ADCParametersView:116 -                Rank 12 : true
2025-07-13 12:47:22,234 [INFO] ADCParametersView:116 -                Rank 13 : true
2025-07-13 12:47:22,235 [INFO] ADCParametersView:116 -                Rank 1 : true
2025-07-13 12:47:22,235 [INFO] ADCParametersView:116 -                Rank 2 : true
2025-07-13 12:47:22,235 [INFO] ADCParametersView:116 -                Rank 3 : true
2025-07-13 12:47:22,235 [INFO] ADCParametersView:116 -                Rank 4 : true
2025-07-13 12:47:22,235 [INFO] ADCParametersView:116 -                Rank 5 : true
2025-07-13 12:47:22,235 [INFO] ADCParametersView:116 -                Rank 6 : true
2025-07-13 12:47:22,235 [INFO] ADCParametersView:116 -                Rank 7 : true
2025-07-13 12:47:22,235 [INFO] ADCParametersView:116 -                Rank 8 : true
2025-07-13 12:47:22,235 [INFO] ADCParametersView:116 -                Rank 9 : true
2025-07-13 12:47:22,235 [INFO] ADCParametersView:116 -                Rank 10 : true
2025-07-13 12:47:22,235 [INFO] ADCParametersView:116 -                Rank 11 : true
2025-07-13 12:47:22,235 [INFO] ADCParametersView:116 -                Rank 12 : true
2025-07-13 12:47:22,235 [INFO] ADCParametersView:116 -                Rank 13 : true
2025-07-13 12:47:22,235 [INFO] ADCParametersView:116 -                Rank 1 : true
2025-07-13 12:47:22,235 [INFO] ADCParametersView:116 -                Rank 2 : true
2025-07-13 12:47:22,236 [INFO] ADCParametersView:116 -                Rank 3 : true
2025-07-13 12:47:22,236 [INFO] ADCParametersView:116 -                Rank 4 : true
2025-07-13 12:47:22,236 [INFO] ADCParametersView:116 -                Rank 5 : true
2025-07-13 12:47:22,236 [INFO] ADCParametersView:116 -                Rank 6 : true
2025-07-13 12:47:22,236 [INFO] ADCParametersView:116 -                Rank 7 : true
2025-07-13 12:47:22,236 [INFO] ADCParametersView:116 -                Rank 8 : true
2025-07-13 12:47:22,236 [INFO] ADCParametersView:116 -                Rank 9 : true
2025-07-13 12:47:22,236 [INFO] ADCParametersView:116 -                Rank 10 : true
2025-07-13 12:47:22,236 [INFO] ADCParametersView:116 -                Rank 11 : true
2025-07-13 12:47:22,236 [INFO] ADCParametersView:116 -                Rank 12 : true
2025-07-13 12:47:22,236 [INFO] ADCParametersView:116 -                Rank 13 : true
2025-07-13 12:47:22,236 [INFO] ADCParametersView:116 -                Rank 1 : true
2025-07-13 12:47:22,236 [INFO] ADCParametersView:116 -                Rank 2 : true
2025-07-13 12:47:22,236 [INFO] ADCParametersView:116 -                Rank 3 : true
2025-07-13 12:47:22,236 [INFO] ADCParametersView:116 -                Rank 4 : true
2025-07-13 12:47:22,236 [INFO] ADCParametersView:116 -                Rank 5 : true
2025-07-13 12:47:22,236 [INFO] ADCParametersView:116 -                Rank 6 : true
2025-07-13 12:47:22,236 [INFO] ADCParametersView:116 -                Rank 7 : true
2025-07-13 12:47:22,236 [INFO] ADCParametersView:116 -                Rank 8 : true
2025-07-13 12:47:22,237 [INFO] ADCParametersView:116 -                Rank 9 : true
2025-07-13 12:47:22,237 [INFO] ADCParametersView:116 -                Rank 10 : true
2025-07-13 12:47:22,237 [INFO] ADCParametersView:116 -                Rank 11 : true
2025-07-13 12:47:22,237 [INFO] ADCParametersView:116 -                Rank 12 : true
2025-07-13 12:47:22,237 [INFO] ADCParametersView:116 -                Rank 13 : true
2025-07-13 12:47:22,237 [INFO] ADCParametersView:116 -                Rank 1 : true
2025-07-13 12:47:22,237 [INFO] ADCParametersView:116 -                Rank 2 : true
2025-07-13 12:47:22,237 [INFO] ADCParametersView:116 -                Rank 3 : true
2025-07-13 12:47:22,237 [INFO] ADCParametersView:116 -                Rank 4 : true
2025-07-13 12:47:22,237 [INFO] ADCParametersView:116 -                Rank 5 : true
2025-07-13 12:47:22,237 [INFO] ADCParametersView:116 -                Rank 6 : true
2025-07-13 12:47:22,237 [INFO] ADCParametersView:116 -                Rank 7 : true
2025-07-13 12:47:22,237 [INFO] ADCParametersView:116 -                Rank 8 : true
2025-07-13 12:47:22,237 [INFO] ADCParametersView:116 -                Rank 9 : true
2025-07-13 12:47:22,237 [INFO] ADCParametersView:116 -                Rank 10 : true
2025-07-13 12:47:22,237 [INFO] ADCParametersView:116 -                Rank 11 : true
2025-07-13 12:47:22,237 [INFO] ADCParametersView:116 -                Rank 12 : true
2025-07-13 12:47:22,237 [INFO] ADCParametersView:116 -                Rank 13 : true
2025-07-13 12:47:22,238 [INFO] ADCParametersView:116 -                Rank 1 : true
2025-07-13 12:47:22,238 [INFO] ADCParametersView:116 -                Rank 2 : true
2025-07-13 12:47:22,238 [INFO] ADCParametersView:116 -                Rank 3 : true
2025-07-13 12:47:22,238 [INFO] ADCParametersView:116 -                Rank 4 : true
2025-07-13 12:47:22,238 [INFO] ADCParametersView:116 -                Rank 5 : true
2025-07-13 12:47:22,238 [INFO] ADCParametersView:116 -                Rank 6 : true
2025-07-13 12:47:22,238 [INFO] ADCParametersView:116 -                Rank 7 : true
2025-07-13 12:47:22,238 [INFO] ADCParametersView:116 -                Rank 8 : true
2025-07-13 12:47:22,238 [INFO] ADCParametersView:116 -                Rank 9 : true
2025-07-13 12:47:22,238 [INFO] ADCParametersView:116 -                Rank 10 : true
2025-07-13 12:47:22,238 [INFO] ADCParametersView:116 -                Rank 11 : true
2025-07-13 12:47:22,238 [INFO] ADCParametersView:116 -                Rank 12 : true
2025-07-13 12:47:22,238 [INFO] ADCParametersView:116 -                Rank 13 : true
2025-07-13 12:47:22,238 [INFO] ADCParametersView:116 -                Rank 1 : true
2025-07-13 12:47:22,239 [INFO] ADCParametersView:116 -                Rank 2 : true
2025-07-13 12:47:22,239 [INFO] ADCParametersView:116 -                Rank 3 : true
2025-07-13 12:47:22,239 [INFO] ADCParametersView:116 -                Rank 4 : true
2025-07-13 12:47:22,239 [INFO] ADCParametersView:116 -                Rank 5 : true
2025-07-13 12:47:22,239 [INFO] ADCParametersView:116 -                Rank 6 : true
2025-07-13 12:47:22,239 [INFO] ADCParametersView:116 -                Rank 7 : true
2025-07-13 12:47:22,239 [INFO] ADCParametersView:116 -                Rank 8 : true
2025-07-13 12:47:22,239 [INFO] ADCParametersView:116 -                Rank 9 : true
2025-07-13 12:47:22,239 [INFO] ADCParametersView:116 -                Rank 10 : true
2025-07-13 12:47:22,239 [INFO] ADCParametersView:116 -                Rank 11 : true
2025-07-13 12:47:22,239 [INFO] ADCParametersView:116 -                Rank 12 : true
2025-07-13 12:47:22,239 [INFO] ADCParametersView:116 -                Rank 13 : true
2025-07-13 12:47:22,239 [INFO] ADCParametersView:116 -                Rank 1 : true
2025-07-13 12:47:22,239 [INFO] ADCParametersView:116 -                Rank 2 : true
2025-07-13 12:47:22,239 [INFO] ADCParametersView:116 -                Rank 3 : true
2025-07-13 12:47:22,239 [INFO] ADCParametersView:116 -                Rank 4 : true
2025-07-13 12:47:22,239 [INFO] ADCParametersView:116 -                Rank 5 : true
2025-07-13 12:47:22,239 [INFO] ADCParametersView:116 -                Rank 6 : true
2025-07-13 12:47:22,239 [INFO] ADCParametersView:116 -                Rank 7 : true
2025-07-13 12:47:22,239 [INFO] ADCParametersView:116 -                Rank 8 : true
2025-07-13 12:47:22,239 [INFO] ADCParametersView:116 -                Rank 9 : true
2025-07-13 12:47:22,240 [INFO] ADCParametersView:116 -                Rank 10 : true
2025-07-13 12:47:22,240 [INFO] ADCParametersView:116 -                Rank 11 : true
2025-07-13 12:47:22,240 [INFO] ADCParametersView:116 -                Rank 12 : true
2025-07-13 12:47:22,240 [INFO] ADCParametersView:116 -                Rank 13 : true
2025-07-13 12:47:22,240 [INFO] ADCParametersView:116 -                Rank 2 : true
2025-07-13 12:47:22,240 [INFO] ADCParametersView:116 -                Rank 3 : true
2025-07-13 12:47:22,240 [INFO] ADCParametersView:116 -                Rank 4 : true
2025-07-13 12:47:22,240 [INFO] ADCParametersView:116 -                Rank 5 : true
2025-07-13 12:47:22,240 [INFO] ADCParametersView:116 -                Rank 6 : true
2025-07-13 12:47:22,240 [INFO] ADCParametersView:116 -                Rank 7 : true
2025-07-13 12:47:22,240 [INFO] ADCParametersView:116 -                Rank 8 : true
2025-07-13 12:47:22,240 [INFO] ADCParametersView:116 -                Rank 9 : true
2025-07-13 12:47:22,240 [INFO] ADCParametersView:116 -                Rank 10 : true
2025-07-13 12:47:22,240 [INFO] ADCParametersView:116 -                Rank 11 : true
2025-07-13 12:47:22,240 [INFO] ADCParametersView:116 -                Rank 12 : true
2025-07-13 12:47:22,240 [INFO] ADCParametersView:116 -                Rank 13 : true
2025-07-13 12:47:22,241 [INFO] ADCParametersView:116 -                Rank 3 : true
2025-07-13 12:47:22,241 [INFO] ADCParametersView:116 -                Rank 4 : true
2025-07-13 12:47:22,241 [INFO] ADCParametersView:116 -                Rank 5 : true
2025-07-13 12:47:22,241 [INFO] ADCParametersView:116 -                Rank 6 : true
2025-07-13 12:47:22,241 [INFO] ADCParametersView:116 -                Rank 7 : true
2025-07-13 12:47:22,241 [INFO] ADCParametersView:116 -                Rank 8 : true
2025-07-13 12:47:22,241 [INFO] ADCParametersView:116 -                Rank 9 : true
2025-07-13 12:47:22,241 [INFO] ADCParametersView:116 -                Rank 10 : true
2025-07-13 12:47:22,241 [INFO] ADCParametersView:116 -                Rank 11 : true
2025-07-13 12:47:22,241 [INFO] ADCParametersView:116 -                Rank 12 : true
2025-07-13 12:47:22,241 [INFO] ADCParametersView:116 -                Rank 13 : true
2025-07-13 12:47:22,241 [INFO] ADCParametersView:116 -                Rank 4 : true
2025-07-13 12:47:22,241 [INFO] ADCParametersView:116 -                Rank 5 : true
2025-07-13 12:47:22,241 [INFO] ADCParametersView:116 -                Rank 6 : true
2025-07-13 12:47:22,241 [INFO] ADCParametersView:116 -                Rank 7 : true
2025-07-13 12:47:22,241 [INFO] ADCParametersView:116 -                Rank 8 : true
2025-07-13 12:47:22,241 [INFO] ADCParametersView:116 -                Rank 9 : true
2025-07-13 12:47:22,242 [INFO] ADCParametersView:116 -                Rank 10 : true
2025-07-13 12:47:22,242 [INFO] ADCParametersView:116 -                Rank 11 : true
2025-07-13 12:47:22,242 [INFO] ADCParametersView:116 -                Rank 12 : true
2025-07-13 12:47:22,242 [INFO] ADCParametersView:116 -                Rank 13 : true
2025-07-13 12:47:22,242 [INFO] ADCParametersView:116 -                Rank 5 : true
2025-07-13 12:47:22,242 [INFO] ADCParametersView:116 -                Rank 6 : true
2025-07-13 12:47:22,242 [INFO] ADCParametersView:116 -                Rank 7 : true
2025-07-13 12:47:22,242 [INFO] ADCParametersView:116 -                Rank 8 : true
2025-07-13 12:47:22,242 [INFO] ADCParametersView:116 -                Rank 9 : true
2025-07-13 12:47:22,242 [INFO] ADCParametersView:116 -                Rank 10 : true
2025-07-13 12:47:22,242 [INFO] ADCParametersView:116 -                Rank 11 : true
2025-07-13 12:47:22,242 [INFO] ADCParametersView:116 -                Rank 12 : true
2025-07-13 12:47:22,242 [INFO] ADCParametersView:116 -                Rank 13 : true
2025-07-13 12:47:22,242 [INFO] ADCParametersView:116 -                Rank 6 : true
2025-07-13 12:47:22,242 [INFO] ADCParametersView:116 -                Rank 7 : true
2025-07-13 12:47:22,242 [INFO] ADCParametersView:116 -                Rank 8 : true
2025-07-13 12:47:22,242 [INFO] ADCParametersView:116 -                Rank 9 : true
2025-07-13 12:47:22,242 [INFO] ADCParametersView:116 -                Rank 10 : true
2025-07-13 12:47:22,242 [INFO] ADCParametersView:116 -                Rank 11 : true
2025-07-13 12:47:22,243 [INFO] ADCParametersView:116 -                Rank 12 : true
2025-07-13 12:47:22,243 [INFO] ADCParametersView:116 -                Rank 13 : true
2025-07-13 12:47:22,243 [INFO] ADCParametersView:116 -                Rank 7 : true
2025-07-13 12:47:22,243 [INFO] ADCParametersView:116 -                Rank 8 : true
2025-07-13 12:47:22,243 [INFO] ADCParametersView:116 -                Rank 9 : true
2025-07-13 12:47:22,243 [INFO] ADCParametersView:116 -                Rank 10 : true
2025-07-13 12:47:22,243 [INFO] ADCParametersView:116 -                Rank 11 : true
2025-07-13 12:47:22,243 [INFO] ADCParametersView:116 -                Rank 12 : true
2025-07-13 12:47:22,243 [INFO] ADCParametersView:116 -                Rank 13 : true
2025-07-13 12:47:22,243 [INFO] ADCParametersView:116 -                Rank 8 : true
2025-07-13 12:47:22,243 [INFO] ADCParametersView:116 -                Rank 9 : true
2025-07-13 12:47:22,243 [INFO] ADCParametersView:116 -                Rank 10 : true
2025-07-13 12:47:22,243 [INFO] ADCParametersView:116 -                Rank 11 : true
2025-07-13 12:47:22,243 [INFO] ADCParametersView:116 -                Rank 12 : true
2025-07-13 12:47:22,243 [INFO] ADCParametersView:116 -                Rank 13 : true
2025-07-13 12:47:22,243 [INFO] ADCParametersView:116 -                Rank 9 : true
2025-07-13 12:47:22,243 [INFO] ADCParametersView:116 -                Rank 10 : true
2025-07-13 12:47:22,243 [INFO] ADCParametersView:116 -                Rank 11 : true
2025-07-13 12:47:22,244 [INFO] ADCParametersView:116 -                Rank 12 : true
2025-07-13 12:47:22,244 [INFO] ADCParametersView:116 -                Rank 13 : true
2025-07-13 12:47:22,244 [INFO] ADCParametersView:116 -                Rank 10 : true
2025-07-13 12:47:22,244 [INFO] ADCParametersView:116 -                Rank 11 : true
2025-07-13 12:47:22,244 [INFO] ADCParametersView:116 -                Rank 12 : true
2025-07-13 12:47:22,244 [INFO] ADCParametersView:116 -                Rank 13 : true
2025-07-13 12:47:22,244 [INFO] ADCParametersView:116 -                Rank 11 : true
2025-07-13 12:47:22,244 [INFO] ADCParametersView:116 -                Rank 12 : true
2025-07-13 12:47:22,244 [INFO] ADCParametersView:116 -                Rank 13 : true
2025-07-13 12:47:22,244 [INFO] ADCParametersView:116 -                Rank 12 : true
2025-07-13 12:47:22,244 [INFO] ADCParametersView:116 -                Rank 13 : true
2025-07-13 12:47:22,244 [INFO] ADCParametersView:116 -                Rank 13 : true
2025-07-13 12:47:22,326 [INFO] ADCParametersView:116 -                Rank 1 : true
2025-07-13 12:47:22,326 [INFO] ADCParametersView:116 -                Rank 1 : true
2025-07-13 12:47:22,326 [INFO] ADCParametersView:116 -                Rank 2 : true
2025-07-13 12:47:22,326 [INFO] ADCParametersView:116 -                Rank 1 : true
2025-07-13 12:47:22,327 [INFO] ADCParametersView:116 -                Rank 2 : true
2025-07-13 12:47:22,327 [INFO] ADCParametersView:116 -                Rank 3 : true
2025-07-13 12:47:22,327 [INFO] ADCParametersView:116 -                Rank 1 : true
2025-07-13 12:47:22,327 [INFO] ADCParametersView:116 -                Rank 2 : true
2025-07-13 12:47:22,327 [INFO] ADCParametersView:116 -                Rank 3 : true
2025-07-13 12:47:22,327 [INFO] ADCParametersView:116 -                Rank 4 : true
2025-07-13 12:47:22,328 [INFO] ADCParametersView:116 -                Rank 1 : true
2025-07-13 12:47:22,328 [INFO] ADCParametersView:116 -                Rank 2 : true
2025-07-13 12:47:22,328 [INFO] ADCParametersView:116 -                Rank 3 : true
2025-07-13 12:47:22,328 [INFO] ADCParametersView:116 -                Rank 4 : true
2025-07-13 12:47:22,328 [INFO] ADCParametersView:116 -                Rank 5 : true
2025-07-13 12:47:22,328 [INFO] ADCParametersView:116 -                Rank 1 : true
2025-07-13 12:47:22,328 [INFO] ADCParametersView:116 -                Rank 2 : true
2025-07-13 12:47:22,328 [INFO] ADCParametersView:116 -                Rank 3 : true
2025-07-13 12:47:22,328 [INFO] ADCParametersView:116 -                Rank 4 : true
2025-07-13 12:47:22,328 [INFO] ADCParametersView:116 -                Rank 5 : true
2025-07-13 12:47:22,328 [INFO] ADCParametersView:116 -                Rank 6 : true
2025-07-13 12:47:22,329 [INFO] ADCParametersView:116 -                Rank 1 : true
2025-07-13 12:47:22,329 [INFO] ADCParametersView:116 -                Rank 2 : true
2025-07-13 12:47:22,329 [INFO] ADCParametersView:116 -                Rank 3 : true
2025-07-13 12:47:22,329 [INFO] ADCParametersView:116 -                Rank 4 : true
2025-07-13 12:47:22,329 [INFO] ADCParametersView:116 -                Rank 5 : true
2025-07-13 12:47:22,329 [INFO] ADCParametersView:116 -                Rank 6 : true
2025-07-13 12:47:22,329 [INFO] ADCParametersView:116 -                Rank 7 : true
2025-07-13 12:47:22,332 [INFO] ADCParametersView:116 -                Rank 1 : true
2025-07-13 12:47:22,332 [INFO] ADCParametersView:116 -                Rank 2 : true
2025-07-13 12:47:22,332 [INFO] ADCParametersView:116 -                Rank 3 : true
2025-07-13 12:47:22,332 [INFO] ADCParametersView:116 -                Rank 4 : true
2025-07-13 12:47:22,332 [INFO] ADCParametersView:116 -                Rank 5 : true
2025-07-13 12:47:22,332 [INFO] ADCParametersView:116 -                Rank 6 : true
2025-07-13 12:47:22,332 [INFO] ADCParametersView:116 -                Rank 7 : true
2025-07-13 12:47:22,332 [INFO] ADCParametersView:116 -                Rank 8 : true
2025-07-13 12:47:22,332 [INFO] ADCParametersView:116 -                Rank 1 : true
2025-07-13 12:47:22,333 [INFO] ADCParametersView:116 -                Rank 2 : true
2025-07-13 12:47:22,333 [INFO] ADCParametersView:116 -                Rank 3 : true
2025-07-13 12:47:22,333 [INFO] ADCParametersView:116 -                Rank 4 : true
2025-07-13 12:47:22,333 [INFO] ADCParametersView:116 -                Rank 5 : true
2025-07-13 12:47:22,333 [INFO] ADCParametersView:116 -                Rank 6 : true
2025-07-13 12:47:22,333 [INFO] ADCParametersView:116 -                Rank 7 : true
2025-07-13 12:47:22,333 [INFO] ADCParametersView:116 -                Rank 8 : true
2025-07-13 12:47:22,333 [INFO] ADCParametersView:116 -                Rank 9 : true
2025-07-13 12:47:22,333 [INFO] ADCParametersView:116 -                Rank 1 : true
2025-07-13 12:47:22,333 [INFO] ADCParametersView:116 -                Rank 2 : true
2025-07-13 12:47:22,333 [INFO] ADCParametersView:116 -                Rank 3 : true
2025-07-13 12:47:22,333 [INFO] ADCParametersView:116 -                Rank 4 : true
2025-07-13 12:47:22,333 [INFO] ADCParametersView:116 -                Rank 5 : true
2025-07-13 12:47:22,333 [INFO] ADCParametersView:116 -                Rank 6 : true
2025-07-13 12:47:22,334 [INFO] ADCParametersView:116 -                Rank 7 : true
2025-07-13 12:47:22,334 [INFO] ADCParametersView:116 -                Rank 8 : true
2025-07-13 12:47:22,334 [INFO] ADCParametersView:116 -                Rank 9 : true
2025-07-13 12:47:22,334 [INFO] ADCParametersView:116 -                Rank 10 : true
2025-07-13 12:47:22,334 [INFO] ADCParametersView:116 -                Rank 1 : true
2025-07-13 12:47:22,334 [INFO] ADCParametersView:116 -                Rank 2 : true
2025-07-13 12:47:22,334 [INFO] ADCParametersView:116 -                Rank 3 : true
2025-07-13 12:47:22,334 [INFO] ADCParametersView:116 -                Rank 4 : true
2025-07-13 12:47:22,334 [INFO] ADCParametersView:116 -                Rank 5 : true
2025-07-13 12:47:22,334 [INFO] ADCParametersView:116 -                Rank 6 : true
2025-07-13 12:47:22,334 [INFO] ADCParametersView:116 -                Rank 7 : true
2025-07-13 12:47:22,334 [INFO] ADCParametersView:116 -                Rank 8 : true
2025-07-13 12:47:22,334 [INFO] ADCParametersView:116 -                Rank 9 : true
2025-07-13 12:47:22,335 [INFO] ADCParametersView:116 -                Rank 10 : true
2025-07-13 12:47:22,335 [INFO] ADCParametersView:116 -                Rank 11 : true
2025-07-13 12:47:22,335 [INFO] ADCParametersView:116 -                Rank 1 : true
2025-07-13 12:47:22,335 [INFO] ADCParametersView:116 -                Rank 2 : true
2025-07-13 12:47:22,335 [INFO] ADCParametersView:116 -                Rank 3 : true
2025-07-13 12:47:22,335 [INFO] ADCParametersView:116 -                Rank 4 : true
2025-07-13 12:47:22,335 [INFO] ADCParametersView:116 -                Rank 5 : true
2025-07-13 12:47:22,335 [INFO] ADCParametersView:116 -                Rank 6 : true
2025-07-13 12:47:22,335 [INFO] ADCParametersView:116 -                Rank 7 : true
2025-07-13 12:47:22,335 [INFO] ADCParametersView:116 -                Rank 8 : true
2025-07-13 12:47:22,335 [INFO] ADCParametersView:116 -                Rank 9 : true
2025-07-13 12:47:22,335 [INFO] ADCParametersView:116 -                Rank 10 : true
2025-07-13 12:47:22,335 [INFO] ADCParametersView:116 -                Rank 11 : true
2025-07-13 12:47:22,335 [INFO] ADCParametersView:116 -                Rank 12 : true
2025-07-13 12:47:22,336 [INFO] ADCParametersView:116 -                Rank 1 : true
2025-07-13 12:47:22,336 [INFO] ADCParametersView:116 -                Rank 2 : true
2025-07-13 12:47:22,336 [INFO] ADCParametersView:116 -                Rank 3 : true
2025-07-13 12:47:22,336 [INFO] ADCParametersView:116 -                Rank 4 : true
2025-07-13 12:47:22,336 [INFO] ADCParametersView:116 -                Rank 5 : true
2025-07-13 12:47:22,336 [INFO] ADCParametersView:116 -                Rank 6 : true
2025-07-13 12:47:22,336 [INFO] ADCParametersView:116 -                Rank 7 : true
2025-07-13 12:47:22,336 [INFO] ADCParametersView:116 -                Rank 8 : true
2025-07-13 12:47:22,336 [INFO] ADCParametersView:116 -                Rank 9 : true
2025-07-13 12:47:22,336 [INFO] ADCParametersView:116 -                Rank 10 : true
2025-07-13 12:47:22,336 [INFO] ADCParametersView:116 -                Rank 11 : true
2025-07-13 12:47:22,337 [INFO] ADCParametersView:116 -                Rank 12 : true
2025-07-13 12:47:22,337 [INFO] ADCParametersView:116 -                Rank 13 : true
2025-07-13 12:47:28,033 [INFO] NvicIntPanel:101 - NVIC parent = com.st.microxplorer.plugins.ip.nvic.MultiNvicIntPanel[,0,0,0x0,invalid,layout=javax.swing.BoxLayout,alignmentX=0.0,alignmentY=0.0,border=,flags=9,maximumSize=,minimumSize=,preferredSize=]
2025-07-13 12:47:28,109 [INFO] ADCParametersView:116 -                Rank 1 : true
2025-07-13 12:47:28,109 [INFO] ADCParametersView:116 -                Rank 2 : true
2025-07-13 12:47:28,110 [INFO] ADCParametersView:116 -                Rank 3 : true
2025-07-13 12:47:28,110 [INFO] ADCParametersView:116 -                Rank 4 : true
2025-07-13 12:47:28,110 [INFO] ADCParametersView:116 -                Rank 5 : true
2025-07-13 12:47:28,110 [INFO] ADCParametersView:116 -                Rank 6 : true
2025-07-13 12:47:28,110 [INFO] ADCParametersView:116 -                Rank 7 : true
2025-07-13 12:47:28,110 [INFO] ADCParametersView:116 -                Rank 8 : true
2025-07-13 12:47:28,110 [INFO] ADCParametersView:116 -                Rank 9 : true
2025-07-13 12:47:28,110 [INFO] ADCParametersView:116 -                Rank 10 : true
2025-07-13 12:47:28,110 [INFO] ADCParametersView:116 -                Rank 11 : true
2025-07-13 12:47:28,110 [INFO] ADCParametersView:116 -                Rank 12 : true
2025-07-13 12:47:28,110 [INFO] ADCParametersView:116 -                Rank 13 : true
2025-07-13 12:47:28,116 [INFO] ADCParametersView:116 -                Rank 1 : true
2025-07-13 12:47:28,116 [INFO] ADCParametersView:116 -                Rank 2 : true
2025-07-13 12:47:28,116 [INFO] ADCParametersView:116 -                Rank 3 : true
2025-07-13 12:47:28,116 [INFO] ADCParametersView:116 -                Rank 4 : true
2025-07-13 12:47:28,116 [INFO] ADCParametersView:116 -                Rank 5 : true
2025-07-13 12:47:28,116 [INFO] ADCParametersView:116 -                Rank 6 : true
2025-07-13 12:47:28,116 [INFO] ADCParametersView:116 -                Rank 7 : true
2025-07-13 12:47:28,116 [INFO] ADCParametersView:116 -                Rank 8 : true
2025-07-13 12:47:28,117 [INFO] ADCParametersView:116 -                Rank 9 : true
2025-07-13 12:47:28,117 [INFO] ADCParametersView:116 -                Rank 10 : true
2025-07-13 12:47:28,117 [INFO] ADCParametersView:116 -                Rank 11 : true
2025-07-13 12:47:28,117 [INFO] ADCParametersView:116 -                Rank 12 : true
2025-07-13 12:47:28,117 [INFO] ADCParametersView:116 -                Rank 13 : true
2025-07-13 12:47:28,117 [INFO] ADCParametersView:116 -                Rank 1 : true
2025-07-13 12:47:28,118 [INFO] ADCParametersView:116 -                Rank 2 : true
2025-07-13 12:47:28,118 [INFO] ADCParametersView:116 -                Rank 3 : true
2025-07-13 12:47:28,118 [INFO] ADCParametersView:116 -                Rank 4 : true
2025-07-13 12:47:28,118 [INFO] ADCParametersView:116 -                Rank 5 : true
2025-07-13 12:47:28,118 [INFO] ADCParametersView:116 -                Rank 6 : true
2025-07-13 12:47:28,118 [INFO] ADCParametersView:116 -                Rank 7 : true
2025-07-13 12:47:28,118 [INFO] ADCParametersView:116 -                Rank 8 : true
2025-07-13 12:47:28,118 [INFO] ADCParametersView:116 -                Rank 9 : true
2025-07-13 12:47:28,118 [INFO] ADCParametersView:116 -                Rank 10 : true
2025-07-13 12:47:28,118 [INFO] ADCParametersView:116 -                Rank 11 : true
2025-07-13 12:47:28,118 [INFO] ADCParametersView:116 -                Rank 12 : true
2025-07-13 12:47:28,118 [INFO] ADCParametersView:116 -                Rank 13 : true
2025-07-13 12:47:28,119 [INFO] ADCParametersView:116 -                Rank 1 : true
2025-07-13 12:47:28,119 [INFO] ADCParametersView:116 -                Rank 2 : true
2025-07-13 12:47:28,119 [INFO] ADCParametersView:116 -                Rank 3 : true
2025-07-13 12:47:28,119 [INFO] ADCParametersView:116 -                Rank 4 : true
2025-07-13 12:47:28,119 [INFO] ADCParametersView:116 -                Rank 5 : true
2025-07-13 12:47:28,119 [INFO] ADCParametersView:116 -                Rank 6 : true
2025-07-13 12:47:28,119 [INFO] ADCParametersView:116 -                Rank 7 : true
2025-07-13 12:47:28,119 [INFO] ADCParametersView:116 -                Rank 8 : true
2025-07-13 12:47:28,119 [INFO] ADCParametersView:116 -                Rank 9 : true
2025-07-13 12:47:28,119 [INFO] ADCParametersView:116 -                Rank 10 : true
2025-07-13 12:47:28,119 [INFO] ADCParametersView:116 -                Rank 11 : true
2025-07-13 12:47:28,119 [INFO] ADCParametersView:116 -                Rank 12 : true
2025-07-13 12:47:28,119 [INFO] ADCParametersView:116 -                Rank 13 : true
2025-07-13 12:47:28,120 [INFO] ADCParametersView:116 -                Rank 1 : true
2025-07-13 12:47:28,120 [INFO] ADCParametersView:116 -                Rank 2 : true
2025-07-13 12:47:28,120 [INFO] ADCParametersView:116 -                Rank 3 : true
2025-07-13 12:47:28,120 [INFO] ADCParametersView:116 -                Rank 4 : true
2025-07-13 12:47:28,120 [INFO] ADCParametersView:116 -                Rank 5 : true
2025-07-13 12:47:28,120 [INFO] ADCParametersView:116 -                Rank 6 : true
2025-07-13 12:47:28,120 [INFO] ADCParametersView:116 -                Rank 7 : true
2025-07-13 12:47:28,120 [INFO] ADCParametersView:116 -                Rank 8 : true
2025-07-13 12:47:28,120 [INFO] ADCParametersView:116 -                Rank 9 : true
2025-07-13 12:47:28,121 [INFO] ADCParametersView:116 -                Rank 10 : true
2025-07-13 12:47:28,121 [INFO] ADCParametersView:116 -                Rank 11 : true
2025-07-13 12:47:28,121 [INFO] ADCParametersView:116 -                Rank 12 : true
2025-07-13 12:47:28,121 [INFO] ADCParametersView:116 -                Rank 13 : true
2025-07-13 12:47:28,121 [INFO] ADCParametersView:116 -                Rank 1 : true
2025-07-13 12:47:28,121 [INFO] ADCParametersView:116 -                Rank 2 : true
2025-07-13 12:47:28,121 [INFO] ADCParametersView:116 -                Rank 3 : true
2025-07-13 12:47:28,121 [INFO] ADCParametersView:116 -                Rank 4 : true
2025-07-13 12:47:28,121 [INFO] ADCParametersView:116 -                Rank 5 : true
2025-07-13 12:47:28,121 [INFO] ADCParametersView:116 -                Rank 6 : true
2025-07-13 12:47:28,121 [INFO] ADCParametersView:116 -                Rank 7 : true
2025-07-13 12:47:28,121 [INFO] ADCParametersView:116 -                Rank 8 : true
2025-07-13 12:47:28,121 [INFO] ADCParametersView:116 -                Rank 9 : true
2025-07-13 12:47:28,122 [INFO] ADCParametersView:116 -                Rank 10 : true
2025-07-13 12:47:28,122 [INFO] ADCParametersView:116 -                Rank 11 : true
2025-07-13 12:47:28,122 [INFO] ADCParametersView:116 -                Rank 12 : true
2025-07-13 12:47:28,122 [INFO] ADCParametersView:116 -                Rank 13 : true
2025-07-13 12:47:28,122 [INFO] ADCParametersView:116 -                Rank 1 : true
2025-07-13 12:47:28,122 [INFO] ADCParametersView:116 -                Rank 2 : true
2025-07-13 12:47:28,122 [INFO] ADCParametersView:116 -                Rank 3 : true
2025-07-13 12:47:28,122 [INFO] ADCParametersView:116 -                Rank 4 : true
2025-07-13 12:47:28,122 [INFO] ADCParametersView:116 -                Rank 5 : true
2025-07-13 12:47:28,122 [INFO] ADCParametersView:116 -                Rank 6 : true
2025-07-13 12:47:28,122 [INFO] ADCParametersView:116 -                Rank 7 : true
2025-07-13 12:47:28,123 [INFO] ADCParametersView:116 -                Rank 8 : true
2025-07-13 12:47:28,123 [INFO] ADCParametersView:116 -                Rank 9 : true
2025-07-13 12:47:28,123 [INFO] ADCParametersView:116 -                Rank 10 : true
2025-07-13 12:47:28,123 [INFO] ADCParametersView:116 -                Rank 11 : true
2025-07-13 12:47:28,123 [INFO] ADCParametersView:116 -                Rank 12 : true
2025-07-13 12:47:28,123 [INFO] ADCParametersView:116 -                Rank 13 : true
2025-07-13 12:47:28,123 [INFO] ADCParametersView:116 -                Rank 1 : true
2025-07-13 12:47:28,123 [INFO] ADCParametersView:116 -                Rank 2 : true
2025-07-13 12:47:28,123 [INFO] ADCParametersView:116 -                Rank 3 : true
2025-07-13 12:47:28,123 [INFO] ADCParametersView:116 -                Rank 4 : true
2025-07-13 12:47:28,124 [INFO] ADCParametersView:116 -                Rank 5 : true
2025-07-13 12:47:28,124 [INFO] ADCParametersView:116 -                Rank 6 : true
2025-07-13 12:47:28,124 [INFO] ADCParametersView:116 -                Rank 7 : true
2025-07-13 12:47:28,124 [INFO] ADCParametersView:116 -                Rank 8 : true
2025-07-13 12:47:28,124 [INFO] ADCParametersView:116 -                Rank 9 : true
2025-07-13 12:47:28,124 [INFO] ADCParametersView:116 -                Rank 10 : true
2025-07-13 12:47:28,124 [INFO] ADCParametersView:116 -                Rank 11 : true
2025-07-13 12:47:28,124 [INFO] ADCParametersView:116 -                Rank 12 : true
2025-07-13 12:47:28,124 [INFO] ADCParametersView:116 -                Rank 13 : true
2025-07-13 12:47:28,125 [INFO] ADCParametersView:116 -                Rank 1 : true
2025-07-13 12:47:28,125 [INFO] ADCParametersView:116 -                Rank 2 : true
2025-07-13 12:47:28,125 [INFO] ADCParametersView:116 -                Rank 3 : true
2025-07-13 12:47:28,125 [INFO] ADCParametersView:116 -                Rank 4 : true
2025-07-13 12:47:28,125 [INFO] ADCParametersView:116 -                Rank 5 : true
2025-07-13 12:47:28,125 [INFO] ADCParametersView:116 -                Rank 6 : true
2025-07-13 12:47:28,125 [INFO] ADCParametersView:116 -                Rank 7 : true
2025-07-13 12:47:28,125 [INFO] ADCParametersView:116 -                Rank 8 : true
2025-07-13 12:47:28,125 [INFO] ADCParametersView:116 -                Rank 9 : true
2025-07-13 12:47:28,125 [INFO] ADCParametersView:116 -                Rank 10 : true
2025-07-13 12:47:28,125 [INFO] ADCParametersView:116 -                Rank 11 : true
2025-07-13 12:47:28,125 [INFO] ADCParametersView:116 -                Rank 12 : true
2025-07-13 12:47:28,125 [INFO] ADCParametersView:116 -                Rank 13 : true
2025-07-13 12:47:28,125 [INFO] ADCParametersView:116 -                Rank 1 : true
2025-07-13 12:47:28,125 [INFO] ADCParametersView:116 -                Rank 2 : true
2025-07-13 12:47:28,125 [INFO] ADCParametersView:116 -                Rank 3 : true
2025-07-13 12:47:28,126 [INFO] ADCParametersView:116 -                Rank 4 : true
2025-07-13 12:47:28,126 [INFO] ADCParametersView:116 -                Rank 5 : true
2025-07-13 12:47:28,126 [INFO] ADCParametersView:116 -                Rank 6 : true
2025-07-13 12:47:28,126 [INFO] ADCParametersView:116 -                Rank 7 : true
2025-07-13 12:47:28,126 [INFO] ADCParametersView:116 -                Rank 8 : true
2025-07-13 12:47:28,126 [INFO] ADCParametersView:116 -                Rank 9 : true
2025-07-13 12:47:28,126 [INFO] ADCParametersView:116 -                Rank 10 : true
2025-07-13 12:47:28,126 [INFO] ADCParametersView:116 -                Rank 11 : true
2025-07-13 12:47:28,126 [INFO] ADCParametersView:116 -                Rank 12 : true
2025-07-13 12:47:28,126 [INFO] ADCParametersView:116 -                Rank 13 : true
2025-07-13 12:47:28,126 [INFO] ADCParametersView:116 -                Rank 1 : true
2025-07-13 12:47:28,126 [INFO] ADCParametersView:116 -                Rank 2 : true
2025-07-13 12:47:28,126 [INFO] ADCParametersView:116 -                Rank 3 : true
2025-07-13 12:47:28,127 [INFO] ADCParametersView:116 -                Rank 4 : true
2025-07-13 12:47:28,127 [INFO] ADCParametersView:116 -                Rank 5 : true
2025-07-13 12:47:28,127 [INFO] ADCParametersView:116 -                Rank 6 : true
2025-07-13 12:47:28,127 [INFO] ADCParametersView:116 -                Rank 7 : true
2025-07-13 12:47:28,127 [INFO] ADCParametersView:116 -                Rank 8 : true
2025-07-13 12:47:28,127 [INFO] ADCParametersView:116 -                Rank 9 : true
2025-07-13 12:47:28,127 [INFO] ADCParametersView:116 -                Rank 10 : true
2025-07-13 12:47:28,127 [INFO] ADCParametersView:116 -                Rank 11 : true
2025-07-13 12:47:28,127 [INFO] ADCParametersView:116 -                Rank 12 : true
2025-07-13 12:47:28,127 [INFO] ADCParametersView:116 -                Rank 13 : true
2025-07-13 12:47:28,127 [INFO] ADCParametersView:116 -                Rank 1 : true
2025-07-13 12:47:28,127 [INFO] ADCParametersView:116 -                Rank 2 : true
2025-07-13 12:47:28,127 [INFO] ADCParametersView:116 -                Rank 3 : true
2025-07-13 12:47:28,127 [INFO] ADCParametersView:116 -                Rank 4 : true
2025-07-13 12:47:28,127 [INFO] ADCParametersView:116 -                Rank 5 : true
2025-07-13 12:47:28,128 [INFO] ADCParametersView:116 -                Rank 6 : true
2025-07-13 12:47:28,128 [INFO] ADCParametersView:116 -                Rank 7 : true
2025-07-13 12:47:28,128 [INFO] ADCParametersView:116 -                Rank 8 : true
2025-07-13 12:47:28,128 [INFO] ADCParametersView:116 -                Rank 9 : true
2025-07-13 12:47:28,128 [INFO] ADCParametersView:116 -                Rank 10 : true
2025-07-13 12:47:28,128 [INFO] ADCParametersView:116 -                Rank 11 : true
2025-07-13 12:47:28,128 [INFO] ADCParametersView:116 -                Rank 12 : true
2025-07-13 12:47:28,128 [INFO] ADCParametersView:116 -                Rank 13 : true
2025-07-13 12:47:28,128 [INFO] ADCParametersView:116 -                Rank 1 : true
2025-07-13 12:47:28,128 [INFO] ADCParametersView:116 -                Rank 2 : true
2025-07-13 12:47:28,128 [INFO] ADCParametersView:116 -                Rank 3 : true
2025-07-13 12:47:28,128 [INFO] ADCParametersView:116 -                Rank 4 : true
2025-07-13 12:47:28,128 [INFO] ADCParametersView:116 -                Rank 5 : true
2025-07-13 12:47:28,128 [INFO] ADCParametersView:116 -                Rank 6 : true
2025-07-13 12:47:28,128 [INFO] ADCParametersView:116 -                Rank 7 : true
2025-07-13 12:47:28,128 [INFO] ADCParametersView:116 -                Rank 8 : true
2025-07-13 12:47:28,129 [INFO] ADCParametersView:116 -                Rank 9 : true
2025-07-13 12:47:28,129 [INFO] ADCParametersView:116 -                Rank 10 : true
2025-07-13 12:47:28,129 [INFO] ADCParametersView:116 -                Rank 11 : true
2025-07-13 12:47:28,129 [INFO] ADCParametersView:116 -                Rank 12 : true
2025-07-13 12:47:28,129 [INFO] ADCParametersView:116 -                Rank 13 : true
2025-07-13 12:47:28,129 [INFO] ADCParametersView:116 -                Rank 1 : true
2025-07-13 12:47:28,129 [INFO] ADCParametersView:116 -                Rank 2 : true
2025-07-13 12:47:28,129 [INFO] ADCParametersView:116 -                Rank 3 : true
2025-07-13 12:47:28,129 [INFO] ADCParametersView:116 -                Rank 4 : true
2025-07-13 12:47:28,129 [INFO] ADCParametersView:116 -                Rank 5 : true
2025-07-13 12:47:28,129 [INFO] ADCParametersView:116 -                Rank 6 : true
2025-07-13 12:47:28,129 [INFO] ADCParametersView:116 -                Rank 7 : true
2025-07-13 12:47:28,129 [INFO] ADCParametersView:116 -                Rank 8 : true
2025-07-13 12:47:28,129 [INFO] ADCParametersView:116 -                Rank 9 : true
2025-07-13 12:47:28,130 [INFO] ADCParametersView:116 -                Rank 10 : true
2025-07-13 12:47:28,130 [INFO] ADCParametersView:116 -                Rank 11 : true
2025-07-13 12:47:28,130 [INFO] ADCParametersView:116 -                Rank 12 : true
2025-07-13 12:47:28,130 [INFO] ADCParametersView:116 -                Rank 13 : true
2025-07-13 12:47:28,130 [INFO] ADCParametersView:116 -                Rank 2 : true
2025-07-13 12:47:28,130 [INFO] ADCParametersView:116 -                Rank 3 : true
2025-07-13 12:47:28,130 [INFO] ADCParametersView:116 -                Rank 4 : true
2025-07-13 12:47:28,130 [INFO] ADCParametersView:116 -                Rank 5 : true
2025-07-13 12:47:28,130 [INFO] ADCParametersView:116 -                Rank 6 : true
2025-07-13 12:47:28,130 [INFO] ADCParametersView:116 -                Rank 7 : true
2025-07-13 12:47:28,130 [INFO] ADCParametersView:116 -                Rank 8 : true
2025-07-13 12:47:28,130 [INFO] ADCParametersView:116 -                Rank 9 : true
2025-07-13 12:47:28,130 [INFO] ADCParametersView:116 -                Rank 10 : true
2025-07-13 12:47:28,130 [INFO] ADCParametersView:116 -                Rank 11 : true
2025-07-13 12:47:28,130 [INFO] ADCParametersView:116 -                Rank 12 : true
2025-07-13 12:47:28,130 [INFO] ADCParametersView:116 -                Rank 13 : true
2025-07-13 12:47:28,131 [INFO] ADCParametersView:116 -                Rank 3 : true
2025-07-13 12:47:28,131 [INFO] ADCParametersView:116 -                Rank 4 : true
2025-07-13 12:47:28,131 [INFO] ADCParametersView:116 -                Rank 5 : true
2025-07-13 12:47:28,131 [INFO] ADCParametersView:116 -                Rank 6 : true
2025-07-13 12:47:28,131 [INFO] ADCParametersView:116 -                Rank 7 : true
2025-07-13 12:47:28,131 [INFO] ADCParametersView:116 -                Rank 8 : true
2025-07-13 12:47:28,131 [INFO] ADCParametersView:116 -                Rank 9 : true
2025-07-13 12:47:28,131 [INFO] ADCParametersView:116 -                Rank 10 : true
2025-07-13 12:47:28,131 [INFO] ADCParametersView:116 -                Rank 11 : true
2025-07-13 12:47:28,131 [INFO] ADCParametersView:116 -                Rank 12 : true
2025-07-13 12:47:28,131 [INFO] ADCParametersView:116 -                Rank 13 : true
2025-07-13 12:47:28,131 [INFO] ADCParametersView:116 -                Rank 4 : true
2025-07-13 12:47:28,132 [INFO] ADCParametersView:116 -                Rank 5 : true
2025-07-13 12:47:28,132 [INFO] ADCParametersView:116 -                Rank 6 : true
2025-07-13 12:47:28,132 [INFO] ADCParametersView:116 -                Rank 7 : true
2025-07-13 12:47:28,132 [INFO] ADCParametersView:116 -                Rank 8 : true
2025-07-13 12:47:28,132 [INFO] ADCParametersView:116 -                Rank 9 : true
2025-07-13 12:47:28,132 [INFO] ADCParametersView:116 -                Rank 10 : true
2025-07-13 12:47:28,132 [INFO] ADCParametersView:116 -                Rank 11 : true
2025-07-13 12:47:28,132 [INFO] ADCParametersView:116 -                Rank 12 : true
2025-07-13 12:47:28,132 [INFO] ADCParametersView:116 -                Rank 13 : true
2025-07-13 12:47:28,142 [INFO] ADCParametersView:116 -                Rank 5 : true
2025-07-13 12:47:28,143 [INFO] ADCParametersView:116 -                Rank 6 : true
2025-07-13 12:47:28,143 [INFO] ADCParametersView:116 -                Rank 7 : true
2025-07-13 12:47:28,143 [INFO] ADCParametersView:116 -                Rank 8 : true
2025-07-13 12:47:28,143 [INFO] ADCParametersView:116 -                Rank 9 : true
2025-07-13 12:47:28,143 [INFO] ADCParametersView:116 -                Rank 10 : true
2025-07-13 12:47:28,143 [INFO] ADCParametersView:116 -                Rank 11 : true
2025-07-13 12:47:28,143 [INFO] ADCParametersView:116 -                Rank 12 : true
2025-07-13 12:47:28,143 [INFO] ADCParametersView:116 -                Rank 13 : true
2025-07-13 12:47:28,144 [INFO] ADCParametersView:116 -                Rank 6 : true
2025-07-13 12:47:28,144 [INFO] ADCParametersView:116 -                Rank 7 : true
2025-07-13 12:47:28,144 [INFO] ADCParametersView:116 -                Rank 8 : true
2025-07-13 12:47:28,144 [INFO] ADCParametersView:116 -                Rank 9 : true
2025-07-13 12:47:28,144 [INFO] ADCParametersView:116 -                Rank 10 : true
2025-07-13 12:47:28,144 [INFO] ADCParametersView:116 -                Rank 11 : true
2025-07-13 12:47:28,144 [INFO] ADCParametersView:116 -                Rank 12 : true
2025-07-13 12:47:28,144 [INFO] ADCParametersView:116 -                Rank 13 : true
2025-07-13 12:47:28,144 [INFO] ADCParametersView:116 -                Rank 7 : true
2025-07-13 12:47:28,144 [INFO] ADCParametersView:116 -                Rank 8 : true
2025-07-13 12:47:28,144 [INFO] ADCParametersView:116 -                Rank 9 : true
2025-07-13 12:47:28,145 [INFO] ADCParametersView:116 -                Rank 10 : true
2025-07-13 12:47:28,145 [INFO] ADCParametersView:116 -                Rank 11 : true
2025-07-13 12:47:28,145 [INFO] ADCParametersView:116 -                Rank 12 : true
2025-07-13 12:47:28,145 [INFO] ADCParametersView:116 -                Rank 13 : true
2025-07-13 12:47:28,145 [INFO] ADCParametersView:116 -                Rank 8 : true
2025-07-13 12:47:28,145 [INFO] ADCParametersView:116 -                Rank 9 : true
2025-07-13 12:47:28,145 [INFO] ADCParametersView:116 -                Rank 10 : true
2025-07-13 12:47:28,145 [INFO] ADCParametersView:116 -                Rank 11 : true
2025-07-13 12:47:28,145 [INFO] ADCParametersView:116 -                Rank 12 : true
2025-07-13 12:47:28,145 [INFO] ADCParametersView:116 -                Rank 13 : true
2025-07-13 12:47:28,145 [INFO] ADCParametersView:116 -                Rank 9 : true
2025-07-13 12:47:28,145 [INFO] ADCParametersView:116 -                Rank 10 : true
2025-07-13 12:47:28,145 [INFO] ADCParametersView:116 -                Rank 11 : true
2025-07-13 12:47:28,145 [INFO] ADCParametersView:116 -                Rank 12 : true
2025-07-13 12:47:28,145 [INFO] ADCParametersView:116 -                Rank 13 : true
2025-07-13 12:47:28,145 [INFO] ADCParametersView:116 -                Rank 10 : true
2025-07-13 12:47:28,146 [INFO] ADCParametersView:116 -                Rank 11 : true
2025-07-13 12:47:28,146 [INFO] ADCParametersView:116 -                Rank 12 : true
2025-07-13 12:47:28,146 [INFO] ADCParametersView:116 -                Rank 13 : true
2025-07-13 12:47:28,146 [INFO] ADCParametersView:116 -                Rank 11 : true
2025-07-13 12:47:28,146 [INFO] ADCParametersView:116 -                Rank 12 : true
2025-07-13 12:47:28,146 [INFO] ADCParametersView:116 -                Rank 13 : true
2025-07-13 12:47:28,146 [INFO] ADCParametersView:116 -                Rank 12 : true
2025-07-13 12:47:28,146 [INFO] ADCParametersView:116 -                Rank 13 : true
2025-07-13 12:47:28,146 [INFO] ADCParametersView:116 -                Rank 13 : true
2025-07-13 12:47:28,250 [INFO] ADCParametersView:116 -                Rank 1 : true
2025-07-13 12:47:28,251 [INFO] ADCParametersView:116 -                Rank 1 : true
2025-07-13 12:47:28,251 [INFO] ADCParametersView:116 -                Rank 2 : true
2025-07-13 12:47:28,252 [INFO] ADCParametersView:116 -                Rank 1 : true
2025-07-13 12:47:28,252 [INFO] ADCParametersView:116 -                Rank 2 : true
2025-07-13 12:47:28,252 [INFO] ADCParametersView:116 -                Rank 3 : true
2025-07-13 12:47:28,252 [INFO] ADCParametersView:116 -                Rank 1 : true
2025-07-13 12:47:28,252 [INFO] ADCParametersView:116 -                Rank 2 : true
2025-07-13 12:47:28,252 [INFO] ADCParametersView:116 -                Rank 3 : true
2025-07-13 12:47:28,252 [INFO] ADCParametersView:116 -                Rank 4 : true
2025-07-13 12:47:28,253 [INFO] ADCParametersView:116 -                Rank 1 : true
2025-07-13 12:47:28,253 [INFO] ADCParametersView:116 -                Rank 2 : true
2025-07-13 12:47:28,253 [INFO] ADCParametersView:116 -                Rank 3 : true
2025-07-13 12:47:28,253 [INFO] ADCParametersView:116 -                Rank 4 : true
2025-07-13 12:47:28,253 [INFO] ADCParametersView:116 -                Rank 5 : true
2025-07-13 12:47:28,253 [INFO] ADCParametersView:116 -                Rank 1 : true
2025-07-13 12:47:28,253 [INFO] ADCParametersView:116 -                Rank 2 : true
2025-07-13 12:47:28,253 [INFO] ADCParametersView:116 -                Rank 3 : true
2025-07-13 12:47:28,253 [INFO] ADCParametersView:116 -                Rank 4 : true
2025-07-13 12:47:28,253 [INFO] ADCParametersView:116 -                Rank 5 : true
2025-07-13 12:47:28,254 [INFO] ADCParametersView:116 -                Rank 6 : true
2025-07-13 12:47:28,254 [INFO] ADCParametersView:116 -                Rank 1 : true
2025-07-13 12:47:28,254 [INFO] ADCParametersView:116 -                Rank 2 : true
2025-07-13 12:47:28,254 [INFO] ADCParametersView:116 -                Rank 3 : true
2025-07-13 12:47:28,254 [INFO] ADCParametersView:116 -                Rank 4 : true
2025-07-13 12:47:28,254 [INFO] ADCParametersView:116 -                Rank 5 : true
2025-07-13 12:47:28,254 [INFO] ADCParametersView:116 -                Rank 6 : true
2025-07-13 12:47:28,254 [INFO] ADCParametersView:116 -                Rank 7 : true
2025-07-13 12:47:28,254 [INFO] ADCParametersView:116 -                Rank 1 : true
2025-07-13 12:47:28,254 [INFO] ADCParametersView:116 -                Rank 2 : true
2025-07-13 12:47:28,255 [INFO] ADCParametersView:116 -                Rank 3 : true
2025-07-13 12:47:28,255 [INFO] ADCParametersView:116 -                Rank 4 : true
2025-07-13 12:47:28,255 [INFO] ADCParametersView:116 -                Rank 5 : true
2025-07-13 12:47:28,255 [INFO] ADCParametersView:116 -                Rank 6 : true
2025-07-13 12:47:28,255 [INFO] ADCParametersView:116 -                Rank 7 : true
2025-07-13 12:47:28,255 [INFO] ADCParametersView:116 -                Rank 8 : true
2025-07-13 12:47:28,255 [INFO] ADCParametersView:116 -                Rank 1 : true
2025-07-13 12:47:28,255 [INFO] ADCParametersView:116 -                Rank 2 : true
2025-07-13 12:47:28,255 [INFO] ADCParametersView:116 -                Rank 3 : true
2025-07-13 12:47:28,255 [INFO] ADCParametersView:116 -                Rank 4 : true
2025-07-13 12:47:28,255 [INFO] ADCParametersView:116 -                Rank 5 : true
2025-07-13 12:47:28,255 [INFO] ADCParametersView:116 -                Rank 6 : true
2025-07-13 12:47:28,255 [INFO] ADCParametersView:116 -                Rank 7 : true
2025-07-13 12:47:28,255 [INFO] ADCParametersView:116 -                Rank 8 : true
2025-07-13 12:47:28,255 [INFO] ADCParametersView:116 -                Rank 9 : true
2025-07-13 12:47:28,256 [INFO] ADCParametersView:116 -                Rank 1 : true
2025-07-13 12:47:28,256 [INFO] ADCParametersView:116 -                Rank 2 : true
2025-07-13 12:47:28,256 [INFO] ADCParametersView:116 -                Rank 3 : true
2025-07-13 12:47:28,256 [INFO] ADCParametersView:116 -                Rank 4 : true
2025-07-13 12:47:28,256 [INFO] ADCParametersView:116 -                Rank 5 : true
2025-07-13 12:47:28,256 [INFO] ADCParametersView:116 -                Rank 6 : true
2025-07-13 12:47:28,256 [INFO] ADCParametersView:116 -                Rank 7 : true
2025-07-13 12:47:28,256 [INFO] ADCParametersView:116 -                Rank 8 : true
2025-07-13 12:47:28,256 [INFO] ADCParametersView:116 -                Rank 9 : true
2025-07-13 12:47:28,256 [INFO] ADCParametersView:116 -                Rank 10 : true
2025-07-13 12:47:28,258 [INFO] ADCParametersView:116 -                Rank 1 : true
2025-07-13 12:47:28,258 [INFO] ADCParametersView:116 -                Rank 2 : true
2025-07-13 12:47:28,258 [INFO] ADCParametersView:116 -                Rank 3 : true
2025-07-13 12:47:28,258 [INFO] ADCParametersView:116 -                Rank 4 : true
2025-07-13 12:47:28,258 [INFO] ADCParametersView:116 -                Rank 5 : true
2025-07-13 12:47:28,258 [INFO] ADCParametersView:116 -                Rank 6 : true
2025-07-13 12:47:28,258 [INFO] ADCParametersView:116 -                Rank 7 : true
2025-07-13 12:47:28,258 [INFO] ADCParametersView:116 -                Rank 8 : true
2025-07-13 12:47:28,258 [INFO] ADCParametersView:116 -                Rank 9 : true
2025-07-13 12:47:28,258 [INFO] ADCParametersView:116 -                Rank 10 : true
2025-07-13 12:47:28,258 [INFO] ADCParametersView:116 -                Rank 11 : true
2025-07-13 12:47:28,259 [INFO] ADCParametersView:116 -                Rank 1 : true
2025-07-13 12:47:28,259 [INFO] ADCParametersView:116 -                Rank 2 : true
2025-07-13 12:47:28,259 [INFO] ADCParametersView:116 -                Rank 3 : true
2025-07-13 12:47:28,259 [INFO] ADCParametersView:116 -                Rank 4 : true
2025-07-13 12:47:28,259 [INFO] ADCParametersView:116 -                Rank 5 : true
2025-07-13 12:47:28,259 [INFO] ADCParametersView:116 -                Rank 6 : true
2025-07-13 12:47:28,259 [INFO] ADCParametersView:116 -                Rank 7 : true
2025-07-13 12:47:28,259 [INFO] ADCParametersView:116 -                Rank 8 : true
2025-07-13 12:47:28,259 [INFO] ADCParametersView:116 -                Rank 9 : true
2025-07-13 12:47:28,259 [INFO] ADCParametersView:116 -                Rank 10 : true
2025-07-13 12:47:28,260 [INFO] ADCParametersView:116 -                Rank 11 : true
2025-07-13 12:47:28,260 [INFO] ADCParametersView:116 -                Rank 12 : true
2025-07-13 12:47:28,260 [INFO] ADCParametersView:116 -                Rank 1 : true
2025-07-13 12:47:28,260 [INFO] ADCParametersView:116 -                Rank 2 : true
2025-07-13 12:47:28,260 [INFO] ADCParametersView:116 -                Rank 3 : true
2025-07-13 12:47:28,260 [INFO] ADCParametersView:116 -                Rank 4 : true
2025-07-13 12:47:28,260 [INFO] ADCParametersView:116 -                Rank 5 : true
2025-07-13 12:47:28,260 [INFO] ADCParametersView:116 -                Rank 6 : true
2025-07-13 12:47:28,260 [INFO] ADCParametersView:116 -                Rank 7 : true
2025-07-13 12:47:28,260 [INFO] ADCParametersView:116 -                Rank 8 : true
2025-07-13 12:47:28,260 [INFO] ADCParametersView:116 -                Rank 9 : true
2025-07-13 12:47:28,260 [INFO] ADCParametersView:116 -                Rank 10 : true
2025-07-13 12:47:28,261 [INFO] ADCParametersView:116 -                Rank 11 : true
2025-07-13 12:47:28,261 [INFO] ADCParametersView:116 -                Rank 12 : true
2025-07-13 12:47:28,261 [INFO] ADCParametersView:116 -                Rank 13 : true
2025-07-13 12:47:29,517 [INFO] NvicIntPanel:101 - NVIC parent = com.st.microxplorer.plugins.ip.nvic.MultiNvicIntPanel[,0,0,0x0,invalid,layout=javax.swing.BoxLayout,alignmentX=0.0,alignmentY=0.0,border=,flags=9,maximumSize=,minimumSize=,preferredSize=]
2025-07-13 12:47:29,570 [INFO] ADCParametersView:116 -                Rank 1 : true
2025-07-13 12:47:29,570 [INFO] ADCParametersView:116 -                Rank 2 : true
2025-07-13 12:47:29,570 [INFO] ADCParametersView:116 -                Rank 3 : true
2025-07-13 12:47:29,570 [INFO] ADCParametersView:116 -                Rank 4 : true
2025-07-13 12:47:29,570 [INFO] ADCParametersView:116 -                Rank 5 : true
2025-07-13 12:47:29,570 [INFO] ADCParametersView:116 -                Rank 6 : true
2025-07-13 12:47:29,570 [INFO] ADCParametersView:116 -                Rank 7 : true
2025-07-13 12:47:29,570 [INFO] ADCParametersView:116 -                Rank 8 : true
2025-07-13 12:47:29,570 [INFO] ADCParametersView:116 -                Rank 9 : true
2025-07-13 12:47:29,570 [INFO] ADCParametersView:116 -                Rank 10 : true
2025-07-13 12:47:29,570 [INFO] ADCParametersView:116 -                Rank 11 : true
2025-07-13 12:47:29,570 [INFO] ADCParametersView:116 -                Rank 12 : true
2025-07-13 12:47:29,570 [INFO] ADCParametersView:116 -                Rank 13 : true
2025-07-13 12:47:29,587 [INFO] ADCParametersView:116 -                Rank 1 : true
2025-07-13 12:47:29,587 [INFO] ADCParametersView:116 -                Rank 2 : true
2025-07-13 12:47:29,588 [INFO] ADCParametersView:116 -                Rank 3 : true
2025-07-13 12:47:29,588 [INFO] ADCParametersView:116 -                Rank 4 : true
2025-07-13 12:47:29,588 [INFO] ADCParametersView:116 -                Rank 5 : true
2025-07-13 12:47:29,588 [INFO] ADCParametersView:116 -                Rank 6 : true
2025-07-13 12:47:29,589 [INFO] ADCParametersView:116 -                Rank 7 : true
2025-07-13 12:47:29,589 [INFO] ADCParametersView:116 -                Rank 8 : true
2025-07-13 12:47:29,589 [INFO] ADCParametersView:116 -                Rank 9 : true
2025-07-13 12:47:29,589 [INFO] ADCParametersView:116 -                Rank 10 : true
2025-07-13 12:47:29,589 [INFO] ADCParametersView:116 -                Rank 11 : true
2025-07-13 12:47:29,589 [INFO] ADCParametersView:116 -                Rank 12 : true
2025-07-13 12:47:29,589 [INFO] ADCParametersView:116 -                Rank 13 : true
2025-07-13 12:47:29,589 [INFO] ADCParametersView:116 -                Rank 1 : true
2025-07-13 12:47:29,589 [INFO] ADCParametersView:116 -                Rank 2 : true
2025-07-13 12:47:29,589 [INFO] ADCParametersView:116 -                Rank 3 : true
2025-07-13 12:47:29,589 [INFO] ADCParametersView:116 -                Rank 4 : true
2025-07-13 12:47:29,589 [INFO] ADCParametersView:116 -                Rank 5 : true
2025-07-13 12:47:29,590 [INFO] ADCParametersView:116 -                Rank 6 : true
2025-07-13 12:47:29,590 [INFO] ADCParametersView:116 -                Rank 7 : true
2025-07-13 12:47:29,590 [INFO] ADCParametersView:116 -                Rank 8 : true
2025-07-13 12:47:29,590 [INFO] ADCParametersView:116 -                Rank 9 : true
2025-07-13 12:47:29,590 [INFO] ADCParametersView:116 -                Rank 10 : true
2025-07-13 12:47:29,590 [INFO] ADCParametersView:116 -                Rank 11 : true
2025-07-13 12:47:29,590 [INFO] ADCParametersView:116 -                Rank 12 : true
2025-07-13 12:47:29,590 [INFO] ADCParametersView:116 -                Rank 13 : true
2025-07-13 12:47:29,590 [INFO] ADCParametersView:116 -                Rank 1 : true
2025-07-13 12:47:29,590 [INFO] ADCParametersView:116 -                Rank 2 : true
2025-07-13 12:47:29,590 [INFO] ADCParametersView:116 -                Rank 3 : true
2025-07-13 12:47:29,590 [INFO] ADCParametersView:116 -                Rank 4 : true
2025-07-13 12:47:29,590 [INFO] ADCParametersView:116 -                Rank 5 : true
2025-07-13 12:47:29,590 [INFO] ADCParametersView:116 -                Rank 6 : true
2025-07-13 12:47:29,590 [INFO] ADCParametersView:116 -                Rank 7 : true
2025-07-13 12:47:29,590 [INFO] ADCParametersView:116 -                Rank 8 : true
2025-07-13 12:47:29,591 [INFO] ADCParametersView:116 -                Rank 9 : true
2025-07-13 12:47:29,591 [INFO] ADCParametersView:116 -                Rank 10 : true
2025-07-13 12:47:29,591 [INFO] ADCParametersView:116 -                Rank 11 : true
2025-07-13 12:47:29,591 [INFO] ADCParametersView:116 -                Rank 12 : true
2025-07-13 12:47:29,591 [INFO] ADCParametersView:116 -                Rank 13 : true
2025-07-13 12:47:29,591 [INFO] ADCParametersView:116 -                Rank 1 : true
2025-07-13 12:47:29,591 [INFO] ADCParametersView:116 -                Rank 2 : true
2025-07-13 12:47:29,591 [INFO] ADCParametersView:116 -                Rank 3 : true
2025-07-13 12:47:29,591 [INFO] ADCParametersView:116 -                Rank 4 : true
2025-07-13 12:47:29,591 [INFO] ADCParametersView:116 -                Rank 5 : true
2025-07-13 12:47:29,591 [INFO] ADCParametersView:116 -                Rank 6 : true
2025-07-13 12:47:29,591 [INFO] ADCParametersView:116 -                Rank 7 : true
2025-07-13 12:47:29,591 [INFO] ADCParametersView:116 -                Rank 8 : true
2025-07-13 12:47:29,591 [INFO] ADCParametersView:116 -                Rank 9 : true
2025-07-13 12:47:29,591 [INFO] ADCParametersView:116 -                Rank 10 : true
2025-07-13 12:47:29,592 [INFO] ADCParametersView:116 -                Rank 11 : true
2025-07-13 12:47:29,592 [INFO] ADCParametersView:116 -                Rank 12 : true
2025-07-13 12:47:29,592 [INFO] ADCParametersView:116 -                Rank 13 : true
2025-07-13 12:47:29,592 [INFO] ADCParametersView:116 -                Rank 1 : true
2025-07-13 12:47:29,592 [INFO] ADCParametersView:116 -                Rank 2 : true
2025-07-13 12:47:29,592 [INFO] ADCParametersView:116 -                Rank 3 : true
2025-07-13 12:47:29,592 [INFO] ADCParametersView:116 -                Rank 4 : true
2025-07-13 12:47:29,592 [INFO] ADCParametersView:116 -                Rank 5 : true
2025-07-13 12:47:29,592 [INFO] ADCParametersView:116 -                Rank 6 : true
2025-07-13 12:47:29,592 [INFO] ADCParametersView:116 -                Rank 7 : true
2025-07-13 12:47:29,592 [INFO] ADCParametersView:116 -                Rank 8 : true
2025-07-13 12:47:29,592 [INFO] ADCParametersView:116 -                Rank 9 : true
2025-07-13 12:47:29,592 [INFO] ADCParametersView:116 -                Rank 10 : true
2025-07-13 12:47:29,592 [INFO] ADCParametersView:116 -                Rank 11 : true
2025-07-13 12:47:29,592 [INFO] ADCParametersView:116 -                Rank 12 : true
2025-07-13 12:47:29,592 [INFO] ADCParametersView:116 -                Rank 13 : true
2025-07-13 12:47:29,593 [INFO] ADCParametersView:116 -                Rank 1 : true
2025-07-13 12:47:29,593 [INFO] ADCParametersView:116 -                Rank 2 : true
2025-07-13 12:47:29,593 [INFO] ADCParametersView:116 -                Rank 3 : true
2025-07-13 12:47:29,593 [INFO] ADCParametersView:116 -                Rank 4 : true
2025-07-13 12:47:29,593 [INFO] ADCParametersView:116 -                Rank 5 : true
2025-07-13 12:47:29,593 [INFO] ADCParametersView:116 -                Rank 6 : true
2025-07-13 12:47:29,593 [INFO] ADCParametersView:116 -                Rank 7 : true
2025-07-13 12:47:29,593 [INFO] ADCParametersView:116 -                Rank 8 : true
2025-07-13 12:47:29,593 [INFO] ADCParametersView:116 -                Rank 9 : true
2025-07-13 12:47:29,593 [INFO] ADCParametersView:116 -                Rank 10 : true
2025-07-13 12:47:29,593 [INFO] ADCParametersView:116 -                Rank 11 : true
2025-07-13 12:47:29,593 [INFO] ADCParametersView:116 -                Rank 12 : true
2025-07-13 12:47:29,593 [INFO] ADCParametersView:116 -                Rank 13 : true
2025-07-13 12:47:29,593 [INFO] ADCParametersView:116 -                Rank 1 : true
2025-07-13 12:47:29,593 [INFO] ADCParametersView:116 -                Rank 2 : true
2025-07-13 12:47:29,594 [INFO] ADCParametersView:116 -                Rank 3 : true
2025-07-13 12:47:29,594 [INFO] ADCParametersView:116 -                Rank 4 : true
2025-07-13 12:47:29,594 [INFO] ADCParametersView:116 -                Rank 5 : true
2025-07-13 12:47:29,594 [INFO] ADCParametersView:116 -                Rank 6 : true
2025-07-13 12:47:29,594 [INFO] ADCParametersView:116 -                Rank 7 : true
2025-07-13 12:47:29,594 [INFO] ADCParametersView:116 -                Rank 8 : true
2025-07-13 12:47:29,594 [INFO] ADCParametersView:116 -                Rank 9 : true
2025-07-13 12:47:29,594 [INFO] ADCParametersView:116 -                Rank 10 : true
2025-07-13 12:47:29,594 [INFO] ADCParametersView:116 -                Rank 11 : true
2025-07-13 12:47:29,594 [INFO] ADCParametersView:116 -                Rank 12 : true
2025-07-13 12:47:29,594 [INFO] ADCParametersView:116 -                Rank 13 : true
2025-07-13 12:47:29,594 [INFO] ADCParametersView:116 -                Rank 1 : true
2025-07-13 12:47:29,594 [INFO] ADCParametersView:116 -                Rank 2 : true
2025-07-13 12:47:29,594 [INFO] ADCParametersView:116 -                Rank 3 : true
2025-07-13 12:47:29,594 [INFO] ADCParametersView:116 -                Rank 4 : true
2025-07-13 12:47:29,594 [INFO] ADCParametersView:116 -                Rank 5 : true
2025-07-13 12:47:29,594 [INFO] ADCParametersView:116 -                Rank 6 : true
2025-07-13 12:47:29,594 [INFO] ADCParametersView:116 -                Rank 7 : true
2025-07-13 12:47:29,594 [INFO] ADCParametersView:116 -                Rank 8 : true
2025-07-13 12:47:29,595 [INFO] ADCParametersView:116 -                Rank 9 : true
2025-07-13 12:47:29,595 [INFO] ADCParametersView:116 -                Rank 10 : true
2025-07-13 12:47:29,595 [INFO] ADCParametersView:116 -                Rank 11 : true
2025-07-13 12:47:29,595 [INFO] ADCParametersView:116 -                Rank 12 : true
2025-07-13 12:47:29,595 [INFO] ADCParametersView:116 -                Rank 13 : true
2025-07-13 12:47:29,595 [INFO] ADCParametersView:116 -                Rank 1 : true
2025-07-13 12:47:29,595 [INFO] ADCParametersView:116 -                Rank 2 : true
2025-07-13 12:47:29,595 [INFO] ADCParametersView:116 -                Rank 3 : true
2025-07-13 12:47:29,595 [INFO] ADCParametersView:116 -                Rank 4 : true
2025-07-13 12:47:29,595 [INFO] ADCParametersView:116 -                Rank 5 : true
2025-07-13 12:47:29,595 [INFO] ADCParametersView:116 -                Rank 6 : true
2025-07-13 12:47:29,595 [INFO] ADCParametersView:116 -                Rank 7 : true
2025-07-13 12:47:29,595 [INFO] ADCParametersView:116 -                Rank 8 : true
2025-07-13 12:47:29,595 [INFO] ADCParametersView:116 -                Rank 9 : true
2025-07-13 12:47:29,595 [INFO] ADCParametersView:116 -                Rank 10 : true
2025-07-13 12:47:29,595 [INFO] ADCParametersView:116 -                Rank 11 : true
2025-07-13 12:47:29,595 [INFO] ADCParametersView:116 -                Rank 12 : true
2025-07-13 12:47:29,595 [INFO] ADCParametersView:116 -                Rank 13 : true
2025-07-13 12:47:29,596 [INFO] ADCParametersView:116 -                Rank 1 : true
2025-07-13 12:47:29,596 [INFO] ADCParametersView:116 -                Rank 2 : true
2025-07-13 12:47:29,596 [INFO] ADCParametersView:116 -                Rank 3 : true
2025-07-13 12:47:29,596 [INFO] ADCParametersView:116 -                Rank 4 : true
2025-07-13 12:47:29,596 [INFO] ADCParametersView:116 -                Rank 5 : true
2025-07-13 12:47:29,596 [INFO] ADCParametersView:116 -                Rank 6 : true
2025-07-13 12:47:29,596 [INFO] ADCParametersView:116 -                Rank 7 : true
2025-07-13 12:47:29,596 [INFO] ADCParametersView:116 -                Rank 8 : true
2025-07-13 12:47:29,596 [INFO] ADCParametersView:116 -                Rank 9 : true
2025-07-13 12:47:29,596 [INFO] ADCParametersView:116 -                Rank 10 : true
2025-07-13 12:47:29,596 [INFO] ADCParametersView:116 -                Rank 11 : true
2025-07-13 12:47:29,596 [INFO] ADCParametersView:116 -                Rank 12 : true
2025-07-13 12:47:29,596 [INFO] ADCParametersView:116 -                Rank 13 : true
2025-07-13 12:47:29,597 [INFO] ADCParametersView:116 -                Rank 1 : true
2025-07-13 12:47:29,597 [INFO] ADCParametersView:116 -                Rank 2 : true
2025-07-13 12:47:29,597 [INFO] ADCParametersView:116 -                Rank 3 : true
2025-07-13 12:47:29,597 [INFO] ADCParametersView:116 -                Rank 4 : true
2025-07-13 12:47:29,597 [INFO] ADCParametersView:116 -                Rank 5 : true
2025-07-13 12:47:29,597 [INFO] ADCParametersView:116 -                Rank 6 : true
2025-07-13 12:47:29,597 [INFO] ADCParametersView:116 -                Rank 7 : true
2025-07-13 12:47:29,597 [INFO] ADCParametersView:116 -                Rank 8 : true
2025-07-13 12:47:29,597 [INFO] ADCParametersView:116 -                Rank 9 : true
2025-07-13 12:47:29,597 [INFO] ADCParametersView:116 -                Rank 10 : true
2025-07-13 12:47:29,597 [INFO] ADCParametersView:116 -                Rank 11 : true
2025-07-13 12:47:29,597 [INFO] ADCParametersView:116 -                Rank 12 : true
2025-07-13 12:47:29,597 [INFO] ADCParametersView:116 -                Rank 13 : true
2025-07-13 12:47:29,597 [INFO] ADCParametersView:116 -                Rank 1 : true
2025-07-13 12:47:29,597 [INFO] ADCParametersView:116 -                Rank 2 : true
2025-07-13 12:47:29,597 [INFO] ADCParametersView:116 -                Rank 3 : true
2025-07-13 12:47:29,597 [INFO] ADCParametersView:116 -                Rank 4 : true
2025-07-13 12:47:29,598 [INFO] ADCParametersView:116 -                Rank 5 : true
2025-07-13 12:47:29,598 [INFO] ADCParametersView:116 -                Rank 6 : true
2025-07-13 12:47:29,598 [INFO] ADCParametersView:116 -                Rank 7 : true
2025-07-13 12:47:29,598 [INFO] ADCParametersView:116 -                Rank 8 : true
2025-07-13 12:47:29,598 [INFO] ADCParametersView:116 -                Rank 9 : true
2025-07-13 12:47:29,598 [INFO] ADCParametersView:116 -                Rank 10 : true
2025-07-13 12:47:29,598 [INFO] ADCParametersView:116 -                Rank 11 : true
2025-07-13 12:47:29,598 [INFO] ADCParametersView:116 -                Rank 12 : true
2025-07-13 12:47:29,598 [INFO] ADCParametersView:116 -                Rank 13 : true
2025-07-13 12:47:29,598 [INFO] ADCParametersView:116 -                Rank 1 : true
2025-07-13 12:47:29,598 [INFO] ADCParametersView:116 -                Rank 2 : true
2025-07-13 12:47:29,598 [INFO] ADCParametersView:116 -                Rank 3 : true
2025-07-13 12:47:29,598 [INFO] ADCParametersView:116 -                Rank 4 : true
2025-07-13 12:47:29,598 [INFO] ADCParametersView:116 -                Rank 5 : true
2025-07-13 12:47:29,598 [INFO] ADCParametersView:116 -                Rank 6 : true
2025-07-13 12:47:29,598 [INFO] ADCParametersView:116 -                Rank 7 : true
2025-07-13 12:47:29,598 [INFO] ADCParametersView:116 -                Rank 8 : true
2025-07-13 12:47:29,598 [INFO] ADCParametersView:116 -                Rank 9 : true
2025-07-13 12:47:29,598 [INFO] ADCParametersView:116 -                Rank 10 : true
2025-07-13 12:47:29,598 [INFO] ADCParametersView:116 -                Rank 11 : true
2025-07-13 12:47:29,599 [INFO] ADCParametersView:116 -                Rank 12 : true
2025-07-13 12:47:29,599 [INFO] ADCParametersView:116 -                Rank 13 : true
2025-07-13 12:47:29,599 [INFO] ADCParametersView:116 -                Rank 2 : true
2025-07-13 12:47:29,599 [INFO] ADCParametersView:116 -                Rank 3 : true
2025-07-13 12:47:29,599 [INFO] ADCParametersView:116 -                Rank 4 : true
2025-07-13 12:47:29,599 [INFO] ADCParametersView:116 -                Rank 5 : true
2025-07-13 12:47:29,599 [INFO] ADCParametersView:116 -                Rank 6 : true
2025-07-13 12:47:29,599 [INFO] ADCParametersView:116 -                Rank 7 : true
2025-07-13 12:47:29,599 [INFO] ADCParametersView:116 -                Rank 8 : true
2025-07-13 12:47:29,599 [INFO] ADCParametersView:116 -                Rank 9 : true
2025-07-13 12:47:29,599 [INFO] ADCParametersView:116 -                Rank 10 : true
2025-07-13 12:47:29,599 [INFO] ADCParametersView:116 -                Rank 11 : true
2025-07-13 12:47:29,599 [INFO] ADCParametersView:116 -                Rank 12 : true
2025-07-13 12:47:29,599 [INFO] ADCParametersView:116 -                Rank 13 : true
2025-07-13 12:47:29,599 [INFO] ADCParametersView:116 -                Rank 3 : true
2025-07-13 12:47:29,599 [INFO] ADCParametersView:116 -                Rank 4 : true
2025-07-13 12:47:29,600 [INFO] ADCParametersView:116 -                Rank 5 : true
2025-07-13 12:47:29,600 [INFO] ADCParametersView:116 -                Rank 6 : true
2025-07-13 12:47:29,600 [INFO] ADCParametersView:116 -                Rank 7 : true
2025-07-13 12:47:29,600 [INFO] ADCParametersView:116 -                Rank 8 : true
2025-07-13 12:47:29,600 [INFO] ADCParametersView:116 -                Rank 9 : true
2025-07-13 12:47:29,600 [INFO] ADCParametersView:116 -                Rank 10 : true
2025-07-13 12:47:29,600 [INFO] ADCParametersView:116 -                Rank 11 : true
2025-07-13 12:47:29,600 [INFO] ADCParametersView:116 -                Rank 12 : true
2025-07-13 12:47:29,600 [INFO] ADCParametersView:116 -                Rank 13 : true
2025-07-13 12:47:29,600 [INFO] ADCParametersView:116 -                Rank 4 : true
2025-07-13 12:47:29,600 [INFO] ADCParametersView:116 -                Rank 5 : true
2025-07-13 12:47:29,600 [INFO] ADCParametersView:116 -                Rank 6 : true
2025-07-13 12:47:29,600 [INFO] ADCParametersView:116 -                Rank 7 : true
2025-07-13 12:47:29,600 [INFO] ADCParametersView:116 -                Rank 8 : true
2025-07-13 12:47:29,600 [INFO] ADCParametersView:116 -                Rank 9 : true
2025-07-13 12:47:29,600 [INFO] ADCParametersView:116 -                Rank 10 : true
2025-07-13 12:47:29,600 [INFO] ADCParametersView:116 -                Rank 11 : true
2025-07-13 12:47:29,600 [INFO] ADCParametersView:116 -                Rank 12 : true
2025-07-13 12:47:29,600 [INFO] ADCParametersView:116 -                Rank 13 : true
2025-07-13 12:47:29,601 [INFO] ADCParametersView:116 -                Rank 5 : true
2025-07-13 12:47:29,601 [INFO] ADCParametersView:116 -                Rank 6 : true
2025-07-13 12:47:29,601 [INFO] ADCParametersView:116 -                Rank 7 : true
2025-07-13 12:47:29,601 [INFO] ADCParametersView:116 -                Rank 8 : true
2025-07-13 12:47:29,601 [INFO] ADCParametersView:116 -                Rank 9 : true
2025-07-13 12:47:29,601 [INFO] ADCParametersView:116 -                Rank 10 : true
2025-07-13 12:47:29,601 [INFO] ADCParametersView:116 -                Rank 11 : true
2025-07-13 12:47:29,601 [INFO] ADCParametersView:116 -                Rank 12 : true
2025-07-13 12:47:29,601 [INFO] ADCParametersView:116 -                Rank 13 : true
2025-07-13 12:47:29,601 [INFO] ADCParametersView:116 -                Rank 6 : true
2025-07-13 12:47:29,601 [INFO] ADCParametersView:116 -                Rank 7 : true
2025-07-13 12:47:29,601 [INFO] ADCParametersView:116 -                Rank 8 : true
2025-07-13 12:47:29,601 [INFO] ADCParametersView:116 -                Rank 9 : true
2025-07-13 12:47:29,601 [INFO] ADCParametersView:116 -                Rank 10 : true
2025-07-13 12:47:29,601 [INFO] ADCParametersView:116 -                Rank 11 : true
2025-07-13 12:47:29,601 [INFO] ADCParametersView:116 -                Rank 12 : true
2025-07-13 12:47:29,601 [INFO] ADCParametersView:116 -                Rank 13 : true
2025-07-13 12:47:29,601 [INFO] ADCParametersView:116 -                Rank 7 : true
2025-07-13 12:47:29,601 [INFO] ADCParametersView:116 -                Rank 8 : true
2025-07-13 12:47:29,601 [INFO] ADCParametersView:116 -                Rank 9 : true
2025-07-13 12:47:29,601 [INFO] ADCParametersView:116 -                Rank 10 : true
2025-07-13 12:47:29,602 [INFO] ADCParametersView:116 -                Rank 11 : true
2025-07-13 12:47:29,602 [INFO] ADCParametersView:116 -                Rank 12 : true
2025-07-13 12:47:29,602 [INFO] ADCParametersView:116 -                Rank 13 : true
2025-07-13 12:47:29,602 [INFO] ADCParametersView:116 -                Rank 8 : true
2025-07-13 12:47:29,602 [INFO] ADCParametersView:116 -                Rank 9 : true
2025-07-13 12:47:29,602 [INFO] ADCParametersView:116 -                Rank 10 : true
2025-07-13 12:47:29,602 [INFO] ADCParametersView:116 -                Rank 11 : true
2025-07-13 12:47:29,602 [INFO] ADCParametersView:116 -                Rank 12 : true
2025-07-13 12:47:29,602 [INFO] ADCParametersView:116 -                Rank 13 : true
2025-07-13 12:47:29,602 [INFO] ADCParametersView:116 -                Rank 9 : true
2025-07-13 12:47:29,602 [INFO] ADCParametersView:116 -                Rank 10 : true
2025-07-13 12:47:29,602 [INFO] ADCParametersView:116 -                Rank 11 : true
2025-07-13 12:47:29,602 [INFO] ADCParametersView:116 -                Rank 12 : true
2025-07-13 12:47:29,602 [INFO] ADCParametersView:116 -                Rank 13 : true
2025-07-13 12:47:29,602 [INFO] ADCParametersView:116 -                Rank 10 : true
2025-07-13 12:47:29,602 [INFO] ADCParametersView:116 -                Rank 11 : true
2025-07-13 12:47:29,602 [INFO] ADCParametersView:116 -                Rank 12 : true
2025-07-13 12:47:29,602 [INFO] ADCParametersView:116 -                Rank 13 : true
2025-07-13 12:47:29,602 [INFO] ADCParametersView:116 -                Rank 11 : true
2025-07-13 12:47:29,603 [INFO] ADCParametersView:116 -                Rank 12 : true
2025-07-13 12:47:29,603 [INFO] ADCParametersView:116 -                Rank 13 : true
2025-07-13 12:47:29,603 [INFO] ADCParametersView:116 -                Rank 12 : true
2025-07-13 12:47:29,603 [INFO] ADCParametersView:116 -                Rank 13 : true
2025-07-13 12:47:29,603 [INFO] ADCParametersView:116 -                Rank 13 : true
2025-07-13 12:47:29,681 [INFO] ADCParametersView:116 -                Rank 1 : true
2025-07-13 12:47:29,681 [INFO] ADCParametersView:116 -                Rank 1 : true
2025-07-13 12:47:29,681 [INFO] ADCParametersView:116 -                Rank 2 : true
2025-07-13 12:47:29,682 [INFO] ADCParametersView:116 -                Rank 1 : true
2025-07-13 12:47:29,682 [INFO] ADCParametersView:116 -                Rank 2 : true
2025-07-13 12:47:29,682 [INFO] ADCParametersView:116 -                Rank 3 : true
2025-07-13 12:47:29,682 [INFO] ADCParametersView:116 -                Rank 1 : true
2025-07-13 12:47:29,682 [INFO] ADCParametersView:116 -                Rank 2 : true
2025-07-13 12:47:29,682 [INFO] ADCParametersView:116 -                Rank 3 : true
2025-07-13 12:47:29,682 [INFO] ADCParametersView:116 -                Rank 4 : true
2025-07-13 12:47:29,683 [INFO] ADCParametersView:116 -                Rank 1 : true
2025-07-13 12:47:29,683 [INFO] ADCParametersView:116 -                Rank 2 : true
2025-07-13 12:47:29,683 [INFO] ADCParametersView:116 -                Rank 3 : true
2025-07-13 12:47:29,683 [INFO] ADCParametersView:116 -                Rank 4 : true
2025-07-13 12:47:29,683 [INFO] ADCParametersView:116 -                Rank 5 : true
2025-07-13 12:47:29,683 [INFO] ADCParametersView:116 -                Rank 1 : true
2025-07-13 12:47:29,683 [INFO] ADCParametersView:116 -                Rank 2 : true
2025-07-13 12:47:29,683 [INFO] ADCParametersView:116 -                Rank 3 : true
2025-07-13 12:47:29,683 [INFO] ADCParametersView:116 -                Rank 4 : true
2025-07-13 12:47:29,683 [INFO] ADCParametersView:116 -                Rank 5 : true
2025-07-13 12:47:29,684 [INFO] ADCParametersView:116 -                Rank 6 : true
2025-07-13 12:47:29,684 [INFO] ADCParametersView:116 -                Rank 1 : true
2025-07-13 12:47:29,684 [INFO] ADCParametersView:116 -                Rank 2 : true
2025-07-13 12:47:29,684 [INFO] ADCParametersView:116 -                Rank 3 : true
2025-07-13 12:47:29,684 [INFO] ADCParametersView:116 -                Rank 4 : true
2025-07-13 12:47:29,684 [INFO] ADCParametersView:116 -                Rank 5 : true
2025-07-13 12:47:29,684 [INFO] ADCParametersView:116 -                Rank 6 : true
2025-07-13 12:47:29,684 [INFO] ADCParametersView:116 -                Rank 7 : true
2025-07-13 12:47:29,685 [INFO] ADCParametersView:116 -                Rank 1 : true
2025-07-13 12:47:29,685 [INFO] ADCParametersView:116 -                Rank 2 : true
2025-07-13 12:47:29,685 [INFO] ADCParametersView:116 -                Rank 3 : true
2025-07-13 12:47:29,685 [INFO] ADCParametersView:116 -                Rank 4 : true
2025-07-13 12:47:29,685 [INFO] ADCParametersView:116 -                Rank 5 : true
2025-07-13 12:47:29,685 [INFO] ADCParametersView:116 -                Rank 6 : true
2025-07-13 12:47:29,685 [INFO] ADCParametersView:116 -                Rank 7 : true
2025-07-13 12:47:29,685 [INFO] ADCParametersView:116 -                Rank 8 : true
2025-07-13 12:47:29,685 [INFO] ADCParametersView:116 -                Rank 1 : true
2025-07-13 12:47:29,685 [INFO] ADCParametersView:116 -                Rank 2 : true
2025-07-13 12:47:29,685 [INFO] ADCParametersView:116 -                Rank 3 : true
2025-07-13 12:47:29,685 [INFO] ADCParametersView:116 -                Rank 4 : true
2025-07-13 12:47:29,685 [INFO] ADCParametersView:116 -                Rank 5 : true
2025-07-13 12:47:29,685 [INFO] ADCParametersView:116 -                Rank 6 : true
2025-07-13 12:47:29,685 [INFO] ADCParametersView:116 -                Rank 7 : true
2025-07-13 12:47:29,685 [INFO] ADCParametersView:116 -                Rank 8 : true
2025-07-13 12:47:29,685 [INFO] ADCParametersView:116 -                Rank 9 : true
2025-07-13 12:47:29,686 [INFO] ADCParametersView:116 -                Rank 1 : true
2025-07-13 12:47:29,686 [INFO] ADCParametersView:116 -                Rank 2 : true
2025-07-13 12:47:29,686 [INFO] ADCParametersView:116 -                Rank 3 : true
2025-07-13 12:47:29,686 [INFO] ADCParametersView:116 -                Rank 4 : true
2025-07-13 12:47:29,686 [INFO] ADCParametersView:116 -                Rank 5 : true
2025-07-13 12:47:29,686 [INFO] ADCParametersView:116 -                Rank 6 : true
2025-07-13 12:47:29,686 [INFO] ADCParametersView:116 -                Rank 7 : true
2025-07-13 12:47:29,686 [INFO] ADCParametersView:116 -                Rank 8 : true
2025-07-13 12:47:29,686 [INFO] ADCParametersView:116 -                Rank 9 : true
2025-07-13 12:47:29,686 [INFO] ADCParametersView:116 -                Rank 10 : true
2025-07-13 12:47:29,688 [INFO] ADCParametersView:116 -                Rank 1 : true
2025-07-13 12:47:29,688 [INFO] ADCParametersView:116 -                Rank 2 : true
2025-07-13 12:47:29,688 [INFO] ADCParametersView:116 -                Rank 3 : true
2025-07-13 12:47:29,688 [INFO] ADCParametersView:116 -                Rank 4 : true
2025-07-13 12:47:29,688 [INFO] ADCParametersView:116 -                Rank 5 : true
2025-07-13 12:47:29,688 [INFO] ADCParametersView:116 -                Rank 6 : true
2025-07-13 12:47:29,688 [INFO] ADCParametersView:116 -                Rank 7 : true
2025-07-13 12:47:29,688 [INFO] ADCParametersView:116 -                Rank 8 : true
2025-07-13 12:47:29,688 [INFO] ADCParametersView:116 -                Rank 9 : true
2025-07-13 12:47:29,688 [INFO] ADCParametersView:116 -                Rank 10 : true
2025-07-13 12:47:29,688 [INFO] ADCParametersView:116 -                Rank 11 : true
2025-07-13 12:47:29,689 [INFO] ADCParametersView:116 -                Rank 1 : true
2025-07-13 12:47:29,689 [INFO] ADCParametersView:116 -                Rank 2 : true
2025-07-13 12:47:29,689 [INFO] ADCParametersView:116 -                Rank 3 : true
2025-07-13 12:47:29,689 [INFO] ADCParametersView:116 -                Rank 4 : true
2025-07-13 12:47:29,689 [INFO] ADCParametersView:116 -                Rank 5 : true
2025-07-13 12:47:29,689 [INFO] ADCParametersView:116 -                Rank 6 : true
2025-07-13 12:47:29,689 [INFO] ADCParametersView:116 -                Rank 7 : true
2025-07-13 12:47:29,689 [INFO] ADCParametersView:116 -                Rank 8 : true
2025-07-13 12:47:29,689 [INFO] ADCParametersView:116 -                Rank 9 : true
2025-07-13 12:47:29,689 [INFO] ADCParametersView:116 -                Rank 10 : true
2025-07-13 12:47:29,689 [INFO] ADCParametersView:116 -                Rank 11 : true
2025-07-13 12:47:29,689 [INFO] ADCParametersView:116 -                Rank 12 : true
2025-07-13 12:47:29,690 [INFO] ADCParametersView:116 -                Rank 1 : true
2025-07-13 12:47:29,690 [INFO] ADCParametersView:116 -                Rank 2 : true
2025-07-13 12:47:29,690 [INFO] ADCParametersView:116 -                Rank 3 : true
2025-07-13 12:47:29,690 [INFO] ADCParametersView:116 -                Rank 4 : true
2025-07-13 12:47:29,690 [INFO] ADCParametersView:116 -                Rank 5 : true
2025-07-13 12:47:29,690 [INFO] ADCParametersView:116 -                Rank 6 : true
2025-07-13 12:47:29,690 [INFO] ADCParametersView:116 -                Rank 7 : true
2025-07-13 12:47:29,690 [INFO] ADCParametersView:116 -                Rank 8 : true
2025-07-13 12:47:29,690 [INFO] ADCParametersView:116 -                Rank 9 : true
2025-07-13 12:47:29,690 [INFO] ADCParametersView:116 -                Rank 10 : true
2025-07-13 12:47:29,690 [INFO] ADCParametersView:116 -                Rank 11 : true
2025-07-13 12:47:29,690 [INFO] ADCParametersView:116 -                Rank 12 : true
2025-07-13 12:47:29,690 [INFO] ADCParametersView:116 -                Rank 13 : true
2025-07-13 12:47:31,299 [INFO] NvicIntPanel:101 - NVIC parent = com.st.microxplorer.plugins.ip.nvic.MultiNvicIntPanel[,0,0,0x0,invalid,layout=javax.swing.BoxLayout,alignmentX=0.0,alignmentY=0.0,border=,flags=9,maximumSize=,minimumSize=,preferredSize=]
2025-07-13 12:47:31,365 [INFO] ADCParametersView:116 -                Rank 1 : true
2025-07-13 12:47:31,365 [INFO] ADCParametersView:116 -                Rank 2 : true
2025-07-13 12:47:31,365 [INFO] ADCParametersView:116 -                Rank 3 : true
2025-07-13 12:47:31,365 [INFO] ADCParametersView:116 -                Rank 4 : true
2025-07-13 12:47:31,365 [INFO] ADCParametersView:116 -                Rank 5 : true
2025-07-13 12:47:31,365 [INFO] ADCParametersView:116 -                Rank 6 : true
2025-07-13 12:47:31,365 [INFO] ADCParametersView:116 -                Rank 7 : true
2025-07-13 12:47:31,365 [INFO] ADCParametersView:116 -                Rank 8 : true
2025-07-13 12:47:31,365 [INFO] ADCParametersView:116 -                Rank 9 : true
2025-07-13 12:47:31,365 [INFO] ADCParametersView:116 -                Rank 10 : true
2025-07-13 12:47:31,365 [INFO] ADCParametersView:116 -                Rank 11 : true
2025-07-13 12:47:31,365 [INFO] ADCParametersView:116 -                Rank 12 : true
2025-07-13 12:47:31,365 [INFO] ADCParametersView:116 -                Rank 13 : true
2025-07-13 12:47:31,368 [INFO] ADCParametersView:116 -                Rank 1 : true
2025-07-13 12:47:31,368 [INFO] ADCParametersView:116 -                Rank 2 : true
2025-07-13 12:47:31,368 [INFO] ADCParametersView:116 -                Rank 3 : true
2025-07-13 12:47:31,368 [INFO] ADCParametersView:116 -                Rank 4 : true
2025-07-13 12:47:31,368 [INFO] ADCParametersView:116 -                Rank 5 : true
2025-07-13 12:47:31,368 [INFO] ADCParametersView:116 -                Rank 6 : true
2025-07-13 12:47:31,368 [INFO] ADCParametersView:116 -                Rank 7 : true
2025-07-13 12:47:31,368 [INFO] ADCParametersView:116 -                Rank 8 : true
2025-07-13 12:47:31,368 [INFO] ADCParametersView:116 -                Rank 9 : true
2025-07-13 12:47:31,368 [INFO] ADCParametersView:116 -                Rank 10 : true
2025-07-13 12:47:31,368 [INFO] ADCParametersView:116 -                Rank 11 : true
2025-07-13 12:47:31,368 [INFO] ADCParametersView:116 -                Rank 12 : true
2025-07-13 12:47:31,368 [INFO] ADCParametersView:116 -                Rank 13 : true
2025-07-13 12:47:31,368 [INFO] ADCParametersView:116 -                Rank 1 : true
2025-07-13 12:47:31,368 [INFO] ADCParametersView:116 -                Rank 2 : true
2025-07-13 12:47:31,369 [INFO] ADCParametersView:116 -                Rank 3 : true
2025-07-13 12:47:31,369 [INFO] ADCParametersView:116 -                Rank 4 : true
2025-07-13 12:47:31,369 [INFO] ADCParametersView:116 -                Rank 5 : true
2025-07-13 12:47:31,369 [INFO] ADCParametersView:116 -                Rank 6 : true
2025-07-13 12:47:31,369 [INFO] ADCParametersView:116 -                Rank 7 : true
2025-07-13 12:47:31,369 [INFO] ADCParametersView:116 -                Rank 8 : true
2025-07-13 12:47:31,369 [INFO] ADCParametersView:116 -                Rank 9 : true
2025-07-13 12:47:31,369 [INFO] ADCParametersView:116 -                Rank 10 : true
2025-07-13 12:47:31,369 [INFO] ADCParametersView:116 -                Rank 11 : true
2025-07-13 12:47:31,369 [INFO] ADCParametersView:116 -                Rank 12 : true
2025-07-13 12:47:31,369 [INFO] ADCParametersView:116 -                Rank 13 : true
2025-07-13 12:47:31,369 [INFO] ADCParametersView:116 -                Rank 1 : true
2025-07-13 12:47:31,369 [INFO] ADCParametersView:116 -                Rank 2 : true
2025-07-13 12:47:31,369 [INFO] ADCParametersView:116 -                Rank 3 : true
2025-07-13 12:47:31,369 [INFO] ADCParametersView:116 -                Rank 4 : true
2025-07-13 12:47:31,369 [INFO] ADCParametersView:116 -                Rank 5 : true
2025-07-13 12:47:31,369 [INFO] ADCParametersView:116 -                Rank 6 : true
2025-07-13 12:47:31,370 [INFO] ADCParametersView:116 -                Rank 7 : true
2025-07-13 12:47:31,370 [INFO] ADCParametersView:116 -                Rank 8 : true
2025-07-13 12:47:31,370 [INFO] ADCParametersView:116 -                Rank 9 : true
2025-07-13 12:47:31,370 [INFO] ADCParametersView:116 -                Rank 10 : true
2025-07-13 12:47:31,370 [INFO] ADCParametersView:116 -                Rank 11 : true
2025-07-13 12:47:31,370 [INFO] ADCParametersView:116 -                Rank 12 : true
2025-07-13 12:47:31,370 [INFO] ADCParametersView:116 -                Rank 13 : true
2025-07-13 12:47:31,370 [INFO] ADCParametersView:116 -                Rank 1 : true
2025-07-13 12:47:31,370 [INFO] ADCParametersView:116 -                Rank 2 : true
2025-07-13 12:47:31,370 [INFO] ADCParametersView:116 -                Rank 3 : true
2025-07-13 12:47:31,370 [INFO] ADCParametersView:116 -                Rank 4 : true
2025-07-13 12:47:31,370 [INFO] ADCParametersView:116 -                Rank 5 : true
2025-07-13 12:47:31,370 [INFO] ADCParametersView:116 -                Rank 6 : true
2025-07-13 12:47:31,370 [INFO] ADCParametersView:116 -                Rank 7 : true
2025-07-13 12:47:31,371 [INFO] ADCParametersView:116 -                Rank 8 : true
2025-07-13 12:47:31,371 [INFO] ADCParametersView:116 -                Rank 9 : true
2025-07-13 12:47:31,371 [INFO] ADCParametersView:116 -                Rank 10 : true
2025-07-13 12:47:31,371 [INFO] ADCParametersView:116 -                Rank 11 : true
2025-07-13 12:47:31,371 [INFO] ADCParametersView:116 -                Rank 12 : true
2025-07-13 12:47:31,371 [INFO] ADCParametersView:116 -                Rank 13 : true
2025-07-13 12:47:31,371 [INFO] ADCParametersView:116 -                Rank 1 : true
2025-07-13 12:47:31,371 [INFO] ADCParametersView:116 -                Rank 2 : true
2025-07-13 12:47:31,371 [INFO] ADCParametersView:116 -                Rank 3 : true
2025-07-13 12:47:31,371 [INFO] ADCParametersView:116 -                Rank 4 : true
2025-07-13 12:47:31,371 [INFO] ADCParametersView:116 -                Rank 5 : true
2025-07-13 12:47:31,371 [INFO] ADCParametersView:116 -                Rank 6 : true
2025-07-13 12:47:31,371 [INFO] ADCParametersView:116 -                Rank 7 : true
2025-07-13 12:47:31,371 [INFO] ADCParametersView:116 -                Rank 8 : true
2025-07-13 12:47:31,371 [INFO] ADCParametersView:116 -                Rank 9 : true
2025-07-13 12:47:31,371 [INFO] ADCParametersView:116 -                Rank 10 : true
2025-07-13 12:47:31,371 [INFO] ADCParametersView:116 -                Rank 11 : true
2025-07-13 12:47:31,372 [INFO] ADCParametersView:116 -                Rank 12 : true
2025-07-13 12:47:31,372 [INFO] ADCParametersView:116 -                Rank 13 : true
2025-07-13 12:47:31,372 [INFO] ADCParametersView:116 -                Rank 1 : true
2025-07-13 12:47:31,372 [INFO] ADCParametersView:116 -                Rank 2 : true
2025-07-13 12:47:31,372 [INFO] ADCParametersView:116 -                Rank 3 : true
2025-07-13 12:47:31,372 [INFO] ADCParametersView:116 -                Rank 4 : true
2025-07-13 12:47:31,372 [INFO] ADCParametersView:116 -                Rank 5 : true
2025-07-13 12:47:31,372 [INFO] ADCParametersView:116 -                Rank 6 : true
2025-07-13 12:47:31,372 [INFO] ADCParametersView:116 -                Rank 7 : true
2025-07-13 12:47:31,372 [INFO] ADCParametersView:116 -                Rank 8 : true
2025-07-13 12:47:31,372 [INFO] ADCParametersView:116 -                Rank 9 : true
2025-07-13 12:47:31,372 [INFO] ADCParametersView:116 -                Rank 10 : true
2025-07-13 12:47:31,373 [INFO] ADCParametersView:116 -                Rank 11 : true
2025-07-13 12:47:31,374 [INFO] ADCParametersView:116 -                Rank 12 : true
2025-07-13 12:47:31,374 [INFO] ADCParametersView:116 -                Rank 13 : true
2025-07-13 12:47:31,374 [INFO] ADCParametersView:116 -                Rank 1 : true
2025-07-13 12:47:31,374 [INFO] ADCParametersView:116 -                Rank 2 : true
2025-07-13 12:47:31,374 [INFO] ADCParametersView:116 -                Rank 3 : true
2025-07-13 12:47:31,375 [INFO] ADCParametersView:116 -                Rank 4 : true
2025-07-13 12:47:31,375 [INFO] ADCParametersView:116 -                Rank 5 : true
2025-07-13 12:47:31,375 [INFO] ADCParametersView:116 -                Rank 6 : true
2025-07-13 12:47:31,375 [INFO] ADCParametersView:116 -                Rank 7 : true
2025-07-13 12:47:31,375 [INFO] ADCParametersView:116 -                Rank 8 : true
2025-07-13 12:47:31,375 [INFO] ADCParametersView:116 -                Rank 9 : true
2025-07-13 12:47:31,375 [INFO] ADCParametersView:116 -                Rank 10 : true
2025-07-13 12:47:31,375 [INFO] ADCParametersView:116 -                Rank 11 : true
2025-07-13 12:47:31,375 [INFO] ADCParametersView:116 -                Rank 12 : true
2025-07-13 12:47:31,375 [INFO] ADCParametersView:116 -                Rank 13 : true
2025-07-13 12:47:31,375 [INFO] ADCParametersView:116 -                Rank 1 : true
2025-07-13 12:47:31,375 [INFO] ADCParametersView:116 -                Rank 2 : true
2025-07-13 12:47:31,375 [INFO] ADCParametersView:116 -                Rank 3 : true
2025-07-13 12:47:31,375 [INFO] ADCParametersView:116 -                Rank 4 : true
2025-07-13 12:47:31,375 [INFO] ADCParametersView:116 -                Rank 5 : true
2025-07-13 12:47:31,375 [INFO] ADCParametersView:116 -                Rank 6 : true
2025-07-13 12:47:31,375 [INFO] ADCParametersView:116 -                Rank 7 : true
2025-07-13 12:47:31,375 [INFO] ADCParametersView:116 -                Rank 8 : true
2025-07-13 12:47:31,375 [INFO] ADCParametersView:116 -                Rank 9 : true
2025-07-13 12:47:31,376 [INFO] ADCParametersView:116 -                Rank 10 : true
2025-07-13 12:47:31,376 [INFO] ADCParametersView:116 -                Rank 11 : true
2025-07-13 12:47:31,376 [INFO] ADCParametersView:116 -                Rank 12 : true
2025-07-13 12:47:31,376 [INFO] ADCParametersView:116 -                Rank 13 : true
2025-07-13 12:47:31,376 [INFO] ADCParametersView:116 -                Rank 1 : true
2025-07-13 12:47:31,376 [INFO] ADCParametersView:116 -                Rank 2 : true
2025-07-13 12:47:31,376 [INFO] ADCParametersView:116 -                Rank 3 : true
2025-07-13 12:47:31,376 [INFO] ADCParametersView:116 -                Rank 4 : true
2025-07-13 12:47:31,376 [INFO] ADCParametersView:116 -                Rank 5 : true
2025-07-13 12:47:31,376 [INFO] ADCParametersView:116 -                Rank 6 : true
2025-07-13 12:47:31,376 [INFO] ADCParametersView:116 -                Rank 7 : true
2025-07-13 12:47:31,376 [INFO] ADCParametersView:116 -                Rank 8 : true
2025-07-13 12:47:31,376 [INFO] ADCParametersView:116 -                Rank 9 : true
2025-07-13 12:47:31,376 [INFO] ADCParametersView:116 -                Rank 10 : true
2025-07-13 12:47:31,376 [INFO] ADCParametersView:116 -                Rank 11 : true
2025-07-13 12:47:31,376 [INFO] ADCParametersView:116 -                Rank 12 : true
2025-07-13 12:47:31,376 [INFO] ADCParametersView:116 -                Rank 13 : true
2025-07-13 12:47:31,377 [INFO] ADCParametersView:116 -                Rank 1 : true
2025-07-13 12:47:31,377 [INFO] ADCParametersView:116 -                Rank 2 : true
2025-07-13 12:47:31,377 [INFO] ADCParametersView:116 -                Rank 3 : true
2025-07-13 12:47:31,377 [INFO] ADCParametersView:116 -                Rank 4 : true
2025-07-13 12:47:31,377 [INFO] ADCParametersView:116 -                Rank 5 : true
2025-07-13 12:47:31,377 [INFO] ADCParametersView:116 -                Rank 6 : true
2025-07-13 12:47:31,377 [INFO] ADCParametersView:116 -                Rank 7 : true
2025-07-13 12:47:31,377 [INFO] ADCParametersView:116 -                Rank 8 : true
2025-07-13 12:47:31,377 [INFO] ADCParametersView:116 -                Rank 9 : true
2025-07-13 12:47:31,377 [INFO] ADCParametersView:116 -                Rank 10 : true
2025-07-13 12:47:31,377 [INFO] ADCParametersView:116 -                Rank 11 : true
2025-07-13 12:47:31,377 [INFO] ADCParametersView:116 -                Rank 12 : true
2025-07-13 12:47:31,377 [INFO] ADCParametersView:116 -                Rank 13 : true
2025-07-13 12:47:31,377 [INFO] ADCParametersView:116 -                Rank 1 : true
2025-07-13 12:47:31,377 [INFO] ADCParametersView:116 -                Rank 2 : true
2025-07-13 12:47:31,378 [INFO] ADCParametersView:116 -                Rank 3 : true
2025-07-13 12:47:31,378 [INFO] ADCParametersView:116 -                Rank 4 : true
2025-07-13 12:47:31,378 [INFO] ADCParametersView:116 -                Rank 5 : true
2025-07-13 12:47:31,378 [INFO] ADCParametersView:116 -                Rank 6 : true
2025-07-13 12:47:31,378 [INFO] ADCParametersView:116 -                Rank 7 : true
2025-07-13 12:47:31,378 [INFO] ADCParametersView:116 -                Rank 8 : true
2025-07-13 12:47:31,378 [INFO] ADCParametersView:116 -                Rank 9 : true
2025-07-13 12:47:31,378 [INFO] ADCParametersView:116 -                Rank 10 : true
2025-07-13 12:47:31,378 [INFO] ADCParametersView:116 -                Rank 11 : true
2025-07-13 12:47:31,378 [INFO] ADCParametersView:116 -                Rank 12 : true
2025-07-13 12:47:31,378 [INFO] ADCParametersView:116 -                Rank 13 : true
2025-07-13 12:47:31,378 [INFO] ADCParametersView:116 -                Rank 1 : true
2025-07-13 12:47:31,378 [INFO] ADCParametersView:116 -                Rank 2 : true
2025-07-13 12:47:31,378 [INFO] ADCParametersView:116 -                Rank 3 : true
2025-07-13 12:47:31,378 [INFO] ADCParametersView:116 -                Rank 4 : true
2025-07-13 12:47:31,378 [INFO] ADCParametersView:116 -                Rank 5 : true
2025-07-13 12:47:31,378 [INFO] ADCParametersView:116 -                Rank 6 : true
2025-07-13 12:47:31,378 [INFO] ADCParametersView:116 -                Rank 7 : true
2025-07-13 12:47:31,378 [INFO] ADCParametersView:116 -                Rank 8 : true
2025-07-13 12:47:31,378 [INFO] ADCParametersView:116 -                Rank 9 : true
2025-07-13 12:47:31,379 [INFO] ADCParametersView:116 -                Rank 10 : true
2025-07-13 12:47:31,379 [INFO] ADCParametersView:116 -                Rank 11 : true
2025-07-13 12:47:31,379 [INFO] ADCParametersView:116 -                Rank 12 : true
2025-07-13 12:47:31,379 [INFO] ADCParametersView:116 -                Rank 13 : true
2025-07-13 12:47:31,379 [INFO] ADCParametersView:116 -                Rank 1 : true
2025-07-13 12:47:31,379 [INFO] ADCParametersView:116 -                Rank 2 : true
2025-07-13 12:47:31,379 [INFO] ADCParametersView:116 -                Rank 3 : true
2025-07-13 12:47:31,379 [INFO] ADCParametersView:116 -                Rank 4 : true
2025-07-13 12:47:31,379 [INFO] ADCParametersView:116 -                Rank 5 : true
2025-07-13 12:47:31,379 [INFO] ADCParametersView:116 -                Rank 6 : true
2025-07-13 12:47:31,379 [INFO] ADCParametersView:116 -                Rank 7 : true
2025-07-13 12:47:31,379 [INFO] ADCParametersView:116 -                Rank 8 : true
2025-07-13 12:47:31,379 [INFO] ADCParametersView:116 -                Rank 9 : true
2025-07-13 12:47:31,379 [INFO] ADCParametersView:116 -                Rank 10 : true
2025-07-13 12:47:31,379 [INFO] ADCParametersView:116 -                Rank 11 : true
2025-07-13 12:47:31,379 [INFO] ADCParametersView:116 -                Rank 12 : true
2025-07-13 12:47:31,379 [INFO] ADCParametersView:116 -                Rank 13 : true
2025-07-13 12:47:31,380 [INFO] ADCParametersView:116 -                Rank 2 : true
2025-07-13 12:47:31,380 [INFO] ADCParametersView:116 -                Rank 3 : true
2025-07-13 12:47:31,380 [INFO] ADCParametersView:116 -                Rank 4 : true
2025-07-13 12:47:31,380 [INFO] ADCParametersView:116 -                Rank 5 : true
2025-07-13 12:47:31,380 [INFO] ADCParametersView:116 -                Rank 6 : true
2025-07-13 12:47:31,380 [INFO] ADCParametersView:116 -                Rank 7 : true
2025-07-13 12:47:31,380 [INFO] ADCParametersView:116 -                Rank 8 : true
2025-07-13 12:47:31,380 [INFO] ADCParametersView:116 -                Rank 9 : true
2025-07-13 12:47:31,380 [INFO] ADCParametersView:116 -                Rank 10 : true
2025-07-13 12:47:31,380 [INFO] ADCParametersView:116 -                Rank 11 : true
2025-07-13 12:47:31,380 [INFO] ADCParametersView:116 -                Rank 12 : true
2025-07-13 12:47:31,380 [INFO] ADCParametersView:116 -                Rank 13 : true
2025-07-13 12:47:31,380 [INFO] ADCParametersView:116 -                Rank 3 : true
2025-07-13 12:47:31,380 [INFO] ADCParametersView:116 -                Rank 4 : true
2025-07-13 12:47:31,380 [INFO] ADCParametersView:116 -                Rank 5 : true
2025-07-13 12:47:31,380 [INFO] ADCParametersView:116 -                Rank 6 : true
2025-07-13 12:47:31,380 [INFO] ADCParametersView:116 -                Rank 7 : true
2025-07-13 12:47:31,380 [INFO] ADCParametersView:116 -                Rank 8 : true
2025-07-13 12:47:31,380 [INFO] ADCParametersView:116 -                Rank 9 : true
2025-07-13 12:47:31,380 [INFO] ADCParametersView:116 -                Rank 10 : true
2025-07-13 12:47:31,381 [INFO] ADCParametersView:116 -                Rank 11 : true
2025-07-13 12:47:31,381 [INFO] ADCParametersView:116 -                Rank 12 : true
2025-07-13 12:47:31,381 [INFO] ADCParametersView:116 -                Rank 13 : true
2025-07-13 12:47:31,381 [INFO] ADCParametersView:116 -                Rank 4 : true
2025-07-13 12:47:31,381 [INFO] ADCParametersView:116 -                Rank 5 : true
2025-07-13 12:47:31,381 [INFO] ADCParametersView:116 -                Rank 6 : true
2025-07-13 12:47:31,381 [INFO] ADCParametersView:116 -                Rank 7 : true
2025-07-13 12:47:31,381 [INFO] ADCParametersView:116 -                Rank 8 : true
2025-07-13 12:47:31,381 [INFO] ADCParametersView:116 -                Rank 9 : true
2025-07-13 12:47:31,381 [INFO] ADCParametersView:116 -                Rank 10 : true
2025-07-13 12:47:31,381 [INFO] ADCParametersView:116 -                Rank 11 : true
2025-07-13 12:47:31,381 [INFO] ADCParametersView:116 -                Rank 12 : true
2025-07-13 12:47:31,381 [INFO] ADCParametersView:116 -                Rank 13 : true
2025-07-13 12:47:31,381 [INFO] ADCParametersView:116 -                Rank 5 : true
2025-07-13 12:47:31,381 [INFO] ADCParametersView:116 -                Rank 6 : true
2025-07-13 12:47:31,381 [INFO] ADCParametersView:116 -                Rank 7 : true
2025-07-13 12:47:31,381 [INFO] ADCParametersView:116 -                Rank 8 : true
2025-07-13 12:47:31,381 [INFO] ADCParametersView:116 -                Rank 9 : true
2025-07-13 12:47:31,382 [INFO] ADCParametersView:116 -                Rank 10 : true
2025-07-13 12:47:31,382 [INFO] ADCParametersView:116 -                Rank 11 : true
2025-07-13 12:47:31,382 [INFO] ADCParametersView:116 -                Rank 12 : true
2025-07-13 12:47:31,382 [INFO] ADCParametersView:116 -                Rank 13 : true
2025-07-13 12:47:31,382 [INFO] ADCParametersView:116 -                Rank 6 : true
2025-07-13 12:47:31,382 [INFO] ADCParametersView:116 -                Rank 7 : true
2025-07-13 12:47:31,382 [INFO] ADCParametersView:116 -                Rank 8 : true
2025-07-13 12:47:31,382 [INFO] ADCParametersView:116 -                Rank 9 : true
2025-07-13 12:47:31,382 [INFO] ADCParametersView:116 -                Rank 10 : true
2025-07-13 12:47:31,382 [INFO] ADCParametersView:116 -                Rank 11 : true
2025-07-13 12:47:31,382 [INFO] ADCParametersView:116 -                Rank 12 : true
2025-07-13 12:47:31,382 [INFO] ADCParametersView:116 -                Rank 13 : true
2025-07-13 12:47:31,382 [INFO] ADCParametersView:116 -                Rank 7 : true
2025-07-13 12:47:31,382 [INFO] ADCParametersView:116 -                Rank 8 : true
2025-07-13 12:47:31,382 [INFO] ADCParametersView:116 -                Rank 9 : true
2025-07-13 12:47:31,382 [INFO] ADCParametersView:116 -                Rank 10 : true
2025-07-13 12:47:31,382 [INFO] ADCParametersView:116 -                Rank 11 : true
2025-07-13 12:47:31,382 [INFO] ADCParametersView:116 -                Rank 12 : true
2025-07-13 12:47:31,383 [INFO] ADCParametersView:116 -                Rank 13 : true
2025-07-13 12:47:31,383 [INFO] ADCParametersView:116 -                Rank 8 : true
2025-07-13 12:47:31,383 [INFO] ADCParametersView:116 -                Rank 9 : true
2025-07-13 12:47:31,383 [INFO] ADCParametersView:116 -                Rank 10 : true
2025-07-13 12:47:31,383 [INFO] ADCParametersView:116 -                Rank 11 : true
2025-07-13 12:47:31,383 [INFO] ADCParametersView:116 -                Rank 12 : true
2025-07-13 12:47:31,383 [INFO] ADCParametersView:116 -                Rank 13 : true
2025-07-13 12:47:31,383 [INFO] ADCParametersView:116 -                Rank 9 : true
2025-07-13 12:47:31,383 [INFO] ADCParametersView:116 -                Rank 10 : true
2025-07-13 12:47:31,383 [INFO] ADCParametersView:116 -                Rank 11 : true
2025-07-13 12:47:31,383 [INFO] ADCParametersView:116 -                Rank 12 : true
2025-07-13 12:47:31,383 [INFO] ADCParametersView:116 -                Rank 13 : true
2025-07-13 12:47:31,383 [INFO] ADCParametersView:116 -                Rank 10 : true
2025-07-13 12:47:31,383 [INFO] ADCParametersView:116 -                Rank 11 : true
2025-07-13 12:47:31,383 [INFO] ADCParametersView:116 -                Rank 12 : true
2025-07-13 12:47:31,383 [INFO] ADCParametersView:116 -                Rank 13 : true
2025-07-13 12:47:31,383 [INFO] ADCParametersView:116 -                Rank 11 : true
2025-07-13 12:47:31,383 [INFO] ADCParametersView:116 -                Rank 12 : true
2025-07-13 12:47:31,384 [INFO] ADCParametersView:116 -                Rank 13 : true
2025-07-13 12:47:31,384 [INFO] ADCParametersView:116 -                Rank 12 : true
2025-07-13 12:47:31,384 [INFO] ADCParametersView:116 -                Rank 13 : true
2025-07-13 12:47:31,384 [INFO] ADCParametersView:116 -                Rank 13 : true
2025-07-13 12:47:31,441 [INFO] ADCParametersView:116 -                Rank 1 : true
2025-07-13 12:47:31,442 [INFO] ADCParametersView:116 -                Rank 1 : true
2025-07-13 12:47:31,442 [INFO] ADCParametersView:116 -                Rank 2 : true
2025-07-13 12:47:31,442 [INFO] ADCParametersView:116 -                Rank 1 : true
2025-07-13 12:47:31,442 [INFO] ADCParametersView:116 -                Rank 2 : true
2025-07-13 12:47:31,442 [INFO] ADCParametersView:116 -                Rank 3 : true
2025-07-13 12:47:31,442 [INFO] ADCParametersView:116 -                Rank 1 : true
2025-07-13 12:47:31,442 [INFO] ADCParametersView:116 -                Rank 2 : true
2025-07-13 12:47:31,442 [INFO] ADCParametersView:116 -                Rank 3 : true
2025-07-13 12:47:31,442 [INFO] ADCParametersView:116 -                Rank 4 : true
2025-07-13 12:47:31,443 [INFO] ADCParametersView:116 -                Rank 1 : true
2025-07-13 12:47:31,443 [INFO] ADCParametersView:116 -                Rank 2 : true
2025-07-13 12:47:31,443 [INFO] ADCParametersView:116 -                Rank 3 : true
2025-07-13 12:47:31,443 [INFO] ADCParametersView:116 -                Rank 4 : true
2025-07-13 12:47:31,443 [INFO] ADCParametersView:116 -                Rank 5 : true
2025-07-13 12:47:31,443 [INFO] ADCParametersView:116 -                Rank 1 : true
2025-07-13 12:47:31,443 [INFO] ADCParametersView:116 -                Rank 2 : true
2025-07-13 12:47:31,443 [INFO] ADCParametersView:116 -                Rank 3 : true
2025-07-13 12:47:31,443 [INFO] ADCParametersView:116 -                Rank 4 : true
2025-07-13 12:47:31,443 [INFO] ADCParametersView:116 -                Rank 5 : true
2025-07-13 12:47:31,443 [INFO] ADCParametersView:116 -                Rank 6 : true
2025-07-13 12:47:31,444 [INFO] ADCParametersView:116 -                Rank 1 : true
2025-07-13 12:47:31,444 [INFO] ADCParametersView:116 -                Rank 2 : true
2025-07-13 12:47:31,444 [INFO] ADCParametersView:116 -                Rank 3 : true
2025-07-13 12:47:31,444 [INFO] ADCParametersView:116 -                Rank 4 : true
2025-07-13 12:47:31,444 [INFO] ADCParametersView:116 -                Rank 5 : true
2025-07-13 12:47:31,444 [INFO] ADCParametersView:116 -                Rank 6 : true
2025-07-13 12:47:31,444 [INFO] ADCParametersView:116 -                Rank 7 : true
2025-07-13 12:47:31,444 [INFO] ADCParametersView:116 -                Rank 1 : true
2025-07-13 12:47:31,444 [INFO] ADCParametersView:116 -                Rank 2 : true
2025-07-13 12:47:31,444 [INFO] ADCParametersView:116 -                Rank 3 : true
2025-07-13 12:47:31,444 [INFO] ADCParametersView:116 -                Rank 4 : true
2025-07-13 12:47:31,444 [INFO] ADCParametersView:116 -                Rank 5 : true
2025-07-13 12:47:31,445 [INFO] ADCParametersView:116 -                Rank 6 : true
2025-07-13 12:47:31,445 [INFO] ADCParametersView:116 -                Rank 7 : true
2025-07-13 12:47:31,445 [INFO] ADCParametersView:116 -                Rank 8 : true
2025-07-13 12:47:31,445 [INFO] ADCParametersView:116 -                Rank 1 : true
2025-07-13 12:47:31,445 [INFO] ADCParametersView:116 -                Rank 2 : true
2025-07-13 12:47:31,445 [INFO] ADCParametersView:116 -                Rank 3 : true
2025-07-13 12:47:31,445 [INFO] ADCParametersView:116 -                Rank 4 : true
2025-07-13 12:47:31,445 [INFO] ADCParametersView:116 -                Rank 5 : true
2025-07-13 12:47:31,445 [INFO] ADCParametersView:116 -                Rank 6 : true
2025-07-13 12:47:31,445 [INFO] ADCParametersView:116 -                Rank 7 : true
2025-07-13 12:47:31,445 [INFO] ADCParametersView:116 -                Rank 8 : true
2025-07-13 12:47:31,445 [INFO] ADCParametersView:116 -                Rank 9 : true
2025-07-13 12:47:31,446 [INFO] ADCParametersView:116 -                Rank 1 : true
2025-07-13 12:47:31,446 [INFO] ADCParametersView:116 -                Rank 2 : true
2025-07-13 12:47:31,446 [INFO] ADCParametersView:116 -                Rank 3 : true
2025-07-13 12:47:31,446 [INFO] ADCParametersView:116 -                Rank 4 : true
2025-07-13 12:47:31,446 [INFO] ADCParametersView:116 -                Rank 5 : true
2025-07-13 12:47:31,446 [INFO] ADCParametersView:116 -                Rank 6 : true
2025-07-13 12:47:31,446 [INFO] ADCParametersView:116 -                Rank 7 : true
2025-07-13 12:47:31,446 [INFO] ADCParametersView:116 -                Rank 8 : true
2025-07-13 12:47:31,446 [INFO] ADCParametersView:116 -                Rank 9 : true
2025-07-13 12:47:31,446 [INFO] ADCParametersView:116 -                Rank 10 : true
2025-07-13 12:47:31,447 [INFO] ADCParametersView:116 -                Rank 1 : true
2025-07-13 12:47:31,447 [INFO] ADCParametersView:116 -                Rank 2 : true
2025-07-13 12:47:31,447 [INFO] ADCParametersView:116 -                Rank 3 : true
2025-07-13 12:47:31,447 [INFO] ADCParametersView:116 -                Rank 4 : true
2025-07-13 12:47:31,447 [INFO] ADCParametersView:116 -                Rank 5 : true
2025-07-13 12:47:31,447 [INFO] ADCParametersView:116 -                Rank 6 : true
2025-07-13 12:47:31,447 [INFO] ADCParametersView:116 -                Rank 7 : true
2025-07-13 12:47:31,447 [INFO] ADCParametersView:116 -                Rank 8 : true
2025-07-13 12:47:31,447 [INFO] ADCParametersView:116 -                Rank 9 : true
2025-07-13 12:47:31,447 [INFO] ADCParametersView:116 -                Rank 10 : true
2025-07-13 12:47:31,447 [INFO] ADCParametersView:116 -                Rank 11 : true
2025-07-13 12:47:31,447 [INFO] ADCParametersView:116 -                Rank 1 : true
2025-07-13 12:47:31,447 [INFO] ADCParametersView:116 -                Rank 2 : true
2025-07-13 12:47:31,447 [INFO] ADCParametersView:116 -                Rank 3 : true
2025-07-13 12:47:31,448 [INFO] ADCParametersView:116 -                Rank 4 : true
2025-07-13 12:47:31,448 [INFO] ADCParametersView:116 -                Rank 5 : true
2025-07-13 12:47:31,448 [INFO] ADCParametersView:116 -                Rank 6 : true
2025-07-13 12:47:31,448 [INFO] ADCParametersView:116 -                Rank 7 : true
2025-07-13 12:47:31,448 [INFO] ADCParametersView:116 -                Rank 8 : true
2025-07-13 12:47:31,448 [INFO] ADCParametersView:116 -                Rank 9 : true
2025-07-13 12:47:31,448 [INFO] ADCParametersView:116 -                Rank 10 : true
2025-07-13 12:47:31,448 [INFO] ADCParametersView:116 -                Rank 11 : true
2025-07-13 12:47:31,448 [INFO] ADCParametersView:116 -                Rank 12 : true
2025-07-13 12:47:31,448 [INFO] ADCParametersView:116 -                Rank 1 : true
2025-07-13 12:47:31,448 [INFO] ADCParametersView:116 -                Rank 2 : true
2025-07-13 12:47:31,448 [INFO] ADCParametersView:116 -                Rank 3 : true
2025-07-13 12:47:31,448 [INFO] ADCParametersView:116 -                Rank 4 : true
2025-07-13 12:47:31,449 [INFO] ADCParametersView:116 -                Rank 5 : true
2025-07-13 12:47:31,449 [INFO] ADCParametersView:116 -                Rank 6 : true
2025-07-13 12:47:31,449 [INFO] ADCParametersView:116 -                Rank 7 : true
2025-07-13 12:47:31,449 [INFO] ADCParametersView:116 -                Rank 8 : true
2025-07-13 12:47:31,449 [INFO] ADCParametersView:116 -                Rank 9 : true
2025-07-13 12:47:31,449 [INFO] ADCParametersView:116 -                Rank 10 : true
2025-07-13 12:47:31,449 [INFO] ADCParametersView:116 -                Rank 11 : true
2025-07-13 12:47:31,449 [INFO] ADCParametersView:116 -                Rank 12 : true
2025-07-13 12:47:31,449 [INFO] ADCParametersView:116 -                Rank 13 : true
2025-07-13 12:47:34,943 [INFO] NvicIntPanel:101 - NVIC parent = com.st.microxplorer.plugins.ip.nvic.MultiNvicIntPanel[,0,0,0x0,invalid,layout=javax.swing.BoxLayout,alignmentX=0.0,alignmentY=0.0,border=,flags=9,maximumSize=,minimumSize=,preferredSize=]
2025-07-13 12:47:35,004 [INFO] ADCParametersView:116 -                Rank 1 : true
2025-07-13 12:47:35,004 [INFO] ADCParametersView:116 -                Rank 2 : true
2025-07-13 12:47:35,004 [INFO] ADCParametersView:116 -                Rank 3 : true
2025-07-13 12:47:35,004 [INFO] ADCParametersView:116 -                Rank 4 : true
2025-07-13 12:47:35,004 [INFO] ADCParametersView:116 -                Rank 5 : true
2025-07-13 12:47:35,005 [INFO] ADCParametersView:116 -                Rank 6 : true
2025-07-13 12:47:35,005 [INFO] ADCParametersView:116 -                Rank 7 : true
2025-07-13 12:47:35,005 [INFO] ADCParametersView:116 -                Rank 8 : true
2025-07-13 12:47:35,005 [INFO] ADCParametersView:116 -                Rank 9 : true
2025-07-13 12:47:35,005 [INFO] ADCParametersView:116 -                Rank 10 : true
2025-07-13 12:47:35,005 [INFO] ADCParametersView:116 -                Rank 11 : true
2025-07-13 12:47:35,005 [INFO] ADCParametersView:116 -                Rank 12 : true
2025-07-13 12:47:35,005 [INFO] ADCParametersView:116 -                Rank 13 : true
2025-07-13 12:47:35,019 [INFO] ADCParametersView:116 -                Rank 1 : true
2025-07-13 12:47:35,020 [INFO] ADCParametersView:116 -                Rank 2 : true
2025-07-13 12:47:35,020 [INFO] ADCParametersView:116 -                Rank 3 : true
2025-07-13 12:47:35,020 [INFO] ADCParametersView:116 -                Rank 4 : true
2025-07-13 12:47:35,020 [INFO] ADCParametersView:116 -                Rank 5 : true
2025-07-13 12:47:35,020 [INFO] ADCParametersView:116 -                Rank 6 : true
2025-07-13 12:47:35,020 [INFO] ADCParametersView:116 -                Rank 7 : true
2025-07-13 12:47:35,020 [INFO] ADCParametersView:116 -                Rank 8 : true
2025-07-13 12:47:35,020 [INFO] ADCParametersView:116 -                Rank 9 : true
2025-07-13 12:47:35,020 [INFO] ADCParametersView:116 -                Rank 10 : true
2025-07-13 12:47:35,020 [INFO] ADCParametersView:116 -                Rank 11 : true
2025-07-13 12:47:35,020 [INFO] ADCParametersView:116 -                Rank 12 : true
2025-07-13 12:47:35,020 [INFO] ADCParametersView:116 -                Rank 13 : true
2025-07-13 12:47:35,020 [INFO] ADCParametersView:116 -                Rank 1 : true
2025-07-13 12:47:35,020 [INFO] ADCParametersView:116 -                Rank 2 : true
2025-07-13 12:47:35,020 [INFO] ADCParametersView:116 -                Rank 3 : true
2025-07-13 12:47:35,021 [INFO] ADCParametersView:116 -                Rank 4 : true
2025-07-13 12:47:35,021 [INFO] ADCParametersView:116 -                Rank 5 : true
2025-07-13 12:47:35,021 [INFO] ADCParametersView:116 -                Rank 6 : true
2025-07-13 12:47:35,021 [INFO] ADCParametersView:116 -                Rank 7 : true
2025-07-13 12:47:35,021 [INFO] ADCParametersView:116 -                Rank 8 : true
2025-07-13 12:47:35,021 [INFO] ADCParametersView:116 -                Rank 9 : true
2025-07-13 12:47:35,021 [INFO] ADCParametersView:116 -                Rank 10 : true
2025-07-13 12:47:35,021 [INFO] ADCParametersView:116 -                Rank 11 : true
2025-07-13 12:47:35,021 [INFO] ADCParametersView:116 -                Rank 12 : true
2025-07-13 12:47:35,021 [INFO] ADCParametersView:116 -                Rank 13 : true
2025-07-13 12:47:35,021 [INFO] ADCParametersView:116 -                Rank 1 : true
2025-07-13 12:47:35,021 [INFO] ADCParametersView:116 -                Rank 2 : true
2025-07-13 12:47:35,021 [INFO] ADCParametersView:116 -                Rank 3 : true
2025-07-13 12:47:35,021 [INFO] ADCParametersView:116 -                Rank 4 : true
2025-07-13 12:47:35,021 [INFO] ADCParametersView:116 -                Rank 5 : true
2025-07-13 12:47:35,021 [INFO] ADCParametersView:116 -                Rank 6 : true
2025-07-13 12:47:35,021 [INFO] ADCParametersView:116 -                Rank 7 : true
2025-07-13 12:47:35,021 [INFO] ADCParametersView:116 -                Rank 8 : true
2025-07-13 12:47:35,021 [INFO] ADCParametersView:116 -                Rank 9 : true
2025-07-13 12:47:35,022 [INFO] ADCParametersView:116 -                Rank 10 : true
2025-07-13 12:47:35,022 [INFO] ADCParametersView:116 -                Rank 11 : true
2025-07-13 12:47:35,022 [INFO] ADCParametersView:116 -                Rank 12 : true
2025-07-13 12:47:35,022 [INFO] ADCParametersView:116 -                Rank 13 : true
2025-07-13 12:47:35,022 [INFO] ADCParametersView:116 -                Rank 1 : true
2025-07-13 12:47:35,022 [INFO] ADCParametersView:116 -                Rank 2 : true
2025-07-13 12:47:35,022 [INFO] ADCParametersView:116 -                Rank 3 : true
2025-07-13 12:47:35,022 [INFO] ADCParametersView:116 -                Rank 4 : true
2025-07-13 12:47:35,022 [INFO] ADCParametersView:116 -                Rank 5 : true
2025-07-13 12:47:35,022 [INFO] ADCParametersView:116 -                Rank 6 : true
2025-07-13 12:47:35,022 [INFO] ADCParametersView:116 -                Rank 7 : true
2025-07-13 12:47:35,022 [INFO] ADCParametersView:116 -                Rank 8 : true
2025-07-13 12:47:35,022 [INFO] ADCParametersView:116 -                Rank 9 : true
2025-07-13 12:47:35,022 [INFO] ADCParametersView:116 -                Rank 10 : true
2025-07-13 12:47:35,022 [INFO] ADCParametersView:116 -                Rank 11 : true
2025-07-13 12:47:35,023 [INFO] ADCParametersView:116 -                Rank 12 : true
2025-07-13 12:47:35,023 [INFO] ADCParametersView:116 -                Rank 13 : true
2025-07-13 12:47:35,023 [INFO] ADCParametersView:116 -                Rank 1 : true
2025-07-13 12:47:35,023 [INFO] ADCParametersView:116 -                Rank 2 : true
2025-07-13 12:47:35,023 [INFO] ADCParametersView:116 -                Rank 3 : true
2025-07-13 12:47:35,023 [INFO] ADCParametersView:116 -                Rank 4 : true
2025-07-13 12:47:35,023 [INFO] ADCParametersView:116 -                Rank 5 : true
2025-07-13 12:47:35,023 [INFO] ADCParametersView:116 -                Rank 6 : true
2025-07-13 12:47:35,023 [INFO] ADCParametersView:116 -                Rank 7 : true
2025-07-13 12:47:35,023 [INFO] ADCParametersView:116 -                Rank 8 : true
2025-07-13 12:47:35,023 [INFO] ADCParametersView:116 -                Rank 9 : true
2025-07-13 12:47:35,023 [INFO] ADCParametersView:116 -                Rank 10 : true
2025-07-13 12:47:35,023 [INFO] ADCParametersView:116 -                Rank 11 : true
2025-07-13 12:47:35,023 [INFO] ADCParametersView:116 -                Rank 12 : true
2025-07-13 12:47:35,023 [INFO] ADCParametersView:116 -                Rank 13 : true
2025-07-13 12:47:35,024 [INFO] ADCParametersView:116 -                Rank 1 : true
2025-07-13 12:47:35,024 [INFO] ADCParametersView:116 -                Rank 2 : true
2025-07-13 12:47:35,024 [INFO] ADCParametersView:116 -                Rank 3 : true
2025-07-13 12:47:35,024 [INFO] ADCParametersView:116 -                Rank 4 : true
2025-07-13 12:47:35,024 [INFO] ADCParametersView:116 -                Rank 5 : true
2025-07-13 12:47:35,024 [INFO] ADCParametersView:116 -                Rank 6 : true
2025-07-13 12:47:35,024 [INFO] ADCParametersView:116 -                Rank 7 : true
2025-07-13 12:47:35,024 [INFO] ADCParametersView:116 -                Rank 8 : true
2025-07-13 12:47:35,024 [INFO] ADCParametersView:116 -                Rank 9 : true
2025-07-13 12:47:35,024 [INFO] ADCParametersView:116 -                Rank 10 : true
2025-07-13 12:47:35,024 [INFO] ADCParametersView:116 -                Rank 11 : true
2025-07-13 12:47:35,024 [INFO] ADCParametersView:116 -                Rank 12 : true
2025-07-13 12:47:35,024 [INFO] ADCParametersView:116 -                Rank 13 : true
2025-07-13 12:47:35,025 [INFO] ADCParametersView:116 -                Rank 1 : true
2025-07-13 12:47:35,025 [INFO] ADCParametersView:116 -                Rank 2 : true
2025-07-13 12:47:35,025 [INFO] ADCParametersView:116 -                Rank 3 : true
2025-07-13 12:47:35,025 [INFO] ADCParametersView:116 -                Rank 4 : true
2025-07-13 12:47:35,025 [INFO] ADCParametersView:116 -                Rank 5 : true
2025-07-13 12:47:35,025 [INFO] ADCParametersView:116 -                Rank 6 : true
2025-07-13 12:47:35,025 [INFO] ADCParametersView:116 -                Rank 7 : true
2025-07-13 12:47:35,025 [INFO] ADCParametersView:116 -                Rank 8 : true
2025-07-13 12:47:35,025 [INFO] ADCParametersView:116 -                Rank 9 : true
2025-07-13 12:47:35,025 [INFO] ADCParametersView:116 -                Rank 10 : true
2025-07-13 12:47:35,025 [INFO] ADCParametersView:116 -                Rank 11 : true
2025-07-13 12:47:35,025 [INFO] ADCParametersView:116 -                Rank 12 : true
2025-07-13 12:47:35,025 [INFO] ADCParametersView:116 -                Rank 13 : true
2025-07-13 12:47:35,025 [INFO] ADCParametersView:116 -                Rank 1 : true
2025-07-13 12:47:35,025 [INFO] ADCParametersView:116 -                Rank 2 : true
2025-07-13 12:47:35,025 [INFO] ADCParametersView:116 -                Rank 3 : true
2025-07-13 12:47:35,025 [INFO] ADCParametersView:116 -                Rank 4 : true
2025-07-13 12:47:35,025 [INFO] ADCParametersView:116 -                Rank 5 : true
2025-07-13 12:47:35,025 [INFO] ADCParametersView:116 -                Rank 6 : true
2025-07-13 12:47:35,025 [INFO] ADCParametersView:116 -                Rank 7 : true
2025-07-13 12:47:35,026 [INFO] ADCParametersView:116 -                Rank 8 : true
2025-07-13 12:47:35,026 [INFO] ADCParametersView:116 -                Rank 9 : true
2025-07-13 12:47:35,026 [INFO] ADCParametersView:116 -                Rank 10 : true
2025-07-13 12:47:35,026 [INFO] ADCParametersView:116 -                Rank 11 : true
2025-07-13 12:47:35,026 [INFO] ADCParametersView:116 -                Rank 12 : true
2025-07-13 12:47:35,026 [INFO] ADCParametersView:116 -                Rank 13 : true
2025-07-13 12:47:35,026 [INFO] ADCParametersView:116 -                Rank 1 : true
2025-07-13 12:47:35,026 [INFO] ADCParametersView:116 -                Rank 2 : true
2025-07-13 12:47:35,026 [INFO] ADCParametersView:116 -                Rank 3 : true
2025-07-13 12:47:35,026 [INFO] ADCParametersView:116 -                Rank 4 : true
2025-07-13 12:47:35,026 [INFO] ADCParametersView:116 -                Rank 5 : true
2025-07-13 12:47:35,026 [INFO] ADCParametersView:116 -                Rank 6 : true
2025-07-13 12:47:35,026 [INFO] ADCParametersView:116 -                Rank 7 : true
2025-07-13 12:47:35,026 [INFO] ADCParametersView:116 -                Rank 8 : true
2025-07-13 12:47:35,026 [INFO] ADCParametersView:116 -                Rank 9 : true
2025-07-13 12:47:35,026 [INFO] ADCParametersView:116 -                Rank 10 : true
2025-07-13 12:47:35,027 [INFO] ADCParametersView:116 -                Rank 11 : true
2025-07-13 12:47:35,027 [INFO] ADCParametersView:116 -                Rank 12 : true
2025-07-13 12:47:35,027 [INFO] ADCParametersView:116 -                Rank 13 : true
2025-07-13 12:47:35,027 [INFO] ADCParametersView:116 -                Rank 1 : true
2025-07-13 12:47:35,027 [INFO] ADCParametersView:116 -                Rank 2 : true
2025-07-13 12:47:35,027 [INFO] ADCParametersView:116 -                Rank 3 : true
2025-07-13 12:47:35,027 [INFO] ADCParametersView:116 -                Rank 4 : true
2025-07-13 12:47:35,027 [INFO] ADCParametersView:116 -                Rank 5 : true
2025-07-13 12:47:35,027 [INFO] ADCParametersView:116 -                Rank 6 : true
2025-07-13 12:47:35,027 [INFO] ADCParametersView:116 -                Rank 7 : true
2025-07-13 12:47:35,027 [INFO] ADCParametersView:116 -                Rank 8 : true
2025-07-13 12:47:35,027 [INFO] ADCParametersView:116 -                Rank 9 : true
2025-07-13 12:47:35,027 [INFO] ADCParametersView:116 -                Rank 10 : true
2025-07-13 12:47:35,027 [INFO] ADCParametersView:116 -                Rank 11 : true
2025-07-13 12:47:35,027 [INFO] ADCParametersView:116 -                Rank 12 : true
2025-07-13 12:47:35,027 [INFO] ADCParametersView:116 -                Rank 13 : true
2025-07-13 12:47:35,028 [INFO] ADCParametersView:116 -                Rank 1 : true
2025-07-13 12:47:35,028 [INFO] ADCParametersView:116 -                Rank 2 : true
2025-07-13 12:47:35,028 [INFO] ADCParametersView:116 -                Rank 3 : true
2025-07-13 12:47:35,028 [INFO] ADCParametersView:116 -                Rank 4 : true
2025-07-13 12:47:35,028 [INFO] ADCParametersView:116 -                Rank 5 : true
2025-07-13 12:47:35,028 [INFO] ADCParametersView:116 -                Rank 6 : true
2025-07-13 12:47:35,028 [INFO] ADCParametersView:116 -                Rank 7 : true
2025-07-13 12:47:35,028 [INFO] ADCParametersView:116 -                Rank 8 : true
2025-07-13 12:47:35,028 [INFO] ADCParametersView:116 -                Rank 9 : true
2025-07-13 12:47:35,028 [INFO] ADCParametersView:116 -                Rank 10 : true
2025-07-13 12:47:35,028 [INFO] ADCParametersView:116 -                Rank 11 : true
2025-07-13 12:47:35,028 [INFO] ADCParametersView:116 -                Rank 12 : true
2025-07-13 12:47:35,028 [INFO] ADCParametersView:116 -                Rank 13 : true
2025-07-13 12:47:35,028 [INFO] ADCParametersView:116 -                Rank 1 : true
2025-07-13 12:47:35,028 [INFO] ADCParametersView:116 -                Rank 2 : true
2025-07-13 12:47:35,028 [INFO] ADCParametersView:116 -                Rank 3 : true
2025-07-13 12:47:35,028 [INFO] ADCParametersView:116 -                Rank 4 : true
2025-07-13 12:47:35,028 [INFO] ADCParametersView:116 -                Rank 5 : true
2025-07-13 12:47:35,028 [INFO] ADCParametersView:116 -                Rank 6 : true
2025-07-13 12:47:35,028 [INFO] ADCParametersView:116 -                Rank 7 : true
2025-07-13 12:47:35,028 [INFO] ADCParametersView:116 -                Rank 8 : true
2025-07-13 12:47:35,029 [INFO] ADCParametersView:116 -                Rank 9 : true
2025-07-13 12:47:35,029 [INFO] ADCParametersView:116 -                Rank 10 : true
2025-07-13 12:47:35,029 [INFO] ADCParametersView:116 -                Rank 11 : true
2025-07-13 12:47:35,029 [INFO] ADCParametersView:116 -                Rank 12 : true
2025-07-13 12:47:35,029 [INFO] ADCParametersView:116 -                Rank 13 : true
2025-07-13 12:47:35,029 [INFO] ADCParametersView:116 -                Rank 1 : true
2025-07-13 12:47:35,029 [INFO] ADCParametersView:116 -                Rank 2 : true
2025-07-13 12:47:35,029 [INFO] ADCParametersView:116 -                Rank 3 : true
2025-07-13 12:47:35,029 [INFO] ADCParametersView:116 -                Rank 4 : true
2025-07-13 12:47:35,029 [INFO] ADCParametersView:116 -                Rank 5 : true
2025-07-13 12:47:35,029 [INFO] ADCParametersView:116 -                Rank 6 : true
2025-07-13 12:47:35,029 [INFO] ADCParametersView:116 -                Rank 7 : true
2025-07-13 12:47:35,029 [INFO] ADCParametersView:116 -                Rank 8 : true
2025-07-13 12:47:35,029 [INFO] ADCParametersView:116 -                Rank 9 : true
2025-07-13 12:47:35,029 [INFO] ADCParametersView:116 -                Rank 10 : true
2025-07-13 12:47:35,029 [INFO] ADCParametersView:116 -                Rank 11 : true
2025-07-13 12:47:35,029 [INFO] ADCParametersView:116 -                Rank 12 : true
2025-07-13 12:47:35,029 [INFO] ADCParametersView:116 -                Rank 13 : true
2025-07-13 12:47:35,030 [INFO] ADCParametersView:116 -                Rank 2 : true
2025-07-13 12:47:35,030 [INFO] ADCParametersView:116 -                Rank 3 : true
2025-07-13 12:47:35,030 [INFO] ADCParametersView:116 -                Rank 4 : true
2025-07-13 12:47:35,030 [INFO] ADCParametersView:116 -                Rank 5 : true
2025-07-13 12:47:35,030 [INFO] ADCParametersView:116 -                Rank 6 : true
2025-07-13 12:47:35,030 [INFO] ADCParametersView:116 -                Rank 7 : true
2025-07-13 12:47:35,030 [INFO] ADCParametersView:116 -                Rank 8 : true
2025-07-13 12:47:35,030 [INFO] ADCParametersView:116 -                Rank 9 : true
2025-07-13 12:47:35,030 [INFO] ADCParametersView:116 -                Rank 10 : true
2025-07-13 12:47:35,030 [INFO] ADCParametersView:116 -                Rank 11 : true
2025-07-13 12:47:35,030 [INFO] ADCParametersView:116 -                Rank 12 : true
2025-07-13 12:47:35,030 [INFO] ADCParametersView:116 -                Rank 13 : true
2025-07-13 12:47:35,030 [INFO] ADCParametersView:116 -                Rank 3 : true
2025-07-13 12:47:35,030 [INFO] ADCParametersView:116 -                Rank 4 : true
2025-07-13 12:47:35,030 [INFO] ADCParametersView:116 -                Rank 5 : true
2025-07-13 12:47:35,030 [INFO] ADCParametersView:116 -                Rank 6 : true
2025-07-13 12:47:35,030 [INFO] ADCParametersView:116 -                Rank 7 : true
2025-07-13 12:47:35,030 [INFO] ADCParametersView:116 -                Rank 8 : true
2025-07-13 12:47:35,030 [INFO] ADCParametersView:116 -                Rank 9 : true
2025-07-13 12:47:35,031 [INFO] ADCParametersView:116 -                Rank 10 : true
2025-07-13 12:47:35,031 [INFO] ADCParametersView:116 -                Rank 11 : true
2025-07-13 12:47:35,031 [INFO] ADCParametersView:116 -                Rank 12 : true
2025-07-13 12:47:35,031 [INFO] ADCParametersView:116 -                Rank 13 : true
2025-07-13 12:47:35,031 [INFO] ADCParametersView:116 -                Rank 4 : true
2025-07-13 12:47:35,031 [INFO] ADCParametersView:116 -                Rank 5 : true
2025-07-13 12:47:35,031 [INFO] ADCParametersView:116 -                Rank 6 : true
2025-07-13 12:47:35,031 [INFO] ADCParametersView:116 -                Rank 7 : true
2025-07-13 12:47:35,031 [INFO] ADCParametersView:116 -                Rank 8 : true
2025-07-13 12:47:35,031 [INFO] ADCParametersView:116 -                Rank 9 : true
2025-07-13 12:47:35,031 [INFO] ADCParametersView:116 -                Rank 10 : true
2025-07-13 12:47:35,031 [INFO] ADCParametersView:116 -                Rank 11 : true
2025-07-13 12:47:35,031 [INFO] ADCParametersView:116 -                Rank 12 : true
2025-07-13 12:47:35,031 [INFO] ADCParametersView:116 -                Rank 13 : true
2025-07-13 12:47:35,031 [INFO] ADCParametersView:116 -                Rank 5 : true
2025-07-13 12:47:35,031 [INFO] ADCParametersView:116 -                Rank 6 : true
2025-07-13 12:47:35,031 [INFO] ADCParametersView:116 -                Rank 7 : true
2025-07-13 12:47:35,031 [INFO] ADCParametersView:116 -                Rank 8 : true
2025-07-13 12:47:35,032 [INFO] ADCParametersView:116 -                Rank 9 : true
2025-07-13 12:47:35,032 [INFO] ADCParametersView:116 -                Rank 10 : true
2025-07-13 12:47:35,032 [INFO] ADCParametersView:116 -                Rank 11 : true
2025-07-13 12:47:35,032 [INFO] ADCParametersView:116 -                Rank 12 : true
2025-07-13 12:47:35,032 [INFO] ADCParametersView:116 -                Rank 13 : true
2025-07-13 12:47:35,032 [INFO] ADCParametersView:116 -                Rank 6 : true
2025-07-13 12:47:35,032 [INFO] ADCParametersView:116 -                Rank 7 : true
2025-07-13 12:47:35,032 [INFO] ADCParametersView:116 -                Rank 8 : true
2025-07-13 12:47:35,032 [INFO] ADCParametersView:116 -                Rank 9 : true
2025-07-13 12:47:35,032 [INFO] ADCParametersView:116 -                Rank 10 : true
2025-07-13 12:47:35,032 [INFO] ADCParametersView:116 -                Rank 11 : true
2025-07-13 12:47:35,032 [INFO] ADCParametersView:116 -                Rank 12 : true
2025-07-13 12:47:35,032 [INFO] ADCParametersView:116 -                Rank 13 : true
2025-07-13 12:47:35,032 [INFO] ADCParametersView:116 -                Rank 7 : true
2025-07-13 12:47:35,032 [INFO] ADCParametersView:116 -                Rank 8 : true
2025-07-13 12:47:35,032 [INFO] ADCParametersView:116 -                Rank 9 : true
2025-07-13 12:47:35,032 [INFO] ADCParametersView:116 -                Rank 10 : true
2025-07-13 12:47:35,032 [INFO] ADCParametersView:116 -                Rank 11 : true
2025-07-13 12:47:35,032 [INFO] ADCParametersView:116 -                Rank 12 : true
2025-07-13 12:47:35,033 [INFO] ADCParametersView:116 -                Rank 13 : true
2025-07-13 12:47:35,033 [INFO] ADCParametersView:116 -                Rank 8 : true
2025-07-13 12:47:35,033 [INFO] ADCParametersView:116 -                Rank 9 : true
2025-07-13 12:47:35,033 [INFO] ADCParametersView:116 -                Rank 10 : true
2025-07-13 12:47:35,033 [INFO] ADCParametersView:116 -                Rank 11 : true
2025-07-13 12:47:35,033 [INFO] ADCParametersView:116 -                Rank 12 : true
2025-07-13 12:47:35,033 [INFO] ADCParametersView:116 -                Rank 13 : true
2025-07-13 12:47:35,033 [INFO] ADCParametersView:116 -                Rank 9 : true
2025-07-13 12:47:35,033 [INFO] ADCParametersView:116 -                Rank 10 : true
2025-07-13 12:47:35,033 [INFO] ADCParametersView:116 -                Rank 11 : true
2025-07-13 12:47:35,033 [INFO] ADCParametersView:116 -                Rank 12 : true
2025-07-13 12:47:35,033 [INFO] ADCParametersView:116 -                Rank 13 : true
2025-07-13 12:47:35,033 [INFO] ADCParametersView:116 -                Rank 10 : true
2025-07-13 12:47:35,033 [INFO] ADCParametersView:116 -                Rank 11 : true
2025-07-13 12:47:35,033 [INFO] ADCParametersView:116 -                Rank 12 : true
2025-07-13 12:47:35,033 [INFO] ADCParametersView:116 -                Rank 13 : true
2025-07-13 12:47:35,034 [INFO] ADCParametersView:116 -                Rank 11 : true
2025-07-13 12:47:35,034 [INFO] ADCParametersView:116 -                Rank 12 : true
2025-07-13 12:47:35,034 [INFO] ADCParametersView:116 -                Rank 13 : true
2025-07-13 12:47:35,034 [INFO] ADCParametersView:116 -                Rank 12 : true
2025-07-13 12:47:35,034 [INFO] ADCParametersView:116 -                Rank 13 : true
2025-07-13 12:47:35,034 [INFO] ADCParametersView:116 -                Rank 13 : true
2025-07-13 12:47:35,138 [INFO] ADCParametersView:116 -                Rank 1 : true
2025-07-13 12:47:35,139 [INFO] ADCParametersView:116 -                Rank 1 : true
2025-07-13 12:47:35,140 [INFO] ADCParametersView:116 -                Rank 2 : true
2025-07-13 12:47:35,140 [INFO] ADCParametersView:116 -                Rank 1 : true
2025-07-13 12:47:35,140 [INFO] ADCParametersView:116 -                Rank 2 : true
2025-07-13 12:47:35,140 [INFO] ADCParametersView:116 -                Rank 3 : true
2025-07-13 12:47:35,141 [INFO] ADCParametersView:116 -                Rank 1 : true
2025-07-13 12:47:35,141 [INFO] ADCParametersView:116 -                Rank 2 : true
2025-07-13 12:47:35,141 [INFO] ADCParametersView:116 -                Rank 3 : true
2025-07-13 12:47:35,141 [INFO] ADCParametersView:116 -                Rank 4 : true
2025-07-13 12:47:35,141 [INFO] ADCParametersView:116 -                Rank 1 : true
2025-07-13 12:47:35,141 [INFO] ADCParametersView:116 -                Rank 2 : true
2025-07-13 12:47:35,141 [INFO] ADCParametersView:116 -                Rank 3 : true
2025-07-13 12:47:35,141 [INFO] ADCParametersView:116 -                Rank 4 : true
2025-07-13 12:47:35,141 [INFO] ADCParametersView:116 -                Rank 5 : true
2025-07-13 12:47:35,142 [INFO] ADCParametersView:116 -                Rank 1 : true
2025-07-13 12:47:35,142 [INFO] ADCParametersView:116 -                Rank 2 : true
2025-07-13 12:47:35,142 [INFO] ADCParametersView:116 -                Rank 3 : true
2025-07-13 12:47:35,142 [INFO] ADCParametersView:116 -                Rank 4 : true
2025-07-13 12:47:35,142 [INFO] ADCParametersView:116 -                Rank 5 : true
2025-07-13 12:47:35,142 [INFO] ADCParametersView:116 -                Rank 6 : true
2025-07-13 12:47:35,142 [INFO] ADCParametersView:116 -                Rank 1 : true
2025-07-13 12:47:35,142 [INFO] ADCParametersView:116 -                Rank 2 : true
2025-07-13 12:47:35,143 [INFO] ADCParametersView:116 -                Rank 3 : true
2025-07-13 12:47:35,143 [INFO] ADCParametersView:116 -                Rank 4 : true
2025-07-13 12:47:35,143 [INFO] ADCParametersView:116 -                Rank 5 : true
2025-07-13 12:47:35,143 [INFO] ADCParametersView:116 -                Rank 6 : true
2025-07-13 12:47:35,143 [INFO] ADCParametersView:116 -                Rank 7 : true
2025-07-13 12:47:35,143 [INFO] ADCParametersView:116 -                Rank 1 : true
2025-07-13 12:47:35,143 [INFO] ADCParametersView:116 -                Rank 2 : true
2025-07-13 12:47:35,143 [INFO] ADCParametersView:116 -                Rank 3 : true
2025-07-13 12:47:35,143 [INFO] ADCParametersView:116 -                Rank 4 : true
2025-07-13 12:47:35,143 [INFO] ADCParametersView:116 -                Rank 5 : true
2025-07-13 12:47:35,143 [INFO] ADCParametersView:116 -                Rank 6 : true
2025-07-13 12:47:35,143 [INFO] ADCParametersView:116 -                Rank 7 : true
2025-07-13 12:47:35,144 [INFO] ADCParametersView:116 -                Rank 8 : true
2025-07-13 12:47:35,144 [INFO] ADCParametersView:116 -                Rank 1 : true
2025-07-13 12:47:35,144 [INFO] ADCParametersView:116 -                Rank 2 : true
2025-07-13 12:47:35,144 [INFO] ADCParametersView:116 -                Rank 3 : true
2025-07-13 12:47:35,144 [INFO] ADCParametersView:116 -                Rank 4 : true
2025-07-13 12:47:35,144 [INFO] ADCParametersView:116 -                Rank 5 : true
2025-07-13 12:47:35,144 [INFO] ADCParametersView:116 -                Rank 6 : true
2025-07-13 12:47:35,144 [INFO] ADCParametersView:116 -                Rank 7 : true
2025-07-13 12:47:35,144 [INFO] ADCParametersView:116 -                Rank 8 : true
2025-07-13 12:47:35,144 [INFO] ADCParametersView:116 -                Rank 9 : true
2025-07-13 12:47:35,145 [INFO] ADCParametersView:116 -                Rank 1 : true
2025-07-13 12:47:35,145 [INFO] ADCParametersView:116 -                Rank 2 : true
2025-07-13 12:47:35,145 [INFO] ADCParametersView:116 -                Rank 3 : true
2025-07-13 12:47:35,145 [INFO] ADCParametersView:116 -                Rank 4 : true
2025-07-13 12:47:35,145 [INFO] ADCParametersView:116 -                Rank 5 : true
2025-07-13 12:47:35,145 [INFO] ADCParametersView:116 -                Rank 6 : true
2025-07-13 12:47:35,145 [INFO] ADCParametersView:116 -                Rank 7 : true
2025-07-13 12:47:35,145 [INFO] ADCParametersView:116 -                Rank 8 : true
2025-07-13 12:47:35,145 [INFO] ADCParametersView:116 -                Rank 9 : true
2025-07-13 12:47:35,145 [INFO] ADCParametersView:116 -                Rank 10 : true
2025-07-13 12:47:35,146 [INFO] ADCParametersView:116 -                Rank 1 : true
2025-07-13 12:47:35,146 [INFO] ADCParametersView:116 -                Rank 2 : true
2025-07-13 12:47:35,146 [INFO] ADCParametersView:116 -                Rank 3 : true
2025-07-13 12:47:35,146 [INFO] ADCParametersView:116 -                Rank 4 : true
2025-07-13 12:47:35,146 [INFO] ADCParametersView:116 -                Rank 5 : true
2025-07-13 12:47:35,146 [INFO] ADCParametersView:116 -                Rank 6 : true
2025-07-13 12:47:35,146 [INFO] ADCParametersView:116 -                Rank 7 : true
2025-07-13 12:47:35,146 [INFO] ADCParametersView:116 -                Rank 8 : true
2025-07-13 12:47:35,146 [INFO] ADCParametersView:116 -                Rank 9 : true
2025-07-13 12:47:35,146 [INFO] ADCParametersView:116 -                Rank 10 : true
2025-07-13 12:47:35,146 [INFO] ADCParametersView:116 -                Rank 11 : true
2025-07-13 12:47:35,147 [INFO] ADCParametersView:116 -                Rank 1 : true
2025-07-13 12:47:35,147 [INFO] ADCParametersView:116 -                Rank 2 : true
2025-07-13 12:47:35,147 [INFO] ADCParametersView:116 -                Rank 3 : true
2025-07-13 12:47:35,147 [INFO] ADCParametersView:116 -                Rank 4 : true
2025-07-13 12:47:35,147 [INFO] ADCParametersView:116 -                Rank 5 : true
2025-07-13 12:47:35,147 [INFO] ADCParametersView:116 -                Rank 6 : true
2025-07-13 12:47:35,147 [INFO] ADCParametersView:116 -                Rank 7 : true
2025-07-13 12:47:35,147 [INFO] ADCParametersView:116 -                Rank 8 : true
2025-07-13 12:47:35,147 [INFO] ADCParametersView:116 -                Rank 9 : true
2025-07-13 12:47:35,147 [INFO] ADCParametersView:116 -                Rank 10 : true
2025-07-13 12:47:35,147 [INFO] ADCParametersView:116 -                Rank 11 : true
2025-07-13 12:47:35,147 [INFO] ADCParametersView:116 -                Rank 12 : true
2025-07-13 12:47:35,147 [INFO] ADCParametersView:116 -                Rank 1 : true
2025-07-13 12:47:35,148 [INFO] ADCParametersView:116 -                Rank 2 : true
2025-07-13 12:47:35,148 [INFO] ADCParametersView:116 -                Rank 3 : true
2025-07-13 12:47:35,148 [INFO] ADCParametersView:116 -                Rank 4 : true
2025-07-13 12:47:35,148 [INFO] ADCParametersView:116 -                Rank 5 : true
2025-07-13 12:47:35,148 [INFO] ADCParametersView:116 -                Rank 6 : true
2025-07-13 12:47:35,148 [INFO] ADCParametersView:116 -                Rank 7 : true
2025-07-13 12:47:35,148 [INFO] ADCParametersView:116 -                Rank 8 : true
2025-07-13 12:47:35,148 [INFO] ADCParametersView:116 -                Rank 9 : true
2025-07-13 12:47:35,148 [INFO] ADCParametersView:116 -                Rank 10 : true
2025-07-13 12:47:35,148 [INFO] ADCParametersView:116 -                Rank 11 : true
2025-07-13 12:47:35,148 [INFO] ADCParametersView:116 -                Rank 12 : true
2025-07-13 12:47:35,148 [INFO] ADCParametersView:116 -                Rank 13 : true
2025-07-13 12:47:36,793 [INFO] NvicIntPanel:101 - NVIC parent = com.st.microxplorer.plugins.ip.nvic.MultiNvicIntPanel[,0,0,0x0,invalid,layout=javax.swing.BoxLayout,alignmentX=0.0,alignmentY=0.0,border=,flags=9,maximumSize=,minimumSize=,preferredSize=]
2025-07-13 12:47:36,866 [INFO] ADCParametersView:116 -                Rank 1 : true
2025-07-13 12:47:36,866 [INFO] ADCParametersView:116 -                Rank 2 : true
2025-07-13 12:47:36,866 [INFO] ADCParametersView:116 -                Rank 3 : true
2025-07-13 12:47:36,866 [INFO] ADCParametersView:116 -                Rank 4 : true
2025-07-13 12:47:36,867 [INFO] ADCParametersView:116 -                Rank 5 : true
2025-07-13 12:47:36,867 [INFO] ADCParametersView:116 -                Rank 6 : true
2025-07-13 12:47:36,867 [INFO] ADCParametersView:116 -                Rank 7 : true
2025-07-13 12:47:36,867 [INFO] ADCParametersView:116 -                Rank 8 : true
2025-07-13 12:47:36,867 [INFO] ADCParametersView:116 -                Rank 9 : true
2025-07-13 12:47:36,867 [INFO] ADCParametersView:116 -                Rank 10 : true
2025-07-13 12:47:36,867 [INFO] ADCParametersView:116 -                Rank 11 : true
2025-07-13 12:47:36,867 [INFO] ADCParametersView:116 -                Rank 12 : true
2025-07-13 12:47:36,867 [INFO] ADCParametersView:116 -                Rank 13 : true
2025-07-13 12:47:36,876 [INFO] ADCParametersView:116 -                Rank 1 : true
2025-07-13 12:47:36,876 [INFO] ADCParametersView:116 -                Rank 2 : true
2025-07-13 12:47:36,876 [INFO] ADCParametersView:116 -                Rank 3 : true
2025-07-13 12:47:36,876 [INFO] ADCParametersView:116 -                Rank 4 : true
2025-07-13 12:47:36,876 [INFO] ADCParametersView:116 -                Rank 5 : true
2025-07-13 12:47:36,876 [INFO] ADCParametersView:116 -                Rank 6 : true
2025-07-13 12:47:36,876 [INFO] ADCParametersView:116 -                Rank 7 : true
2025-07-13 12:47:36,876 [INFO] ADCParametersView:116 -                Rank 8 : true
2025-07-13 12:47:36,876 [INFO] ADCParametersView:116 -                Rank 9 : true
2025-07-13 12:47:36,876 [INFO] ADCParametersView:116 -                Rank 10 : true
2025-07-13 12:47:36,876 [INFO] ADCParametersView:116 -                Rank 11 : true
2025-07-13 12:47:36,876 [INFO] ADCParametersView:116 -                Rank 12 : true
2025-07-13 12:47:36,876 [INFO] ADCParametersView:116 -                Rank 13 : true
2025-07-13 12:47:36,877 [INFO] ADCParametersView:116 -                Rank 1 : true
2025-07-13 12:47:36,877 [INFO] ADCParametersView:116 -                Rank 2 : true
2025-07-13 12:47:36,877 [INFO] ADCParametersView:116 -                Rank 3 : true
2025-07-13 12:47:36,877 [INFO] ADCParametersView:116 -                Rank 4 : true
2025-07-13 12:47:36,877 [INFO] ADCParametersView:116 -                Rank 5 : true
2025-07-13 12:47:36,877 [INFO] ADCParametersView:116 -                Rank 6 : true
2025-07-13 12:47:36,877 [INFO] ADCParametersView:116 -                Rank 7 : true
2025-07-13 12:47:36,877 [INFO] ADCParametersView:116 -                Rank 8 : true
2025-07-13 12:47:36,877 [INFO] ADCParametersView:116 -                Rank 9 : true
2025-07-13 12:47:36,877 [INFO] ADCParametersView:116 -                Rank 10 : true
2025-07-13 12:47:36,877 [INFO] ADCParametersView:116 -                Rank 11 : true
2025-07-13 12:47:36,877 [INFO] ADCParametersView:116 -                Rank 12 : true
2025-07-13 12:47:36,877 [INFO] ADCParametersView:116 -                Rank 13 : true
2025-07-13 12:47:36,878 [INFO] ADCParametersView:116 -                Rank 1 : true
2025-07-13 12:47:36,878 [INFO] ADCParametersView:116 -                Rank 2 : true
2025-07-13 12:47:36,878 [INFO] ADCParametersView:116 -                Rank 3 : true
2025-07-13 12:47:36,878 [INFO] ADCParametersView:116 -                Rank 4 : true
2025-07-13 12:47:36,878 [INFO] ADCParametersView:116 -                Rank 5 : true
2025-07-13 12:47:36,878 [INFO] ADCParametersView:116 -                Rank 6 : true
2025-07-13 12:47:36,878 [INFO] ADCParametersView:116 -                Rank 7 : true
2025-07-13 12:47:36,878 [INFO] ADCParametersView:116 -                Rank 8 : true
2025-07-13 12:47:36,878 [INFO] ADCParametersView:116 -                Rank 9 : true
2025-07-13 12:47:36,878 [INFO] ADCParametersView:116 -                Rank 10 : true
2025-07-13 12:47:36,878 [INFO] ADCParametersView:116 -                Rank 11 : true
2025-07-13 12:47:36,878 [INFO] ADCParametersView:116 -                Rank 12 : true
2025-07-13 12:47:36,878 [INFO] ADCParametersView:116 -                Rank 13 : true
2025-07-13 12:47:36,878 [INFO] ADCParametersView:116 -                Rank 1 : true
2025-07-13 12:47:36,878 [INFO] ADCParametersView:116 -                Rank 2 : true
2025-07-13 12:47:36,879 [INFO] ADCParametersView:116 -                Rank 3 : true
2025-07-13 12:47:36,879 [INFO] ADCParametersView:116 -                Rank 4 : true
2025-07-13 12:47:36,879 [INFO] ADCParametersView:116 -                Rank 5 : true
2025-07-13 12:47:36,879 [INFO] ADCParametersView:116 -                Rank 6 : true
2025-07-13 12:47:36,879 [INFO] ADCParametersView:116 -                Rank 7 : true
2025-07-13 12:47:36,879 [INFO] ADCParametersView:116 -                Rank 8 : true
2025-07-13 12:47:36,879 [INFO] ADCParametersView:116 -                Rank 9 : true
2025-07-13 12:47:36,879 [INFO] ADCParametersView:116 -                Rank 10 : true
2025-07-13 12:47:36,879 [INFO] ADCParametersView:116 -                Rank 11 : true
2025-07-13 12:47:36,879 [INFO] ADCParametersView:116 -                Rank 12 : true
2025-07-13 12:47:36,879 [INFO] ADCParametersView:116 -                Rank 13 : true
2025-07-13 12:47:36,879 [INFO] ADCParametersView:116 -                Rank 1 : true
2025-07-13 12:47:36,879 [INFO] ADCParametersView:116 -                Rank 2 : true
2025-07-13 12:47:36,879 [INFO] ADCParametersView:116 -                Rank 3 : true
2025-07-13 12:47:36,879 [INFO] ADCParametersView:116 -                Rank 4 : true
2025-07-13 12:47:36,879 [INFO] ADCParametersView:116 -                Rank 5 : true
2025-07-13 12:47:36,879 [INFO] ADCParametersView:116 -                Rank 6 : true
2025-07-13 12:47:36,880 [INFO] ADCParametersView:116 -                Rank 7 : true
2025-07-13 12:47:36,880 [INFO] ADCParametersView:116 -                Rank 8 : true
2025-07-13 12:47:36,880 [INFO] ADCParametersView:116 -                Rank 9 : true
2025-07-13 12:47:36,880 [INFO] ADCParametersView:116 -                Rank 10 : true
2025-07-13 12:47:36,880 [INFO] ADCParametersView:116 -                Rank 11 : true
2025-07-13 12:47:36,880 [INFO] ADCParametersView:116 -                Rank 12 : true
2025-07-13 12:47:36,880 [INFO] ADCParametersView:116 -                Rank 13 : true
2025-07-13 12:47:36,880 [INFO] ADCParametersView:116 -                Rank 1 : true
2025-07-13 12:47:36,880 [INFO] ADCParametersView:116 -                Rank 2 : true
2025-07-13 12:47:36,880 [INFO] ADCParametersView:116 -                Rank 3 : true
2025-07-13 12:47:36,880 [INFO] ADCParametersView:116 -                Rank 4 : true
2025-07-13 12:47:36,880 [INFO] ADCParametersView:116 -                Rank 5 : true
2025-07-13 12:47:36,880 [INFO] ADCParametersView:116 -                Rank 6 : true
2025-07-13 12:47:36,880 [INFO] ADCParametersView:116 -                Rank 7 : true
2025-07-13 12:47:36,880 [INFO] ADCParametersView:116 -                Rank 8 : true
2025-07-13 12:47:36,880 [INFO] ADCParametersView:116 -                Rank 9 : true
2025-07-13 12:47:36,880 [INFO] ADCParametersView:116 -                Rank 10 : true
2025-07-13 12:47:36,880 [INFO] ADCParametersView:116 -                Rank 11 : true
2025-07-13 12:47:36,881 [INFO] ADCParametersView:116 -                Rank 12 : true
2025-07-13 12:47:36,881 [INFO] ADCParametersView:116 -                Rank 13 : true
2025-07-13 12:47:36,881 [INFO] ADCParametersView:116 -                Rank 1 : true
2025-07-13 12:47:36,881 [INFO] ADCParametersView:116 -                Rank 2 : true
2025-07-13 12:47:36,881 [INFO] ADCParametersView:116 -                Rank 3 : true
2025-07-13 12:47:36,881 [INFO] ADCParametersView:116 -                Rank 4 : true
2025-07-13 12:47:36,881 [INFO] ADCParametersView:116 -                Rank 5 : true
2025-07-13 12:47:36,881 [INFO] ADCParametersView:116 -                Rank 6 : true
2025-07-13 12:47:36,881 [INFO] ADCParametersView:116 -                Rank 7 : true
2025-07-13 12:47:36,881 [INFO] ADCParametersView:116 -                Rank 8 : true
2025-07-13 12:47:36,881 [INFO] ADCParametersView:116 -                Rank 9 : true
2025-07-13 12:47:36,881 [INFO] ADCParametersView:116 -                Rank 10 : true
2025-07-13 12:47:36,881 [INFO] ADCParametersView:116 -                Rank 11 : true
2025-07-13 12:47:36,881 [INFO] ADCParametersView:116 -                Rank 12 : true
2025-07-13 12:47:36,881 [INFO] ADCParametersView:116 -                Rank 13 : true
2025-07-13 12:47:36,882 [INFO] ADCParametersView:116 -                Rank 1 : true
2025-07-13 12:47:36,882 [INFO] ADCParametersView:116 -                Rank 2 : true
2025-07-13 12:47:36,882 [INFO] ADCParametersView:116 -                Rank 3 : true
2025-07-13 12:47:36,883 [INFO] ADCParametersView:116 -                Rank 4 : true
2025-07-13 12:47:36,883 [INFO] ADCParametersView:116 -                Rank 5 : true
2025-07-13 12:47:36,883 [INFO] ADCParametersView:116 -                Rank 6 : true
2025-07-13 12:47:36,883 [INFO] ADCParametersView:116 -                Rank 7 : true
2025-07-13 12:47:36,883 [INFO] ADCParametersView:116 -                Rank 8 : true
2025-07-13 12:47:36,883 [INFO] ADCParametersView:116 -                Rank 9 : true
2025-07-13 12:47:36,883 [INFO] ADCParametersView:116 -                Rank 10 : true
2025-07-13 12:47:36,883 [INFO] ADCParametersView:116 -                Rank 11 : true
2025-07-13 12:47:36,883 [INFO] ADCParametersView:116 -                Rank 12 : true
2025-07-13 12:47:36,883 [INFO] ADCParametersView:116 -                Rank 13 : true
2025-07-13 12:47:36,883 [INFO] ADCParametersView:116 -                Rank 1 : true
2025-07-13 12:47:36,883 [INFO] ADCParametersView:116 -                Rank 2 : true
2025-07-13 12:47:36,883 [INFO] ADCParametersView:116 -                Rank 3 : true
2025-07-13 12:47:36,883 [INFO] ADCParametersView:116 -                Rank 4 : true
2025-07-13 12:47:36,884 [INFO] ADCParametersView:116 -                Rank 5 : true
2025-07-13 12:47:36,884 [INFO] ADCParametersView:116 -                Rank 6 : true
2025-07-13 12:47:36,884 [INFO] ADCParametersView:116 -                Rank 7 : true
2025-07-13 12:47:36,884 [INFO] ADCParametersView:116 -                Rank 8 : true
2025-07-13 12:47:36,884 [INFO] ADCParametersView:116 -                Rank 9 : true
2025-07-13 12:47:36,884 [INFO] ADCParametersView:116 -                Rank 10 : true
2025-07-13 12:47:36,884 [INFO] ADCParametersView:116 -                Rank 11 : true
2025-07-13 12:47:36,884 [INFO] ADCParametersView:116 -                Rank 12 : true
2025-07-13 12:47:36,884 [INFO] ADCParametersView:116 -                Rank 13 : true
2025-07-13 12:47:36,884 [INFO] ADCParametersView:116 -                Rank 1 : true
2025-07-13 12:47:36,884 [INFO] ADCParametersView:116 -                Rank 2 : true
2025-07-13 12:47:36,884 [INFO] ADCParametersView:116 -                Rank 3 : true
2025-07-13 12:47:36,884 [INFO] ADCParametersView:116 -                Rank 4 : true
2025-07-13 12:47:36,884 [INFO] ADCParametersView:116 -                Rank 5 : true
2025-07-13 12:47:36,884 [INFO] ADCParametersView:116 -                Rank 6 : true
2025-07-13 12:47:36,884 [INFO] ADCParametersView:116 -                Rank 7 : true
2025-07-13 12:47:36,884 [INFO] ADCParametersView:116 -                Rank 8 : true
2025-07-13 12:47:36,884 [INFO] ADCParametersView:116 -                Rank 9 : true
2025-07-13 12:47:36,884 [INFO] ADCParametersView:116 -                Rank 10 : true
2025-07-13 12:47:36,885 [INFO] ADCParametersView:116 -                Rank 11 : true
2025-07-13 12:47:36,885 [INFO] ADCParametersView:116 -                Rank 12 : true
2025-07-13 12:47:36,885 [INFO] ADCParametersView:116 -                Rank 13 : true
2025-07-13 12:47:36,885 [INFO] ADCParametersView:116 -                Rank 1 : true
2025-07-13 12:47:36,885 [INFO] ADCParametersView:116 -                Rank 2 : true
2025-07-13 12:47:36,885 [INFO] ADCParametersView:116 -                Rank 3 : true
2025-07-13 12:47:36,885 [INFO] ADCParametersView:116 -                Rank 4 : true
2025-07-13 12:47:36,885 [INFO] ADCParametersView:116 -                Rank 5 : true
2025-07-13 12:47:36,885 [INFO] ADCParametersView:116 -                Rank 6 : true
2025-07-13 12:47:36,885 [INFO] ADCParametersView:116 -                Rank 7 : true
2025-07-13 12:47:36,885 [INFO] ADCParametersView:116 -                Rank 8 : true
2025-07-13 12:47:36,885 [INFO] ADCParametersView:116 -                Rank 9 : true
2025-07-13 12:47:36,885 [INFO] ADCParametersView:116 -                Rank 10 : true
2025-07-13 12:47:36,885 [INFO] ADCParametersView:116 -                Rank 11 : true
2025-07-13 12:47:36,885 [INFO] ADCParametersView:116 -                Rank 12 : true
2025-07-13 12:47:36,885 [INFO] ADCParametersView:116 -                Rank 13 : true
2025-07-13 12:47:36,886 [INFO] ADCParametersView:116 -                Rank 1 : true
2025-07-13 12:47:36,886 [INFO] ADCParametersView:116 -                Rank 2 : true
2025-07-13 12:47:36,886 [INFO] ADCParametersView:116 -                Rank 3 : true
2025-07-13 12:47:36,886 [INFO] ADCParametersView:116 -                Rank 4 : true
2025-07-13 12:47:36,886 [INFO] ADCParametersView:116 -                Rank 5 : true
2025-07-13 12:47:36,886 [INFO] ADCParametersView:116 -                Rank 6 : true
2025-07-13 12:47:36,886 [INFO] ADCParametersView:116 -                Rank 7 : true
2025-07-13 12:47:36,886 [INFO] ADCParametersView:116 -                Rank 8 : true
2025-07-13 12:47:36,886 [INFO] ADCParametersView:116 -                Rank 9 : true
2025-07-13 12:47:36,886 [INFO] ADCParametersView:116 -                Rank 10 : true
2025-07-13 12:47:36,886 [INFO] ADCParametersView:116 -                Rank 11 : true
2025-07-13 12:47:36,886 [INFO] ADCParametersView:116 -                Rank 12 : true
2025-07-13 12:47:36,886 [INFO] ADCParametersView:116 -                Rank 13 : true
2025-07-13 12:47:36,886 [INFO] ADCParametersView:116 -                Rank 1 : true
2025-07-13 12:47:36,886 [INFO] ADCParametersView:116 -                Rank 2 : true
2025-07-13 12:47:36,887 [INFO] ADCParametersView:116 -                Rank 3 : true
2025-07-13 12:47:36,887 [INFO] ADCParametersView:116 -                Rank 4 : true
2025-07-13 12:47:36,887 [INFO] ADCParametersView:116 -                Rank 5 : true
2025-07-13 12:47:36,887 [INFO] ADCParametersView:116 -                Rank 6 : true
2025-07-13 12:47:36,887 [INFO] ADCParametersView:116 -                Rank 7 : true
2025-07-13 12:47:36,887 [INFO] ADCParametersView:116 -                Rank 8 : true
2025-07-13 12:47:36,887 [INFO] ADCParametersView:116 -                Rank 9 : true
2025-07-13 12:47:36,887 [INFO] ADCParametersView:116 -                Rank 10 : true
2025-07-13 12:47:36,887 [INFO] ADCParametersView:116 -                Rank 11 : true
2025-07-13 12:47:36,887 [INFO] ADCParametersView:116 -                Rank 12 : true
2025-07-13 12:47:36,887 [INFO] ADCParametersView:116 -                Rank 13 : true
2025-07-13 12:47:36,887 [INFO] ADCParametersView:116 -                Rank 2 : true
2025-07-13 12:47:36,887 [INFO] ADCParametersView:116 -                Rank 3 : true
2025-07-13 12:47:36,887 [INFO] ADCParametersView:116 -                Rank 4 : true
2025-07-13 12:47:36,887 [INFO] ADCParametersView:116 -                Rank 5 : true
2025-07-13 12:47:36,887 [INFO] ADCParametersView:116 -                Rank 6 : true
2025-07-13 12:47:36,887 [INFO] ADCParametersView:116 -                Rank 7 : true
2025-07-13 12:47:36,887 [INFO] ADCParametersView:116 -                Rank 8 : true
2025-07-13 12:47:36,887 [INFO] ADCParametersView:116 -                Rank 9 : true
2025-07-13 12:47:36,887 [INFO] ADCParametersView:116 -                Rank 10 : true
2025-07-13 12:47:36,887 [INFO] ADCParametersView:116 -                Rank 11 : true
2025-07-13 12:47:36,888 [INFO] ADCParametersView:116 -                Rank 12 : true
2025-07-13 12:47:36,888 [INFO] ADCParametersView:116 -                Rank 13 : true
2025-07-13 12:47:36,888 [INFO] ADCParametersView:116 -                Rank 3 : true
2025-07-13 12:47:36,888 [INFO] ADCParametersView:116 -                Rank 4 : true
2025-07-13 12:47:36,888 [INFO] ADCParametersView:116 -                Rank 5 : true
2025-07-13 12:47:36,888 [INFO] ADCParametersView:116 -                Rank 6 : true
2025-07-13 12:47:36,888 [INFO] ADCParametersView:116 -                Rank 7 : true
2025-07-13 12:47:36,888 [INFO] ADCParametersView:116 -                Rank 8 : true
2025-07-13 12:47:36,888 [INFO] ADCParametersView:116 -                Rank 9 : true
2025-07-13 12:47:36,888 [INFO] ADCParametersView:116 -                Rank 10 : true
2025-07-13 12:47:36,888 [INFO] ADCParametersView:116 -                Rank 11 : true
2025-07-13 12:47:36,888 [INFO] ADCParametersView:116 -                Rank 12 : true
2025-07-13 12:47:36,888 [INFO] ADCParametersView:116 -                Rank 13 : true
2025-07-13 12:47:36,888 [INFO] ADCParametersView:116 -                Rank 4 : true
2025-07-13 12:47:36,888 [INFO] ADCParametersView:116 -                Rank 5 : true
2025-07-13 12:47:36,888 [INFO] ADCParametersView:116 -                Rank 6 : true
2025-07-13 12:47:36,888 [INFO] ADCParametersView:116 -                Rank 7 : true
2025-07-13 12:47:36,888 [INFO] ADCParametersView:116 -                Rank 8 : true
2025-07-13 12:47:36,888 [INFO] ADCParametersView:116 -                Rank 9 : true
2025-07-13 12:47:36,889 [INFO] ADCParametersView:116 -                Rank 10 : true
2025-07-13 12:47:36,889 [INFO] ADCParametersView:116 -                Rank 11 : true
2025-07-13 12:47:36,889 [INFO] ADCParametersView:116 -                Rank 12 : true
2025-07-13 12:47:36,889 [INFO] ADCParametersView:116 -                Rank 13 : true
2025-07-13 12:47:36,889 [INFO] ADCParametersView:116 -                Rank 5 : true
2025-07-13 12:47:36,889 [INFO] ADCParametersView:116 -                Rank 6 : true
2025-07-13 12:47:36,889 [INFO] ADCParametersView:116 -                Rank 7 : true
2025-07-13 12:47:36,889 [INFO] ADCParametersView:116 -                Rank 8 : true
2025-07-13 12:47:36,889 [INFO] ADCParametersView:116 -                Rank 9 : true
2025-07-13 12:47:36,889 [INFO] ADCParametersView:116 -                Rank 10 : true
2025-07-13 12:47:36,889 [INFO] ADCParametersView:116 -                Rank 11 : true
2025-07-13 12:47:36,889 [INFO] ADCParametersView:116 -                Rank 12 : true
2025-07-13 12:47:36,889 [INFO] ADCParametersView:116 -                Rank 13 : true
2025-07-13 12:47:36,889 [INFO] ADCParametersView:116 -                Rank 6 : true
2025-07-13 12:47:36,889 [INFO] ADCParametersView:116 -                Rank 7 : true
2025-07-13 12:47:36,889 [INFO] ADCParametersView:116 -                Rank 8 : true
2025-07-13 12:47:36,889 [INFO] ADCParametersView:116 -                Rank 9 : true
2025-07-13 12:47:36,889 [INFO] ADCParametersView:116 -                Rank 10 : true
2025-07-13 12:47:36,889 [INFO] ADCParametersView:116 -                Rank 11 : true
2025-07-13 12:47:36,890 [INFO] ADCParametersView:116 -                Rank 12 : true
2025-07-13 12:47:36,890 [INFO] ADCParametersView:116 -                Rank 13 : true
2025-07-13 12:47:36,890 [INFO] ADCParametersView:116 -                Rank 7 : true
2025-07-13 12:47:36,890 [INFO] ADCParametersView:116 -                Rank 8 : true
2025-07-13 12:47:36,890 [INFO] ADCParametersView:116 -                Rank 9 : true
2025-07-13 12:47:36,890 [INFO] ADCParametersView:116 -                Rank 10 : true
2025-07-13 12:47:36,890 [INFO] ADCParametersView:116 -                Rank 11 : true
2025-07-13 12:47:36,890 [INFO] ADCParametersView:116 -                Rank 12 : true
2025-07-13 12:47:36,890 [INFO] ADCParametersView:116 -                Rank 13 : true
2025-07-13 12:47:36,890 [INFO] ADCParametersView:116 -                Rank 8 : true
2025-07-13 12:47:36,890 [INFO] ADCParametersView:116 -                Rank 9 : true
2025-07-13 12:47:36,890 [INFO] ADCParametersView:116 -                Rank 10 : true
2025-07-13 12:47:36,890 [INFO] ADCParametersView:116 -                Rank 11 : true
2025-07-13 12:47:36,890 [INFO] ADCParametersView:116 -                Rank 12 : true
2025-07-13 12:47:36,890 [INFO] ADCParametersView:116 -                Rank 13 : true
2025-07-13 12:47:36,890 [INFO] ADCParametersView:116 -                Rank 9 : true
2025-07-13 12:47:36,890 [INFO] ADCParametersView:116 -                Rank 10 : true
2025-07-13 12:47:36,890 [INFO] ADCParametersView:116 -                Rank 11 : true
2025-07-13 12:47:36,890 [INFO] ADCParametersView:116 -                Rank 12 : true
2025-07-13 12:47:36,891 [INFO] ADCParametersView:116 -                Rank 13 : true
2025-07-13 12:47:36,891 [INFO] ADCParametersView:116 -                Rank 10 : true
2025-07-13 12:47:36,891 [INFO] ADCParametersView:116 -                Rank 11 : true
2025-07-13 12:47:36,891 [INFO] ADCParametersView:116 -                Rank 12 : true
2025-07-13 12:47:36,891 [INFO] ADCParametersView:116 -                Rank 13 : true
2025-07-13 12:47:36,891 [INFO] ADCParametersView:116 -                Rank 11 : true
2025-07-13 12:47:36,891 [INFO] ADCParametersView:116 -                Rank 12 : true
2025-07-13 12:47:36,891 [INFO] ADCParametersView:116 -                Rank 13 : true
2025-07-13 12:47:36,891 [INFO] ADCParametersView:116 -                Rank 12 : true
2025-07-13 12:47:36,891 [INFO] ADCParametersView:116 -                Rank 13 : true
2025-07-13 12:47:36,891 [INFO] ADCParametersView:116 -                Rank 13 : true
2025-07-13 12:47:36,942 [INFO] ADCParametersView:116 -                Rank 1 : true
2025-07-13 12:47:36,943 [INFO] ADCParametersView:116 -                Rank 1 : true
2025-07-13 12:47:36,943 [INFO] ADCParametersView:116 -                Rank 2 : true
2025-07-13 12:47:36,943 [INFO] ADCParametersView:116 -                Rank 1 : true
2025-07-13 12:47:36,943 [INFO] ADCParametersView:116 -                Rank 2 : true
2025-07-13 12:47:36,943 [INFO] ADCParametersView:116 -                Rank 3 : true
2025-07-13 12:47:36,944 [INFO] ADCParametersView:116 -                Rank 1 : true
2025-07-13 12:47:36,944 [INFO] ADCParametersView:116 -                Rank 2 : true
2025-07-13 12:47:36,944 [INFO] ADCParametersView:116 -                Rank 3 : true
2025-07-13 12:47:36,944 [INFO] ADCParametersView:116 -                Rank 4 : true
2025-07-13 12:47:36,944 [INFO] ADCParametersView:116 -                Rank 1 : true
2025-07-13 12:47:36,944 [INFO] ADCParametersView:116 -                Rank 2 : true
2025-07-13 12:47:36,944 [INFO] ADCParametersView:116 -                Rank 3 : true
2025-07-13 12:47:36,944 [INFO] ADCParametersView:116 -                Rank 4 : true
2025-07-13 12:47:36,944 [INFO] ADCParametersView:116 -                Rank 5 : true
2025-07-13 12:47:36,945 [INFO] ADCParametersView:116 -                Rank 1 : true
2025-07-13 12:47:36,945 [INFO] ADCParametersView:116 -                Rank 2 : true
2025-07-13 12:47:36,945 [INFO] ADCParametersView:116 -                Rank 3 : true
2025-07-13 12:47:36,945 [INFO] ADCParametersView:116 -                Rank 4 : true
2025-07-13 12:47:36,945 [INFO] ADCParametersView:116 -                Rank 5 : true
2025-07-13 12:47:36,945 [INFO] ADCParametersView:116 -                Rank 6 : true
2025-07-13 12:47:36,945 [INFO] ADCParametersView:116 -                Rank 1 : true
2025-07-13 12:47:36,945 [INFO] ADCParametersView:116 -                Rank 2 : true
2025-07-13 12:47:36,945 [INFO] ADCParametersView:116 -                Rank 3 : true
2025-07-13 12:47:36,945 [INFO] ADCParametersView:116 -                Rank 4 : true
2025-07-13 12:47:36,945 [INFO] ADCParametersView:116 -                Rank 5 : true
2025-07-13 12:47:36,945 [INFO] ADCParametersView:116 -                Rank 6 : true
2025-07-13 12:47:36,946 [INFO] ADCParametersView:116 -                Rank 7 : true
2025-07-13 12:47:36,946 [INFO] ADCParametersView:116 -                Rank 1 : true
2025-07-13 12:47:36,946 [INFO] ADCParametersView:116 -                Rank 2 : true
2025-07-13 12:47:36,946 [INFO] ADCParametersView:116 -                Rank 3 : true
2025-07-13 12:47:36,946 [INFO] ADCParametersView:116 -                Rank 4 : true
2025-07-13 12:47:36,946 [INFO] ADCParametersView:116 -                Rank 5 : true
2025-07-13 12:47:36,946 [INFO] ADCParametersView:116 -                Rank 6 : true
2025-07-13 12:47:36,946 [INFO] ADCParametersView:116 -                Rank 7 : true
2025-07-13 12:47:36,946 [INFO] ADCParametersView:116 -                Rank 8 : true
2025-07-13 12:47:36,947 [INFO] ADCParametersView:116 -                Rank 1 : true
2025-07-13 12:47:36,947 [INFO] ADCParametersView:116 -                Rank 2 : true
2025-07-13 12:47:36,947 [INFO] ADCParametersView:116 -                Rank 3 : true
2025-07-13 12:47:36,947 [INFO] ADCParametersView:116 -                Rank 4 : true
2025-07-13 12:47:36,947 [INFO] ADCParametersView:116 -                Rank 5 : true
2025-07-13 12:47:36,947 [INFO] ADCParametersView:116 -                Rank 6 : true
2025-07-13 12:47:36,947 [INFO] ADCParametersView:116 -                Rank 7 : true
2025-07-13 12:47:36,947 [INFO] ADCParametersView:116 -                Rank 8 : true
2025-07-13 12:47:36,947 [INFO] ADCParametersView:116 -                Rank 9 : true
2025-07-13 12:47:36,948 [INFO] ADCParametersView:116 -                Rank 1 : true
2025-07-13 12:47:36,948 [INFO] ADCParametersView:116 -                Rank 2 : true
2025-07-13 12:47:36,948 [INFO] ADCParametersView:116 -                Rank 3 : true
2025-07-13 12:47:36,948 [INFO] ADCParametersView:116 -                Rank 4 : true
2025-07-13 12:47:36,948 [INFO] ADCParametersView:116 -                Rank 5 : true
2025-07-13 12:47:36,948 [INFO] ADCParametersView:116 -                Rank 6 : true
2025-07-13 12:47:36,948 [INFO] ADCParametersView:116 -                Rank 7 : true
2025-07-13 12:47:36,948 [INFO] ADCParametersView:116 -                Rank 8 : true
2025-07-13 12:47:36,948 [INFO] ADCParametersView:116 -                Rank 9 : true
2025-07-13 12:47:36,948 [INFO] ADCParametersView:116 -                Rank 10 : true
2025-07-13 12:47:36,949 [INFO] ADCParametersView:116 -                Rank 1 : true
2025-07-13 12:47:36,949 [INFO] ADCParametersView:116 -                Rank 2 : true
2025-07-13 12:47:36,949 [INFO] ADCParametersView:116 -                Rank 3 : true
2025-07-13 12:47:36,949 [INFO] ADCParametersView:116 -                Rank 4 : true
2025-07-13 12:47:36,949 [INFO] ADCParametersView:116 -                Rank 5 : true
2025-07-13 12:47:36,949 [INFO] ADCParametersView:116 -                Rank 6 : true
2025-07-13 12:47:36,949 [INFO] ADCParametersView:116 -                Rank 7 : true
2025-07-13 12:47:36,949 [INFO] ADCParametersView:116 -                Rank 8 : true
2025-07-13 12:47:36,949 [INFO] ADCParametersView:116 -                Rank 9 : true
2025-07-13 12:47:36,949 [INFO] ADCParametersView:116 -                Rank 10 : true
2025-07-13 12:47:36,949 [INFO] ADCParametersView:116 -                Rank 11 : true
2025-07-13 12:47:36,949 [INFO] ADCParametersView:116 -                Rank 1 : true
2025-07-13 12:47:36,950 [INFO] ADCParametersView:116 -                Rank 2 : true
2025-07-13 12:47:36,950 [INFO] ADCParametersView:116 -                Rank 3 : true
2025-07-13 12:47:36,950 [INFO] ADCParametersView:116 -                Rank 4 : true
2025-07-13 12:47:36,950 [INFO] ADCParametersView:116 -                Rank 5 : true
2025-07-13 12:47:36,950 [INFO] ADCParametersView:116 -                Rank 6 : true
2025-07-13 12:47:36,950 [INFO] ADCParametersView:116 -                Rank 7 : true
2025-07-13 12:47:36,950 [INFO] ADCParametersView:116 -                Rank 8 : true
2025-07-13 12:47:36,950 [INFO] ADCParametersView:116 -                Rank 9 : true
2025-07-13 12:47:36,950 [INFO] ADCParametersView:116 -                Rank 10 : true
2025-07-13 12:47:36,950 [INFO] ADCParametersView:116 -                Rank 11 : true
2025-07-13 12:47:36,950 [INFO] ADCParametersView:116 -                Rank 12 : true
2025-07-13 12:47:36,950 [INFO] ADCParametersView:116 -                Rank 1 : true
2025-07-13 12:47:36,950 [INFO] ADCParametersView:116 -                Rank 2 : true
2025-07-13 12:47:36,950 [INFO] ADCParametersView:116 -                Rank 3 : true
2025-07-13 12:47:36,950 [INFO] ADCParametersView:116 -                Rank 4 : true
2025-07-13 12:47:36,951 [INFO] ADCParametersView:116 -                Rank 5 : true
2025-07-13 12:47:36,951 [INFO] ADCParametersView:116 -                Rank 6 : true
2025-07-13 12:47:36,951 [INFO] ADCParametersView:116 -                Rank 7 : true
2025-07-13 12:47:36,951 [INFO] ADCParametersView:116 -                Rank 8 : true
2025-07-13 12:47:36,951 [INFO] ADCParametersView:116 -                Rank 9 : true
2025-07-13 12:47:36,951 [INFO] ADCParametersView:116 -                Rank 10 : true
2025-07-13 12:47:36,951 [INFO] ADCParametersView:116 -                Rank 11 : true
2025-07-13 12:47:36,951 [INFO] ADCParametersView:116 -                Rank 12 : true
2025-07-13 12:47:36,951 [INFO] ADCParametersView:116 -                Rank 13 : true
2025-07-13 12:47:43,711 [INFO] UtilMem:75 - End SaveConfig() Used Memory: 780032192 Bytes (1073741824)
2025-07-13 12:47:44,261 [INFO] UtilMem:75 - End SaveConfig() Used Memory: 852447528 Bytes (1073741824)
2025-07-13 12:47:44,499 [INFO] BlockDiagram:2766 - set Specific Code input for plugin: TIM1_8
2025-07-13 12:47:44,499 [INFO] BlockDiagram:2766 - set Specific Code input for plugin: TIM1_8
2025-07-13 12:47:44,499 [INFO] BlockDiagram:2766 - set Specific Code input for plugin: TIM1_8
2025-07-13 12:47:44,499 [INFO] BlockDiagram:2766 - set Specific Code input for plugin: TIM1_8
2025-07-13 12:47:44,499 [INFO] BlockDiagram:2766 - set Specific Code input for plugin: SYS
2025-07-13 12:47:44,499 [INFO] BlockDiagram:2766 - set Specific Code input for plugin: ADC
2025-07-13 12:47:44,499 [INFO] BlockDiagram:2766 - set Specific Code input for plugin: RCC
2025-07-13 12:47:44,499 [INFO] BlockDiagram:2766 - set Specific Code input for plugin: I2C
2025-07-13 12:47:44,499 [INFO] BlockDiagram:2766 - set Specific Code input for plugin: I2C
2025-07-13 12:47:44,499 [INFO] BlockDiagram:2766 - set Specific Code input for plugin: RTC
2025-07-13 12:47:44,499 [INFO] BlockDiagram:2766 - set Specific Code input for plugin: USB_OTG_FS
2025-07-13 12:47:44,499 [INFO] BlockDiagram:2766 - set Specific Code input for plugin: NVIC
2025-07-13 12:47:44,499 [INFO] BlockDiagram:2766 - set Specific Code input for plugin: DMA
2025-07-13 12:47:44,499 [INFO] BlockDiagram:2766 - set Specific Code input for plugin: UART
2025-07-13 12:47:44,500 [INFO] BlockDiagram:2766 - set Specific Code input for plugin: GPIO
2025-07-13 12:47:44,500 [INFO] CodeGenerator:807 - code generatio: config db path: /Applications/STM32CubeIDE.app/Contents/Eclipse/plugins/com.st.stm32cube.common.mx_6.12.1.202409122256//db/
2025-07-13 12:47:44,544 [INFO] Argument:325 - Argument : hdmavalue: null
2025-07-13 12:47:44,544 [INFO] Argument:327 - 	 sub Args: 
2025-07-13 12:47:44,544 [INFO] Argument:325 - Argument : Instancevalue: DMA2_Stream0
2025-07-13 12:47:44,544 [INFO] Argument:335 - Argument : Instancevalue: DMA2_Stream0
2025-07-13 12:47:44,544 [INFO] Argument:325 - Argument : Initvalue: null
2025-07-13 12:47:44,544 [INFO] Argument:327 - 	 sub Args: 
2025-07-13 12:47:44,544 [INFO] Argument:325 - Argument : Channelvalue: DMA_CHANNEL_0
2025-07-13 12:47:44,544 [INFO] Argument:335 - Argument : Channelvalue: DMA_CHANNEL_0
2025-07-13 12:47:44,544 [INFO] Argument:325 - Argument : Directionvalue: DMA_PERIPH_TO_MEMORY
2025-07-13 12:47:44,544 [INFO] Argument:335 - Argument : Directionvalue: DMA_PERIPH_TO_MEMORY
2025-07-13 12:47:44,544 [INFO] Argument:325 - Argument : PeriphIncvalue: DMA_PINC_DISABLE
2025-07-13 12:47:44,544 [INFO] Argument:335 - Argument : PeriphIncvalue: DMA_PINC_DISABLE
2025-07-13 12:47:44,544 [INFO] Argument:325 - Argument : MemIncvalue: DMA_MINC_ENABLE
2025-07-13 12:47:44,544 [INFO] Argument:335 - Argument : MemIncvalue: DMA_MINC_ENABLE
2025-07-13 12:47:44,544 [INFO] Argument:325 - Argument : PeriphDataAlignmentvalue: DMA_PDATAALIGN_HALFWORD
2025-07-13 12:47:44,544 [INFO] Argument:335 - Argument : PeriphDataAlignmentvalue: DMA_PDATAALIGN_HALFWORD
2025-07-13 12:47:44,544 [INFO] Argument:325 - Argument : MemDataAlignmentvalue: DMA_MDATAALIGN_HALFWORD
2025-07-13 12:47:44,544 [INFO] Argument:335 - Argument : MemDataAlignmentvalue: DMA_MDATAALIGN_HALFWORD
2025-07-13 12:47:44,544 [INFO] Argument:325 - Argument : Modevalue: DMA_CIRCULAR
2025-07-13 12:47:44,544 [INFO] Argument:335 - Argument : Modevalue: DMA_CIRCULAR
2025-07-13 12:47:44,545 [INFO] Argument:325 - Argument : Priorityvalue: DMA_PRIORITY_LOW
2025-07-13 12:47:44,545 [INFO] Argument:335 - Argument : Priorityvalue: DMA_PRIORITY_LOW
2025-07-13 12:47:44,545 [INFO] Argument:325 - Argument : FIFOModevalue: DMA_FIFOMODE_DISABLE
2025-07-13 12:47:44,545 [INFO] Argument:335 - Argument : FIFOModevalue: DMA_FIFOMODE_DISABLE
2025-07-13 12:47:44,545 [INFO] Argument:325 - Argument : FIFOThresholdvalue: null
2025-07-13 12:47:44,545 [INFO] Argument:335 - Argument : FIFOThresholdvalue: null
2025-07-13 12:47:44,545 [INFO] Argument:325 - Argument : MemBurstvalue: null
2025-07-13 12:47:44,545 [INFO] Argument:335 - Argument : MemBurstvalue: null
2025-07-13 12:47:44,545 [INFO] Argument:325 - Argument : PeriphBurstvalue: null
2025-07-13 12:47:44,545 [INFO] Argument:335 - Argument : PeriphBurstvalue: null
2025-07-13 12:47:44,545 [INFO] Argument:325 - Argument : Lockvalue: null
2025-07-13 12:47:44,545 [INFO] Argument:335 - Argument : Lockvalue: null
2025-07-13 12:47:44,545 [INFO] Argument:325 - Argument : Statevalue: null
2025-07-13 12:47:44,545 [INFO] Argument:335 - Argument : Statevalue: null
2025-07-13 12:47:44,545 [INFO] Argument:325 - Argument : Parentvalue: null
2025-07-13 12:47:44,545 [INFO] Argument:335 - Argument : Parentvalue: null
2025-07-13 12:47:44,545 [INFO] Argument:325 - Argument : XferCpltCallbackvalue: null
2025-07-13 12:47:44,545 [INFO] Argument:335 - Argument : XferCpltCallbackvalue: null
2025-07-13 12:47:44,545 [INFO] Argument:325 - Argument : XferHalfCpltCallbackvalue: null
2025-07-13 12:47:44,545 [INFO] Argument:335 - Argument : XferHalfCpltCallbackvalue: null
2025-07-13 12:47:44,545 [INFO] Argument:325 - Argument : XferM1CpltCallbackvalue: null
2025-07-13 12:47:44,545 [INFO] Argument:335 - Argument : XferM1CpltCallbackvalue: null
2025-07-13 12:47:44,545 [INFO] Argument:325 - Argument : XferErrorCallbackvalue: null
2025-07-13 12:47:44,545 [INFO] Argument:335 - Argument : XferErrorCallbackvalue: null
2025-07-13 12:47:44,545 [INFO] Argument:325 - Argument : ErrorCodevalue: null
2025-07-13 12:47:44,545 [INFO] Argument:335 - Argument : ErrorCodevalue: null
2025-07-13 12:47:44,548 [WARN] IP:2191 - I2C_Coeff_DF not found: check if there is a RefParameter without a condition.
2025-07-13 12:47:44,548 [WARN] IP:2191 - Analog_Filter not found: check if there is a RefParameter without a condition.
2025-07-13 12:47:44,550 [WARN] IP:2191 - I2C_Coeff_DF not found: check if there is a RefParameter without a condition.
2025-07-13 12:47:44,550 [WARN] IP:2191 - Analog_Filter not found: check if there is a RefParameter without a condition.
2025-07-13 12:47:44,654 [INFO] CodeEngine:255 - oldGeneratedFile, /Users/apple/STM32CubeIDE/workspace_1.16.1/STM32F405_EPS/MXTmpFiles/license.tmp_save
2025-07-13 12:47:45,013 [INFO] CodeEngine:279 - Generated code: /Users/apple/STM32CubeIDE/workspace_1.16.1/STM32F405_EPS/MXTmpFiles/license.tmp
2025-07-13 12:47:45,428 [INFO] CodeEngine:255 - oldGeneratedFile, /Users/apple/STM32CubeIDE/workspace_1.16.1/STM32F405_EPS/Core/Src/gpio.c_save
2025-07-13 12:47:45,652 [INFO] CodeEngine:279 - Generated code: /Users/apple/STM32CubeIDE/workspace_1.16.1/STM32F405_EPS/Core/Src/gpio.c
2025-07-13 12:47:45,657 [INFO] CodeEngine:255 - oldGeneratedFile, /Users/apple/STM32CubeIDE/workspace_1.16.1/STM32F405_EPS/Core/Inc/gpio.h_save
2025-07-13 12:47:45,734 [INFO] CodeEngine:279 - Generated code: /Users/apple/STM32CubeIDE/workspace_1.16.1/STM32F405_EPS/Core/Inc/gpio.h
2025-07-13 12:47:46,316 [WARN] IPConfigManager:3005 - Warning: the RefConfig PWREx_EnableUSBVoltageDetector is not available in your config.xml file
2025-07-13 12:47:46,335 [INFO] CodeEngine:255 - oldGeneratedFile, /Users/apple/STM32CubeIDE/workspace_1.16.1/STM32F405_EPS/Core/Src/adc.c_save
2025-07-13 12:47:46,477 [INFO] CodeEngine:279 - Generated code: /Users/apple/STM32CubeIDE/workspace_1.16.1/STM32F405_EPS/Core/Src/adc.c
2025-07-13 12:47:46,479 [INFO] CodeEngine:255 - oldGeneratedFile, /Users/apple/STM32CubeIDE/workspace_1.16.1/STM32F405_EPS/Core/Inc/adc.h_save
2025-07-13 12:47:46,543 [INFO] CodeEngine:279 - Generated code: /Users/apple/STM32CubeIDE/workspace_1.16.1/STM32F405_EPS/Core/Inc/adc.h
2025-07-13 12:47:46,575 [INFO] CodeEngine:255 - oldGeneratedFile, /Users/apple/STM32CubeIDE/workspace_1.16.1/STM32F405_EPS/Core/Src/dma.c_save
2025-07-13 12:47:46,639 [INFO] CodeEngine:279 - Generated code: /Users/apple/STM32CubeIDE/workspace_1.16.1/STM32F405_EPS/Core/Src/dma.c
2025-07-13 12:47:46,643 [INFO] CodeEngine:255 - oldGeneratedFile, /Users/apple/STM32CubeIDE/workspace_1.16.1/STM32F405_EPS/Core/Inc/dma.h_save
2025-07-13 12:47:46,709 [INFO] CodeEngine:279 - Generated code: /Users/apple/STM32CubeIDE/workspace_1.16.1/STM32F405_EPS/Core/Inc/dma.h
2025-07-13 12:47:46,727 [INFO] CodeEngine:255 - oldGeneratedFile, /Users/apple/STM32CubeIDE/workspace_1.16.1/STM32F405_EPS/Core/Src/i2c.c_save
2025-07-13 12:47:46,815 [INFO] CodeEngine:279 - Generated code: /Users/apple/STM32CubeIDE/workspace_1.16.1/STM32F405_EPS/Core/Src/i2c.c
2025-07-13 12:47:46,816 [INFO] CodeEngine:255 - oldGeneratedFile, /Users/apple/STM32CubeIDE/workspace_1.16.1/STM32F405_EPS/Core/Inc/i2c.h_save
2025-07-13 12:47:46,874 [INFO] CodeEngine:279 - Generated code: /Users/apple/STM32CubeIDE/workspace_1.16.1/STM32F405_EPS/Core/Inc/i2c.h
2025-07-13 12:47:46,878 [INFO] CodeEngine:255 - oldGeneratedFile, /Users/apple/STM32CubeIDE/workspace_1.16.1/STM32F405_EPS/Core/Src/rtc.c_save
2025-07-13 12:47:46,970 [INFO] CodeEngine:279 - Generated code: /Users/apple/STM32CubeIDE/workspace_1.16.1/STM32F405_EPS/Core/Src/rtc.c
2025-07-13 12:47:46,972 [INFO] CodeEngine:255 - oldGeneratedFile, /Users/apple/STM32CubeIDE/workspace_1.16.1/STM32F405_EPS/Core/Inc/rtc.h_save
2025-07-13 12:47:47,028 [INFO] CodeEngine:279 - Generated code: /Users/apple/STM32CubeIDE/workspace_1.16.1/STM32F405_EPS/Core/Inc/rtc.h
2025-07-13 12:47:47,035 [INFO] CodeEngine:255 - oldGeneratedFile, /Users/apple/STM32CubeIDE/workspace_1.16.1/STM32F405_EPS/Core/Src/tim.c_save
2025-07-13 12:47:47,142 [INFO] CodeEngine:279 - Generated code: /Users/apple/STM32CubeIDE/workspace_1.16.1/STM32F405_EPS/Core/Src/tim.c
2025-07-13 12:47:47,143 [INFO] CodeEngine:255 - oldGeneratedFile, /Users/apple/STM32CubeIDE/workspace_1.16.1/STM32F405_EPS/Core/Inc/tim.h_save
2025-07-13 12:47:47,198 [INFO] CodeEngine:279 - Generated code: /Users/apple/STM32CubeIDE/workspace_1.16.1/STM32F405_EPS/Core/Inc/tim.h
2025-07-13 12:47:47,203 [INFO] CodeEngine:255 - oldGeneratedFile, /Users/apple/STM32CubeIDE/workspace_1.16.1/STM32F405_EPS/Core/Src/usart.c_save
2025-07-13 12:47:47,277 [INFO] CodeEngine:279 - Generated code: /Users/apple/STM32CubeIDE/workspace_1.16.1/STM32F405_EPS/Core/Src/usart.c
2025-07-13 12:47:47,279 [INFO] CodeEngine:255 - oldGeneratedFile, /Users/apple/STM32CubeIDE/workspace_1.16.1/STM32F405_EPS/Core/Inc/usart.h_save
2025-07-13 12:47:47,329 [INFO] CodeEngine:279 - Generated code: /Users/apple/STM32CubeIDE/workspace_1.16.1/STM32F405_EPS/Core/Inc/usart.h
2025-07-13 12:47:47,336 [INFO] CodeEngine:255 - oldGeneratedFile, /Users/apple/STM32CubeIDE/workspace_1.16.1/STM32F405_EPS/Core/Src/usb_otg.c_save
2025-07-13 12:47:47,404 [INFO] CodeEngine:279 - Generated code: /Users/apple/STM32CubeIDE/workspace_1.16.1/STM32F405_EPS/Core/Src/usb_otg.c
2025-07-13 12:47:47,406 [INFO] CodeEngine:255 - oldGeneratedFile, /Users/apple/STM32CubeIDE/workspace_1.16.1/STM32F405_EPS/Core/Inc/usb_otg.h_save
2025-07-13 12:47:47,473 [INFO] CodeEngine:279 - Generated code: /Users/apple/STM32CubeIDE/workspace_1.16.1/STM32F405_EPS/Core/Inc/usb_otg.h
2025-07-13 12:47:47,482 [INFO] CodeEngine:255 - oldGeneratedFile, /Users/apple/STM32CubeIDE/workspace_1.16.1/STM32F405_EPS/Core/Src/stm32f4xx_it.c_save
2025-07-13 12:47:47,590 [INFO] CodeEngine:279 - Generated code: /Users/apple/STM32CubeIDE/workspace_1.16.1/STM32F405_EPS/Core/Src/stm32f4xx_it.c
2025-07-13 12:47:47,594 [INFO] CodeEngine:255 - oldGeneratedFile, /Users/apple/STM32CubeIDE/workspace_1.16.1/STM32F405_EPS/Core/Inc/stm32f4xx_it.h_save
2025-07-13 12:47:47,686 [INFO] CodeEngine:279 - Generated code: /Users/apple/STM32CubeIDE/workspace_1.16.1/STM32F405_EPS/Core/Inc/stm32f4xx_it.h
2025-07-13 12:47:47,701 [INFO] CodeEngine:255 - oldGeneratedFile, /Users/apple/STM32CubeIDE/workspace_1.16.1/STM32F405_EPS/Core/Src/stm32f4xx_hal_msp.c_save
2025-07-13 12:47:47,792 [INFO] CodeEngine:279 - Generated code: /Users/apple/STM32CubeIDE/workspace_1.16.1/STM32F405_EPS/Core/Src/stm32f4xx_hal_msp.c
2025-07-13 12:47:47,793 [INFO] CodeEngine:255 - oldGeneratedFile, /Users/apple/STM32CubeIDE/workspace_1.16.1/STM32F405_EPS/MXTmpFiles/system.tmp_save
2025-07-13 12:47:47,852 [INFO] CodeEngine:279 - Generated code: /Users/apple/STM32CubeIDE/workspace_1.16.1/STM32F405_EPS/MXTmpFiles/system.tmp
2025-07-13 12:47:47,860 [INFO] CodeEngine:311 - oldGeneratedFile, /Users/apple/STM32CubeIDE/workspace_1.16.1/STM32F405_EPS/Core/Inc/stm32f4xx_hal_conf.h_save
2025-07-13 12:47:48,294 [INFO] CodeEngine:335 - Generated code: /Users/apple/STM32CubeIDE/workspace_1.16.1/STM32F405_EPS/Core/Inc/stm32f4xx_hal_conf.h
2025-07-13 12:47:48,388 [INFO] CodeEngine:255 - oldGeneratedFile, /Users/apple/STM32CubeIDE/workspace_1.16.1/STM32F405_EPS/Core/Inc/main.h_save
2025-07-13 12:47:48,554 [INFO] CodeEngine:279 - Generated code: /Users/apple/STM32CubeIDE/workspace_1.16.1/STM32F405_EPS/Core/Inc/main.h
2025-07-13 12:47:48,560 [INFO] CodeEngine:255 - oldGeneratedFile, /Users/apple/STM32CubeIDE/workspace_1.16.1/STM32F405_EPS/Core/Src/main.c_save
2025-07-13 12:47:48,685 [INFO] CodeEngine:279 - Generated code: /Users/apple/STM32CubeIDE/workspace_1.16.1/STM32F405_EPS/Core/Src/main.c
2025-07-13 12:47:48,972 [INFO] ProjectBuilder:3249 - Time for Copy HAL[2] : 0mS.
2025-07-13 12:47:48,980 [INFO] ProjectBuilder:4828 - Project Generator version: 4.5.0-B34
2025-07-13 12:47:49,061 [INFO] ConfigFileManager:1531 - The Die is : DIE413
2025-07-13 12:47:51,239 [INFO] ProjectBuilder:5097 - Time for Generating toolchain IDE Files: 2254mS.
2025-07-13 12:47:51,244 [INFO] ProjectBuilder:3107 - Time for Copy CMSIS : 1mS.
2025-07-13 12:47:51,247 [INFO] ProjectBuilder:3107 - Time for Copy CMSIS : 0mS.
2025-07-13 12:53:30,325 [INFO] MainUpdater:2873 - connection check result : 10
2025-07-13 12:53:30,332 [INFO] MainUpdater:2873 - connection check result : 10
2025-07-13 12:53:30,574 [INFO] MicroXplorer:468 - Change Database Path : 
2025-07-13 12:53:30,575 [INFO] MicroXplorer:498 - Change Database Version : DB.6.0.121
2025-07-13 12:53:30,627 [ERROR] ProjectManagerView:394 - 
java.lang.NullPointerException: Cannot invoke "javax.swing.JTextField.getText()" because the return value of "java.util.List.get(int)" is null
	at com.st.microxplorer.plugins.projectmanager.gui.ProjectChoiceTab$10.caretUpdate(ProjectChoiceTab.java:2622) ~[filemanager.jar:?]
	at javax.swing.text.JTextComponent.fireCaretUpdate(JTextComponent.java:412) ~[?:?]
	at javax.swing.text.JTextComponent$MutableCaretEvent.fire(JTextComponent.java:4491) ~[?:?]
	at javax.swing.text.JTextComponent$MutableCaretEvent.stateChanged(JTextComponent.java:4513) ~[?:?]
	at javax.swing.text.DefaultCaret.fireStateChanged(DefaultCaret.java:842) ~[?:?]
	at javax.swing.text.DefaultCaret.changeCaretPosition(DefaultCaret.java:1313) ~[?:?]
	at javax.swing.text.DefaultCaret.handleSetDot(DefaultCaret.java:1212) ~[?:?]
	at javax.swing.text.DefaultCaret.setDot(DefaultCaret.java:1193) ~[?:?]
	at javax.swing.text.DefaultCaret$Handler.insertUpdate(DefaultCaret.java:1789) ~[?:?]
	at javax.swing.text.AbstractDocument.fireInsertUpdate(AbstractDocument.java:226) ~[?:?]
	at javax.swing.text.AbstractDocument.handleInsertString(AbstractDocument.java:780) ~[?:?]
	at javax.swing.text.AbstractDocument.insertString(AbstractDocument.java:739) ~[?:?]
	at javax.swing.text.PlainDocument.insertString(PlainDocument.java:131) ~[?:?]
	at javax.swing.text.AbstractDocument.replace(AbstractDocument.java:698) ~[?:?]
	at javax.swing.text.JTextComponent.setText(JTextComponent.java:1729) ~[?:?]
	at com.st.microxplorer.plugins.projectmanager.gui.ProjectChoiceTab.createHeapStackFields(ProjectChoiceTab.java:972) ~[filemanager.jar:?]
	at com.st.microxplorer.plugins.projectmanager.gui.ProjectChoiceTab.buildLinkSettingsPanel(ProjectChoiceTab.java:3597) ~[filemanager.jar:?]
	at com.st.microxplorer.plugins.projectmanager.gui.ProjectChoiceTab.defineWindowsFields(ProjectChoiceTab.java:1940) ~[filemanager.jar:?]
	at com.st.microxplorer.plugins.projectmanager.gui.ProjectChoiceTab.updateSettings(ProjectChoiceTab.java:550) ~[filemanager.jar:?]
	at com.st.microxplorer.plugins.projectmanager.gui.ProjectSettingsPanel.UpdateDialog(ProjectSettingsPanel.java:245) ~[filemanager.jar:?]
	at com.st.microxplorer.plugins.projectmanager.ProjectManagerView.propertyChange(ProjectManagerView.java:391) ~[filemanager.jar:?]
	at java.beans.PropertyChangeSupport.fire(PropertyChangeSupport.java:343) ~[?:?]
	at java.beans.PropertyChangeSupport.firePropertyChange(PropertyChangeSupport.java:335) ~[?:?]
	at java.beans.PropertyChangeSupport.firePropertyChange(PropertyChangeSupport.java:268) ~[?:?]
	at com.st.microxplorer.util.MXPropertyChangeSupport.firePropertyChange(MXPropertyChangeSupport.java:54) ~[STM32CubeMX.jar:?]
	at com.st.microxplorer.mxsystem.MxSystem.closeConfig(MxSystem.java:900) ~[STM32CubeMX.jar:?]
	at com.st.microxplorer.maingui.MainPanel.closeConfig(MainPanel.java:781) ~[STM32CubeMX.jar:?]
	at com.st.microxplorer.plugins.filemanager.engine.OpenFileManager.loadConfigurationFile(OpenFileManager.java:265) ~[filemanager.jar:?]
	at com.st.microxplorer.plugins.filemanager.engine.MainFileManager.userLoadConfig(MainFileManager.java:352) ~[filemanager.jar:?]
	at com.st.microxplorer.plugins.filemanager.engine.MainFileManager.userLoadConfig(MainFileManager.java:330) ~[filemanager.jar:?]
	at com.st.microxplorer.plugins.filemanager.FileManagerView.getSpecificTask(FileManagerView.java:246) ~[filemanager.jar:?]
	at com.st.stm32cube.common.mx.editor.CubeMxEditor.getMxTabbedPaneInstance(CubeMxEditor.java:1198) ~[com.st.stm32cube.common.mx_6.12.1.202409122256/:?]
	at com.st.stm32cube.common.mx.editor.CubeMxEditor$12$1.createSwingComponent(CubeMxEditor.java:1068) ~[com.st.stm32cube.common.mx_6.12.1.202409122256/:?]
	at com.st.stm32cube.common.mx.oss.core.awtswtbridge.EmbeddedSwingComposite.doComponentCreation(EmbeddedSwingComposite.java:492) ~[com.st.stm32cube.common.mx.oss_6.12.1.202409122256/:?]
	at com.st.stm32cube.common.mx.oss.core.awtswtbridge.EmbeddedSwingComposite$4.run(EmbeddedSwingComposite.java:291) ~[com.st.stm32cube.common.mx.oss_6.12.1.202409122256/:?]
	at com.st.stm32cube.common.mx.oss.core.awtswtbridge.AwtEnvironment$2.run(AwtEnvironment.java:166) ~[com.st.stm32cube.common.mx.oss_6.12.1.202409122256/:?]
	at java.awt.event.InvocationEvent.dispatch(InvocationEvent.java:318) ~[?:?]
	at java.awt.EventQueue.dispatchEventImpl(EventQueue.java:773) ~[?:?]
	at java.awt.EventQueue$4.run(EventQueue.java:720) ~[?:?]
	at java.awt.EventQueue$4.run(EventQueue.java:714) ~[?:?]
	at java.security.AccessController.doPrivileged(AccessController.java:399) ~[?:?]
	at java.security.ProtectionDomain$JavaSecurityAccessImpl.doIntersectionPrivilege(ProtectionDomain.java:86) ~[?:?]
	at java.awt.EventQueue.dispatchEvent(EventQueue.java:742) ~[?:?]
	at java.awt.EventDispatchThread.pumpOneEventForFilters(EventDispatchThread.java:203) ~[?:?]
	at java.awt.EventDispatchThread.pumpEventsForFilter(EventDispatchThread.java:124) ~[?:?]
	at java.awt.EventDispatchThread.pumpEventsForHierarchy(EventDispatchThread.java:113) ~[?:?]
	at java.awt.EventDispatchThread.pumpEvents(EventDispatchThread.java:109) ~[?:?]
	at java.awt.EventDispatchThread.pumpEvents(EventDispatchThread.java:101) ~[?:?]
	at java.awt.EventDispatchThread.run(EventDispatchThread.java:90) ~[?:?]
2025-07-13 12:53:30,639 [WARN] ThirdParty:871 - waiting for thirdparty lock release [close project]
2025-07-13 12:53:30,639 [INFO] ThirdParty:873 - entering critical section [close project]
2025-07-13 12:53:30,639 [INFO] ThirdParty:883 - exiting critical section [close project]
2025-07-13 12:53:30,645 [INFO] PinOutPanel:1561 - setPackage(No Configuration,No Configuration)
2025-07-13 12:53:30,689 [WARN] IpParametersView:151 - Warning: This peripheral hasn't parameters
2025-07-13 12:53:30,719 [WARN] MainPanel:284 - <html><b><center>Warning: This peripheral has no parameters to be configured<br></b></html>
2025-07-13 12:53:30,762 [INFO] UtilMem:75 - Begin LoadConfig() Used Memory: 819038768 Bytes (1073741824)
2025-07-13 12:53:30,768 [INFO] MicroXplorer:468 - Change Database Path : 
2025-07-13 12:53:30,770 [INFO] MicroXplorer:498 - Change Database Version : DB.6.0.121
2025-07-13 12:53:30,771 [INFO] OpenFileManager:332 - Change cursor
2025-07-13 12:53:30,837 [INFO] RulesReader:64 - Compatibility file has been processed (297 Rules)
2025-07-13 12:53:30,859 [INFO] Mcu:2032 - Initializing MCU STM32F405RGTx STM32F405RGTx STM32F405RGT6
2025-07-13 12:53:32,170 [INFO] Context:742 - Trying to add GPIOservice into a context  which must be forbidden
2025-07-13 12:53:32,629 [INFO] RtosManager:555 - Registered RTOS mode: class=CMSIS, group=RTOS, mode=CMSIS_V1, owner=FREERTOS
2025-07-13 12:53:32,629 [INFO] RtosManager:555 - Registered RTOS mode: class=CMSIS, group=RTOS2, mode=CMSIS_V2, owner=FREERTOS
2025-07-13 12:53:32,629 [INFO] RtosManager:555 - Registered RTOS mode: class=RTOS, group=Core, mode=CMSIS_V1, owner=FREERTOS
2025-07-13 12:53:32,630 [INFO] RtosManager:555 - Registered RTOS mode: class=RTOS, group=Core, mode=CMSIS_V2, owner=FREERTOS
2025-07-13 12:53:32,630 [WARN] ModelIntegratedComponent:184 - Missing modes for component STMicroelectronics:FreeRTOS:0.0.1:STMicroelectronics:RTOS:FreeRTOS:Core:::10.2.0:
2025-07-13 12:53:32,636 [WARN] ModelIntegratedComponent:63 - No mode defined for component null
2025-07-13 12:53:32,636 [WARN] ModelIntegratedComponent:63 - No mode defined for component null
2025-07-13 12:53:32,636 [WARN] ModelIntegratedComponent:63 - No mode defined for component null
2025-07-13 12:53:32,636 [WARN] ModelIntegratedComponent:63 - No mode defined for component null
2025-07-13 12:53:32,636 [WARN] ModelIntegratedComponent:63 - No mode defined for component null
2025-07-13 12:53:32,636 [WARN] ModelIntegratedComponent:63 - No mode defined for component null
2025-07-13 12:53:32,636 [WARN] ModelIntegratedComponent:63 - No mode defined for component null
2025-07-13 12:53:32,636 [WARN] ModelIntegratedComponent:63 - No mode defined for component null
2025-07-13 12:53:32,636 [WARN] ModelIntegratedComponent:63 - No mode defined for component null
2025-07-13 12:53:32,636 [WARN] ModelIntegratedComponent:63 - No mode defined for component null
2025-07-13 12:53:32,636 [WARN] ModelIntegratedComponent:63 - No mode defined for component null
2025-07-13 12:53:32,636 [WARN] ModelIntegratedComponent:63 - No mode defined for component null
2025-07-13 12:53:32,636 [WARN] ModelIntegratedComponent:63 - No mode defined for component null
2025-07-13 12:53:32,636 [WARN] ModelIntegratedComponent:63 - No mode defined for component null
2025-07-13 12:53:32,636 [WARN] ModelIntegratedComponent:63 - No mode defined for component null
2025-07-13 12:53:32,636 [WARN] ModelIntegratedComponent:63 - No mode defined for component null
2025-07-13 12:53:32,636 [WARN] ModelIntegratedComponent:63 - No mode defined for component null
2025-07-13 12:53:32,636 [WARN] ModelIntegratedComponent:63 - No mode defined for component null
2025-07-13 12:53:32,636 [WARN] ModelIntegratedComponent:63 - No mode defined for component null
2025-07-13 12:53:32,636 [WARN] ModelIntegratedComponent:63 - No mode defined for component null
2025-07-13 12:53:32,636 [WARN] ModelIntegratedComponent:63 - No mode defined for component null
2025-07-13 12:53:32,636 [WARN] ModelIntegratedComponent:63 - No mode defined for component null
2025-07-13 12:53:32,636 [WARN] ModelIntegratedComponent:63 - No mode defined for component null
2025-07-13 12:53:32,636 [WARN] ModelIntegratedComponent:63 - No mode defined for component null
2025-07-13 12:53:32,637 [WARN] ModelIntegratedComponent:63 - No mode defined for component null
2025-07-13 12:53:32,637 [WARN] ModelIntegratedComponent:63 - No mode defined for component null
2025-07-13 12:53:32,637 [WARN] ModelIntegratedComponent:63 - No mode defined for component null
2025-07-13 12:53:32,637 [WARN] ModelIntegratedComponent:63 - No mode defined for component null
2025-07-13 12:53:32,637 [WARN] ModelIntegratedComponent:63 - No mode defined for component null
2025-07-13 12:53:32,637 [WARN] ModelIntegratedComponent:63 - No mode defined for component null
2025-07-13 12:53:32,637 [WARN] ModelIntegratedComponent:63 - No mode defined for component null
2025-07-13 12:53:32,637 [WARN] ModelIntegratedComponent:63 - No mode defined for component null
2025-07-13 12:53:32,637 [WARN] ModelIntegratedComponent:63 - No mode defined for component null
2025-07-13 12:53:32,637 [WARN] ModelIntegratedComponent:63 - No mode defined for component null
2025-07-13 12:53:32,637 [WARN] ModelIntegratedComponent:63 - No mode defined for component null
2025-07-13 12:53:32,638 [WARN] ModelPack:524 - Component already loaded: STMicroelectronics:HAL Drivers:0.0.0:STMicroelectronics:Device:STMicro_Driver:XSPI:HAL::0.0.1:HAL_XSPI
2025-07-13 12:53:32,803 [INFO] ThirdPartyModel:298 - Start build external matchings
2025-07-13 12:53:33,572 [INFO] ThirdPartyModel:316 - End build external matchings
2025-07-13 12:53:33,601 [INFO] ImportTextPane:205 - (OptionalMessage_ERROR) IP (DMA) : Parameter (Instance) has Id (ADC1) currently not set
2025-07-13 12:53:33,602 [INFO] ImportTextPane:205 - (OptionalMessage_ERROR) IP (DMA) : Parameter (Channel) has Id (ADC1) currently not set
2025-07-13 12:53:33,602 [INFO] ImportTextPane:205 - (OptionalMessage_ERROR) IP (DMA) : Parameter (Direction) has Id (ADC1) currently not set
2025-07-13 12:53:33,602 [INFO] ImportTextPane:205 - (OptionalMessage_ERROR) IP (DMA) : Parameter (PeriphInc) has Id (ADC1) currently not set
2025-07-13 12:53:33,602 [INFO] ImportTextPane:205 - (OptionalMessage_ERROR) IP (DMA) : Parameter (MemInc) has Id (ADC1) currently not set
2025-07-13 12:53:33,602 [INFO] ImportTextPane:205 - (OptionalMessage_ERROR) IP (DMA) : Parameter (PeriphDataAlignment) has Id (ADC1) currently not set
2025-07-13 12:53:33,602 [INFO] ImportTextPane:205 - (OptionalMessage_ERROR) IP (DMA) : Parameter (MemDataAlignment) has Id (ADC1) currently not set
2025-07-13 12:53:33,602 [INFO] ImportTextPane:205 - (OptionalMessage_ERROR) IP (DMA) : Parameter (Mode) has Id (ADC1) currently not set
2025-07-13 12:53:33,602 [INFO] ImportTextPane:205 - (OptionalMessage_ERROR) IP (DMA) : Parameter (Priority) has Id (ADC1) currently not set
2025-07-13 12:53:33,602 [INFO] ImportTextPane:205 - (OptionalMessage_ERROR) IP (DMA) : Parameter (FIFOMode) has Id (ADC1) currently not set
2025-07-13 12:53:33,604 [WARN] IP:2191 - I2C_Coeff_DF not found: check if there is a RefParameter without a condition.
2025-07-13 12:53:33,604 [WARN] IP:2191 - Analog_Filter not found: check if there is a RefParameter without a condition.
2025-07-13 12:53:33,605 [INFO] ImportTextPane:205 - (OptionalMessage_ERROR) IP (RCC) : Parameter (RTCHSEDivFreq_Value) has invalid value (4000000)
2025-07-13 12:53:33,827 [INFO] UtilMem:75 - End LoadConfig() Used Memory: 738878872 Bytes (1073741824)
2025-07-13 12:53:33,903 [WARN] ThirdParty:833 - waiting for thirdparty lock release [change project]
2025-07-13 12:53:33,906 [INFO] ThirdParty:835 - entering critical section [change project]
2025-07-13 12:53:33,906 [INFO] ThirdParty:1030 - CMSIS Pack Vendor :STMicroelectronics X-CUBE-PM33A1 1.0.0
2025-07-13 12:53:33,906 [INFO] ThirdParty:1030 - CMSIS Pack Vendor :STMicroelectronics USBPD 4.1
2025-07-13 12:53:33,906 [INFO] ThirdParty:1030 - CMSIS Pack Vendor :STMicroelectronics USB_HOST 2.0.0
2025-07-13 12:53:33,906 [INFO] ThirdParty:1030 - CMSIS Pack Vendor :STMicroelectronics FP-SNS-MOTENVWB1 1.4.0
2025-07-13 12:53:33,906 [INFO] ThirdParty:1030 - CMSIS Pack Vendor :STMicroelectronics X-CUBE-AZRTOS-F4 1.1.0
2025-07-13 12:53:33,906 [INFO] ThirdParty:1030 - CMSIS Pack Vendor :STMicroelectronics LIBJPEG 8.0.0
2025-07-13 12:53:33,906 [INFO] ThirdParty:1030 - CMSIS Pack Vendor :STMicroelectronics FP-ATR-ASTRA1 2.0.2
2025-07-13 12:53:33,906 [INFO] ThirdParty:1030 - CMSIS Pack Vendor :STMicroelectronics FP-ATR-ASTRA1 2.0.1
2025-07-13 12:53:33,906 [INFO] ThirdParty:1030 - CMSIS Pack Vendor :STMicroelectronics X-CUBE-SMBUS 2.1.0
2025-07-13 12:53:33,906 [INFO] ThirdParty:1030 - CMSIS Pack Vendor :STMicroelectronics X-CUBE-WB05N 1.1.0
2025-07-13 12:53:33,906 [INFO] ThirdParty:1030 - CMSIS Pack Vendor :STMicroelectronics X-CUBE-ISPU 2.1.0
2025-07-13 12:53:33,906 [INFO] ThirdParty:1030 - CMSIS Pack Vendor :STMicroelectronics X-CUBE-FREERTOS 1.2.0
2025-07-13 12:53:33,906 [INFO] ThirdParty:1030 - CMSIS Pack Vendor :STMicroelectronics X-CUBE-NFC12 1.0.0
2025-07-13 12:53:33,906 [INFO] ThirdParty:1030 - CMSIS Pack Vendor :STMicroelectronics X-CUBE-AZRTOS-F7 1.1.0
2025-07-13 12:53:33,906 [INFO] ThirdParty:1030 - CMSIS Pack Vendor :STMicroelectronics X-CUBE-AZRTOS-L5 2.0.0
2025-07-13 12:53:33,906 [INFO] ThirdParty:1030 - CMSIS Pack Vendor :STMicroelectronics USB_DEVICE 2.0.0
2025-07-13 12:53:33,906 [INFO] ThirdParty:1030 - CMSIS Pack Vendor :STMicroelectronics X-CUBE-NFC6 3.1.0
2025-07-13 12:53:33,906 [INFO] ThirdParty:1030 - CMSIS Pack Vendor :STMicroelectronics X-CUBE-MEMS1 11.0.0
2025-07-13 12:53:33,906 [INFO] ThirdParty:1030 - CMSIS Pack Vendor :STMicroelectronics FreeRTOS 0.0.1
2025-07-13 12:53:33,906 [INFO] ThirdParty:1030 - CMSIS Pack Vendor :STMicroelectronics X-CUBE-DPower 1.2.0
2025-07-13 12:53:33,906 [INFO] ThirdParty:1030 - CMSIS Pack Vendor :STMicroelectronics FP-SNS-FLIGHT1 5.0.2
2025-07-13 12:53:33,906 [INFO] ThirdParty:1030 - CMSIS Pack Vendor :STMicroelectronics X-CUBE-AI 9.0.0
2025-07-13 12:53:33,906 [INFO] ThirdParty:1030 - CMSIS Pack Vendor :STMicroelectronics PDM2PCM 3.3.0
2025-07-13 12:53:33,906 [INFO] ThirdParty:1030 - CMSIS Pack Vendor :STMicroelectronics X-CUBE-AZRTOS-H7 3.4.0
2025-07-13 12:53:33,906 [INFO] ThirdParty:1030 - CMSIS Pack Vendor :STMicroelectronics X-CUBE-DISPLAY 3.0.0
2025-07-13 12:53:33,906 [INFO] ThirdParty:1030 - CMSIS Pack Vendor :STMicroelectronics X-CUBE-BLE1 7.0.0
2025-07-13 12:53:33,906 [INFO] ThirdParty:1030 - CMSIS Pack Vendor :STMicroelectronics X-CUBE-NFC10 1.0.0
2025-07-13 12:53:33,906 [INFO] ThirdParty:1030 - CMSIS Pack Vendor :STMicroelectronics X-CUBE-BLEMGR 4.0.0
2025-07-13 12:53:33,906 [INFO] ThirdParty:1030 - CMSIS Pack Vendor :STMicroelectronics X-CUBE-FREERTOS 1.3.1
2025-07-13 12:53:33,906 [INFO] ThirdParty:1030 - CMSIS Pack Vendor :STMicroelectronics HAL Drivers 0.0.0
2025-07-13 12:53:33,906 [INFO] ThirdParty:1030 - CMSIS Pack Vendor :emotas I-CUBE-CANOPEN 1.3.0
2025-07-13 12:53:33,906 [INFO] ThirdParty:1030 - CMSIS Pack Vendor :STMicroelectronics X-CUBE-FREERTOS 1.3.0
2025-07-13 12:53:33,906 [INFO] ThirdParty:1030 - CMSIS Pack Vendor :STMicroelectronics X-CUBE-NFC7 1.0.1
2025-07-13 12:53:33,906 [INFO] ThirdParty:1030 - CMSIS Pack Vendor :STMicroelectronics MBEDTLS 2.14.1
2025-07-13 12:53:33,906 [INFO] ThirdParty:1030 - CMSIS Pack Vendor :STMicroelectronics X-CUBE-BLEMGR 3.1.0
2025-07-13 12:53:33,906 [INFO] ThirdParty:1030 - CMSIS Pack Vendor :STMicroelectronics X-CUBE-AI 10.0.0
2025-07-13 12:53:33,906 [INFO] ThirdParty:1030 - CMSIS Pack Vendor :STMicroelectronics FP-SNS-SMARTAG2 1.2.0
2025-07-13 12:53:33,906 [INFO] ThirdParty:1030 - CMSIS Pack Vendor :STMicroelectronics X-CUBE-MEMS1 11.1.0
2025-07-13 12:53:33,906 [INFO] ThirdParty:1030 - CMSIS Pack Vendor :STMicroelectronics X-CUBE-AZRTOS-WL 2.0.0
2025-07-13 12:53:33,906 [INFO] ThirdParty:1030 - CMSIS Pack Vendor :STMicroelectronics X-CUBE-DPower 1.3.0
2025-07-13 12:53:33,906 [INFO] ThirdParty:1030 - CMSIS Pack Vendor :STMicroelectronics FP-SNS-MOTENV1 5.0.0
2025-07-13 12:53:33,906 [INFO] ThirdParty:1030 - CMSIS Pack Vendor :STMicroelectronics USB_DEVICE 1.0.0
2025-07-13 12:53:33,906 [INFO] ThirdParty:1030 - CMSIS Pack Vendor :wolfSSL I-CUBE-wolfMQTT 1.19.0
2025-07-13 12:53:33,906 [INFO] ThirdParty:1030 - CMSIS Pack Vendor :STMicroelectronics X-CUBE-AZRTOS-L4 2.0.0
2025-07-13 12:53:33,906 [INFO] ThirdParty:1030 - CMSIS Pack Vendor :STMicroelectronics ThreadX 0.0.2
2025-07-13 12:53:33,906 [INFO] ThirdParty:1030 - CMSIS Pack Vendor :WES I-CUBE-Cesium 1.3.0
2025-07-13 12:53:33,906 [INFO] ThirdParty:1030 - CMSIS Pack Vendor :STMicroelectronics lwIP 2.1.2
2025-07-13 12:53:33,906 [INFO] ThirdParty:1030 - CMSIS Pack Vendor :STMicroelectronics X-CUBE-SFXS2LP1 4.0.0
2025-07-13 12:53:33,906 [INFO] ThirdParty:1030 - CMSIS Pack Vendor :STMicroelectronics X-CUBE-BLE2 3.3.0
2025-07-13 12:53:33,906 [INFO] ThirdParty:1030 - CMSIS Pack Vendor :STMicroelectronics PDM2PCM 3.2.0
2025-07-13 12:53:33,906 [INFO] ThirdParty:1030 - CMSIS Pack Vendor :STMicroelectronics X-CUBE-AZRTOS-H7 3.3.0
2025-07-13 12:53:33,906 [INFO] ThirdParty:1030 - CMSIS Pack Vendor :STMicroelectronics X-CUBE-NFC9 1.0.0
2025-07-13 12:53:33,907 [INFO] ThirdParty:1030 - CMSIS Pack Vendor :STMicroelectronics X-CUBE-BLE1 7.1.0
2025-07-13 12:53:33,907 [INFO] ThirdParty:1030 - CMSIS Pack Vendor :STMicroelectronics USB_DEVICE 3.0.0
2025-07-13 12:53:33,907 [INFO] ThirdParty:1030 - CMSIS Pack Vendor :STMicroelectronics X-CUBE-TCPP 4.1.0
2025-07-13 12:53:33,907 [INFO] ThirdParty:1030 - CMSIS Pack Vendor :STMicroelectronics X-CUBE-EEPRMA1 5.2.0
2025-07-13 12:53:33,907 [INFO] ThirdParty:1030 - CMSIS Pack Vendor :STMicroelectronics X-CUBE-IPS 3.0.0
2025-07-13 12:53:33,907 [INFO] ThirdParty:1030 - CMSIS Pack Vendor :STMicroelectronics X-CUBE-AZRTOS-WB 2.0.0
2025-07-13 12:53:33,907 [INFO] ThirdParty:1030 - CMSIS Pack Vendor :STMicroelectronics X-CUBE-GNSS1 7.0.0
2025-07-13 12:53:33,907 [INFO] ThirdParty:1030 - CMSIS Pack Vendor :STMicroelectronics X-CUBE-GNSS1 7.0.1
2025-07-13 12:53:33,907 [INFO] ThirdParty:1030 - CMSIS Pack Vendor :STMicroelectronics X-CUBE-TOUCHGFX 4.25.0
2025-07-13 12:53:33,907 [INFO] ThirdParty:1030 - CMSIS Pack Vendor :STMicroelectronics X-CUBE-AI 10.1.0
2025-07-13 12:53:33,907 [INFO] ThirdParty:1030 - CMSIS Pack Vendor :STMicroelectronics FP-SNS-STBOX1 2.0.0
2025-07-13 12:53:33,907 [INFO] ThirdParty:1030 - CMSIS Pack Vendor :STMicroelectronics X-CUBE-MEMS1 11.2.0
2025-07-13 12:53:33,907 [INFO] ThirdParty:1030 - CMSIS Pack Vendor :STMicroelectronics X-CUBE-AZRTOS-G0 1.1.0
2025-07-13 12:53:33,907 [INFO] ThirdParty:1030 - CMSIS Pack Vendor :STMicroelectronics X-CUBE-SAFEA1 1.2.2
2025-07-13 12:53:33,907 [INFO] ThirdParty:1030 - CMSIS Pack Vendor :STMicroelectronics X-CUBE-NFC4 3.0.0
2025-07-13 12:53:33,907 [INFO] ThirdParty:1030 - CMSIS Pack Vendor :STMicroelectronics X-CUBE-SUBG2 5.0.0
2025-07-13 12:53:33,907 [INFO] ThirdParty:1030 - CMSIS Pack Vendor :STMicroelectronics X-CUBE-AZRTOS-H7RS 1.1.0
2025-07-13 12:53:33,907 [INFO] ThirdParty:1030 - CMSIS Pack Vendor :STMicroelectronics STM32_WPAN 1.0.0
2025-07-13 12:53:33,907 [INFO] ThirdParty:1030 - CMSIS Pack Vendor :EmbeddedOffice I-CUBE-FS-RTOS 1.0.1
2025-07-13 12:53:33,907 [INFO] ThirdParty:1030 - CMSIS Pack Vendor :STMicroelectronics lwIP 2.0.3
2025-07-13 12:53:33,907 [INFO] ThirdParty:1030 - CMSIS Pack Vendor :Cesanta I-CUBE-Mongoose 7.13.0
2025-07-13 12:53:33,907 [INFO] ThirdParty:1030 - CMSIS Pack Vendor :STMicroelectronics USB_HOST 1.0.0
2025-07-13 12:53:33,907 [INFO] ThirdParty:1030 - CMSIS Pack Vendor :STMicroelectronics X-CUBE-AZRTOS-G4 2.0.0
2025-07-13 12:53:33,907 [INFO] ThirdParty:1030 - CMSIS Pack Vendor :STMicroelectronics X-CUBE-WB05N 2.0.0
2025-07-13 12:53:33,907 [INFO] ThirdParty:1030 - CMSIS Pack Vendor :STMicroelectronics PDM2PCM 3.1.0
2025-07-13 12:53:33,907 [INFO] ThirdParty:1030 - CMSIS Pack Vendor :STMicroelectronics X-CUBE-NFC7 2.0.0
2025-07-13 12:53:33,907 [INFO] ThirdParty:1030 - CMSIS Pack Vendor :RealThread X-CUBE-RT-Thread_Nano 4.1.1
2025-07-13 12:53:33,907 [INFO] ThirdParty:1030 - CMSIS Pack Vendor :STMicroelectronics FP-ATR-SIGFOX1 3.2.0
2025-07-13 12:53:33,907 [INFO] ThirdParty:1030 - CMSIS Pack Vendor :wolfSSL I-CUBE-wolfSSL 5.7.2
2025-07-13 12:53:33,907 [INFO] ThirdParty:1030 - CMSIS Pack Vendor :quantropi X-CUBE-qispace-sdk-base 1.9.3
2025-07-13 12:53:33,907 [INFO] ThirdParty:1030 - CMSIS Pack Vendor :STMicroelectronics X-CUBE-EEPRMA1 5.1.0
2025-07-13 12:53:33,907 [INFO] ThirdParty:1030 - CMSIS Pack Vendor :STMicroelectronics MBEDTLS 2.16.2
2025-07-13 12:53:33,907 [INFO] ThirdParty:1030 - CMSIS Pack Vendor :STMicroelectronics X-CUBE-ALS 1.0.2
2025-07-13 12:53:33,907 [INFO] ThirdParty:1030 - CMSIS Pack Vendor :STMicroelectronics X-CUBE-TOUCHGFX 4.24.0
2025-07-13 12:53:33,907 [INFO] ThirdParty:1030 - CMSIS Pack Vendor :ITTIA_DB I-CUBE-ITTIADB 8.9.0
2025-07-13 12:53:33,907 [INFO] ThirdParty:1030 - CMSIS Pack Vendor :STMicroelectronics X-CUBE-TOUCHGFX 4.24.2
2025-07-13 12:53:33,907 [INFO] ThirdParty:1030 - CMSIS Pack Vendor :STMicroelectronics X-CUBE-TOUCHGFX 4.24.1
2025-07-13 12:53:33,907 [INFO] ThirdParty:1030 - CMSIS Pack Vendor :wolfSSL I-CUBE-wolfTPM 3.4.0
2025-07-13 12:53:33,907 [INFO] ThirdParty:1030 - CMSIS Pack Vendor :portGmbH I-Cube-SoM-uGOAL 1.1.0
2025-07-13 12:53:33,907 [INFO] ThirdParty:1030 - CMSIS Pack Vendor :STMicroelectronics ThreadX 1.0.0
2025-07-13 12:53:33,907 [INFO] ThirdParty:1030 - CMSIS Pack Vendor :SEGGER I-CUBE-embOS 1.3.1
2025-07-13 12:53:33,907 [INFO] ThirdParty:1030 - CMSIS Pack Vendor :STMicroelectronics X-CUBE-ALGOBUILD 1.4.0
2025-07-13 12:53:33,907 [INFO] ThirdParty:1030 - CMSIS Pack Vendor :STMicroelectronics X-CUBE-MEMS1 11.3.0
2025-07-13 12:53:33,907 [INFO] ThirdParty:1030 - CMSIS Pack Vendor :STMicroelectronics X-CUBE-AZRTOS-H7RS 1.0.0
2025-07-13 12:53:33,907 [INFO] ThirdParty:1030 - CMSIS Pack Vendor :STMicroelectronics FP-ATR-ASTRA1 2.0.0
2025-07-13 12:53:33,907 [INFO] ThirdParty:1030 - CMSIS Pack Vendor :STMicroelectronics X-CUBE-TOF1 3.4.2
2025-07-13 12:53:33,907 [INFO] ThirdParty:1030 - CMSIS Pack Vendor :STMicroelectronics X-CUBE-AI 9.1.0
2025-07-13 12:53:33,907 [INFO] ThirdParty:1030 - CMSIS Pack Vendor :Infineon AIROC-Wi-Fi-Bluetooth-STM32 1.6.1
2025-07-13 12:53:33,907 [INFO] ThirdParty:1030 - CMSIS Pack Vendor :wolfSSL I-CUBE-wolfSSH 1.4.17
2025-07-13 12:53:33,908 [INFO] ThirdParty:841 - exiting critical section [change project]
2025-07-13 12:53:34,317 [INFO] PinOutPanel:1561 - setPackage(No Configuration,No Configuration)
2025-07-13 12:53:34,324 [INFO] PinOutPanel:1561 - setPackage(STM32F405RGTx,LQFP64)
2025-07-13 12:53:34,607 [INFO] UtilMem:75 - Before build in PCC Used Memory: 873833480 Bytes (1073741824)
2025-07-13 12:53:34,898 [INFO] UtilMem:75 - After build in PCC Used Memory: 918400024 Bytes (1073741824)
2025-07-13 12:53:34,927 [INFO] IPUIPlugin:80 - create IPUIPlugin
2025-07-13 12:53:34,927 [INFO] IPUIPlugin:80 - create IPUIPlugin
2025-07-13 12:53:34,927 [INFO] IPUIPlugin:80 - create IPUIPlugin
2025-07-13 12:53:34,927 [INFO] IPUIPlugin:80 - create IPUIPlugin
2025-07-13 12:53:34,928 [INFO] IPUIPlugin:80 - create IPUIPlugin
2025-07-13 12:53:34,928 [INFO] IPUIPlugin:80 - create IPUIPlugin
2025-07-13 12:53:34,928 [INFO] IPUIPlugin:80 - create IPUIPlugin
2025-07-13 12:53:34,928 [INFO] IPUIPlugin:80 - create IPUIPlugin
2025-07-13 12:53:34,928 [INFO] IPUIPlugin:80 - create IPUIPlugin
2025-07-13 12:53:34,928 [INFO] IPUIPlugin:80 - create IPUIPlugin
2025-07-13 12:53:34,928 [INFO] IPUIPlugin:80 - create IPUIPlugin
2025-07-13 12:53:34,928 [INFO] IPUIPlugin:80 - create IPUIPlugin
2025-07-13 12:53:34,928 [INFO] IPUIPlugin:80 - create IPUIPlugin
2025-07-13 12:53:34,928 [INFO] IPUIPlugin:80 - create IPUIPlugin
2025-07-13 12:53:34,929 [INFO] IPUIPlugin:80 - create IPUIPlugin
2025-07-13 12:53:34,929 [INFO] IPUIPlugin:80 - create IPUIPlugin
2025-07-13 12:53:34,929 [INFO] IPUIPlugin:80 - create IPUIPlugin
2025-07-13 12:53:34,929 [INFO] IPUIPlugin:80 - create IPUIPlugin
2025-07-13 12:53:34,929 [INFO] IPUIPlugin:80 - create IPUIPlugin
2025-07-13 12:53:34,929 [INFO] IPUIPlugin:80 - create IPUIPlugin
2025-07-13 12:53:34,929 [INFO] IPUIPlugin:80 - create IPUIPlugin
2025-07-13 12:53:34,929 [INFO] IPUIPlugin:80 - create IPUIPlugin
2025-07-13 12:53:34,929 [INFO] IPUIPlugin:80 - create IPUIPlugin
2025-07-13 12:53:34,929 [INFO] IPUIPlugin:80 - create IPUIPlugin
2025-07-13 12:53:34,930 [INFO] IPUIPlugin:80 - create IPUIPlugin
2025-07-13 12:53:34,930 [INFO] IPUIPlugin:80 - create IPUIPlugin
2025-07-13 12:53:34,930 [INFO] IPUIPlugin:80 - create IPUIPlugin
2025-07-13 12:53:34,930 [INFO] IPUIPlugin:80 - create IPUIPlugin
2025-07-13 12:53:34,930 [INFO] IPUIPlugin:80 - create IPUIPlugin
2025-07-13 12:53:34,930 [INFO] IPUIPlugin:80 - create IPUIPlugin
2025-07-13 12:53:34,930 [INFO] IPUIPlugin:80 - create IPUIPlugin
2025-07-13 12:53:34,930 [INFO] IPUIPlugin:80 - create IPUIPlugin
2025-07-13 12:53:34,930 [INFO] IPUIPlugin:80 - create IPUIPlugin
2025-07-13 12:53:34,930 [INFO] IPUIPlugin:80 - create IPUIPlugin
2025-07-13 12:53:34,930 [INFO] IPUIPlugin:80 - create IPUIPlugin
2025-07-13 12:53:34,930 [INFO] IPUIPlugin:80 - create IPUIPlugin
2025-07-13 12:53:34,930 [INFO] IPUIPlugin:80 - create IPUIPlugin
2025-07-13 12:53:34,930 [INFO] IPUIPlugin:80 - create IPUIPlugin
2025-07-13 12:53:34,930 [INFO] IPUIPlugin:80 - create IPUIPlugin
2025-07-13 12:53:34,930 [INFO] IPUIPlugin:80 - create IPUIPlugin
2025-07-13 12:53:34,931 [INFO] IPUIPlugin:80 - create IPUIPlugin
2025-07-13 12:53:34,931 [INFO] IPUIPlugin:80 - create IPUIPlugin
2025-07-13 12:53:34,931 [INFO] IPUIPlugin:80 - create IPUIPlugin
2025-07-13 12:53:34,931 [INFO] IPUIPlugin:80 - create IPUIPlugin
2025-07-13 12:53:34,931 [INFO] IPUIPlugin:80 - create IPUIPlugin
2025-07-13 12:53:34,931 [INFO] IPUIPlugin:80 - create IPUIPlugin
2025-07-13 12:53:34,931 [INFO] IPUIPlugin:80 - create IPUIPlugin
2025-07-13 12:53:34,931 [INFO] IPUIPlugin:80 - create IPUIPlugin
2025-07-13 12:53:34,931 [INFO] IPUIPlugin:80 - create IPUIPlugin
2025-07-13 12:53:34,932 [INFO] IPUIPlugin:80 - create IPUIPlugin
2025-07-13 12:53:34,932 [INFO] IPUIPlugin:80 - create IPUIPlugin
2025-07-13 12:53:34,942 [INFO] IPUIPlugin:80 - create IPUIPlugin
2025-07-13 12:53:34,942 [INFO] IPUIPlugin:80 - create IPUIPlugin
2025-07-13 12:53:34,942 [INFO] IPUIPlugin:80 - create IPUIPlugin
2025-07-13 12:53:34,953 [INFO] ApiDbMcu:508 - Load IP Config File for PDM2PCM
2025-07-13 12:53:34,957 [WARN] IP:2191 - I2C_Coeff_DF not found: check if there is a RefParameter without a condition.
2025-07-13 12:53:34,958 [WARN] IP:2191 - Analog_Filter not found: check if there is a RefParameter without a condition.
2025-07-13 12:53:34,960 [WARN] IP:2191 - I2C_Coeff_DF not found: check if there is a RefParameter without a condition.
2025-07-13 12:53:34,960 [WARN] IP:2191 - Analog_Filter not found: check if there is a RefParameter without a condition.
2025-07-13 12:53:35,038 [INFO] CADModel:165 - CPN selected for project levelSTM32F405RGT6
2025-07-13 12:53:35,038 [INFO] CADModel:114 - Register for checkConnection events
2025-07-13 12:53:35,084 [INFO] OpenFileManager:363 - Restore cursor
2025-07-13 12:53:35,422 [WARN] IP:2191 - I2C_Coeff_DF not found: check if there is a RefParameter without a condition.
2025-07-13 12:53:35,422 [WARN] IP:2191 - Analog_Filter not found: check if there is a RefParameter without a condition.
2025-07-13 12:53:35,422 [WARN] IP:2191 - I2C_Coeff_DF not found: check if there is a RefParameter without a condition.
2025-07-13 12:53:35,422 [WARN] IP:2191 - Analog_Filter not found: check if there is a RefParameter without a condition.
2025-07-13 12:53:35,424 [WARN] IP:2191 - I2C_Coeff_DF not found: check if there is a RefParameter without a condition.
2025-07-13 12:53:35,424 [WARN] IP:2191 - Analog_Filter not found: check if there is a RefParameter without a condition.
2025-07-13 12:53:35,424 [WARN] IP:2191 - I2C_Coeff_DF not found: check if there is a RefParameter without a condition.
2025-07-13 12:53:35,424 [WARN] IP:2191 - Analog_Filter not found: check if there is a RefParameter without a condition.
2025-07-13 13:18:21,062 [INFO] MainUpdater:2873 - connection check result : 10
2025-07-13 13:18:21,066 [INFO] MainUpdater:2873 - connection check result : 10
2025-07-13 13:18:21,404 [INFO] MicroXplorer:468 - Change Database Path : 
2025-07-13 13:18:21,404 [INFO] MicroXplorer:498 - Change Database Version : DB.6.0.121
2025-07-13 13:18:21,490 [ERROR] ProjectManagerView:394 - 
java.lang.NullPointerException: Cannot invoke "javax.swing.JTextField.getText()" because the return value of "java.util.List.get(int)" is null
	at com.st.microxplorer.plugins.projectmanager.gui.ProjectChoiceTab$10.caretUpdate(ProjectChoiceTab.java:2622) ~[filemanager.jar:?]
	at javax.swing.text.JTextComponent.fireCaretUpdate(JTextComponent.java:412) ~[?:?]
	at javax.swing.text.JTextComponent$MutableCaretEvent.fire(JTextComponent.java:4491) ~[?:?]
	at javax.swing.text.JTextComponent$MutableCaretEvent.stateChanged(JTextComponent.java:4513) ~[?:?]
	at javax.swing.text.DefaultCaret.fireStateChanged(DefaultCaret.java:842) ~[?:?]
	at javax.swing.text.DefaultCaret.changeCaretPosition(DefaultCaret.java:1313) ~[?:?]
	at javax.swing.text.DefaultCaret.handleSetDot(DefaultCaret.java:1212) ~[?:?]
	at javax.swing.text.DefaultCaret.setDot(DefaultCaret.java:1193) ~[?:?]
	at javax.swing.text.DefaultCaret$Handler.insertUpdate(DefaultCaret.java:1789) ~[?:?]
	at javax.swing.text.AbstractDocument.fireInsertUpdate(AbstractDocument.java:226) ~[?:?]
	at javax.swing.text.AbstractDocument.handleInsertString(AbstractDocument.java:780) ~[?:?]
	at javax.swing.text.AbstractDocument.insertString(AbstractDocument.java:739) ~[?:?]
	at javax.swing.text.PlainDocument.insertString(PlainDocument.java:131) ~[?:?]
	at javax.swing.text.AbstractDocument.replace(AbstractDocument.java:698) ~[?:?]
	at javax.swing.text.JTextComponent.setText(JTextComponent.java:1729) ~[?:?]
	at com.st.microxplorer.plugins.projectmanager.gui.ProjectChoiceTab.createHeapStackFields(ProjectChoiceTab.java:972) ~[filemanager.jar:?]
	at com.st.microxplorer.plugins.projectmanager.gui.ProjectChoiceTab.buildLinkSettingsPanel(ProjectChoiceTab.java:3597) ~[filemanager.jar:?]
	at com.st.microxplorer.plugins.projectmanager.gui.ProjectChoiceTab.defineWindowsFields(ProjectChoiceTab.java:1940) ~[filemanager.jar:?]
	at com.st.microxplorer.plugins.projectmanager.gui.ProjectChoiceTab.updateSettings(ProjectChoiceTab.java:550) ~[filemanager.jar:?]
	at com.st.microxplorer.plugins.projectmanager.gui.ProjectSettingsPanel.UpdateDialog(ProjectSettingsPanel.java:245) ~[filemanager.jar:?]
	at com.st.microxplorer.plugins.projectmanager.ProjectManagerView.propertyChange(ProjectManagerView.java:391) ~[filemanager.jar:?]
	at java.beans.PropertyChangeSupport.fire(PropertyChangeSupport.java:343) ~[?:?]
	at java.beans.PropertyChangeSupport.firePropertyChange(PropertyChangeSupport.java:335) ~[?:?]
	at java.beans.PropertyChangeSupport.firePropertyChange(PropertyChangeSupport.java:268) ~[?:?]
	at com.st.microxplorer.util.MXPropertyChangeSupport.firePropertyChange(MXPropertyChangeSupport.java:54) ~[STM32CubeMX.jar:?]
	at com.st.microxplorer.mxsystem.MxSystem.closeConfig(MxSystem.java:900) ~[STM32CubeMX.jar:?]
	at com.st.microxplorer.maingui.MainPanel.closeConfig(MainPanel.java:781) ~[STM32CubeMX.jar:?]
	at com.st.microxplorer.plugins.filemanager.engine.OpenFileManager.loadConfigurationFile(OpenFileManager.java:265) ~[filemanager.jar:?]
	at com.st.microxplorer.plugins.filemanager.engine.MainFileManager.userLoadConfig(MainFileManager.java:352) ~[filemanager.jar:?]
	at com.st.microxplorer.plugins.filemanager.engine.MainFileManager.userLoadConfig(MainFileManager.java:330) ~[filemanager.jar:?]
	at com.st.microxplorer.plugins.filemanager.FileManagerView.getSpecificTask(FileManagerView.java:246) ~[filemanager.jar:?]
	at com.st.stm32cube.common.mx.editor.CubeMxEditor.getMxTabbedPaneInstance(CubeMxEditor.java:1198) ~[com.st.stm32cube.common.mx_6.12.1.202409122256/:?]
	at com.st.stm32cube.common.mx.editor.CubeMxEditor$12$1.createSwingComponent(CubeMxEditor.java:1068) ~[com.st.stm32cube.common.mx_6.12.1.202409122256/:?]
	at com.st.stm32cube.common.mx.oss.core.awtswtbridge.EmbeddedSwingComposite.doComponentCreation(EmbeddedSwingComposite.java:492) ~[com.st.stm32cube.common.mx.oss_6.12.1.202409122256/:?]
	at com.st.stm32cube.common.mx.oss.core.awtswtbridge.EmbeddedSwingComposite$4.run(EmbeddedSwingComposite.java:291) ~[com.st.stm32cube.common.mx.oss_6.12.1.202409122256/:?]
	at com.st.stm32cube.common.mx.oss.core.awtswtbridge.AwtEnvironment$2.run(AwtEnvironment.java:166) ~[com.st.stm32cube.common.mx.oss_6.12.1.202409122256/:?]
	at java.awt.event.InvocationEvent.dispatch(InvocationEvent.java:318) ~[?:?]
	at java.awt.EventQueue.dispatchEventImpl(EventQueue.java:773) ~[?:?]
	at java.awt.EventQueue$4.run(EventQueue.java:720) ~[?:?]
	at java.awt.EventQueue$4.run(EventQueue.java:714) ~[?:?]
	at java.security.AccessController.doPrivileged(AccessController.java:399) ~[?:?]
	at java.security.ProtectionDomain$JavaSecurityAccessImpl.doIntersectionPrivilege(ProtectionDomain.java:86) ~[?:?]
	at java.awt.EventQueue.dispatchEvent(EventQueue.java:742) ~[?:?]
	at java.awt.EventDispatchThread.pumpOneEventForFilters(EventDispatchThread.java:203) ~[?:?]
	at java.awt.EventDispatchThread.pumpEventsForFilter(EventDispatchThread.java:124) ~[?:?]
	at java.awt.EventDispatchThread.pumpEventsForHierarchy(EventDispatchThread.java:113) ~[?:?]
	at java.awt.EventDispatchThread.pumpEvents(EventDispatchThread.java:109) ~[?:?]
	at java.awt.EventDispatchThread.pumpEvents(EventDispatchThread.java:101) ~[?:?]
	at java.awt.EventDispatchThread.run(EventDispatchThread.java:90) ~[?:?]
2025-07-13 13:18:21,492 [WARN] ThirdParty:871 - waiting for thirdparty lock release [close project]
2025-07-13 13:18:21,493 [INFO] ThirdParty:873 - entering critical section [close project]
2025-07-13 13:18:21,493 [INFO] ThirdParty:883 - exiting critical section [close project]
2025-07-13 13:18:21,497 [INFO] PinOutPanel:1561 - setPackage(No Configuration,No Configuration)
2025-07-13 13:18:21,530 [WARN] IpParametersView:151 - Warning: This peripheral hasn't parameters
2025-07-13 13:18:21,557 [WARN] MainPanel:284 - <html><b><center>Warning: This peripheral has no parameters to be configured<br></b></html>
2025-07-13 13:18:21,567 [INFO] UtilMem:75 - Begin LoadConfig() Used Memory: 750652472 Bytes (1073741824)
2025-07-13 13:18:21,568 [INFO] MicroXplorer:468 - Change Database Path : 
2025-07-13 13:18:21,568 [INFO] MicroXplorer:498 - Change Database Version : DB.6.0.121
2025-07-13 13:18:21,568 [INFO] OpenFileManager:332 - Change cursor
2025-07-13 13:18:21,588 [INFO] Mcu:2032 - Initializing MCU STM32F405RGTx STM32F405RGTx STM32F405RGT6
2025-07-13 13:18:22,744 [INFO] Context:742 - Trying to add GPIOservice into a context  which must be forbidden
2025-07-13 13:18:23,432 [INFO] RtosManager:555 - Registered RTOS mode: class=CMSIS, group=RTOS, mode=CMSIS_V1, owner=FREERTOS
2025-07-13 13:18:23,436 [INFO] RtosManager:555 - Registered RTOS mode: class=CMSIS, group=RTOS2, mode=CMSIS_V2, owner=FREERTOS
2025-07-13 13:18:23,436 [INFO] RtosManager:555 - Registered RTOS mode: class=RTOS, group=Core, mode=CMSIS_V1, owner=FREERTOS
2025-07-13 13:18:23,436 [INFO] RtosManager:555 - Registered RTOS mode: class=RTOS, group=Core, mode=CMSIS_V2, owner=FREERTOS
2025-07-13 13:18:23,436 [WARN] ModelIntegratedComponent:184 - Missing modes for component STMicroelectronics:FreeRTOS:0.0.1:STMicroelectronics:RTOS:FreeRTOS:Core:::10.2.0:
2025-07-13 13:18:23,439 [WARN] ModelIntegratedComponent:63 - No mode defined for component null
2025-07-13 13:18:23,439 [WARN] ModelIntegratedComponent:63 - No mode defined for component null
2025-07-13 13:18:23,440 [WARN] ModelIntegratedComponent:63 - No mode defined for component null
2025-07-13 13:18:23,440 [WARN] ModelIntegratedComponent:63 - No mode defined for component null
2025-07-13 13:18:23,440 [WARN] ModelIntegratedComponent:63 - No mode defined for component null
2025-07-13 13:18:23,440 [WARN] ModelIntegratedComponent:63 - No mode defined for component null
2025-07-13 13:18:23,440 [WARN] ModelIntegratedComponent:63 - No mode defined for component null
2025-07-13 13:18:23,440 [WARN] ModelIntegratedComponent:63 - No mode defined for component null
2025-07-13 13:18:23,440 [WARN] ModelIntegratedComponent:63 - No mode defined for component null
2025-07-13 13:18:23,440 [WARN] ModelIntegratedComponent:63 - No mode defined for component null
2025-07-13 13:18:23,440 [WARN] ModelIntegratedComponent:63 - No mode defined for component null
2025-07-13 13:18:23,440 [WARN] ModelIntegratedComponent:63 - No mode defined for component null
2025-07-13 13:18:23,440 [WARN] ModelIntegratedComponent:63 - No mode defined for component null
2025-07-13 13:18:23,440 [WARN] ModelIntegratedComponent:63 - No mode defined for component null
2025-07-13 13:18:23,440 [WARN] ModelIntegratedComponent:63 - No mode defined for component null
2025-07-13 13:18:23,440 [WARN] ModelIntegratedComponent:63 - No mode defined for component null
2025-07-13 13:18:23,440 [WARN] ModelIntegratedComponent:63 - No mode defined for component null
2025-07-13 13:18:23,440 [WARN] ModelIntegratedComponent:63 - No mode defined for component null
2025-07-13 13:18:23,440 [WARN] ModelIntegratedComponent:63 - No mode defined for component null
2025-07-13 13:18:23,440 [WARN] ModelIntegratedComponent:63 - No mode defined for component null
2025-07-13 13:18:23,440 [WARN] ModelIntegratedComponent:63 - No mode defined for component null
2025-07-13 13:18:23,440 [WARN] ModelIntegratedComponent:63 - No mode defined for component null
2025-07-13 13:18:23,440 [WARN] ModelIntegratedComponent:63 - No mode defined for component null
2025-07-13 13:18:23,440 [WARN] ModelIntegratedComponent:63 - No mode defined for component null
2025-07-13 13:18:23,440 [WARN] ModelIntegratedComponent:63 - No mode defined for component null
2025-07-13 13:18:23,440 [WARN] ModelIntegratedComponent:63 - No mode defined for component null
2025-07-13 13:18:23,440 [WARN] ModelIntegratedComponent:63 - No mode defined for component null
2025-07-13 13:18:23,440 [WARN] ModelIntegratedComponent:63 - No mode defined for component null
2025-07-13 13:18:23,440 [WARN] ModelIntegratedComponent:63 - No mode defined for component null
2025-07-13 13:18:23,440 [WARN] ModelIntegratedComponent:63 - No mode defined for component null
2025-07-13 13:18:23,440 [WARN] ModelIntegratedComponent:63 - No mode defined for component null
2025-07-13 13:18:23,440 [WARN] ModelIntegratedComponent:63 - No mode defined for component null
2025-07-13 13:18:23,440 [WARN] ModelIntegratedComponent:63 - No mode defined for component null
2025-07-13 13:18:23,440 [WARN] ModelIntegratedComponent:63 - No mode defined for component null
2025-07-13 13:18:23,440 [WARN] ModelIntegratedComponent:63 - No mode defined for component null
2025-07-13 13:18:23,440 [WARN] ModelPack:524 - Component already loaded: STMicroelectronics:HAL Drivers:0.0.0:STMicroelectronics:Device:STMicro_Driver:XSPI:HAL::0.0.1:HAL_XSPI
2025-07-13 13:18:23,598 [INFO] ThirdPartyModel:298 - Start build external matchings
2025-07-13 13:18:24,355 [INFO] ThirdPartyModel:316 - End build external matchings
2025-07-13 13:18:24,386 [INFO] ImportTextPane:205 - (OptionalMessage_ERROR) IP (DMA) : Parameter (Instance) has Id (ADC1) currently not set
2025-07-13 13:18:24,386 [INFO] ImportTextPane:205 - (OptionalMessage_ERROR) IP (DMA) : Parameter (Channel) has Id (ADC1) currently not set
2025-07-13 13:18:24,386 [INFO] ImportTextPane:205 - (OptionalMessage_ERROR) IP (DMA) : Parameter (Direction) has Id (ADC1) currently not set
2025-07-13 13:18:24,386 [INFO] ImportTextPane:205 - (OptionalMessage_ERROR) IP (DMA) : Parameter (PeriphInc) has Id (ADC1) currently not set
2025-07-13 13:18:24,386 [INFO] ImportTextPane:205 - (OptionalMessage_ERROR) IP (DMA) : Parameter (MemInc) has Id (ADC1) currently not set
2025-07-13 13:18:24,386 [INFO] ImportTextPane:205 - (OptionalMessage_ERROR) IP (DMA) : Parameter (PeriphDataAlignment) has Id (ADC1) currently not set
2025-07-13 13:18:24,386 [INFO] ImportTextPane:205 - (OptionalMessage_ERROR) IP (DMA) : Parameter (MemDataAlignment) has Id (ADC1) currently not set
2025-07-13 13:18:24,386 [INFO] ImportTextPane:205 - (OptionalMessage_ERROR) IP (DMA) : Parameter (Mode) has Id (ADC1) currently not set
2025-07-13 13:18:24,386 [INFO] ImportTextPane:205 - (OptionalMessage_ERROR) IP (DMA) : Parameter (Priority) has Id (ADC1) currently not set
2025-07-13 13:18:24,386 [INFO] ImportTextPane:205 - (OptionalMessage_ERROR) IP (DMA) : Parameter (FIFOMode) has Id (ADC1) currently not set
2025-07-13 13:18:24,389 [WARN] IP:2191 - I2C_Coeff_DF not found: check if there is a RefParameter without a condition.
2025-07-13 13:18:24,389 [WARN] IP:2191 - Analog_Filter not found: check if there is a RefParameter without a condition.
2025-07-13 13:18:24,390 [INFO] ImportTextPane:205 - (OptionalMessage_ERROR) IP (RCC) : Parameter (RTCHSEDivFreq_Value) has invalid value (4000000)
2025-07-13 13:18:24,612 [INFO] UtilMem:75 - End LoadConfig() Used Memory: 895093712 Bytes (1073741824)
2025-07-13 13:18:24,682 [WARN] ThirdParty:833 - waiting for thirdparty lock release [change project]
2025-07-13 13:18:24,684 [INFO] ThirdParty:835 - entering critical section [change project]
2025-07-13 13:18:24,684 [INFO] ThirdParty:1030 - CMSIS Pack Vendor :STMicroelectronics X-CUBE-PM33A1 1.0.0
2025-07-13 13:18:24,684 [INFO] ThirdParty:1030 - CMSIS Pack Vendor :STMicroelectronics USBPD 4.1
2025-07-13 13:18:24,684 [INFO] ThirdParty:1030 - CMSIS Pack Vendor :STMicroelectronics USB_HOST 2.0.0
2025-07-13 13:18:24,684 [INFO] ThirdParty:1030 - CMSIS Pack Vendor :STMicroelectronics FP-SNS-MOTENVWB1 1.4.0
2025-07-13 13:18:24,684 [INFO] ThirdParty:1030 - CMSIS Pack Vendor :STMicroelectronics X-CUBE-AZRTOS-F4 1.1.0
2025-07-13 13:18:24,684 [INFO] ThirdParty:1030 - CMSIS Pack Vendor :STMicroelectronics LIBJPEG 8.0.0
2025-07-13 13:18:24,684 [INFO] ThirdParty:1030 - CMSIS Pack Vendor :STMicroelectronics FP-ATR-ASTRA1 2.0.2
2025-07-13 13:18:24,684 [INFO] ThirdParty:1030 - CMSIS Pack Vendor :STMicroelectronics FP-ATR-ASTRA1 2.0.1
2025-07-13 13:18:24,684 [INFO] ThirdParty:1030 - CMSIS Pack Vendor :STMicroelectronics X-CUBE-SMBUS 2.1.0
2025-07-13 13:18:24,685 [INFO] ThirdParty:1030 - CMSIS Pack Vendor :STMicroelectronics X-CUBE-WB05N 1.1.0
2025-07-13 13:18:24,685 [INFO] ThirdParty:1030 - CMSIS Pack Vendor :STMicroelectronics X-CUBE-ISPU 2.1.0
2025-07-13 13:18:24,685 [INFO] ThirdParty:1030 - CMSIS Pack Vendor :STMicroelectronics X-CUBE-FREERTOS 1.2.0
2025-07-13 13:18:24,685 [INFO] ThirdParty:1030 - CMSIS Pack Vendor :STMicroelectronics X-CUBE-NFC12 1.0.0
2025-07-13 13:18:24,685 [INFO] ThirdParty:1030 - CMSIS Pack Vendor :STMicroelectronics X-CUBE-AZRTOS-F7 1.1.0
2025-07-13 13:18:24,685 [INFO] ThirdParty:1030 - CMSIS Pack Vendor :STMicroelectronics X-CUBE-AZRTOS-L5 2.0.0
2025-07-13 13:18:24,685 [INFO] ThirdParty:1030 - CMSIS Pack Vendor :STMicroelectronics USB_DEVICE 2.0.0
2025-07-13 13:18:24,685 [INFO] ThirdParty:1030 - CMSIS Pack Vendor :STMicroelectronics X-CUBE-NFC6 3.1.0
2025-07-13 13:18:24,685 [INFO] ThirdParty:1030 - CMSIS Pack Vendor :STMicroelectronics X-CUBE-MEMS1 11.0.0
2025-07-13 13:18:24,685 [INFO] ThirdParty:1030 - CMSIS Pack Vendor :STMicroelectronics FreeRTOS 0.0.1
2025-07-13 13:18:24,685 [INFO] ThirdParty:1030 - CMSIS Pack Vendor :STMicroelectronics X-CUBE-DPower 1.2.0
2025-07-13 13:18:24,685 [INFO] ThirdParty:1030 - CMSIS Pack Vendor :STMicroelectronics FP-SNS-FLIGHT1 5.0.2
2025-07-13 13:18:24,685 [INFO] ThirdParty:1030 - CMSIS Pack Vendor :STMicroelectronics X-CUBE-AI 9.0.0
2025-07-13 13:18:24,685 [INFO] ThirdParty:1030 - CMSIS Pack Vendor :STMicroelectronics PDM2PCM 3.3.0
2025-07-13 13:18:24,685 [INFO] ThirdParty:1030 - CMSIS Pack Vendor :STMicroelectronics X-CUBE-AZRTOS-H7 3.4.0
2025-07-13 13:18:24,685 [INFO] ThirdParty:1030 - CMSIS Pack Vendor :STMicroelectronics X-CUBE-DISPLAY 3.0.0
2025-07-13 13:18:24,685 [INFO] ThirdParty:1030 - CMSIS Pack Vendor :STMicroelectronics X-CUBE-BLE1 7.0.0
2025-07-13 13:18:24,685 [INFO] ThirdParty:1030 - CMSIS Pack Vendor :STMicroelectronics X-CUBE-NFC10 1.0.0
2025-07-13 13:18:24,685 [INFO] ThirdParty:1030 - CMSIS Pack Vendor :STMicroelectronics X-CUBE-BLEMGR 4.0.0
2025-07-13 13:18:24,685 [INFO] ThirdParty:1030 - CMSIS Pack Vendor :STMicroelectronics X-CUBE-FREERTOS 1.3.1
2025-07-13 13:18:24,685 [INFO] ThirdParty:1030 - CMSIS Pack Vendor :STMicroelectronics HAL Drivers 0.0.0
2025-07-13 13:18:24,685 [INFO] ThirdParty:1030 - CMSIS Pack Vendor :emotas I-CUBE-CANOPEN 1.3.0
2025-07-13 13:18:24,685 [INFO] ThirdParty:1030 - CMSIS Pack Vendor :STMicroelectronics X-CUBE-FREERTOS 1.3.0
2025-07-13 13:18:24,685 [INFO] ThirdParty:1030 - CMSIS Pack Vendor :STMicroelectronics X-CUBE-NFC7 1.0.1
2025-07-13 13:18:24,685 [INFO] ThirdParty:1030 - CMSIS Pack Vendor :STMicroelectronics MBEDTLS 2.14.1
2025-07-13 13:18:24,685 [INFO] ThirdParty:1030 - CMSIS Pack Vendor :STMicroelectronics X-CUBE-BLEMGR 3.1.0
2025-07-13 13:18:24,685 [INFO] ThirdParty:1030 - CMSIS Pack Vendor :STMicroelectronics X-CUBE-AI 10.0.0
2025-07-13 13:18:24,685 [INFO] ThirdParty:1030 - CMSIS Pack Vendor :STMicroelectronics FP-SNS-SMARTAG2 1.2.0
2025-07-13 13:18:24,685 [INFO] ThirdParty:1030 - CMSIS Pack Vendor :STMicroelectronics X-CUBE-MEMS1 11.1.0
2025-07-13 13:18:24,685 [INFO] ThirdParty:1030 - CMSIS Pack Vendor :STMicroelectronics X-CUBE-AZRTOS-WL 2.0.0
2025-07-13 13:18:24,685 [INFO] ThirdParty:1030 - CMSIS Pack Vendor :STMicroelectronics X-CUBE-DPower 1.3.0
2025-07-13 13:18:24,685 [INFO] ThirdParty:1030 - CMSIS Pack Vendor :STMicroelectronics FP-SNS-MOTENV1 5.0.0
2025-07-13 13:18:24,685 [INFO] ThirdParty:1030 - CMSIS Pack Vendor :STMicroelectronics USB_DEVICE 1.0.0
2025-07-13 13:18:24,685 [INFO] ThirdParty:1030 - CMSIS Pack Vendor :wolfSSL I-CUBE-wolfMQTT 1.19.0
2025-07-13 13:18:24,685 [INFO] ThirdParty:1030 - CMSIS Pack Vendor :STMicroelectronics X-CUBE-AZRTOS-L4 2.0.0
2025-07-13 13:18:24,685 [INFO] ThirdParty:1030 - CMSIS Pack Vendor :STMicroelectronics ThreadX 0.0.2
2025-07-13 13:18:24,685 [INFO] ThirdParty:1030 - CMSIS Pack Vendor :WES I-CUBE-Cesium 1.3.0
2025-07-13 13:18:24,685 [INFO] ThirdParty:1030 - CMSIS Pack Vendor :STMicroelectronics lwIP 2.1.2
2025-07-13 13:18:24,685 [INFO] ThirdParty:1030 - CMSIS Pack Vendor :STMicroelectronics X-CUBE-SFXS2LP1 4.0.0
2025-07-13 13:18:24,685 [INFO] ThirdParty:1030 - CMSIS Pack Vendor :STMicroelectronics X-CUBE-BLE2 3.3.0
2025-07-13 13:18:24,685 [INFO] ThirdParty:1030 - CMSIS Pack Vendor :STMicroelectronics PDM2PCM 3.2.0
2025-07-13 13:18:24,685 [INFO] ThirdParty:1030 - CMSIS Pack Vendor :STMicroelectronics X-CUBE-AZRTOS-H7 3.3.0
2025-07-13 13:18:24,685 [INFO] ThirdParty:1030 - CMSIS Pack Vendor :STMicroelectronics X-CUBE-NFC9 1.0.0
2025-07-13 13:18:24,685 [INFO] ThirdParty:1030 - CMSIS Pack Vendor :STMicroelectronics X-CUBE-BLE1 7.1.0
2025-07-13 13:18:24,685 [INFO] ThirdParty:1030 - CMSIS Pack Vendor :STMicroelectronics USB_DEVICE 3.0.0
2025-07-13 13:18:24,685 [INFO] ThirdParty:1030 - CMSIS Pack Vendor :STMicroelectronics X-CUBE-TCPP 4.1.0
2025-07-13 13:18:24,685 [INFO] ThirdParty:1030 - CMSIS Pack Vendor :STMicroelectronics X-CUBE-EEPRMA1 5.2.0
2025-07-13 13:18:24,685 [INFO] ThirdParty:1030 - CMSIS Pack Vendor :STMicroelectronics X-CUBE-IPS 3.0.0
2025-07-13 13:18:24,685 [INFO] ThirdParty:1030 - CMSIS Pack Vendor :STMicroelectronics X-CUBE-AZRTOS-WB 2.0.0
2025-07-13 13:18:24,685 [INFO] ThirdParty:1030 - CMSIS Pack Vendor :STMicroelectronics X-CUBE-GNSS1 7.0.0
2025-07-13 13:18:24,685 [INFO] ThirdParty:1030 - CMSIS Pack Vendor :STMicroelectronics X-CUBE-GNSS1 7.0.1
2025-07-13 13:18:24,685 [INFO] ThirdParty:1030 - CMSIS Pack Vendor :STMicroelectronics X-CUBE-TOUCHGFX 4.25.0
2025-07-13 13:18:24,685 [INFO] ThirdParty:1030 - CMSIS Pack Vendor :STMicroelectronics X-CUBE-AI 10.1.0
2025-07-13 13:18:24,685 [INFO] ThirdParty:1030 - CMSIS Pack Vendor :STMicroelectronics FP-SNS-STBOX1 2.0.0
2025-07-13 13:18:24,685 [INFO] ThirdParty:1030 - CMSIS Pack Vendor :STMicroelectronics X-CUBE-MEMS1 11.2.0
2025-07-13 13:18:24,685 [INFO] ThirdParty:1030 - CMSIS Pack Vendor :STMicroelectronics X-CUBE-AZRTOS-G0 1.1.0
2025-07-13 13:18:24,685 [INFO] ThirdParty:1030 - CMSIS Pack Vendor :STMicroelectronics X-CUBE-SAFEA1 1.2.2
2025-07-13 13:18:24,685 [INFO] ThirdParty:1030 - CMSIS Pack Vendor :STMicroelectronics X-CUBE-NFC4 3.0.0
2025-07-13 13:18:24,685 [INFO] ThirdParty:1030 - CMSIS Pack Vendor :STMicroelectronics X-CUBE-SUBG2 5.0.0
2025-07-13 13:18:24,685 [INFO] ThirdParty:1030 - CMSIS Pack Vendor :STMicroelectronics X-CUBE-AZRTOS-H7RS 1.1.0
2025-07-13 13:18:24,685 [INFO] ThirdParty:1030 - CMSIS Pack Vendor :STMicroelectronics STM32_WPAN 1.0.0
2025-07-13 13:18:24,685 [INFO] ThirdParty:1030 - CMSIS Pack Vendor :EmbeddedOffice I-CUBE-FS-RTOS 1.0.1
2025-07-13 13:18:24,685 [INFO] ThirdParty:1030 - CMSIS Pack Vendor :STMicroelectronics lwIP 2.0.3
2025-07-13 13:18:24,685 [INFO] ThirdParty:1030 - CMSIS Pack Vendor :Cesanta I-CUBE-Mongoose 7.13.0
2025-07-13 13:18:24,685 [INFO] ThirdParty:1030 - CMSIS Pack Vendor :STMicroelectronics USB_HOST 1.0.0
2025-07-13 13:18:24,685 [INFO] ThirdParty:1030 - CMSIS Pack Vendor :STMicroelectronics X-CUBE-AZRTOS-G4 2.0.0
2025-07-13 13:18:24,685 [INFO] ThirdParty:1030 - CMSIS Pack Vendor :STMicroelectronics X-CUBE-WB05N 2.0.0
2025-07-13 13:18:24,685 [INFO] ThirdParty:1030 - CMSIS Pack Vendor :STMicroelectronics PDM2PCM 3.1.0
2025-07-13 13:18:24,685 [INFO] ThirdParty:1030 - CMSIS Pack Vendor :STMicroelectronics X-CUBE-NFC7 2.0.0
2025-07-13 13:18:24,685 [INFO] ThirdParty:1030 - CMSIS Pack Vendor :RealThread X-CUBE-RT-Thread_Nano 4.1.1
2025-07-13 13:18:24,685 [INFO] ThirdParty:1030 - CMSIS Pack Vendor :STMicroelectronics FP-ATR-SIGFOX1 3.2.0
2025-07-13 13:18:24,685 [INFO] ThirdParty:1030 - CMSIS Pack Vendor :wolfSSL I-CUBE-wolfSSL 5.7.2
2025-07-13 13:18:24,685 [INFO] ThirdParty:1030 - CMSIS Pack Vendor :quantropi X-CUBE-qispace-sdk-base 1.9.3
2025-07-13 13:18:24,686 [INFO] ThirdParty:1030 - CMSIS Pack Vendor :STMicroelectronics X-CUBE-EEPRMA1 5.1.0
2025-07-13 13:18:24,686 [INFO] ThirdParty:1030 - CMSIS Pack Vendor :STMicroelectronics MBEDTLS 2.16.2
2025-07-13 13:18:24,686 [INFO] ThirdParty:1030 - CMSIS Pack Vendor :STMicroelectronics X-CUBE-ALS 1.0.2
2025-07-13 13:18:24,686 [INFO] ThirdParty:1030 - CMSIS Pack Vendor :STMicroelectronics X-CUBE-TOUCHGFX 4.24.0
2025-07-13 13:18:24,686 [INFO] ThirdParty:1030 - CMSIS Pack Vendor :ITTIA_DB I-CUBE-ITTIADB 8.9.0
2025-07-13 13:18:24,686 [INFO] ThirdParty:1030 - CMSIS Pack Vendor :STMicroelectronics X-CUBE-TOUCHGFX 4.24.2
2025-07-13 13:18:24,686 [INFO] ThirdParty:1030 - CMSIS Pack Vendor :STMicroelectronics X-CUBE-TOUCHGFX 4.24.1
2025-07-13 13:18:24,686 [INFO] ThirdParty:1030 - CMSIS Pack Vendor :wolfSSL I-CUBE-wolfTPM 3.4.0
2025-07-13 13:18:24,686 [INFO] ThirdParty:1030 - CMSIS Pack Vendor :portGmbH I-Cube-SoM-uGOAL 1.1.0
2025-07-13 13:18:24,686 [INFO] ThirdParty:1030 - CMSIS Pack Vendor :STMicroelectronics ThreadX 1.0.0
2025-07-13 13:18:24,686 [INFO] ThirdParty:1030 - CMSIS Pack Vendor :SEGGER I-CUBE-embOS 1.3.1
2025-07-13 13:18:24,686 [INFO] ThirdParty:1030 - CMSIS Pack Vendor :STMicroelectronics X-CUBE-ALGOBUILD 1.4.0
2025-07-13 13:18:24,686 [INFO] ThirdParty:1030 - CMSIS Pack Vendor :STMicroelectronics X-CUBE-MEMS1 11.3.0
2025-07-13 13:18:24,686 [INFO] ThirdParty:1030 - CMSIS Pack Vendor :STMicroelectronics X-CUBE-AZRTOS-H7RS 1.0.0
2025-07-13 13:18:24,686 [INFO] ThirdParty:1030 - CMSIS Pack Vendor :STMicroelectronics FP-ATR-ASTRA1 2.0.0
2025-07-13 13:18:24,686 [INFO] ThirdParty:1030 - CMSIS Pack Vendor :STMicroelectronics X-CUBE-TOF1 3.4.2
2025-07-13 13:18:24,686 [INFO] ThirdParty:1030 - CMSIS Pack Vendor :STMicroelectronics X-CUBE-AI 9.1.0
2025-07-13 13:18:24,686 [INFO] ThirdParty:1030 - CMSIS Pack Vendor :Infineon AIROC-Wi-Fi-Bluetooth-STM32 1.6.1
2025-07-13 13:18:24,686 [INFO] ThirdParty:1030 - CMSIS Pack Vendor :wolfSSL I-CUBE-wolfSSH 1.4.17
2025-07-13 13:18:24,686 [INFO] ThirdParty:841 - exiting critical section [change project]
2025-07-13 13:18:24,973 [INFO] PinOutPanel:1561 - setPackage(No Configuration,No Configuration)
2025-07-13 13:18:24,978 [INFO] PinOutPanel:1561 - setPackage(STM32F405RGTx,LQFP64)
2025-07-13 13:18:25,183 [INFO] UtilMem:75 - Before build in PCC Used Memory: 761542824 Bytes (1073741824)
2025-07-13 13:18:25,575 [INFO] UtilMem:75 - After build in PCC Used Memory: 791956840 Bytes (1073741824)
2025-07-13 13:18:25,682 [INFO] IPUIPlugin:80 - create IPUIPlugin
2025-07-13 13:18:25,684 [INFO] IPUIPlugin:80 - create IPUIPlugin
2025-07-13 13:18:25,684 [INFO] IPUIPlugin:80 - create IPUIPlugin
2025-07-13 13:18:25,686 [INFO] IPUIPlugin:80 - create IPUIPlugin
2025-07-13 13:18:25,687 [INFO] IPUIPlugin:80 - create IPUIPlugin
2025-07-13 13:18:25,687 [INFO] IPUIPlugin:80 - create IPUIPlugin
2025-07-13 13:18:25,687 [INFO] IPUIPlugin:80 - create IPUIPlugin
2025-07-13 13:18:25,687 [INFO] IPUIPlugin:80 - create IPUIPlugin
2025-07-13 13:18:25,687 [INFO] IPUIPlugin:80 - create IPUIPlugin
2025-07-13 13:18:25,687 [INFO] IPUIPlugin:80 - create IPUIPlugin
2025-07-13 13:18:25,688 [INFO] IPUIPlugin:80 - create IPUIPlugin
2025-07-13 13:18:25,689 [INFO] IPUIPlugin:80 - create IPUIPlugin
2025-07-13 13:18:25,689 [INFO] IPUIPlugin:80 - create IPUIPlugin
2025-07-13 13:18:25,689 [INFO] IPUIPlugin:80 - create IPUIPlugin
2025-07-13 13:18:25,689 [INFO] IPUIPlugin:80 - create IPUIPlugin
2025-07-13 13:18:25,689 [INFO] IPUIPlugin:80 - create IPUIPlugin
2025-07-13 13:18:25,690 [INFO] IPUIPlugin:80 - create IPUIPlugin
2025-07-13 13:18:25,690 [INFO] IPUIPlugin:80 - create IPUIPlugin
2025-07-13 13:18:25,690 [INFO] IPUIPlugin:80 - create IPUIPlugin
2025-07-13 13:18:25,690 [INFO] IPUIPlugin:80 - create IPUIPlugin
2025-07-13 13:18:25,690 [INFO] IPUIPlugin:80 - create IPUIPlugin
2025-07-13 13:18:25,691 [INFO] IPUIPlugin:80 - create IPUIPlugin
2025-07-13 13:18:25,691 [INFO] IPUIPlugin:80 - create IPUIPlugin
2025-07-13 13:18:25,691 [INFO] IPUIPlugin:80 - create IPUIPlugin
2025-07-13 13:18:25,691 [INFO] IPUIPlugin:80 - create IPUIPlugin
2025-07-13 13:18:25,694 [INFO] IPUIPlugin:80 - create IPUIPlugin
2025-07-13 13:18:25,695 [INFO] IPUIPlugin:80 - create IPUIPlugin
2025-07-13 13:18:25,696 [INFO] IPUIPlugin:80 - create IPUIPlugin
2025-07-13 13:18:25,696 [INFO] IPUIPlugin:80 - create IPUIPlugin
2025-07-13 13:18:25,696 [INFO] IPUIPlugin:80 - create IPUIPlugin
2025-07-13 13:18:25,696 [INFO] IPUIPlugin:80 - create IPUIPlugin
2025-07-13 13:18:25,696 [INFO] IPUIPlugin:80 - create IPUIPlugin
2025-07-13 13:18:25,696 [INFO] IPUIPlugin:80 - create IPUIPlugin
2025-07-13 13:18:25,696 [INFO] IPUIPlugin:80 - create IPUIPlugin
2025-07-13 13:18:25,696 [INFO] IPUIPlugin:80 - create IPUIPlugin
2025-07-13 13:18:25,696 [INFO] IPUIPlugin:80 - create IPUIPlugin
2025-07-13 13:18:25,696 [INFO] IPUIPlugin:80 - create IPUIPlugin
2025-07-13 13:18:25,696 [INFO] IPUIPlugin:80 - create IPUIPlugin
2025-07-13 13:18:25,697 [INFO] IPUIPlugin:80 - create IPUIPlugin
2025-07-13 13:18:25,697 [INFO] IPUIPlugin:80 - create IPUIPlugin
2025-07-13 13:18:25,697 [INFO] IPUIPlugin:80 - create IPUIPlugin
2025-07-13 13:18:25,697 [INFO] IPUIPlugin:80 - create IPUIPlugin
2025-07-13 13:18:25,697 [INFO] IPUIPlugin:80 - create IPUIPlugin
2025-07-13 13:18:25,697 [INFO] IPUIPlugin:80 - create IPUIPlugin
2025-07-13 13:18:25,697 [INFO] IPUIPlugin:80 - create IPUIPlugin
2025-07-13 13:18:25,697 [INFO] IPUIPlugin:80 - create IPUIPlugin
2025-07-13 13:18:25,697 [INFO] IPUIPlugin:80 - create IPUIPlugin
2025-07-13 13:18:25,698 [INFO] IPUIPlugin:80 - create IPUIPlugin
2025-07-13 13:18:25,698 [INFO] IPUIPlugin:80 - create IPUIPlugin
2025-07-13 13:18:25,698 [INFO] IPUIPlugin:80 - create IPUIPlugin
2025-07-13 13:18:25,698 [INFO] IPUIPlugin:80 - create IPUIPlugin
2025-07-13 13:18:25,699 [INFO] IPUIPlugin:80 - create IPUIPlugin
2025-07-13 13:18:25,699 [INFO] IPUIPlugin:80 - create IPUIPlugin
2025-07-13 13:18:25,699 [INFO] IPUIPlugin:80 - create IPUIPlugin
2025-07-13 13:18:25,723 [INFO] ApiDbMcu:508 - Load IP Config File for PDM2PCM
2025-07-13 13:18:25,733 [WARN] IP:2191 - I2C_Coeff_DF not found: check if there is a RefParameter without a condition.
2025-07-13 13:18:25,733 [WARN] IP:2191 - Analog_Filter not found: check if there is a RefParameter without a condition.
2025-07-13 13:18:25,736 [WARN] IP:2191 - I2C_Coeff_DF not found: check if there is a RefParameter without a condition.
2025-07-13 13:18:25,736 [WARN] IP:2191 - Analog_Filter not found: check if there is a RefParameter without a condition.
2025-07-13 13:18:25,856 [INFO] CADModel:165 - CPN selected for project levelSTM32F405RGT6
2025-07-13 13:18:25,856 [INFO] CADModel:114 - Register for checkConnection events
2025-07-13 13:18:25,903 [INFO] OpenFileManager:363 - Restore cursor
2025-07-13 13:18:26,212 [WARN] IP:2191 - I2C_Coeff_DF not found: check if there is a RefParameter without a condition.
2025-07-13 13:18:26,212 [WARN] IP:2191 - Analog_Filter not found: check if there is a RefParameter without a condition.
2025-07-13 13:18:26,212 [WARN] IP:2191 - I2C_Coeff_DF not found: check if there is a RefParameter without a condition.
2025-07-13 13:18:26,212 [WARN] IP:2191 - Analog_Filter not found: check if there is a RefParameter without a condition.
2025-07-13 13:18:26,215 [WARN] IP:2191 - I2C_Coeff_DF not found: check if there is a RefParameter without a condition.
2025-07-13 13:18:26,215 [WARN] IP:2191 - Analog_Filter not found: check if there is a RefParameter without a condition.
2025-07-13 13:18:26,215 [WARN] IP:2191 - I2C_Coeff_DF not found: check if there is a RefParameter without a condition.
2025-07-13 13:18:26,215 [WARN] IP:2191 - Analog_Filter not found: check if there is a RefParameter without a condition.
2025-07-13 13:18:44,179 [WARN] IP:2191 - I2C_Coeff_DF not found: check if there is a RefParameter without a condition.
2025-07-13 13:18:44,183 [WARN] IP:2191 - Analog_Filter not found: check if there is a RefParameter without a condition.
2025-07-13 13:18:44,184 [WARN] IP:2191 - I2C_Coeff_DF not found: check if there is a RefParameter without a condition.
2025-07-13 13:18:44,184 [WARN] IP:2191 - Analog_Filter not found: check if there is a RefParameter without a condition.
2025-07-13 13:18:44,185 [WARN] IP:2191 - I2C_Coeff_DF not found: check if there is a RefParameter without a condition.
2025-07-13 13:18:44,185 [WARN] IP:2191 - Analog_Filter not found: check if there is a RefParameter without a condition.
2025-07-13 13:18:44,186 [WARN] IP:2191 - I2C_Coeff_DF not found: check if there is a RefParameter without a condition.
2025-07-13 13:18:44,186 [WARN] IP:2191 - Analog_Filter not found: check if there is a RefParameter without a condition.
2025-07-13 13:20:23,281 [INFO] UtilMem:75 - End SaveConfig() Used Memory: 771757880 Bytes (1073741824)
2025-07-13 13:20:23,939 [INFO] UtilMem:75 - End SaveConfig() Used Memory: 837818048 Bytes (1073741824)
2025-07-13 13:20:24,259 [INFO] BlockDiagram:2766 - set Specific Code input for plugin: TIM1_8
2025-07-13 13:20:24,262 [INFO] BlockDiagram:2766 - set Specific Code input for plugin: TIM1_8
2025-07-13 13:20:24,262 [INFO] BlockDiagram:2766 - set Specific Code input for plugin: TIM1_8
2025-07-13 13:20:24,262 [INFO] BlockDiagram:2766 - set Specific Code input for plugin: TIM1_8
2025-07-13 13:20:24,262 [INFO] BlockDiagram:2766 - set Specific Code input for plugin: SYS
2025-07-13 13:20:24,262 [INFO] BlockDiagram:2766 - set Specific Code input for plugin: ADC
2025-07-13 13:20:24,262 [INFO] BlockDiagram:2766 - set Specific Code input for plugin: RCC
2025-07-13 13:20:24,262 [INFO] BlockDiagram:2766 - set Specific Code input for plugin: I2C
2025-07-13 13:20:24,262 [INFO] BlockDiagram:2766 - set Specific Code input for plugin: I2C
2025-07-13 13:20:24,262 [INFO] BlockDiagram:2766 - set Specific Code input for plugin: RTC
2025-07-13 13:20:24,262 [INFO] BlockDiagram:2766 - set Specific Code input for plugin: USB_OTG_FS
2025-07-13 13:20:24,262 [INFO] BlockDiagram:2766 - set Specific Code input for plugin: NVIC
2025-07-13 13:20:24,262 [INFO] BlockDiagram:2766 - set Specific Code input for plugin: DMA
2025-07-13 13:20:24,262 [INFO] BlockDiagram:2766 - set Specific Code input for plugin: UART
2025-07-13 13:20:24,262 [INFO] BlockDiagram:2766 - set Specific Code input for plugin: GPIO
2025-07-13 13:20:24,264 [INFO] CodeGenerator:807 - code generatio: config db path: /Applications/STM32CubeIDE.app/Contents/Eclipse/plugins/com.st.stm32cube.common.mx_6.12.1.202409122256//db/
2025-07-13 13:20:24,290 [INFO] Argument:325 - Argument : hdmavalue: null
2025-07-13 13:20:24,290 [INFO] Argument:327 - 	 sub Args: 
2025-07-13 13:20:24,290 [INFO] Argument:325 - Argument : Instancevalue: DMA2_Stream0
2025-07-13 13:20:24,290 [INFO] Argument:335 - Argument : Instancevalue: DMA2_Stream0
2025-07-13 13:20:24,290 [INFO] Argument:325 - Argument : Initvalue: null
2025-07-13 13:20:24,290 [INFO] Argument:327 - 	 sub Args: 
2025-07-13 13:20:24,290 [INFO] Argument:325 - Argument : Channelvalue: DMA_CHANNEL_0
2025-07-13 13:20:24,290 [INFO] Argument:335 - Argument : Channelvalue: DMA_CHANNEL_0
2025-07-13 13:20:24,290 [INFO] Argument:325 - Argument : Directionvalue: DMA_PERIPH_TO_MEMORY
2025-07-13 13:20:24,290 [INFO] Argument:335 - Argument : Directionvalue: DMA_PERIPH_TO_MEMORY
2025-07-13 13:20:24,290 [INFO] Argument:325 - Argument : PeriphIncvalue: DMA_PINC_DISABLE
2025-07-13 13:20:24,290 [INFO] Argument:335 - Argument : PeriphIncvalue: DMA_PINC_DISABLE
2025-07-13 13:20:24,290 [INFO] Argument:325 - Argument : MemIncvalue: DMA_MINC_ENABLE
2025-07-13 13:20:24,290 [INFO] Argument:335 - Argument : MemIncvalue: DMA_MINC_ENABLE
2025-07-13 13:20:24,290 [INFO] Argument:325 - Argument : PeriphDataAlignmentvalue: DMA_PDATAALIGN_HALFWORD
2025-07-13 13:20:24,290 [INFO] Argument:335 - Argument : PeriphDataAlignmentvalue: DMA_PDATAALIGN_HALFWORD
2025-07-13 13:20:24,290 [INFO] Argument:325 - Argument : MemDataAlignmentvalue: DMA_MDATAALIGN_HALFWORD
2025-07-13 13:20:24,290 [INFO] Argument:335 - Argument : MemDataAlignmentvalue: DMA_MDATAALIGN_HALFWORD
2025-07-13 13:20:24,290 [INFO] Argument:325 - Argument : Modevalue: DMA_CIRCULAR
2025-07-13 13:20:24,290 [INFO] Argument:335 - Argument : Modevalue: DMA_CIRCULAR
2025-07-13 13:20:24,290 [INFO] Argument:325 - Argument : Priorityvalue: DMA_PRIORITY_LOW
2025-07-13 13:20:24,290 [INFO] Argument:335 - Argument : Priorityvalue: DMA_PRIORITY_LOW
2025-07-13 13:20:24,290 [INFO] Argument:325 - Argument : FIFOModevalue: DMA_FIFOMODE_DISABLE
2025-07-13 13:20:24,290 [INFO] Argument:335 - Argument : FIFOModevalue: DMA_FIFOMODE_DISABLE
2025-07-13 13:20:24,290 [INFO] Argument:325 - Argument : FIFOThresholdvalue: null
2025-07-13 13:20:24,290 [INFO] Argument:335 - Argument : FIFOThresholdvalue: null
2025-07-13 13:20:24,290 [INFO] Argument:325 - Argument : MemBurstvalue: null
2025-07-13 13:20:24,290 [INFO] Argument:335 - Argument : MemBurstvalue: null
2025-07-13 13:20:24,290 [INFO] Argument:325 - Argument : PeriphBurstvalue: null
2025-07-13 13:20:24,290 [INFO] Argument:335 - Argument : PeriphBurstvalue: null
2025-07-13 13:20:24,290 [INFO] Argument:325 - Argument : Lockvalue: null
2025-07-13 13:20:24,290 [INFO] Argument:335 - Argument : Lockvalue: null
2025-07-13 13:20:24,290 [INFO] Argument:325 - Argument : Statevalue: null
2025-07-13 13:20:24,290 [INFO] Argument:335 - Argument : Statevalue: null
2025-07-13 13:20:24,291 [INFO] Argument:325 - Argument : Parentvalue: null
2025-07-13 13:20:24,291 [INFO] Argument:335 - Argument : Parentvalue: null
2025-07-13 13:20:24,291 [INFO] Argument:325 - Argument : XferCpltCallbackvalue: null
2025-07-13 13:20:24,291 [INFO] Argument:335 - Argument : XferCpltCallbackvalue: null
2025-07-13 13:20:24,291 [INFO] Argument:325 - Argument : XferHalfCpltCallbackvalue: null
2025-07-13 13:20:24,291 [INFO] Argument:335 - Argument : XferHalfCpltCallbackvalue: null
2025-07-13 13:20:24,291 [INFO] Argument:325 - Argument : XferM1CpltCallbackvalue: null
2025-07-13 13:20:24,291 [INFO] Argument:335 - Argument : XferM1CpltCallbackvalue: null
2025-07-13 13:20:24,291 [INFO] Argument:325 - Argument : XferErrorCallbackvalue: null
2025-07-13 13:20:24,291 [INFO] Argument:335 - Argument : XferErrorCallbackvalue: null
2025-07-13 13:20:24,291 [INFO] Argument:325 - Argument : ErrorCodevalue: null
2025-07-13 13:20:24,291 [INFO] Argument:335 - Argument : ErrorCodevalue: null
2025-07-13 13:20:24,292 [WARN] IP:2191 - I2C_Coeff_DF not found: check if there is a RefParameter without a condition.
2025-07-13 13:20:24,292 [WARN] IP:2191 - Analog_Filter not found: check if there is a RefParameter without a condition.
2025-07-13 13:20:24,293 [WARN] IP:2191 - I2C_Coeff_DF not found: check if there is a RefParameter without a condition.
2025-07-13 13:20:24,293 [WARN] IP:2191 - Analog_Filter not found: check if there is a RefParameter without a condition.
2025-07-13 13:20:24,427 [INFO] CodeEngine:255 - oldGeneratedFile, /Users/apple/STM32CubeIDE/workspace_1.16.1/STM32F405_EPS/MXTmpFiles/license.tmp_save
2025-07-13 13:20:24,632 [INFO] CodeEngine:279 - Generated code: /Users/apple/STM32CubeIDE/workspace_1.16.1/STM32F405_EPS/MXTmpFiles/license.tmp
2025-07-13 13:20:24,715 [INFO] CodeEngine:255 - oldGeneratedFile, /Users/apple/STM32CubeIDE/workspace_1.16.1/STM32F405_EPS/Core/Src/gpio.c_save
2025-07-13 13:20:24,809 [INFO] CodeEngine:279 - Generated code: /Users/apple/STM32CubeIDE/workspace_1.16.1/STM32F405_EPS/Core/Src/gpio.c
2025-07-13 13:20:24,811 [INFO] CodeEngine:255 - oldGeneratedFile, /Users/apple/STM32CubeIDE/workspace_1.16.1/STM32F405_EPS/Core/Inc/gpio.h_save
2025-07-13 13:20:24,861 [INFO] CodeEngine:279 - Generated code: /Users/apple/STM32CubeIDE/workspace_1.16.1/STM32F405_EPS/Core/Inc/gpio.h
2025-07-13 13:20:25,194 [WARN] IPConfigManager:3005 - Warning: the RefConfig PWREx_EnableUSBVoltageDetector is not available in your config.xml file
2025-07-13 13:20:25,204 [INFO] CodeEngine:255 - oldGeneratedFile, /Users/apple/STM32CubeIDE/workspace_1.16.1/STM32F405_EPS/Core/Src/adc.c_save
2025-07-13 13:20:25,349 [INFO] CodeEngine:279 - Generated code: /Users/apple/STM32CubeIDE/workspace_1.16.1/STM32F405_EPS/Core/Src/adc.c
2025-07-13 13:20:25,351 [INFO] CodeEngine:255 - oldGeneratedFile, /Users/apple/STM32CubeIDE/workspace_1.16.1/STM32F405_EPS/Core/Inc/adc.h_save
2025-07-13 13:20:25,403 [INFO] CodeEngine:279 - Generated code: /Users/apple/STM32CubeIDE/workspace_1.16.1/STM32F405_EPS/Core/Inc/adc.h
2025-07-13 13:20:25,437 [INFO] CodeEngine:255 - oldGeneratedFile, /Users/apple/STM32CubeIDE/workspace_1.16.1/STM32F405_EPS/Core/Src/dma.c_save
2025-07-13 13:20:25,497 [INFO] CodeEngine:279 - Generated code: /Users/apple/STM32CubeIDE/workspace_1.16.1/STM32F405_EPS/Core/Src/dma.c
2025-07-13 13:20:25,499 [INFO] CodeEngine:255 - oldGeneratedFile, /Users/apple/STM32CubeIDE/workspace_1.16.1/STM32F405_EPS/Core/Inc/dma.h_save
2025-07-13 13:20:25,547 [INFO] CodeEngine:279 - Generated code: /Users/apple/STM32CubeIDE/workspace_1.16.1/STM32F405_EPS/Core/Inc/dma.h
2025-07-13 13:20:25,552 [INFO] CodeEngine:255 - oldGeneratedFile, /Users/apple/STM32CubeIDE/workspace_1.16.1/STM32F405_EPS/Core/Src/i2c.c_save
2025-07-13 13:20:25,626 [INFO] CodeEngine:279 - Generated code: /Users/apple/STM32CubeIDE/workspace_1.16.1/STM32F405_EPS/Core/Src/i2c.c
2025-07-13 13:20:25,630 [INFO] CodeEngine:255 - oldGeneratedFile, /Users/apple/STM32CubeIDE/workspace_1.16.1/STM32F405_EPS/Core/Inc/i2c.h_save
2025-07-13 13:20:25,685 [INFO] CodeEngine:279 - Generated code: /Users/apple/STM32CubeIDE/workspace_1.16.1/STM32F405_EPS/Core/Inc/i2c.h
2025-07-13 13:20:25,690 [INFO] CodeEngine:255 - oldGeneratedFile, /Users/apple/STM32CubeIDE/workspace_1.16.1/STM32F405_EPS/Core/Src/rtc.c_save
2025-07-13 13:20:25,758 [INFO] CodeEngine:279 - Generated code: /Users/apple/STM32CubeIDE/workspace_1.16.1/STM32F405_EPS/Core/Src/rtc.c
2025-07-13 13:20:25,759 [INFO] CodeEngine:255 - oldGeneratedFile, /Users/apple/STM32CubeIDE/workspace_1.16.1/STM32F405_EPS/Core/Inc/rtc.h_save
2025-07-13 13:20:25,830 [INFO] CodeEngine:279 - Generated code: /Users/apple/STM32CubeIDE/workspace_1.16.1/STM32F405_EPS/Core/Inc/rtc.h
2025-07-13 13:20:25,842 [INFO] CodeEngine:255 - oldGeneratedFile, /Users/apple/STM32CubeIDE/workspace_1.16.1/STM32F405_EPS/Core/Src/tim.c_save
2025-07-13 13:20:25,936 [INFO] CodeEngine:279 - Generated code: /Users/apple/STM32CubeIDE/workspace_1.16.1/STM32F405_EPS/Core/Src/tim.c
2025-07-13 13:20:25,938 [INFO] CodeEngine:255 - oldGeneratedFile, /Users/apple/STM32CubeIDE/workspace_1.16.1/STM32F405_EPS/Core/Inc/tim.h_save
2025-07-13 13:20:25,999 [INFO] CodeEngine:279 - Generated code: /Users/apple/STM32CubeIDE/workspace_1.16.1/STM32F405_EPS/Core/Inc/tim.h
2025-07-13 13:20:26,009 [INFO] CodeEngine:255 - oldGeneratedFile, /Users/apple/STM32CubeIDE/workspace_1.16.1/STM32F405_EPS/Core/Src/usart.c_save
2025-07-13 13:20:26,097 [INFO] CodeEngine:279 - Generated code: /Users/apple/STM32CubeIDE/workspace_1.16.1/STM32F405_EPS/Core/Src/usart.c
2025-07-13 13:20:26,100 [INFO] CodeEngine:255 - oldGeneratedFile, /Users/apple/STM32CubeIDE/workspace_1.16.1/STM32F405_EPS/Core/Inc/usart.h_save
2025-07-13 13:20:26,158 [INFO] CodeEngine:279 - Generated code: /Users/apple/STM32CubeIDE/workspace_1.16.1/STM32F405_EPS/Core/Inc/usart.h
2025-07-13 13:20:26,163 [INFO] CodeEngine:255 - oldGeneratedFile, /Users/apple/STM32CubeIDE/workspace_1.16.1/STM32F405_EPS/Core/Src/usb_otg.c_save
2025-07-13 13:20:26,360 [INFO] CodeEngine:279 - Generated code: /Users/apple/STM32CubeIDE/workspace_1.16.1/STM32F405_EPS/Core/Src/usb_otg.c
2025-07-13 13:20:26,377 [INFO] CodeEngine:255 - oldGeneratedFile, /Users/apple/STM32CubeIDE/workspace_1.16.1/STM32F405_EPS/Core/Inc/usb_otg.h_save
2025-07-13 13:20:26,433 [INFO] CodeEngine:279 - Generated code: /Users/apple/STM32CubeIDE/workspace_1.16.1/STM32F405_EPS/Core/Inc/usb_otg.h
2025-07-13 13:20:26,446 [INFO] CodeEngine:255 - oldGeneratedFile, /Users/apple/STM32CubeIDE/workspace_1.16.1/STM32F405_EPS/Core/Src/stm32f4xx_it.c_save
2025-07-13 13:20:26,602 [INFO] CodeEngine:279 - Generated code: /Users/apple/STM32CubeIDE/workspace_1.16.1/STM32F405_EPS/Core/Src/stm32f4xx_it.c
2025-07-13 13:20:26,604 [INFO] CodeEngine:255 - oldGeneratedFile, /Users/apple/STM32CubeIDE/workspace_1.16.1/STM32F405_EPS/Core/Inc/stm32f4xx_it.h_save
2025-07-13 13:20:26,674 [INFO] CodeEngine:279 - Generated code: /Users/apple/STM32CubeIDE/workspace_1.16.1/STM32F405_EPS/Core/Inc/stm32f4xx_it.h
2025-07-13 13:20:26,685 [INFO] CodeEngine:255 - oldGeneratedFile, /Users/apple/STM32CubeIDE/workspace_1.16.1/STM32F405_EPS/Core/Src/stm32f4xx_hal_msp.c_save
2025-07-13 13:20:26,762 [INFO] CodeEngine:279 - Generated code: /Users/apple/STM32CubeIDE/workspace_1.16.1/STM32F405_EPS/Core/Src/stm32f4xx_hal_msp.c
2025-07-13 13:20:26,763 [INFO] CodeEngine:255 - oldGeneratedFile, /Users/apple/STM32CubeIDE/workspace_1.16.1/STM32F405_EPS/MXTmpFiles/system.tmp_save
2025-07-13 13:20:26,812 [INFO] CodeEngine:279 - Generated code: /Users/apple/STM32CubeIDE/workspace_1.16.1/STM32F405_EPS/MXTmpFiles/system.tmp
2025-07-13 13:20:26,817 [INFO] CodeEngine:311 - oldGeneratedFile, /Users/apple/STM32CubeIDE/workspace_1.16.1/STM32F405_EPS/Core/Inc/stm32f4xx_hal_conf.h_save
2025-07-13 13:20:26,893 [INFO] CodeEngine:335 - Generated code: /Users/apple/STM32CubeIDE/workspace_1.16.1/STM32F405_EPS/Core/Inc/stm32f4xx_hal_conf.h
2025-07-13 13:20:26,959 [INFO] CodeEngine:255 - oldGeneratedFile, /Users/apple/STM32CubeIDE/workspace_1.16.1/STM32F405_EPS/Core/Inc/main.h_save
2025-07-13 13:20:27,040 [INFO] CodeEngine:279 - Generated code: /Users/apple/STM32CubeIDE/workspace_1.16.1/STM32F405_EPS/Core/Inc/main.h
2025-07-13 13:20:27,042 [INFO] CodeEngine:255 - oldGeneratedFile, /Users/apple/STM32CubeIDE/workspace_1.16.1/STM32F405_EPS/Core/Src/main.c_save
2025-07-13 13:20:27,116 [INFO] CodeEngine:279 - Generated code: /Users/apple/STM32CubeIDE/workspace_1.16.1/STM32F405_EPS/Core/Src/main.c
2025-07-13 13:20:27,277 [INFO] ProjectBuilder:3249 - Time for Copy HAL[2] : 0mS.
2025-07-13 13:20:27,283 [INFO] ProjectBuilder:4828 - Project Generator version: 4.5.0-B34
2025-07-13 13:20:27,347 [INFO] ConfigFileManager:1531 - The Die is : DIE413
2025-07-13 13:20:27,351 [INFO] ApiDbMcu:508 - Load IP Config File for FATFS
2025-07-13 13:20:27,355 [INFO] ApiDbMcu:508 - Load IP Config File for FREERTOS
2025-07-13 13:20:27,357 [INFO] ApiDbMcu:508 - Load IP Config File for LIBJPEG
2025-07-13 13:20:27,361 [INFO] ApiDbMcu:508 - Load IP Config File for MBEDTLS
2025-07-13 13:20:27,372 [INFO] ApiDbMcu:508 - Load IP Config File for USB_DEVICE
2025-07-13 13:20:27,375 [INFO] ApiDbMcu:508 - Load IP Config File for USB_HOST
2025-07-13 13:20:28,508 [INFO] ProjectBuilder:5097 - Time for Generating toolchain IDE Files: 1224mS.
2025-07-13 13:20:28,509 [INFO] ProjectBuilder:3107 - Time for Copy CMSIS : 0mS.
2025-07-13 13:20:28,513 [INFO] ProjectBuilder:3107 - Time for Copy CMSIS : 0mS.
2025-07-13 14:33:18,335 [INFO] WebApp:189 - Connection lost
2025-07-13 14:33:18,750 [INFO] WebApp:186 - Connection restablished
2025-07-13 14:48:44,882 [INFO] WebApp:189 - Connection lost
2025-07-13 14:48:45,286 [INFO] WebApp:186 - Connection restablished
2025-07-13 15:04:11,536 [INFO] WebApp:189 - Connection lost
2025-07-13 15:04:11,915 [INFO] WebApp:186 - Connection restablished
2025-07-13 15:19:38,084 [INFO] WebApp:189 - Connection lost
2025-07-13 15:19:38,459 [INFO] WebApp:186 - Connection restablished
2025-07-13 15:35:04,713 [INFO] WebApp:189 - Connection lost
2025-07-13 15:35:05,121 [INFO] WebApp:186 - Connection restablished
2025-07-13 15:50:31,220 [INFO] WebApp:189 - Connection lost
2025-07-13 15:50:31,599 [INFO] WebApp:186 - Connection restablished
2025-07-13 16:05:57,659 [INFO] WebApp:189 - Connection lost
2025-07-13 16:05:58,058 [INFO] WebApp:186 - Connection restablished
2025-07-13 16:05:59,269 [INFO] WebApp:189 - Connection lost
2025-07-13 16:05:59,390 [INFO] WebApp:186 - Connection restablished
2025-07-13 16:09:56,424 [INFO] WebApp:189 - Connection lost
2025-07-13 16:09:56,817 [INFO] WebApp:186 - Connection restablished
2025-07-13 16:19:11,893 [INFO] WebApp:189 - Connection lost
2025-07-13 16:19:12,286 [INFO] WebApp:186 - Connection restablished
2025-07-13 16:19:13,485 [INFO] WebApp:189 - Connection lost
2025-07-13 16:19:13,626 [INFO] WebApp:186 - Connection restablished
2025-07-13 16:25:43,319 [INFO] WebApp:189 - Connection lost
2025-07-13 16:25:43,697 [INFO] WebApp:186 - Connection restablished
2025-07-13 16:42:36,698 [INFO] WebApp:189 - Connection lost
2025-07-13 16:42:37,068 [INFO] WebApp:186 - Connection restablished
2025-07-13 16:58:03,032 [INFO] WebApp:189 - Connection lost
2025-07-13 16:58:03,425 [INFO] WebApp:186 - Connection restablished
2025-07-13 17:13:29,682 [INFO] WebApp:189 - Connection lost
2025-07-13 17:13:30,043 [INFO] WebApp:186 - Connection restablished
2025-07-13 17:17:06,448 [INFO] WebApp:189 - Connection lost
2025-07-13 17:17:06,854 [INFO] WebApp:186 - Connection restablished
2025-07-13 17:20:12,915 [INFO] WebApp:189 - Connection lost
2025-07-13 17:20:13,308 [INFO] WebApp:186 - Connection restablished
2025-07-13 17:35:20,288 [INFO] WebApp:189 - Connection lost
2025-07-13 17:35:20,681 [INFO] WebApp:186 - Connection restablished
2025-07-13 17:50:46,736 [INFO] WebApp:189 - Connection lost
2025-07-13 17:50:47,126 [INFO] WebApp:186 - Connection restablished
2025-07-13 18:06:13,484 [INFO] WebApp:189 - Connection lost
2025-07-13 18:06:13,862 [INFO] WebApp:186 - Connection restablished
2025-07-13 18:21:13,719 [INFO] WebApp:189 - Connection lost
2025-07-13 18:21:14,207 [INFO] WebApp:186 - Connection restablished
2025-07-13 18:36:40,063 [INFO] WebApp:189 - Connection lost
2025-07-13 18:36:40,444 [INFO] WebApp:186 - Connection restablished
2025-07-13 18:52:06,584 [INFO] WebApp:189 - Connection lost
2025-07-13 18:52:06,955 [INFO] WebApp:186 - Connection restablished
2025-07-13 19:07:33,459 [INFO] WebApp:189 - Connection lost
2025-07-13 19:07:33,856 [INFO] WebApp:186 - Connection restablished
2025-07-13 19:22:13,760 [INFO] WebApp:189 - Connection lost
2025-07-13 19:22:14,943 [INFO] WebApp:186 - Connection restablished
2025-07-13 19:37:40,492 [INFO] WebApp:189 - Connection lost
2025-07-13 19:37:40,893 [INFO] WebApp:186 - Connection restablished
2025-07-13 19:54:42,495 [INFO] WebApp:189 - Connection lost
2025-07-13 19:54:42,892 [INFO] WebApp:186 - Connection restablished
2025-07-13 19:59:01,378 [INFO] WebApp:189 - Connection lost
2025-07-13 19:59:01,796 [INFO] WebApp:186 - Connection restablished
2025-07-13 20:06:30,590 [INFO] WebApp:189 - Connection lost
2025-07-13 20:06:30,966 [INFO] WebApp:186 - Connection restablished
2025-07-13 20:12:59,821 [INFO] WebApp:189 - Connection lost
2025-07-13 20:13:00,187 [INFO] WebApp:186 - Connection restablished
2025-07-13 20:19:00,681 [INFO] WebApp:189 - Connection lost
2025-07-13 20:19:00,916 [INFO] WebApp:186 - Connection restablished
2025-07-13 20:25:58,071 [INFO] WebApp:189 - Connection lost
2025-07-13 20:25:58,343 [INFO] WebApp:186 - Connection restablished
2025-07-13 20:43:16,714 [INFO] WebApp:189 - Connection lost
2025-07-13 20:43:16,949 [INFO] WebApp:186 - Connection restablished
2025-07-13 20:58:23,899 [INFO] WebApp:189 - Connection lost
2025-07-13 20:58:24,181 [INFO] WebApp:186 - Connection restablished
2025-07-13 21:14:17,581 [INFO] WebApp:189 - Connection lost
2025-07-13 21:14:17,838 [INFO] WebApp:186 - Connection restablished
2025-07-13 21:23:26,794 [INFO] WebApp:189 - Connection lost
2025-07-13 21:23:27,027 [INFO] WebApp:186 - Connection restablished
2025-07-13 21:27:33,672 [INFO] WebApp:189 - Connection lost
2025-07-13 21:27:33,931 [INFO] WebApp:186 - Connection restablished
2025-07-13 21:32:19,792 [INFO] WebApp:189 - Connection lost
2025-07-13 21:32:20,041 [INFO] WebApp:186 - Connection restablished
2025-07-13 21:47:30,239 [INFO] WebApp:189 - Connection lost
2025-07-13 21:47:30,477 [INFO] WebApp:186 - Connection restablished
2025-07-13 21:50:36,627 [INFO] WebApp:189 - Connection lost
2025-07-13 21:50:36,901 [INFO] WebApp:186 - Connection restablished
2025-07-13 21:54:52,618 [INFO] WebApp:189 - Connection lost
2025-07-13 21:54:52,867 [INFO] WebApp:186 - Connection restablished
2025-07-13 21:58:40,579 [INFO] WebApp:189 - Connection lost
2025-07-13 21:58:40,851 [INFO] WebApp:186 - Connection restablished
2025-07-13 22:03:00,253 [INFO] WebApp:189 - Connection lost
2025-07-13 22:03:00,503 [INFO] WebApp:186 - Connection restablished
2025-07-13 22:18:08,131 [INFO] WebApp:189 - Connection lost
2025-07-13 22:18:08,380 [INFO] WebApp:186 - Connection restablished
2025-07-13 22:23:28,886 [INFO] WebApp:189 - Connection lost
2025-07-13 22:23:29,150 [INFO] WebApp:186 - Connection restablished
2025-07-13 22:38:20,187 [INFO] WebApp:189 - Connection lost
2025-07-13 22:38:20,441 [INFO] WebApp:186 - Connection restablished
2025-07-13 22:46:58,530 [INFO] WebApp:189 - Connection lost
2025-07-13 22:46:58,783 [INFO] WebApp:186 - Connection restablished
2025-07-13 22:47:03,126 [INFO] WebApp:189 - Connection lost
2025-07-13 22:47:03,260 [INFO] WebApp:186 - Connection restablished
2025-07-13 22:51:24,261 [INFO] WebApp:189 - Connection lost
2025-07-13 22:51:24,521 [INFO] WebApp:186 - Connection restablished
2025-07-13 23:08:19,124 [INFO] WebApp:189 - Connection lost
2025-07-13 23:08:19,382 [INFO] WebApp:186 - Connection restablished
2025-07-13 23:23:45,660 [INFO] WebApp:189 - Connection lost
2025-07-13 23:23:45,888 [INFO] WebApp:186 - Connection restablished
2025-07-13 23:39:12,246 [INFO] WebApp:189 - Connection lost
2025-07-13 23:39:12,611 [INFO] WebApp:186 - Connection restablished
2025-07-13 23:54:38,724 [INFO] WebApp:189 - Connection lost
2025-07-13 23:54:38,949 [INFO] WebApp:186 - Connection restablished
