:020000040800F2
:1000000000500020591F00080D190008151900089C
:100010001D190008251900082D190008000000000E
:10002000000000000000000000000000351900087A
:1000300041190008000000004D1900085919000876
:10004000A11F0008A11F0008A11F0008A11F000890
:10005000A11F0008A11F0008A11F0008A11F000880
:10006000A11F0008A11F0008A11F000865190008B2
:10007000A11F0008A11F0008A11F0008A11F000860
:10008000A11F0008A11F000879190008A11F00087E
:10009000A11F0008A11F0008A11F0008A11F000840
:1000A000A11F0008A11F0008A11F0008A11F000830
:1000B0008D190008A1190008A11F0008A11F000840
:1000C000A11F0008A11F0008A11F0008A11F000810
:1000D000A11F0008A11F0008A11F0008A11F000800
:1000E000A11F0008A11F0008A11F000800000000B8
:1000F0000000000000000000000000000000000000
:0C01000000000000000000005FF808F1A3
:1001100010B5054C237833B9044B13B10448AFF341
:1001200000800123237010BDF001002000000000BA
:10013000CCB2000808B5034B1BB103490348AFF329
:10014000008008BD00000000F4010020CCB20008CF
:10015000034613F8012B002AFBD1181A0138704707
:1001600081F0004102E000BF83F0004330B54FEA68
:1001700041044FEA430594EA050F08BF90EA020FD5
:100180001FBF54EA000C55EA020C7FEA645C7FEA68
:10019000655C00F0E2804FEA5454D4EB5555B8BF8B
:1001A0006D420CDD2C4480EA020281EA030382EAFC
:1001B000000083EA010180EA020281EA0303362D8E
:1001C00088BF30BD11F0004F4FEA01314FF4801C61
:1001D0004CEA113102D0404261EB410113F0004F73
:1001E0004FEA03334CEA133302D0524263EB43032A
:1001F00094EA050F00F0A780A4F10104D5F1200EC8
:100200000DDB02FA0EFC22FA05F2801841F1000122
:1002100003FA0EF2801843FA05F359410EE0A5F1F6
:1002200020050EF1200E012A03FA0EFC28BF4CF027
:10023000020C43FA05F3C01851EBE37101F00045DD
:1002400007D54FF0000EDCF1000C7EEB00006EEBEA
:100250000101B1F5801F1BD3B1F5001F0CD3490874
:100260005FEA30004FEA3C0C04F101044FEA4452CB
:1002700012F5800F80F09A80BCF1004F08BF5FEA52
:10028000500C50F1000041EB045141EA050130BD32
:100290005FEA4C0C404141EB0101013C28BFB1F544
:1002A000801FE9D291F0000F04BF01460020B1FA8F
:1002B00081F308BF2033A3F10B03B3F120020CDA62
:1002C0000C3208DD02F1140CC2F10C0201FA0CF040
:1002D00021FA02F10CE002F11402D8BFC2F1200CA5
:1002E00001FA02F120FA0CFCDCBF41EA0C0190405B
:1002F000E41AA2BF01EB0451294330BD6FEA0404A4
:100300001F3C1CDA0C340EDC04F11404C4F120028E
:1003100020FA04F001FA02F340EA030021FA04F3A0
:1003200045EA030130BDC4F10C04C4F1200220FAF7
:1003300002F001FA04F340EA0300294630BD21FA35
:1003400004F0294630BD94F0000F83F4801306BFFB
:1003500081F480110134013D4EE77FEA645C18BFEF
:100360007FEA655C29D094EA050F08BF90EA020F86
:1003700005D054EA000C04BF1946104630BD91EA7E
:10038000030F1EBF0021002030BD5FEA545C05D181
:100390004000494128BF41F0004130BD14F58004C0
:1003A0003CBF01F5801130BD01F0004545F0FE4134
:1003B00041F470014FF0000030BD7FEA645C1ABF69
:1003C000194610467FEA655C1CBF0B46024650EAA0
:1003D000013406BF52EA033591EA030F41F40021CC
:1003E00030BD00BF90F0000F04BF0021704730B552
:1003F0004FF4806404F132044FF000054FF0000127
:1004000050E700BF90F0000F04BF0021704730B5E7
:100410004FF4806404F1320410F0004548BF4042BC
:100420004FF000013EE700BF42004FEAE2014FEA11
:1004300031014FEA02701FBF12F07F4393F07F4FEC
:1004400081F06051704732F07F4208BF704793F0EF
:100450007F4F04BF41F40021704730B54FF4607402
:1004600001F0004521F000411CE700BF50EA010205
:1004700008BF704730B54FF000050AE050EA0102AE
:1004800008BF704730B511F0004502D5404261EB1E
:1004900041014FF4806404F132045FEA915C3FF45F
:1004A000D8AE4FF003025FEADC0C18BF03325FEAFC
:1004B000DC0C18BF033202EBDC02C2F1200300FAAD
:1004C00003FC20FA02F001FA03FE40EA0E0021FAD2
:1004D00002F11444BDE600BF70B54FF0FF0C4CF4C0
:1004E000E06C1CEA11541DBF1CEA135594EA0C0F72
:1004F00095EA0C0F00F0DEF82C4481EA030621EAAD
:100500004C5123EA4C5350EA013518BF52EA0335E7
:1005100041F4801143F4801338D0A0FB02CE4FF099
:100520000005E1FB02E506F00042E0FB03E54FF0C9
:100530000006E1FB03569CF0000F18BF4EF0010EC1
:10054000A4F1FF04B6F5007F64F5407404D25FEABD
:100550004E0E6D4146EB060642EAC62141EA555170
:100560004FEAC52040EA5E504FEACE2EB4F1FD0CB2
:1005700088BFBCF5E06F1ED8BEF1004F08BF5FEA30
:10058000500E50F1000041EB045170BD06F00046E2
:1005900046EA010140EA020081EA0301B4EB5C048F
:1005A000C2BFD4EB0C0541EA045170BD41F4801187
:1005B0004FF0000E013C00F3AB8014F1360FDEBFAC
:1005C000002001F0004170BDC4F10004203C35DA88
:1005D0000C341BDC04F11404C4F1200500FA05F30B
:1005E00020FA04F001FA05F240EA020001F00042AC
:1005F00021F0004110EBD37021FA04F642EB060122
:100600005EEA430E08BF20EAD37070BDC4F10C044B
:10061000C4F1200500FA04F320FA05F001FA04F20F
:1006200040EA020001F0004110EBD37041F10001FB
:100630005EEA430E08BF20EAD37070BDC4F1200506
:1006400000FA05F24EEA020E20FA04F301FA05F26E
:1006500043EA020321FA04F001F0004121FA04F216
:1006600020EA020000EBD3705EEA430E08BF20EAE6
:10067000D37070BD94F0000F0FD101F00046400020
:1006800041EB010111F4801F08BF013CF7D041EAA2
:10069000060195F0000F18BF704703F000465200A6
:1006A00043EB030313F4801F08BF013DF7D043EA77
:1006B0000603704794EA0C0F0CEA135518BF95EA2D
:1006C0000C0F0CD050EA410618BF52EA4306D1D1B4
:1006D00081EA030101F000414FF0000070BD50EAD3
:1006E000410606BF1046194652EA430619D094EA5D
:1006F0000C0F02D150EA013613D195EA0C0F05D147
:1007000052EA03361CBF104619460AD181EA03019A
:1007100001F0004141F0FE4141F470014FF0000052
:1007200070BD41F0FE4141F4780170BD70B54FF0ED
:10073000FF0C4CF4E06C1CEA11541DBF1CEA13556D
:1007400094EA0C0F95EA0C0F00F0A7F8A4EB05044F
:1007500081EA030E52EA03354FEA013100F0888046
:100760004FEA03334FF0805545EA131343EA12630F
:100770004FEA022245EA111545EA10654FEA0026C4
:100780000EF000419D4208BF964244F1FD0404F57D
:10079000407402D25B084FEA3202B61A65EB0305D9
:1007A0005B084FEA32024FF480104FF4002CB6EB96
:1007B000020E75EB030E22BFB61A754640EA0C0016
:1007C0005B084FEA3202B6EB020E75EB030E22BF56
:1007D000B61A754640EA5C005B084FEA3202B6EB97
:1007E000020E75EB030E22BFB61A754640EA9C0056
:1007F0005B084FEA3202B6EB020E75EB030E22BF26
:10080000B61A754640EADC0055EA060E18D04FEAE3
:10081000051545EA16754FEA06164FEAC30343EA83
:1008200052734FEAC2025FEA1C1CC0D111F4801F50
:100830000BD141EA00014FF000004FF0004CB6E749
:1008400011F4801F04BF01430020B4F1FD0C88BFE8
:10085000BCF5E06F3FF6AFAEB5EB030C04BFB6EBF3
:10086000020C5FEA500C50F1000041EB045170BDE6
:100870000EF0004E4EEA113114EB5C04C2BFD4EB13
:100880000C0541EA045170BD41F480114FF0000E97
:10089000013C90E645EA060E8DE60CEA135594EA13
:1008A0000C0F08BF95EA0C0F3FF43BAF94EA0C0F16
:1008B0000AD150EA01347FF434AF95EA0C0F7FF48B
:1008C00025AF104619462CE795EA0C0F06D152EADF
:1008D00003353FF4FDAE1046194622E750EA4106C3
:1008E00018BF52EA43067FF4C5AE50EA41047FF4D4
:1008F0000DAF52EA43057FF4EBAE12E74FF0FF3C39
:1009000006E000BF4FF0010C02E000BF4FF0010C09
:100910004DF804CD4FEA410C7FEA6C5C4FEA430C82
:1009200018BF7FEA6C5C1BD001B050EA410C0CBFD1
:1009300052EA430C91EA030F02BF90EA020F002033
:10094000704710F1000F91EA030F58BF994208BF9A
:1009500090422CBFD8176FEAE37040F00100704757
:100960004FEA410C7FEA6C5C02D150EA013C07D1AE
:100970004FEA430C7FEA6C5CD6D152EA033CD3D0F9
:100980005DF8040B704700BF8446104662468C46F3
:100990001946634600E000BF01B5FFF7B7FF002826
:1009A00048BF10F1000F01BD4DF808EDFFF7F4FF4F
:1009B0000CBF012000205DF808FB00BF4DF808EDDA
:1009C000FFF7EAFF34BF012000205DF808FB00BFFD
:1009D0004DF808EDFFF7E0FF94BF012000205DF81F
:1009E00008FB00BF4DF808EDFFF7CEFF94BF0120D4
:1009F00000205DF808FB00BF4DF808EDFFF7C4FFCD
:100A000034BF012000205DF808FB00BF4FEA410C15
:100A10007FEA6C5C02D150EA013C0AD14FEA430CF8
:100A20007FEA6C5C02D152EA033C02D14FF0000035
:100A300070474FF0010070474FEA410212F5001273
:100A400015D211D56FF47873B3EB625212D94FEA15
:100A5000C12343F0004343EA505311F0004F23FAFF
:100A600002F018BF404270474FF00000704750EA54
:100A7000013005D111F0004008BF6FF00040704711
:100A80004FF00000704700BF4A0011D212F500126B
:100A900011D20DD56FF47873B3EB62520ED44FEAD6
:100AA000C12343F0004343EA505323FA02F0704756
:100AB0004FF00000704750EA013002D14FF0FF3094
:100AC00070474FF0000070474FEA4102B2F1E04337
:100AD00024BFB3F5001CDCF1FE5C0DD901F0004C25
:100AE0004FEAC0024CEA5070B2F1004F40EB830075
:100AF00008BF20F00100704711F0804F21D113F1A1
:100B00003872BCBF01F00040704741F480114FEAD9
:100B10005252C2F11802C2F1200C10FA0CF320FA62
:100B200002F018BF40F001004FEAC1234FEAD3237F
:100B300003FA0CFC40EA0C0023FA02F34FEA4303E9
:100B4000CCE77FEA625307D150EA01331EBF4FF072
:100B5000FE4040F44000704701F0004040F0FE408D
:100B600040F40000704700BF38B50022002304465F
:100B70000D46FFF723FF28B920462946BDE8384037
:100B800000F00AB8204605F1004100F005F84042A7
:100B900061EB410138BD00BFD0B500220B4B0646CA
:100BA0000F46FFF799FCFFF76FFF0446FFF71AFCAB
:100BB0000022074BFFF790FC02460B4630463946B1
:100BC000FFF7D2FAFFF760FF2146D0BD0000F03DED
:100BD0000000F04180B584B000AF3B1D00221A60D8
:100BE0005A609A60204B214A1A601F4B4FF4807262
:100BF0009A601D4B01221A731B4B00221A751A4B67
:100C00004FF46022DA61184B00225A60164B022220
:100C10001A61154801F04CFA0346002B01D000F090
:100C200019FE00237B600123BB600723FB603B1D93
:100C300019460D4801F0CCFC0346002B01D000F012
:100C400009FE01237B600223BB603B1D1946064859
:100C500001F0BEFC0346002B01D000F0FBFD00BFFD
:100C60001037BD4680BD00BF0C02002000240140AB
:100C700080B588B000AF786007F1100300221A60D9
:100C80005A609A60DA607B681B682C4A934251D1A3
:100C90002B4B9B692A4A43F400739361284B9B6951
:100CA00003F40073FB60FB68254B9B69244A43F007
:100CB00004039361224B9B6903F00403BB60BB6890
:100CC00003233B6103237B6107F1100319461D4891
:100CD00002F07CF91C4B1D4A1A601B4B00225A6023
:100CE000194B00229A60184B8022DA60164B4FF4A1
:100CF00080721A61144B4FF480625A61124B2022A9
:100D00009A61114B0022DA610F4801F071FF03462E
:100D1000002B01D000F09EFD7B680B4A1A620A4A44
:100D20007B68536200220121122001F02AFF122069
:100D300001F043FF00BF2037BD4680BD00240140C5
:100D400000100240000801403C0200200800024060
:100D500080B586B002AF03463960FB71FB793B7307
:100D600007F10C024FF0FF330093012340210C48A0
:100D700002F026FC0346FB73FB7B002B01D0FB7BC0
:100D800009E04FF0FF33009301233A684021044803
:100D900002F014FD034618461037BD4680BD00BF63
:100DA0008002002080B586B002AF03460A46FB7180
:100DB0001346BB71FB793B73BB797B7307F10C0264
:100DC0004FF0FF33009302234021044802F0F8FB68
:100DD000034618461037BD4680BD00BF8002002084
:100DE00080B500AF07210120FFF7DCFF04210220BE
:100DF000FFF7D8FF05210320FFF7D4FF01210420CE
:100E0000FFF7D0FF1F210520FFF7CCFF0F210620A1
:100E1000FFF7C8FFFF210720FFF7C4FFFF210820CD
:100E2000FFF7C0FF00BF80BD80B582B000AF0C4BA4
:100E30005B690B4A43F001035361094B5B6903F0A3
:100E400001037B607B68002201210B2001F099FEE9
:100E50000B2001F0B2FE00BF0837BD4680BD00BFC9
:100E60000010024080B588B000AF07F110030022E7
:100E70001A605A609A60DA60244B9B69234A43F0F7
:100E800010039361214B9B6903F01003FB60FB6827
:100E90001E4B9B691D4A43F0200393611B4B9B69CA
:100EA00003F02003BB60BB68184B9B69174A43F0F3
:100EB00004039361154B9B6903F004037B607B681B
:100EC000124B9B69114A43F0080393610F4B9B69D6
:100ED00003F008033B603B6800224FF400510C48CC
:100EE00002F0F8F94FF400533B6101237B610023CA
:100EF000BB610223FB6107F110031946044802F0AD
:100F000065F800BF2037BD4680BD00BF001002401D
:100F10000010014080B500AF124B134A1A60114B0C
:100F2000124A5A600F4B00229A600E4B0022DA6080
:100F30000C4B4FF480421A610A4B00225A61094B54
:100F400000229A61074B0022DA61064B00221A62E6
:100F5000044802F0F1F90346002B01D000F07AFCBE
:100F600000BF80BD8002002000540040A086010028
:100F700080B500AF124B134A1A60114B124A5A60E7
:100F80000F4B00229A600E4B0022DA600C4B4FF49C
:100F900080421A610A4B00225A61094B00229A6171
:100FA000074B0022DA61064B00221A62044802F065
:100FB000C3F90346002B01D000F04CFC00BF80BDFC
:100FC000D402002000580040A086010080B58AB0FD
:100FD00000AF786007F1180300221A605A609A6027
:100FE000DA607B681B682B4A934224D12A4B9B69A9
:100FF000294A43F008039361274B9B6903F00803D8
:101000007B617B69C023BB611223FB6103237B628D
:1010100007F118031946214801F0D8FF1E4BDB6980
:101020001D4A43F40013D3611B4BDB6903F4001327
:101030003B613B6929E07B681B68194A934224D1D4
:10104000154B9B69144A43F008039361124B9B694B
:1010500003F00803FB60FB684FF44063BB6112239D
:10106000FB6103237B6207F1180319460B4801F06B
:10107000ADFF094BDB69084A43F48003D361064B9B
:10108000DB6903F48003BB60BB6800BF2837BD4643
:1010900080BD00BF0054004000100240000C014021
:1010A0000058004080B588B004AF78600B46FB70F4
:1010B0007B681868FB789AB24FF47A730293022324
:1010C000019307F10C0300930123802102F0DCFE61
:1010D0000346FB73FB7B002B0BD002210B4800F077
:1010E00015FF0221094800F011FF0221074800F016
:1010F0000DFF3B7B1B021AB27B7B1BB213431BB25F
:101100009BB218461037BD4680BD00BFE8B200084C
:1011100080B588B004AF78600B46FB7013463B8007
:101120003B881B0A9BB2DBB23B733B88DBB27B7311
:101130007B681868FB789AB24FF47A7302930223A3
:10114000019307F10C0300930123802102F0A2FD1B
:1011500000BF1037BD4680BD80B584B000AF786059
:1011600004217868FFF79EFF0346FB81B7F90E3034
:1011700018461037BD4680BD80B582B000AF78609C
:101180004FF4004200217868FFF7C2FF012000F011
:101190006BFF00BF0837BD4680BD80B582B000AF91
:1011A00078600B467B807B881A4605217868FFF7BC
:1011B000AFFF00BF0837BD4680BD80B582B000AF2D
:1011C00078600B467B807B881A4600217868FFF7A1
:1011D0009FFF00BF0837BD4680BD000080B584B0CA
:1011E00000AF786043F69F13FB810C4B4FF4205205
:1011F0001A800B4B19221A800A4B00221A80074BC7
:101200001B8819467868FFF7C8FFFB89194678687C
:10121000FFF7D3FF00BF1037BD4680BD2803002075
:101220002A0300202C03002080B586B000AFF860B0
:10123000B9601346FB71FB68BA681A60FB68FA79FB
:101240001A71104B00221A800F4B00221A80FB7972
:101250009BB25B0099B202230322B86803F088F8BE
:101260000346FB75FB7D002B07D1F868FFF784FF71
:10127000F868FFF7B3FF012300E000231846183792
:10128000BD4680BD2A0300202C03002080B483B01B
:1012900000AF7860034B01221A7000BF0C37BD46C7
:1012A00080BC70474E03002080B582B000AF00F0D4
:1012B00079FE00F0CDF8FFF7D5FDFFF7B5FD00F0A2
:1012C00065FDFFF787FC00F08BFCFFF723FEFFF7BF
:1012D0004FFE00F037FC0C214F4804F0DFFB4E4B73
:1012E000DA684D4B1B6852081A6402224B494C487D
:1012F00000F0B6FF00BF40224A494B48FFF794FF79
:101300000346002BF7D04848FFF768FF0023FB7126
:10131000464B1B88184600F059FAFFF761FD444A16
:101320004449454800F0F0F8434B1B88414A128875
:101330001146184600F050F903461A463B4B1A80F6
:101340003B4BB3F900301A463C4B1B6813443B4AF5
:10135000136000F0CDF90346FB71344B1B8818462F
:1013600000F034FAFB79002B23D1304B1B8819464F
:10137000334800F0CBFD2E4BB3F900301846FFF791
:1013800041F823A3D3E90023FFF7D0F902460B4627
:1013900010461946FFF750FB03461BB21946284872
:1013A00000F08EFD254B1B681946254800F064FDB2
:1013B0000BE00121224800F0A9FD0121204800F0A6
:1013C000A5FD01211E4800F0A1FD184B1B8841F628
:1013D000A47293420FD91B4B5B7C23F00403DAB257
:1013E000184B5A74174B5B7C19460120FFF7DAFC47
:1013F000154B01221A704FF40051144801F082FF7E
:101400004FF4967000F030FE89E700BFAFF3008024
:101410009A999999999926409C03002030030020BD
:101420000C020020D40200204403002038030020D6
:101430004C03002036030020340300203C0300202E
:10144000ECB2000800000020400300200010014022
:1014500080B594B000AF07F1280328220021184678
:1014600007F0B8F907F1140300221A605A609A6075
:10147000DA601A613B1D00221A605A609A60DA60D5
:101480000123BB624FF48033FB6200233B630123E3
:10149000BB6302237B644FF48033BB640023FB6493
:1014A00007F12803184603F095FD0346002B01D0F1
:1014B00000F0D0F90F237B610223BB610023FB61A5
:1014C0004FF480633B624FF4E0637B6207F11403E7
:1014D0000021184604F000F80346002B01D000F06C
:1014E000B9F902237B604FF44043FB603B1D184673
:1014F00004F080F90346002B01D000F0ABF900BFE7
:101500005037BD4680BD000080B588B000AFF860A0
:10151000B9607A600023FB610023BB6100237B611B
:101520000023FB742CE000BF264B1B78002BFBD064
:10153000254B1A88FB681A80234B5A88BB681A808F
:101540002248FFF709FE03461A467B681A80FB68AB
:101550001B881A46FB691344FB61BB681B881A464B
:10156000BB691344BB617B68B3F900301A467B69E1
:1015700013447B61134B00221A70FB7C0133FB7414
:10158000FB7CC72BCFD9FB69114AA2FB03239B0924
:101590009AB2FB681A80BB690D4AA2FB03239B0920
:1015A0009AB2BB681A807B69094A82FB03129211C6
:1015B000DB17D31A1AB27B681A8000BF2037BD46EA
:1015C00080BD00BF4E0300203003002044030020F4
:1015D0001F85EB510000000080B582B000AF0346CC
:1015E0000A46FB801346BB80BB881846FEF70AFFFD
:1015F00035A3D3E90023FEF76FFF02460B461046E2
:10160000194633A3D3E90023FFF790F802460B46AF
:1016100010461946FFF738FA0346BB80FB88184688
:10162000FEF7F0FE28A3D3E90023FEF755FF02469C
:101630000B461046194626A3D3E90023FFF776F898
:1016400002460B461046194623A3D3E90023FEF7B2
:1016500043FF02460B4610461946FFF715FA0346AC
:10166000FB80FA88BB88D31A9AB21F4B1A801F4B93
:10167000DB7C032B07D01D4BDB7C052B03D01B4BE6
:10168000DB7C072B07D1184B1B881A46D20013446A
:101690005B009BB214E0144B1B88C3F573730333D8
:1016A0001846FEF7AFFE0EA3D3E90023FFF73EF87E
:1016B00002460B4610461946FFF7E6F903469BB271
:1016C00018460837BD4680BD6666666666660A408F
:1016D000FCA9F1D24D621040273108AC1C5AF23FF0
:1016E000333333333333C33F38030020000000204B
:1016F00080B582B000AF0023FB712B490020FFF7BB
:1017000027FB03461A46FB791343FB712749012047
:10171000FFF71EFB03461A46FB791343FB7124496E
:101720000220FFF715FB03461A46FB791343FB71B2
:1017300020490320FFF70CFB03461A46FB791343AD
:10174000FB711D490420FFF703FB03461A46FB7992
:101750001343FB7119490520FFF7FAFA03461A46AD
:10176000FB791343FB7116490620FFF7F1FA034694
:101770001A46FB791343FB7112490720FFF7E8FA79
:1017800003461A46FB791343FB710F490820FFF704
:10179000DFFA03461A46FB791343FB71FB791846BF
:1017A0000837BD4680BD00BF10000020110000209A
:1017B000120000201300002014000020150000205B
:1017C00016000020170000201800002080B582B00D
:1017D00000AF0346FB8000F005F800BF0837BD46A8
:1017E00080BD000080B500AF194B1B7C002B2CD0B6
:1017F000174B5B7C23F00103DAB2154B5A74144B80
:101800005B7C19460120FFF7CDFA0A2000F02CFC82
:101810000F4B5B7C43F00103DAB20D4B5A740C4B57
:101820005B7C19460120FFF7BDFA0A2000F01CFC82
:10183000074B5B7C23F00103DAB2054B5A74044B6F
:101840005B7C19460120FFF7ADFA00BF80BD00BFE9
:101850000000002080B400AF72B600BF00BFFDE7FB
:1018600080B584B000AF274B9B69264A43F0010343
:101870009361244B9B6903F00103BB60BB68214B60
:10188000DB69204A43F08053D3611E4BDB6903F0D0
:1018900080537B607B68002202216FF00B0001F017
:1018A00070F9002202216FF00A0001F06AF90022AB
:1018B00002216FF0090001F064F9002202216FF0AB
:1018C000040001F05EF9002202216FF0030001F034
:1018D00058F9002202216FF0010001F052F90A4B81
:1018E0005B68FB60FB6823F0E063FB60FB6843F030
:1018F0000073FB60044AFB68536000BF1037BD46AD
:1019000080BD00BF001002400000014080B400AF65
:1019100000BFFDE780B400AF00BFFDE780B400AFBB
:1019200000BFFDE780B400AF00BFFDE780B400AFAB
:1019300000BFFDE780B400AF00BFBD4680BC70476C
:1019400080B400AF00BFBD4680BC704780B400AF1C
:1019500000BFBD4680BC704780B500AF00F068FB9B
:1019600000BF80BD80B500AF024801F0FBF900BFA9
:1019700080BD00BF3C02002080B500AF024800F0EF
:101980004DFD00BF80BD00BF0C02002080B500AF40
:10199000024804F025F900BF80BD00BF54030020B9
:1019A00080B500AF024804F01BF900BF80BD00BF46
:1019B0009C03002080B400AF01231846BD4680BCC4
:1019C000704780B582B000AF7860396006F00EFFD6
:1019D000034616221A604FF0FF3318460837BD46FB
:1019E00080BD80B582B000AF78604FF0FF3178687D
:1019F000FFF7E7FF00BFFDE780B586B000AFF860F6
:101A0000B9607A6000237B610AE0AFF30080014691
:101A1000BB685A1CBA60CAB21A707B6901337B6119
:101A20007A697B689A42F0DB7B6818461837BD46B6
:101A300080BD80B586B000AFF860B9607A600023E1
:101A40007B6109E0BB685A1CBA601B781846AFF38B
:101A500000807B6901337B617A697B689A42F1DBA4
:101A60007B6818461837BD4680BD80B483B000AF90
:101A700078604FF0FF3318460C37BD4680BC704786
:101A800080B483B000AF786039603B684FF4005297
:101A90005A60002318460C37BD4680BC704780B49E
:101AA00083B000AF7860012318460C37BD4680BC78
:101AB000704780B485B000AFF860B9607A600023E9
:101AC00018461437BD4680BC7047000080B586B00C
:101AD00000AF7860144A154BD31A7B617B693B6178
:101AE000134B1B68002B02D1114B124A1A60104B8A
:101AF0001A687B6813443A699A4207D206F076FE68
:101B000003460C221A604FF0FF3309E0084B1B68B4
:101B1000FB60074B1A687B681344054A1360FB6837
:101B200018461837BD4680BD005000200004000054
:101B3000500300208005002080B400AF00BFBD46E8
:101B400080BC704780B586B000AF07F10803002263
:101B50001A605A609A60DA603B4600221A605A6046
:101B60001E4B4FF080421A601C4B42F2CF025A606B
:101B70001A4B00229A60194B40F2CF72DA60174B71
:101B800000221A61154B00229A61144803F0E8FE06
:101B90000346002B01D0FFF75DFE4FF48053BB607E
:101BA00007F1080319460D4804F0CCF90346002B51
:101BB00001D0FFF74FFE00233B6000237B603B46D4
:101BC0001946064804F062FD0346002B01D0FFF7DA
:101BD00041FE00BF1837BD4680BD00BF5403002042
:101BE00080B58AB000AF07F1200300221A605A6066
:101BF0003B1D00221A605A609A60DA601A615A61CD
:101C00009A61224B224A1A60204B00225A601F4BD5
:101C100000229A601D4B4FF4F572DA601B4B0022D4
:101C20001A611A4B00229A61184803F0E8FE034635
:101C3000002B01D0FFF70EFE00233B6200237B62E6
:101C400007F120031946114804F020FD0346002B3C
:101C500001D0FFF7FFFD60237B600023BB60002302
:101C6000FB6000237B613B1D0C221946074804F0F2
:101C7000A7F80346002B01D0FFF7ECFD034800F066
:101C800053F800BF2837BD4680BD00BF9C0300202D
:101C90000004004080B584B000AF78607B681B68AA
:101CA000B3F1804F13D10C4BDB690B4A43F00103B6
:101CB000D361094BDB6903F00103FB60FB68002281
:101CC00000211C2000F05DFF1C2000F076FF00BF0B
:101CD0001037BD4680BD00BF0010024080B584B003
:101CE00000AF78607B681B680D4A934213D10D4B9F
:101CF000DB690C4A43F00203D3610A4BDB6903F052
:101D00000203FB60FB68002200211D2000F039FF68
:101D10001D2000F052FF00BF1037BD4680BD00BF40
:101D2000000400400010024080B588B000AF786029
:101D300007F1100300221A605A609A60DA607B682B
:101D40001B680F4A934217D10E4B9B690D4A43F013
:101D5000080393610B4B9B6903F00803FB60FB686E
:101D600002233B6102237B610223FB6107F1100325
:101D70001946054801F02AF900BF2037BD4680BD4D
:101D80000004004000100240000C014080B500AF8C
:101D9000114B124A1A60104B4FF416525A600E4BF8
:101DA00000229A600C4B0022DA600B4B00221A6171
:101DB000094B0C225A61084B00229A61064B002203
:101DC000DA61054804F0D2FC0346002B01D0FFF78E
:101DD00041FD00BF80BD00BFE4030020003801408A
:101DE00080B588B000AF786007F1100300221A6058
:101DF0005A609A60DA607B681B681C4A934231D152
:101E00001B4B9B691A4A43F480439361184B9B69AF
:101E100003F48043FB60FB68154B9B69144A43F055
:101E200004039361124B9B6903F00403BB60BB681E
:101E30004FF400733B6102237B610323FB6107F1D5
:101E4000100319460B4801F0C1F84FF480633B6161
:101E500000237B610023BB6107F11003194605488D
:101E600001F0B4F800BF2037BD4680BD0038014006
:101E7000001002400008014080B594B002AF7860C5
:101E8000396007F108003B6800937B680A4A4021EB
:101E900005F0FCFC07F108031846FEF759F9034664
:101EA0009AB207F108014FF0FF33044804F0AEFC8A
:101EB00000BF4837BD4680BDD4B30008E40300200E
:101EC00080B594B002AF78600B467B80B7F90230E2
:101ED00007F1080000937B680A4A402105F0D6FC10
:101EE00007F108031846FEF733F903469AB207F1E3
:101EF00008014FF0FF33044804F088FC00BF483766
:101F0000BD4680BDE0B30008E403002080B594B076
:101F100002AF78600B467B807B8807F10800009356
:101F20007B680B4A402105F0B1FC07F10803184615
:101F3000FEF70EF903469AB207F108014FF0FF339E
:101F4000044804F063FC00BF4837BD4680BD00BFB5
:101F5000E8B30008E4030020FFF7EEFD0B480C494E
:101F60000C4A002302E0D458C4500433C4188C42F5
:101F7000F9D3094A094C002301E013600432A2425C
:101F8000FBD306F039FCFFF78FF970470000002003
:101F9000F001002054B80008F00100207C0500206A
:101FA000FEE7000080B500AF084B1B68074A43F00E
:101FB00010031360032000F0D9FD0F2000F008F893
:101FC000FFF74EFC0023184680BD00BF00200240F2
:101FD00080B582B000AF7860124B1A68124B1B7844
:101FE00019464FF47A73B3FBF1F3B2FBF3F31846DF
:101FF00000F0F1FD0346002B01D001230EE07B68C9
:102000000F2B0AD8002279684FF0FF3000F0B9FD9D
:10201000064A7B681360002300E001231846083756
:10202000BD4680BD1C0000202400002020000020B0
:1020300080B400AF054B1B781A46054B1B68134450
:10204000034A136000BFBD4680BC704724000020D7
:102050002C04002080B400AF024B1B681846BD461C
:1020600080BC70472C04002080B584B000AF78603D
:10207000FFF7F0FFB8607B68FB60FB68B3F1FF3FE0
:1020800005D00A4B1B781A46FB681344FB6000BF5F
:10209000FFF7E0FF0246BB68D31AFA689A42F7D806
:1020A00000BF00BF1037BD4680BD00BF2400002028
:1020B00080B586B000AF78600023FB7500233B61DC
:1020C0000023BB600023FB607B68002B01D1012350
:1020D000BEE07B689B68002B7B689B6A002B09D164
:1020E0007B680022DA627B68002283F8242078680B
:1020F000FEF7BEFD786800F0BDFB0346FB757B680C
:102100009B6A03F01003002B40F09980FB7D002BAD
:1021100040F095807B689B6A23F4885323F0020388
:1021200043F002027B689A627B685A687B68DB69CD
:102130001A437B681B7B5B001343BA681343BB6085
:102140007B689B68B3F5807F03D07B689B68012B1D
:1021500002D14FF4807300E000233A6913433B61DE
:102160007B681B7D012B19D17B681B7B002B09D160
:102170007B689B69013B5A033B69134343F400634B
:102180003B610BE07B689B6A43F020027B689A62AC
:102190007B68DB6A43F001027B68DA627B681B685C
:1021A0005B6823F469417B681B683A690A435A609B
:1021B0007B681B689A68284B13407A681268B96874
:1021C0000B4393607B689B68B3F5807F03D07B688B
:1021D0009B68012B04D17B681B69013B1B05FB60DD
:1021E0007B681B68DB6A23F470017B681B68FA68F4
:1021F0000A43DA627B681B689A68184B1340BA6816
:102200009A420BD17B680022DA627B689B6A23F0DA
:10221000030343F001027B689A6218E07B689B6AC3
:1022200023F0120343F010027B689A627B68DB6A3A
:1022300043F001027B68DA620123FB7507E07B68EB
:102240009B6A43F010027B689A620123FB75FB7D59
:1022500018461837BD4680BDFDF7E1FFFE0E1FFF93
:1022600080B586B000AFF860B9607A600023FB7576
:10227000FB681B68644A934204D0FB681B68634A8E
:10228000934206D1604B5B6803F47023002B40F04F
:10229000B380FB6893F82430012B01D10223AEE018
:1022A000FB68012283F82420F86800F089FA0346CD
:1022B000FB75FB7D002B40F09A80FB689B6A23F442
:1022C000706323F0010343F48072FB689A62FB6839
:1022D0001B684E4A934205D14B4B5B6803F4702355
:1022E000002B15D1FB689B6A23F48012FB689A626D
:1022F000FB681B685B6803F48063002B26D0FB68D7
:102300009B6A23F4405343F48052FB689A621DE0B9
:10231000FB689B6A43F48012FB689A62FB681B6847
:10232000394A934204D0FB681B68384A93420DD166
:10233000354B5B6803F48063002B07D0FB689B6A16
:1023400023F4405343F48052FB689A62FB689B6A13
:1023500003F48053002B06D0FB68DB6A23F00602EF
:10236000FB68DA6202E0FB680022DA62FB680022A6
:1023700083F82420FB681B6A254A9A62FB681B6A63
:10238000244ADA62FB681B6A234A1A63FB681B68EB
:102390006FF002021A60FB681B689A68FB681B6892
:1023A00042F480729A60FB68186AFB681B684C33C1
:1023B0001946BA687B6800F075FCFB681B689B686F
:1023C00003F46023B3F5602F08D1FB681B689A689B
:1023D000FB681B6842F4A0029A600FE0FB681B6870
:1023E0009A68FB681B6842F480129A6006E0FB68FA
:1023F000002283F8242001E00123FB75FB7D1846B1
:102400001837BD4680BD00BF0024014000280140B0
:10241000F7280008732900088F29000880B584B0C8
:1024200000AF78607B681B681B68FB607B681B687B
:102430005B68BB60BB6803F02003002B3ED0FB68E9
:1024400003F00203002B39D07B689B6A03F0100372
:10245000002B05D17B689B6A43F400727B689A620B
:102460007B681B689B6803F46023B3F5602F1DD164
:102470007B681B7B002B19D17B681B685A687B68C3
:102480001B6822F020025A607B689B6A23F48072EA
:102490007B689A627B689B6A03F48053002B05D1AA
:1024A0007B689B6A43F001027B689A627868FEF75A
:1024B000EDFE7B681B686FF012021A60BB6803F0C8
:1024C0008003002B4DD0FB6803F00403002B48D0A1
:1024D0007B689B6A03F01003002B05D17B689B6A25
:1024E00043F400527B689A627B681B689B6803F424
:1024F000E043B3F5E04F12D07B681B685B6803F4E0
:102500008063002B25D17B681B689B6803F46023E4
:10251000B3F5602F1DD17B681B7B002B19D17B6825
:102520001B685A687B681B6822F080025A607B68CF
:102530009B6A23F480527B689A627B689B6A03F4EF
:102540008073002B05D17B689B6A43F001027B6896
:102550009A62786800F035FA7B681B686FF00C02AD
:102560001A60BB6803F04003002B12D0FB6803F035
:102570000103002B0DD07B689B6A43F480327B689B
:102580009A62786800F012F87B681B686FF00102AD
:102590001A6000BF1037BD4680BD80B483B000AF65
:1025A000786000BF0C37BD4680BC704780B483B0F4
:1025B00000AF786000BF0C37BD4680BC704780B468
:1025C00083B000AF786000BF0C37BD4680BC704759
:1025D00080B485B000AF786039600023FB730023BE
:1025E000BB607B6893F82430012B01D10223DCE02F
:1025F0007B68012283F824203B685B68062B1CD88B
:102600007B681B68596B3B685A6813469B001344F0
:10261000053B1F2202FA03F3DB4319403B681868AD
:102620003B685A6813469B001344053B00FA03F2CB
:102630007B681B680A435A633CE03B685B680C2B71
:102640001CD87B681B68196B3B685A6813469B0053
:102650001344233B1F2202FA03F3DB4319403B6878
:1026600018683B685A6813469B001344233B00FAE2
:1026700003F27B681B680A431A631BE07B681B68D4
:10268000D96A3B685A6813469B001344413B1F229A
:1026900002FA03F3DB4319403B6818683B685A6849
:1026A00013469B001344413B00FA03F27B681B680E
:1026B0000A43DA623B681B68092B1CD97B681B68DC
:1026C000D9683B681A6813465B0013441E3B072217
:1026D00002FA03F3DB4319403B6898683B681A68C9
:1026E00013465B0013441E3B00FA03F27B681B6831
:1026F0000A43DA6019E07B681B6819693B681A684D
:1027000013465B001344072202FA03F3DB4319402C
:102710003B6898683B681A6813465B00134400FAEC
:1027200003F27B681B680A431A613B681B68102B25
:1027300003D03B681B68112B32D17B681B681D4A94
:10274000934225D17B681B689B6803F40003002B30
:1027500026D17B681B689A687B681B6842F400027C
:102760009A603B681B68102B1AD1134B1B68134AE5
:10277000A2FB03239A0C13469B0013445B00BB602F
:1027800002E0BB68013BBB60BB68002BF9D107E0EE
:102790007B689B6A43F020027B689A620123FB738B
:1027A0007B68002283F82420FB7B18461437BD4643
:1027B00080BC7047002401401C00002083DE1B43C6
:1027C00080B584B000AF78600023FB600023BB605D
:1027D0007B681B689B6803F00103012B40D07B687A
:1027E0001B689A687B681B6842F001029A601F4B65
:1027F0001B681F4AA2FB03239B0CBB6002E0BB6863
:10280000013BBB60BB68002BF9D1FFF723FCF860EC
:102810001FE0FFF71FFC0246FB68D31A022B18D9F2
:102820007B681B689B6803F00103012B11D07B6858
:102830009B6A43F010027B689A627B68DB6A43F014
:1028400001027B68DA627B68002283F8242001237E
:1028500007E07B681B689B6803F00103012BD8D15C
:10286000002318461037BD4680BD00BF1C00002065
:1028700083DE1B4380B584B000AF78600023FB602B
:102880007B681B689B6803F00103012B2ED17B68DA
:102890001B689A687B681B6822F001029A60FFF748
:1028A000D9FBF8601BE0FFF7D5FB0246FB68D31AA3
:1028B000022B14D97B681B689B6803F00103012B72
:1028C0000DD17B689B6A43F010027B689A627B683B
:1028D000DB6A43F001027B68DA62012307E07B6870
:1028E0001B689B6803F00103012BDCD00023184612
:1028F0001037BD4680BD80B584B000AF78607B687E
:102900005B6AFB60FB689B6A03F05003002B27D1D6
:10291000FB689B6A43F40072FB689A62FB681B6861
:102920009B6803F46023B3F5602F15D1FB681B7B14
:10293000002B11D1FB689B6A23F48072FB689A62BA
:10294000FB689B6A03F48053002B05D1FB689B6AEC
:1029500043F00102FB689A62F868FEF797FC04E016
:10296000FB681B6A1B6B7868984700BF1037BD4631
:1029700080BD80B584B000AF78607B685B6AFB6027
:10298000F868FFF70AFE00BF1037BD4680BD80B56E
:1029900084B000AF78607B685B6AFB60FB689B6A11
:1029A00043F04002FB689A62FB68DB6A43F0040272
:1029B000FB68DA62F868FFF702FE00BF1037BD4619
:1029C00080BD80B483B000AF786000BF0C37BD46D7
:1029D00080BC704780B485B000AF78607B6803F03E
:1029E0000703FB600C4BDB68BB60BA684FF6FF0364
:1029F0001340BB60FB681A02BB68134343F0BF631C
:102A000043F40033BB60044ABB68D36000BF143793
:102A1000BD4680BC704700BF00ED00E080B400AF51
:102A2000044BDB681B0A03F007031846BD4680BC55
:102A3000704700BF00ED00E080B483B000AF0346F4
:102A4000FB7197F90730002B0BDBFB7903F01F02BA
:102A5000064997F907305B09012000FA02F241F8B4
:102A6000232000BF0C37BD4680BC704700E100E06A
:102A700080B483B000AF03463960FB7197F907302B
:102A8000002B0ADB3B68DAB20C4997F907301201D8
:102A9000D2B20B4483F800230AE03B68DAB208495B
:102AA000FB7903F00F03043B1201D2B20B441A76F8
:102AB00000BF0C37BD4680BC704700BF00E100E09E
:102AC00000ED00E080B489B000AFF860B9607A60D2
:102AD000FB6803F00703FB61FB69C3F10703042BE9
:102AE00028BF0423BB61FB690433062B02D9FB69B1
:102AF000033B00E000237B614FF0FF32BB6902FA29
:102B000003F3DA43BB681A407B699A404FF0FF3108
:102B10007B6901FA03F3D9437B680B4013431846E2
:102B20002437BD4680BC704780B582B000AF786066
:102B30007B68013BB3F1807F01D301230FE00A4A98
:102B40007B68013B53600F214FF0FF30FFF790FF90
:102B5000054B00229A60044B07221A600023184696
:102B60000837BD4680BD00BF10E000E080B582B0F0
:102B700000AF78607868FFF72DFF00BF0837BD46CB
:102B800080BD80B586B000AF0346B9607A60FB7344
:102B900000237B61FFF742FF78617A68B968786942
:102BA000FFF790FF024697F90F3011461846FFF7DE
:102BB0005FFF00BF1837BD4680BD80B582B000AF53
:102BC0000346FB7197F907301846FFF735FF00BF42
:102BD0000837BD4680BD80B582B000AF78607868A8
:102BE000FFF7A2FF034618460837BD4680BD000028
:102BF00080B485B000AF78600023FB607B68002B59
:102C000001D1012343E07B681B681A46224B134421
:102C1000224AA2FB03231B099A007B681A647B6883
:102C20001F4ADA637B68022283F821207B681B68D5
:102C30001B68FB60FB6823F47F5323F03003FB60C9
:102C40007B685A687B689B681A437B68DB681A4319
:102C50007B681B691A437B685B691A437B689B69C5
:102C60001A437B68DB691343FA681343FB607B6894
:102C70001B68FA681A607B6800229A637B680122ED
:102C800083F821207B68002283F820200023184647
:102C90001437BD4680BC7047F8FFFDBFCDCCCCCC0F
:102CA0000000024080B586B000AFF860B9607A607D
:102CB0003B600023FB75FB6893F82030012B01D1AA
:102CC00002234BE0FB68012283F82020FB6893F885
:102CD0002130DBB2012B3AD1FB68022283F821209C
:102CE000FB6800229A63FB681B681A68FB681B6814
:102CF00022F001021A603B687A68B968F86800F04F
:102D000037F9FB68DB6A002B08D0FB681B681A6880
:102D1000FB681B6842F00E021A600FE0FB681B683C
:102D20001A68FB681B6822F004021A60FB681B68C3
:102D30001A68FB681B6842F00A021A60FB681B688D
:102D40001A68FB681B6842F001021A6005E0FB6824
:102D5000002283F820200223FB75FB7D18461837DC
:102D6000BD4680BD80B584B000AF78607B68DB6B0A
:102D70001B68FB607B681B681B68BB607B681B6C07
:102D800004229A40FB681340002B4FD0BB6803F02D
:102D90000403002B4AD07B681B681B6803F02003E8
:102DA000002B07D17B681B681A687B681B6822F0C0
:102DB00004021A607B681B68664A934229D07B68CC
:102DC0001B68654A934222D07B681B68634A934222
:102DD0001AD07B681B68624A934212D07B681B68DA
:102DE000604A93420AD07B681B685F4A934202D1D3
:102DF0004FF480030EE04FF080630BE04FF480232C
:102E000008E04FF4804305E04FF4806302E0402384
:102E100000E00423554A53607B68DB6A002B00F016
:102E200094807B68DB6A786898478EE07B681B6CCF
:102E300002229A40FB681340002B56D0BB6803F077
:102E40000203002B51D07B681B681B6803F0200332
:102E5000002B0BD17B681B681A687B681B6822F00B
:102E60000A021A607B68012283F821207B681B68B4
:102E7000384A934229D07B681B68374A934222D054
:102E80007B681B68354A93421AD07B681B68344ABA
:102E9000934212D07B681B68324A93420AD07B6807
:102EA0001B68314A934202D14FF400130EE04FF0F9
:102EB00000730BE04FF4003308E04FF4005305E0DB
:102EC0004FF4007302E0202300E00223274A5360FE
:102ED0007B68002283F820207B689B6A002B34D01B
:102EE0007B689B6A786898472FE07B681B6C082298
:102EF0009A40FB681340002B28D0BB6803F00803FE
:102F0000002B23D07B681B681A687B681B6822F043
:102F10000E021A607B681A6C7B68DB6B012101FA78
:102F200002F25A607B6801229A637B68012283F86F
:102F300021207B68002283F820207B681B6B002BFC
:102F400004D07B681B6B7868984700BF00BF1037C0
:102F5000BD4680BD080002401C0002403000024017
:102F600044000240580002406C0002400000024051
:102F700080B485B000AFF860B9607A603B60FB68F0
:102F80001A6CFB68DB6B012101FA02F25A60FB68E4
:102F90001B683A685A60FB685B68102B08D1FB68B5
:102FA0001B687A689A60FB681B68BA68DA6007E099
:102FB000FB681B68BA689A60FB681B687A68DA600D
:102FC00000BF1437BD4680BC7047000080B48BB092
:102FD00000AF7860396000237B6200233B6269E1C7
:102FE00001227B6A02FA03F3FB613B681B68FA6902
:102FF0001340BB61BA69FB699A4240F058813B6853
:103000005B689A4A93425ED0984A934275D8984A30
:10301000934258D0964A93426FD8964A934252D0E0
:10302000944A934269D8944A93424CD0924A93422C
:1030300063D8924A934246D0904A93425DD8122B6D
:103040002AD8122B59D801A252F823F0C730000811
:10305000A1300008B3300008F5300008FB3000084C
:10306000FB300008FB300008FB300008FB30000894
:10307000FB300008FB300008FB300008FB30000884
:10308000FB300008FB300008FB300008FB30000874
:10309000A9300008BD300008794A934213D02CE0D3
:1030A0003B68DB683B6229E03B68DB6804333B62DA
:1030B00024E03B68DB6808333B621FE03B68DB6869
:1030C0000C333B621AE03B689B68002B02D104235F
:1030D0003B6213E03B689B68012B05D108233B62F0
:1030E0007B68FA691A6109E008233B627B68FA6928
:1030F0005A6103E000233B6200E000BFBB69FF2B85
:1031000001D87B6801E07B6804337B61BB69FF2BDE
:1031100002D87B6A9B0002E07B6A083B9B003B6114
:103120007B691A680F213B6901FA03F3DB431A40FC
:10313000396A3B6901FA03F31A437B691A603B68F9
:103140005B6803F08053002B00F0B1804D4B9B690E
:103150004C4A43F0010393614A4B9B6903F001031E
:10316000BB60BB68484A7B6A9B08023352F8233035
:10317000FB607B6A03F003039B000F2202FA03F358
:10318000DB43FA681340FB607B68404A934213D0EC
:103190007B683F4A93420DD07B683E4A934207D0FA
:1031A0007B683D4A934201D1032306E0042304E0F7
:1031B000022302E0012300E000237A6A02F0030206
:1031C00092009340FA681343FB602F497B6A9B0887
:1031D0000233FA6841F823203B685B6803F48013EC
:1031E000002B06D02D4B9A682C49BB6913438B608A
:1031F00006E02A4B9A68BB69DB43284913408B6081
:103200003B685B6803F40013002B06D0234BDA689D
:103210002249BB691343CB6006E0204BDA68BB69E7
:10322000DB431E491340CB603B685B6803F400330B
:10323000002B06D0194B5A681849BB6913434B60E1
:1032400006E0164B5A68BB69DB43144913404B60D8
:103250003B685B6803F48033002B21D00F4B1A6866
:103260000E49BB6913430B6021E000BF0000321020
:103270000000311000002210000021100000121088
:103280000000111000100240000001400008014041
:10329000000C0140001001400014014000040140F6
:1032A0000B4B1A68BB69DB43094913400B607B6A0F
:1032B00001337B623B681A687B6A22FA03F3002BB6
:1032C0007FF48EAE00BF00BF2C37BD4680BC704778
:1032D0000004014080B483B000AF78600B467B806F
:1032E00013467B707B78002B03D07A887B681A6149
:1032F00003E07B881A047B681A6100BF0C37BD4667
:1033000080BC704780B485B000AF78600B467B808E
:103310007B68DB68FB607A88FB6813401A04FB68F3
:10332000D9437B880B401A437B681A6100BF14376E
:10333000BD4680BC7047000080B584B000AF7860A7
:103340007B68002B01D101232BE17B6893F83D3092
:10335000DBB2002B06D17B68002283F83C20786822
:10336000FDF734FE7B68242283F83D207B681B68D0
:103370001A687B681B6822F001021A607B681B6870
:103380001A687B681B6842F400421A607B681B68FD
:103390001A687B681B6822F400421A6002F0E4F9A4
:1033A000F8607B685B68814A934207D8FB68804A73
:1033B000934294BF01230023DBB206E0FB687D4A01
:1033C000934294BF01230023DBB2002B01D00123E1
:1033D000E7E0FB68784AA2FB03239B0CBB607B6899
:1033E0001B685B6823F03F017B681B68BA680A436F
:1033F0005A607B681B681B6A23F03F017B685B682F
:103400006A4A934202D8BB68013309E0BB684FF4B3
:10341000967202FB03F3694AA2FB03239B09013363
:103420007A6812680B4313627B681B68DB6923F4BC
:103430004F4222F0FF027B685B685C498B4219D8DF
:10344000FB68591E7B685B685B00B1FBF3F3591C9A
:1034500040F6FC730B40002B0AD0FB68591E7B68BA
:103460005B685B00B1FBF3F30133C3F30B0351E083
:1034700004234FE07B689B68002B11D1FB68581E2A
:103480007B6859680B465B000B44B0FBF3F30133D8
:10349000C3F30B03002B0CBF01230023DBB212E0AC
:1034A000FB68581E7B6859680B469B000B449900CB
:1034B0000B44B0FBF3F30133C3F30B03002B0CBF3E
:1034C00001230023DBB2002B01D0012322E07B6823
:1034D0009B68002B0ED1FB68581E7B6859680B4611
:1034E0005B000B44B0FBF3F30133C3F30B0343F472
:1034F00000430FE0FB68581E7B6859680B469B0031
:103500000B4499000B44B0FBF3F30133C3F30B03FB
:1035100043F44043796809681343CB617B681B68B7
:103520001B6823F0C0017B68DA697B681B6A1A4359
:103530007B681B680A431A607B681B689B6823F4DE
:10354000034323F0FF037A6811697A68D268114354
:103550007A6812680B4393607B681B68DB6823F012
:10356000FF017B685A697B689B691A437B681B680B
:103570000A43DA607B681B681A687B681B6842F044
:1035800001021A607B6800221A647B68202283F89B
:103590003D207B6800221A637B68002283F83E206E
:1035A000002318461037BD4680BD00BFA08601002D
:1035B0007F841E00FF083D0083DE1B43D34D621055
:1035C00080B588B002AFF8607A601A460B467B81FE
:1035D00013463B81FEF73EFD7861FB6893F83D3072
:1035E000DBB2202B40F0E0807B690093192301229D
:1035F0007049F86801F0B8FA0346002B01D00223A5
:10360000D3E0FB6893F83C30012B01D10223CCE0DE
:10361000FB68012283F83C20FB681B681B6803F0F1
:103620000103012B07D0FB681B681A68FB681B6845
:1036300042F001021A60FB681B681A68FB681B688D
:1036400022F400621A60FB68212283F83D20FB68A7
:10365000102283F83E20FB6800221A64FB687A6817
:103660005A62FB683A895A85FB685B8D9AB2FB689F
:103670001A85FB68504ADA6279897B693A6AF86888
:1036800000F0A4FF0346002B01D001238DE00023AE
:103690003B61FB681B685B693B61FB681B689B695E
:1036A0003B613B6966E07A69396AF86801F076FB4C
:1036B0000346002B0DD0FB681B6C042B07D1FB6865
:1036C0001B681A68FB681B6842F400721A600123C9
:1036D0006BE0FB685B6A1A78FB681B681A61FB6821
:1036E0005B6A5A1CFB685A62FB685B8D9BB2013BAC
:1036F0009AB2FB685A85FB681B8D013B9AB2FB6846
:103700001A85FB681B685B6903F00403042B1BD15B
:10371000FB681B8D002B17D0FB685B6A1A78FB686F
:103720001B681A61FB685B6A5A1CFB685A62FB687B
:103730005B8D9BB2013B9AB2FB685A85FB681B8D7F
:10374000013B9AB2FB681A857A69396AF86801F018
:103750006DFB0346002B0DD0FB681B6C042B07D1BF
:10376000FB681B681A68FB681B6842F400721A60E9
:1037700001231AE0FB681B8D002B94D1FB681B68AA
:103780001A68FB681B6842F400721A60FB6820220A
:1037900083F83D20FB68002283F83E20FB6800226E
:1037A00083F83C20002300E0022318461837BD466A
:1037B00080BD00BF020010000000FFFF80B58CB08C
:1037C00002AFF8607A601A460B467B8113463B8154
:1037D00000233B62FEF73EFC7862FB6893F83D30C5
:1037E000DBB2202B40F04B827B6A0093192301222D
:1037F0007F49F86801F0B8F90346002B01D0022395
:103800003EE2FB6893F83C30012B01D1022337E202
:10381000FB68012283F83C20FB681B681B6803F0EF
:103820000103012B07D0FB681B681A68FB681B6843
:1038300042F001021A60FB681B681A68FB681B688B
:1038400022F400621A60FB68222283F83D20FB68A4
:10385000102283F83E20FB6800221A64FB687A6815
:103860005A62FB683A895A85FB685B8D9AB2FB689D
:103870001A85FB685F4ADA6279897B6A3A6BF86875
:1038800000F026FF0346002B01D00123F8E1FB687E
:103890001B8D002B13D10023FB61FB681B685B6948
:1038A000FB61FB681B689B69FB61FB69FB681B682C
:1038B0001A68FB681B6842F400721A60CCE1FB686E
:1038C0001B8D012B1ED1FB681B681A68FB681B68E7
:1038D00022F480621A6072B600BF0023BB61FB68ED
:1038E0001B685B69BB61FB681B689B69BB61BB694B
:1038F000FB681B681A68FB681B6842F400721A6058
:1039000062B635E0FB681B8D022B1ED1FB681B687D
:103910001A68FB681B6842F400621A6072B600BF46
:1039200000237B61FB681B685B697B61FB681B682C
:103930009B697B617B69FB681B681A68FB681B6875
:1039400022F480621A6062B612E0FB681B681A6893
:10395000FB681B6842F480621A6000233B61FB68CD
:103960001B685B693B61FB681B689B693B613B694A
:1039700072E1FB681B8D032B00F21F81FB681B8D1E
:10398000012B23D17A6A396BF86801F097FA034664
:10399000002B01D0012373E1FB681B681A69FB68E7
:1039A0005B6AD2B21A70FB685B6A5A1CFB685A6287
:1039B000FB681B8D013B9AB2FB681A85FB685B8D27
:1039C0009BB2013B9AB2FB685A8545E1FB681B8DAF
:1039D000022B52D17B6A00933B6B00220649F868A8
:1039E00001F0C2F80346002B08D0012348E100BFD4
:1039F000020010000000FFFF0400010072B600BFCB
:103A0000FB681B681A68FB681B6842F400721A6046
:103A1000FB681B681A69FB685B6AD2B21A70FB68A4
:103A20005B6A5A1CFB685A62FB681B8D013B9AB2A9
:103A3000FB681A85FB685B8D9BB2013B9AB2FB6801
:103A40005A8562B600BFFB681B681A69FB685B6A2F
:103A5000D2B21A70FB685B6A5A1CFB685A62FB6838
:103A60001B8D013B9AB2FB681A85FB685B8D9BB28C
:103A7000013B9AB2FB685A85EEE07B6A00933B6B90
:103A800000228149F86801F06FF80346002B01D04D
:103A90000123F5E0FB681B681A68FB681B6822F4C9
:103AA00080621A6072B600BFFB681B681A69FB6807
:103AB0005B6AD2B21A70FB685B6A5A1CFB685A6276
:103AC000FB681B8D013B9AB2FB681A85FB685B8D16
:103AD0009BB2013B9AB2FB685A856C4B1B68DB08B2
:103AE0006B4AA2FB03231A0A13469B001344DA0015
:103AF000D31A3B623B6A013B3B623B6A002B18D105
:103B0000FB6800221A63FB68202283F83D20FB68D3
:103B1000002283F83E20FB681B6C43F02002FB6808
:103B20001A6462B600BFFB68002283F83C200123C0
:103B3000A6E0FB681B685B6903F00403042BD9D182
:103B4000FB681B681A68FB681B6842F400721A6005
:103B5000FB681B681A69FB685B6AD2B21A70FB6863
:103B60005B6A5A1CFB685A62FB681B8D013B9AB268
:103B7000FB681A85FB685B8D9BB2013B9AB2FB68C0
:103B80005A8562B600BFFB681B681A69FB685B6AEE
:103B9000D2B21A70FB685B6A5A1CFB685A62FB68F7
:103BA0001B8D013B9AB2FB681A85FB685B8D9BB24B
:103BB000013B9AB2FB685A854EE07A6A396BF86825
:103BC00001F07CF90346002B01D0012358E0FB688B
:103BD0001B681A69FB685B6AD2B21A70FB685B6A81
:103BE0005A1CFB685A62FB681B8D013B9AB2FB684A
:103BF0001A85FB685B8D9BB2013B9AB2FB685A85C4
:103C0000FB681B685B6903F00403042B24D1FB6889
:103C10001B8D032B07D1FB681B681A68FB681B68A8
:103C200022F480621A60FB681B681A69FB685B6A91
:103C3000D2B21A70FB685B6A5A1CFB685A62FB6856
:103C40001B8D013B9AB2FB681A85FB685B8D9BB2AA
:103C5000013B9AB2FB685A85FB681B8D002B7FF4F1
:103C600088AEFB68202283F83D20FB68002283F8A1
:103C70003E20FB68002283F83C20002300E0022362
:103C800018462837BD4680BD040001001C000020F6
:103C900089B5F81480B588B002AFF86008461146BF
:103CA0001A4603467B810B463B811346FB80FEF799
:103CB000D1F97861FB6893F83D30DBB2202B40F0FE
:103CC000D9807B690093192301226D49F86800F0BF
:103CD0004BFF0346002B01D00223CCE0FB6893F896
:103CE0003C30012B01D10223C5E0FB68012283F89F
:103CF0003C20FB681B681B6803F00103012B07D005
:103D0000FB681B681A68FB681B6842F001021A60B6
:103D1000FB681B681A68FB681B6822F400621A6063
:103D2000FB68212283F83D20FB68402283F83E2077
:103D3000FB6800221A64FB683A6A5A62FB68BA8C14
:103D40005A85FB685B8D9AB2FB681A85FB684D4A01
:103D5000DA62F8883A8979897B690193BB6A0093B2
:103D60000346F86800F082FD0346002B52D0012381
:103D700081E07A69B96AF86801F010F80346002B0F
:103D80000DD0FB681B6C042B07D1FB681B681A68FD
:103D9000FB681B6842F400721A6001236BE0FB6849
:103DA0005B6A1A78FB681B681A61FB685B6A5A1CBD
:103DB000FB685A62FB681B8D013B9AB2FB681A854F
:103DC000FB685B8D9BB2013B9AB2FB685A85FB682E
:103DD0001B685B6903F00403042B1BD1FB681B8D7C
:103DE000002B17D0FB685B6A1A78FB681B681A61A6
:103DF000FB685B6A5A1CFB685A62FB681B8D013BBF
:103E00009AB2FB681A85FB685B8D9BB2013B9AB244
:103E1000FB685A85FB681B8D002BAAD17A69B96AA9
:103E2000F86801F003F80346002B0DD0FB681B6C0B
:103E3000042B07D1FB681B681A68FB681B6842F4F7
:103E400000721A60012316E0FB681B681A68FB68A1
:103E50001B6842F400721A60FB68202283F83D2040
:103E6000FB68002283F83E20FB68002283F83C2098
:103E7000002300E0022318461837BD4680BD00BF6E
:103E8000020010000000FFFF80B58CB002AFF860A8
:103E9000084611461A4603467B810B463B81134672
:103EA000FB8000233B62FEF7D5F87862FB6893F84D
:103EB0003D30DBB2202B40F050827B6A0093192307
:103EC00001228249F86800F04FFE0346002B01D022
:103ED000022343E2FB6893F83C30012B01D102231B
:103EE0003CE2FB68012283F83C20FB681B681B68EE
:103EF00003F00103012B07D0FB681B681A68FB68FD
:103F00001B6842F001021A60FB681B681A68FB68B4
:103F10001B6822F400621A60FB68222283F83D20AD
:103F2000FB68402283F83E20FB6800221A64FB688D
:103F30003A6B5A62FB68BA8E5A85FB685B8D9AB2FF
:103F4000FB681A85FB68624ADA62F8883A897989DF
:103F50007B6A0193BB6B00930346F86800F01CFD7D
:103F60000346002B01D00123F8E1FB681B8D002BD9
:103F700013D10023FB61FB681B685B69FB61FB6875
:103F80001B689B69FB61FB69FB681B681A68FB681F
:103F90001B6842F400721A60CCE1FB681B8D012B98
:103FA0001ED1FB681B681A68FB681B6822F48062DC
:103FB0001A6072B600BF0023BB61FB681B685B69B7
:103FC000BB61FB681B689B69BB61BB69FB681B68C5
:103FD0001A68FB681B6842F400721A6062B635E02A
:103FE000FB681B8D022B1ED1FB681B681A68FB68DF
:103FF0001B6842F400621A6072B600BF00237B6146
:10400000FB681B685B697B61FB681B689B697B6164
:104010007B69FB681B681A68FB681B6822F4806276
:104020001A6062B612E0FB681B681A68FB681B68BE
:1040300042F480621A6000233B61FB681B685B6985
:104040003B61FB681B689B693B613B6972E1FB68F4
:104050001B8D032B00F21F81FB681B8D012B23D1CD
:104060007A6AB96BF86800F029FF0346002B01D08B
:10407000012373E1FB681B681A69FB685B6AD2B2B3
:104080001A70FB685B6A5A1CFB685A62FB681B8DDE
:10409000013B9AB2FB681A85FB685B8D9BB2013BC2
:1040A0009AB2FB685A8545E1FB681B8D022B52D101
:1040B0007B6A0093BB6B00220649F86800F054FD50
:1040C0000346002B08D0012348E100BF0200100086
:1040D0000000FFFF0400010072B600BFFB681B6810
:1040E0001A68FB681B6842F400721A60FB681B6860
:1040F0001A69FB685B6AD2B21A70FB685B6A5A1C69
:10410000FB685A62FB681B8D013B9AB2FB681A85FB
:10411000FB685B8D9BB2013B9AB2FB685A8562B625
:1041200000BFFB681B681A69FB685B6AD2B21A7031
:10413000FB685B6A5A1CFB685A62FB681B8D013B7B
:104140009AB2FB681A85FB685B8D9BB2013B9AB201
:10415000FB685A85EEE07B6A0093BB6B00228149C5
:10416000F86800F001FD0346002B01D00123F5E0C3
:10417000FB681B681A68FB681B6822F480621A607F
:1041800072B600BFFB681B681A69FB685B6AD2B233
:104190001A70FB685B6A5A1CFB685A62FB681B8DCD
:1041A000013B9AB2FB681A85FB685B8D9BB2013BB1
:1041B0009AB2FB685A856C4B1B68DB086B4AA2FB02
:1041C00003231A0A13469B001344DA00D31A3B62F6
:1041D0003B6A013B3B623B6A002B18D1FB68002223
:1041E0001A63FB68202283F83D20FB68002283F8D5
:1041F0003E20FB681B6C43F02002FB681A6462B629
:1042000000BFFB68002283F83C200123A6E0FB6886
:104210001B685B6903F00403042BD9D1FB681B689E
:104220001A68FB681B6842F400721A60FB681B681E
:104230001A69FB685B6AD2B21A70FB685B6A5A1C27
:10424000FB685A62FB681B8D013B9AB2FB681A85BA
:10425000FB685B8D9BB2013B9AB2FB685A8562B6E4
:1042600000BFFB681B681A69FB685B6AD2B21A70F0
:10427000FB685B6A5A1CFB685A62FB681B8D013B3A
:104280009AB2FB681A85FB685B8D9BB2013B9AB2C0
:10429000FB685A854EE07A6AB96BF86800F00EFE4A
:1042A0000346002B01D0012358E0FB681B681A6904
:1042B000FB685B6AD2B21A70FB685B6A5A1CFB68C7
:1042C0005A62FB681B8D013B9AB2FB681A85FB683A
:1042D0005B8D9BB2013B9AB2FB685A85FB681B68F9
:1042E0005B6903F00403042B24D1FB681B8D032BB3
:1042F00007D1FB681B681A68FB681B6822F48062A0
:104300001A60FB681B681A69FB685B6AD2B21A7094
:10431000FB685B6A5A1CFB685A62FB681B8D013B99
:104320009AB2FB681A85FB685B8D9BB2013B9AB21F
:10433000FB685A85FB681B8D002B7FF488AEFB68F9
:10434000202283F83D20FB68002283F83E20FB6892
:10435000002283F83C20002300E00223184628377F
:10436000BD4680BD040001001C00002089B5F81482
:1043700080B58AB002AFF8607A603B600B467B8103
:10438000FDF768FEF8610023BB61FB6893F83D30E0
:10439000DBB2202B40F01181FB690093192301222D
:1043A0008849F86800F0E0FB0346002B01D00223A7
:1043B00004E1FB6893F83C30012B01D10223FDE0BE
:1043C000FB68012283F83C20FB681B681B6803F034
:1043D0000103012B07D0FB681B681A68FB681B6888
:1043E00042F001021A60FB681B681A68FB681B68D0
:1043F00022F400621A60FB68242283F83D20FB68E7
:1044000000221A64FB68704ADA62FB681B681A684B
:10441000FB681B6842F480721A60FB6900933B687A
:1044200000224FF00111F86800F09EFB0346002BBC
:104430000DD0FB681B681B6803F48073B3F5807FA5
:1044400003D1FB684FF400721A640323B6E07B8942
:10445000DBB21A46FB681B6802F0FE021A61FDF728
:10446000F9FDF861FB681B685B6903F00203022B2E
:104470000CBF01230023DBB2FB75FB681B685B6983
:1044800003F48063B3F5806F0CBF01230023DBB21C
:10449000BB7525E0FDF7DEFD0246FB69D31A3A68DD
:1044A0009A4202D33B68002B03D1FB68A02283F819
:1044B0003D20FB681B685B6903F00203022B0CBF05
:1044C00001230023DBB2FB75FB681B685B6903F407
:1044D0008063B3F5806F0CBF01230023DBB2BB7593
:1044E000FB6893F83D30DBB2A02B05D0FB7D002BA1
:1044F00002D1BB7D002BCDD0FB68202283F83D206C
:10450000FB681B685B6903F00203022B29D1FB687F
:104510001B681A68FB681B6842F400721A6000236B
:104520003B61FB681B685B693B61FB681B689B69BF
:104530003B613B69FB690093192301222149F8681B
:1045400000F012FB0346002B01D0012336E0FB688C
:10455000202283F83D20FB68002283F83C200023C2
:104560002CE0FB681B681A68FB681B6842F4007249
:104570001A60FB681B686FF480625A61FB690093E4
:10458000192301220F49F86800F0EEFA0346002BC8
:1045900001D0012312E0BB690133BB61BA697B68BA
:1045A0009A42FFF432AFFB68202283F83D20FB687B
:1045B000002283F83C20012300E002231846203724
:1045C000BD4680BD020010000000FFFF80B588B02E
:1045D00002AFF8607A603B600B467B81FB68DB6A68
:1045E0007B617B69082B06D07B69012B03D07B693B
:1045F00013F5803F08D1FB681B681A68FB681B68CD
:1046000042F480721A600BE0FB681B6B122B07D11F
:10461000FB681B681A68FB681B6842F480721A60AA
:104620003B6800937B6800224FF00111F86800F0AE
:104630009BFA0346002B0DD0FB681B681B6803F434
:104640008073B3F5807F03D1FB684FF400721A6466
:10465000032335E0FB681B69B3F5804F08D17B89E4
:10466000DBB21A46FB681B6802F0FE021A611BE00F
:104670007B89DB11DBB203F00603DBB263F00F03CF
:10468000DAB2FB681B681A613B687A680E49F86801
:1046900000F0E4FA0346002B01D0012310E07B89EF
:1046A000DAB2FB681B681A613B687A680749F868E8
:1046B00000F0D4FA0346002B01D0012300E00023D0
:1046C00018461837BD4680BD0800010002000100F1
:1046D00080B588B002AFF8607A603B600B467B81A2
:1046E000FB68DB6A7B61FB681B681A68FB681B68F8
:1046F00042F480621A607B69082B06D07B69012B2B
:1047000003D07B6913F5803F08D1FB681B681A68EA
:10471000FB681B6842F480721A600BE0FB681B6B3D
:10472000112B07D1FB681B681A68FB681B6842F4F1
:1047300080721A603B6800937B6800224FF0011181
:10474000F86800F011FA0346002B0DD0FB681B68D7
:104750001B6803F48073B3F5807F03D1FB684FF4CB
:1047600000721A64032379E0FB681B69B3F5804F7C
:1047700008D17B89DBB243F00103DAB2FB681B6826
:104780001A615FE07B89DB11DBB203F00603DBB269
:1047900063F00F03DAB2FB681B681A613B687A6842
:1047A0003049F86800F05AFA0346002B01D0012383
:1047B00054E07B89DAB2FB681B681A613B687A684F
:1047C0002949F86800F04AFA0346002B01D001237A
:1047D00044E000233B61FB681B685B693B61FB684D
:1047E0001B689B693B613B69FB681B681A68FB6837
:1047F0001B6842F480721A603B6800937B68002259
:104800004FF00111F86800F0AFF90346002B0DD00E
:10481000FB681B681B6803F48073B3F5807F03D1CA
:10482000FB684FF400721A64032317E07B89DB11E5
:10483000DBB203F00603DBB263F00E03DAB2FB680F
:104840001B681A613B687A680749F86800F006FA45
:104850000346002B01D0012300E00023184618373F
:10486000BD4680BD080001000200010080B588B08F
:1048700002AFF860084611461A4603467B810B4694
:104880003B811346FB80FB681B681A68FB681B684A
:1048900042F480721A607B6A00933B6A00224FF0F8
:1048A0000111F86800F060F90346002B0DD0FB6899
:1048B0001B681B6803F48073B3F5807F03D1FB682A
:1048C0004FF400721A6403235FE07B89DBB21A465F
:1048D000FB681B6802F0FE021A617B6A3A6A2D4986
:1048E000F86800F0BBF90346002B01D001234CE02F
:1048F00000237B61FB681B685B697B61FB681B684D
:104900009B697B617B697A6A396AF86800F046FACC
:104910000346002B0DD0FB681B6C042B07D1FB68F2
:104920001B681A68FB681B6842F400721A60012356
:104930002BE0FB88012B05D13B89DAB2FB681B68B1
:104940001A6121E03B891B0A9BB2DAB2FB681B6843
:104950001A617A6A396AF86800F020FA0346002B77
:104960000DD0FB681B6C042B07D1FB681B681A6811
:10497000FB681B6842F400721A60012305E03B8962
:10498000DAB2FB681B681A61002318461837BD4667
:1049900080BD00BF0200010080B588B002AFF860A2
:1049A000084611461A4603467B810B463B81134657
:1049B000FB80FB681B681A68FB681B6842F4806216
:1049C0001A60FB681B681A68FB681B6842F48072F7
:1049D0001A607B6A00933B6A00224FF00111F8686D
:1049E00000F0C2F80346002B0DD0FB681B681B6863
:1049F00003F48073B3F5807F03D1FB684FF400723A
:104A00001A640323AAE07B89DBB21A46FB681B68A1
:104A100002F0FE021A617B6A3A6A5249F86800F0B5
:104A20001DF90346002B01D0012397E000237B6191
:104A3000FB681B685B697B61FB681B689B697B612A
:104A40007B697A6A396AF86800F0A8F90346002B96
:104A50000DD0FB681B6C042B07D1FB681B681A6820
:104A6000FB681B6842F400721A60012376E0FB8841
:104A7000012B05D13B89DAB2FB681B681A6121E082
:104A80003B891B0A9BB2DAB2FB681B681A617A6A1F
:104A9000396AF86800F082F90346002B0DD0FB68F4
:104AA0001B6C042B07D1FB681B681A68FB681B682A
:104AB00042F400721A60012350E03B89DAB2FB68CD
:104AC0001B681A617A6A396AF86800F067F9034668
:104AD000002B0DD0FB681B6C042B07D1FB681B68F7
:104AE0001A68FB681B6842F400721A60012335E003
:104AF000FB681B681A68FB681B6842F480721A60C6
:104B00007B6A00933B6A00224FF00111F86800F0C5
:104B10002BF80346002B0DD0FB681B681B6803F4C1
:104B20008073B3F5807F03D1FB684FF400721A6481
:104B3000032313E07B89DBB243F00103DAB2FB68A5
:104B40001B681A617B6A3A6A0649F86800F086F8C1
:104B50000346002B01D0012300E00023184618373C
:104B6000BD4680BD0200010080B584B000AFF86092
:104B7000B9603B601346FB7148E03B68B3F1FF3F0F
:104B800044D0FDF767FA0246BB69D31A3A689A42E5
:104B900002D33B68002B39D1BB681B0CDBB2012B65
:104BA0000DD1FB681B685B69DA43BB6813409BB29D
:104BB000002B0CBF01230023DBB21A460CE0FB687C
:104BC0001B689B69DA43BB6813409BB2002B0CBF88
:104BD00001230023DBB21A46FB799A4216D1FB6807
:104BE00000221A63FB68202283F83D20FB68002224
:104BF00083F83E20FB681B6C43F02002FB681A64BC
:104C0000FB68002283F83C20012323E0BB681B0CD7
:104C1000DBB2012B0DD1FB681B685B69DA43BB6813
:104C200013409BB2002B0CBF01230023DBB21A46BA
:104C30000CE0FB681B689B69DA43BB6813409BB2BE
:104C4000002B0CBF01230023DBB21A46FB799A42EA
:104C500093D0002318461037BD4680BD80B584B080
:104C600000AFF860B9607A603B6071E0FB681B6878
:104C70005B6903F48063B3F5806F23D1FB681B6825
:104C80001A68FB681B6842F400721A60FB681B68B4
:104C90006FF480625A61FB6800221A63FB6820226D
:104CA00083F83D20FB68002283F83E20FB681B6CE4
:104CB00043F00402FB681A64FB68002283F83C207E
:104CC000012367E07B68B3F1FF3F41D0FDF7C2F9F4
:104CD00002463B68D31A7A689A4202D37B68002B5B
:104CE00036D1BB681B0CDBB2012B0CD1FB681B68F7
:104CF0005B69DA43BB6813409BB2002B14BF0123EE
:104D00000023DBB20BE0FB681B689B69DA43BB68DE
:104D100013409BB2002B14BF01230023DBB2002BF6
:104D200016D0FB6800221A63FB68202283F83D201E
:104D3000FB68002283F83E20FB681B6C43F02002D6
:104D4000FB681A64FB68002283F83C20012321E001
:104D5000BB681B0CDBB2012B0CD1FB681B685B69C9
:104D6000DA43BB6813409BB2002B14BF012300231E
:104D7000DBB20BE0FB681B689B69DA43BB6813403E
:104D80009BB2002B14BF01230023DBB2002B7FF466
:104D90006DAF002318461037BD4680BD80B584B086
:104DA00000AFF860B9607A6034E0F86800F0E3F8CA
:104DB0000346002B01D0012334E0BB68B3F1FF3F71
:104DC00028D0FDF747F902467B68D31ABA689A42A1
:104DD00002D3BB68002B1DD1FB681B685B6903F025
:104DE0008003802B16D0FB6800221A63FB68202208
:104DF00083F83D20FB68002283F83E20FB681B6C93
:104E000043F02002FB681A64FB68002283F83C2010
:104E1000012307E0FB681B685B6903F08003802BBC
:104E2000C3D1002318461037BD4680BD80B584B07D
:104E300000AFF860B9607A6034E0F86800F09BF881
:104E40000346002B01D0012334E0BB68B3F1FF3FE0
:104E500028D0FDF7FFF802467B68D31ABA689A4259
:104E600002D3BB68002B1DD1FB681B685B6903F094
:104E70000403042B16D0FB6800221A63FB6820226F
:104E800083F83D20FB68002283F83E20FB681B6C02
:104E900043F02002FB681A64FB68002283F83C2080
:104EA000012307E0FB681B685B6903F00403042B24
:104EB000C3D1002318461037BD4680BD80B584B0ED
:104EC00000AFF860B9607A6049E0FB681B685B6915
:104ED00003F01003102B19D1FB681B686FF0100250
:104EE0005A61FB6800221A63FB68202283F83D2088
:104EF000FB68002283F83E20FB681A6CFB681A648A
:104F0000FB68002283F83C20012330E0FDF7A2F883
:104F100002467B68D31ABA689A4202D3BB68002B58
:104F20001DD1FB681B685B6903F04003402B16D062
:104F3000FB6800221A63FB68202283F83D20FB688F
:104F4000002283F83E20FB681B6C43F02002FB68C4
:104F50001A64FB68002283F83C20012307E0FB6809
:104F60001B685B6903F04003402BAED10023184659
:104F70001037BD4680BD80B483B000AF78607B68D9
:104F80001B685B6903F48063B3F5806F1BD17B689A
:104F90001B686FF480625A617B6800221A637B6829
:104FA000202283F83D207B68002283F83E207B6826
:104FB0001B6C43F004027B681A647B68002283F850
:104FC0003C20012300E0002318460C37BD4680BC7E
:104FD0007047000080B586B000AF78607B68002B1A
:104FE00001D1012372E27B681B6803F00103002BEF
:104FF00000F08780924B5B6803F00C03042B0CD00D
:105000008F4B5B6803F00C03082B12D18C4B5B6851
:1050100003F48033B3F5803F0BD1894B1B6803F455
:105020000033002B6CD07B685B68002B68D10123B8
:105030004CE27B685B68B3F5803F06D1804B1B6810
:105040007F4A43F4803313602EE07B685B68002B5B
:105050000CD17B4B1B687A4A23F480331360784B66
:105060001B68774A23F4802313601DE07B685B682C
:10507000B3F5A02F0CD1724B1B68714A43F4802307
:1050800013606F4B1B686E4A43F4803313600BE070
:105090006B4B1B686A4A23F480331360684B1B68B0
:1050A000674A23F4802313607B685B68002B13D06E
:1050B000FCF7D0FF386108E0FCF7CCFF02463B6903
:1050C000D31A642B01D9032300E25D4B1B6803F460
:1050D0000033002BF0D014E0FCF7BCFF386108E08F
:1050E000FCF7B8FF02463B69D31A642B01D90323AE
:1050F000ECE1534B1B6803F40033002BF0D100E0CC
:1051000000BF7B681B6803F00203002B63D04C4B8D
:105110005B6803F00C03002B0BD0494B5B6803F07A
:105120000C03082B1CD1464B5B6803F48033002B27
:1051300016D1434B1B6803F00203002B05D07B689C
:105140001B69012B01D00123C0E13D4B1B6823F0FB
:10515000F8027B685B69DB00394913430B603AE076
:105160007B681B69002B20D0364B01221A60FCF7AC
:1051700071FF386108E0FCF76DFF02463B69D31A06
:10518000022B01D90323A1E12D4B1B6803F002037D
:10519000002BF0D02A4B1B6823F0F8027B685B6978
:1051A000DB00274913430B6015E0264B00221A60F1
:1051B000FCF750FF386108E0FCF74CFF02463B6902
:1051C000D31A022B01D9032380E11D4B1B6803F086
:1051D0000203002BF0D17B681B6803F00803002B4F
:1051E0003AD07B689B69002B19D0174B01221A60BB
:1051F000FCF730FF386108E0FCF72CFF02463B6902
:10520000D31A022B01D9032360E10D4B5B6A03F033
:105210000203002BF0D0012000F0CEFA1CE00A4B74
:1052200000221A60FCF716FF38610FE0FCF712FF4E
:1052300002463B69D31A022B08D9032346E100BF7B
:10524000001002400000424280044242924B5B6ADE
:1052500003F00203002BE9D17B681B6803F0040311
:10526000002B00F0A6800023FB758B4BDB6903F05D
:105270008053002B0DD1884BDB69874A43F0805364
:10528000D361854BDB6903F08053BB60BB680123AE
:10529000FB75824B1B6803F48073002B18D17F4B86
:1052A0001B687E4A43F480731360FCF7D3FE3861B9
:1052B00008E0FCF7CFFE02463B69D31A642B01D904
:1052C000032303E1754B1B6803F48073002BF0D0BC
:1052D0007B68DB68012B06D16F4B1B6A6E4A43F07B
:1052E000010313622DE07B68DB68002B0CD16A4B55
:1052F0001B6A694A23F001031362674B1B6A664A03
:1053000023F0040313621CE07B68DB68052B0CD1DF
:10531000614B1B6A604A43F0040313625E4B1B6AD5
:105320005D4A43F0010313620BE05B4B1B6A5A4A70
:1053300023F001031362584B1B6A574A23F00403FE
:1053400013627B68DB68002B15D0FCF783FE3861A5
:105350000AE0FCF77FFE02463B69D31A41F288322D
:10536000934201D90323B1E04B4B1B6A03F00203C4
:10537000002BEED014E0FCF76DFE38610AE0FCF77C
:1053800069FE02463B69D31A41F28832934201D941
:1053900003239BE0404B1B6A03F00203002BEED17A
:1053A000FB7D012B05D13C4BDB693B4A23F080534D
:1053B000D3617B68DB69002B00F08780364B5B682C
:1053C00003F00C03082B61D07B68DB69022B46D10C
:1053D000334B00221A60FCF73DFE386108E0FCF711
:1053E00039FE02463B69D31A022B01D903236DE033
:1053F000294B1B6803F00073002BF0D17B681B6AFC
:10540000B3F5803F08D1244B5B6823F400327B68FE
:105410009B68214913434B601F4B5B6823F4741254
:105420007B68196A7B685B6A0B431B4913434B60BB
:105430001B4B01221A60FCF70DFE386108E0FCF7F7
:1054400009FE02463B69D31A022B01D903233DE032
:10545000114B1B6803F00073002BF0D035E0104BAC
:1054600000221A60FCF7F6FD386108E0FCF7F2FD57
:1054700002463B69D31A022B01D9032326E0064BCF
:105480001B6803F00073002BF0D11EE07B68DB6922
:10549000012B07D1012319E00010024000700040E9
:1054A000600042420B4B5B68FB60FB6803F4803298
:1054B0007B681B6A9A4206D1FB6803F470127B6812
:1054C0005B6A9A4201D0012300E000231846183796
:1054D000BD4680BD0010024080B584B000AF78604A
:1054E00039607B68002B01D10123D0E06A4B1B6837
:1054F00003F007033A689A4210D9674B1B6823F000
:10550000070265493B6813430B60634B1B6803F05C
:1055100007033A689A4201D00123B8E07B681B6810
:1055200003F00203002B20D07B681B6803F0040308
:10553000002B05D0594B5B68584A43F4E063536035
:105540007B681B6803F00803002B05D0534B5B6896
:10555000524A43F460535360504B5B6823F0F002AF
:105560007B689B684D4913434B607B681B6803F065
:105570000103002B40D07B685B68012B07D1474BB0
:105580001B6803F40033002B15D101237FE07B68F7
:105590005B68022B07D1414B1B6803F00073002BA3
:1055A00009D1012373E03D4B1B6803F00203002B7C
:1055B00001D101236BE0394B5B6823F003027B6868
:1055C0005B68364913434B60FCF744FDF8600AE022
:1055D000FCF740FD0246FB68D31A41F28832934241
:1055E00001D9032353E02D4B5B6803F00C027B6869
:1055F0005B689B009A42EBD1274B1B6803F00703C3
:105600003A689A4210D2244B1B6823F007022249C1
:105610003B6813430B60204B1B6803F007033A6899
:105620009A4201D0012332E07B681B6803F0040337
:10563000002B08D0194B5B6823F4E0627B68DB68C1
:10564000164913434B607B681B6803F00803002B6B
:1056500009D0124B5B6823F460527B681B69DB0046
:105660000E4913434B6000F021F802460B4B5B6878
:105670001B0903F00F030A49CB5C22FA03F3094A22
:105680001360094B1B681846FCF7A2FC0023184660
:105690001037BD4680BD00BF002002400010024010
:1056A000F0B300081C0000202000002080B487B068
:1056B00000AF0023FB600023BB6000237B6100235D
:1056C0007B6000233B611E4B5B68FB60FB6803F063
:1056D0000C03042B02D0082B03D027E0194B3B61AD
:1056E00027E0FB689B0C03F00F03174AD35C7B6039
:1056F000FB6803F48033002B10D0114B5B685B0C0C
:1057000003F00103114AD35CBB607B680D4A03FBC5
:1057100002F2BB68B2FBF3F37B6104E07B680C4AE6
:1057200002FB03F37B617B693B6102E0054B3B615C
:1057300000BF3B6918461C37BD4680BC704700BFA0
:105740000010024000127A0008B4000818B40008E3
:1057500000093D0080B400AF024B1B681846BD46EF
:1057600080BC70471C00002080B500AFFFF7F2FF3F
:105770000246054B5B681B0A03F007030349CB5C39
:1057800022FA03F3184680BD0010024000B400085E
:1057900080B500AFFFF7DEFF0246054B5B68DB0A12
:1057A00003F007030349CB5C22FA03F3184680BDDC
:1057B0000010024000B4000880B485B000AF7860EB
:1057C0000A4B1B680A4AA2FB03235B0A7A6802FBA6
:1057D00003F3FB6000BFFB685A1EFA60002BF9D18F
:1057E00000BF00BF1437BD4680BC70471C000020BE
:1057F000D34D621080B586B000AF786000233B6166
:105800000023FB607B681B6803F00103002B7DD045
:105810000023FB754F4BDB6903F08053002B0DD148
:105820004C4BDB694B4A43F08053D361494BDB69F6
:1058300003F08053BB60BB680123FB75464B1B68BC
:1058400003F48073002B18D1434B1B68424A43F486
:1058500080731360FCF7FEFB386108E0FCF7FAFB8D
:1058600002463B69D31A642B01D903236DE03A4BFE
:105870001B6803F48073002BF0D0364B1B6A03F4D3
:105880004073FB60FB68002B2ED07B685B6803F4E1
:105890004073FA689A4227D02E4B1B6A23F4407358
:1058A000FB602E4B01221A602C4B00221A60294A01
:1058B000FB681362FB6803F00103002B14D0FCF7B4
:1058C000C9FB38610AE0FCF7C5FB02463B69D31A05
:1058D00041F28832934201D9032336E01D4B1B6A03
:1058E00003F00203002BEED01A4B1B6A23F4407224
:1058F0007B685B68174913430B62FB7D012B05D165
:10590000144BDB69134A23F08053D3617B681B6817
:1059100003F00203002B08D00E4B5B6823F44042D7
:105920007B689B680B4913434B607B681B6803F0E3
:105930001003002B08D0074B5B6823F480027B68C0
:10594000DB68044913434B60002318461837BD46F3
:1059500080BD00BF00100240007000404004424281
:1059600080B582B000AF78607B68002B01D1012345
:1059700041E07B6893F83D30DBB2002B06D17B68B9
:10598000002283F83C207868FCF784F97B680222C7
:1059900083F83D207B681A687B68043319461046FB
:1059A00000F0C4FB7B68012283F846207B6801225B
:1059B00083F83E207B68012283F83F207B68012228
:1059C00083F840207B68012283F841207B68012214
:1059D00083F842207B68012283F843207B68012200
:1059E00083F844207B68012283F845207B680122EC
:1059F00083F83D20002318460837BD4680BD80B59A
:105A000082B000AF78607B68002B01D1012341E0B8
:105A10007B6893F83D30DBB2002B06D17B68002217
:105A200083F83C207868FCF759F97B68022283F8F8
:105A30003D207B681A687B6804331946104600F0E5
:105A400075FB7B68012283F846207B68012283F87E
:105A50003E207B68012283F83F207B68012283F887
:105A600040207B68012283F841207B68012283F873
:105A700042207B68012283F843207B68012283F85F
:105A800044207B68012283F845207B68012283F84B
:105A90003D20002318460837BD4680BD80B584B040
:105AA00000AF786039603B68002B09D17B6893F8C0
:105AB0003E30DBB2012B14BF01230023DBB222E016
:105AC0003B68042B09D17B6893F83F30DBB2012B94
:105AD00014BF01230023DBB215E03B68082B09D17A
:105AE0007B6893F84030DBB2012B14BF0123002305
:105AF000DBB208E07B6893F84130DBB2012B14BFC6
:105B000001230023DBB2002B01D001235EE03B68C0
:105B1000002B04D17B68022283F83E2013E03B680F
:105B2000042B04D17B68022283F83F200BE03B6802
:105B3000082B04D17B68022283F8402003E07B68B5
:105B4000022283F841207B681B68012239681846CD
:105B500000F078FD7B681B681E4A934207D17B6882
:105B60001B685A6C7B681B6842F400425A647B686D
:105B70001B68184A93420ED07B681B68B3F1804FB4
:105B800009D07B681B68144A934204D07B681B6869
:105B9000124A934211D17B681B689B6803F007038C
:105BA000FB60FB68062B10D07B681B681A687B685B
:105BB0001B6842F001021A6007E07B681B681A68E4
:105BC0007B681B6842F001021A60002318461037F8
:105BD000BD4680BD002C014000040040000800408C
:105BE00080B584B000AF78607B681B68DB68FB60C1
:105BF0007B681B681B69BB60BB6803F00203002B5A
:105C000020D0FB6803F00203002B1BD07B681B68CD
:105C10006FF002021A617B6801221A777B681B68A9
:105C20009B6903F00303002B03D0786800F063FA4C
:105C300005E0786800F056FA786800F065FA7B684D
:105C400000221A77BB6803F00403002B20D0FB6806
:105C500003F00403002B1BD07B681B686FF0040269
:105C60001A617B6802221A777B681B689B6903F4C0
:105C70004073002B03D0786800F03DFA05E07868A7
:105C800000F030FA786800F03FFA7B6800221A775B
:105C9000BB6803F00803002B20D0FB6803F0080367
:105CA000002B1BD07B681B686FF008021A617B68B1
:105CB00004221A777B681B68DB6903F00303002B5F
:105CC00003D0786800F017FA05E0786800F00AFA67
:105CD000786800F019FA7B6800221A77BB6803F035
:105CE0001003002B20D0FB6803F01003002B1BD007
:105CF0007B681B686FF010021A617B6808221A77B4
:105D00007B681B68DB6903F44073002B03D0786861
:105D100000F0F1F905E0786800F0E4F9786800F047
:105D2000F3F97B6800221A77BB6803F00103002BAC
:105D30000CD0FB6803F00103002B07D07B681B68C5
:105D40006FF001021A61786800F0C3F9BB6803F0D4
:105D50008003002B0CD0FB6803F08003002B07D0DE
:105D60007B681B686FF080021A61786800F0F5FCB0
:105D7000BB6803F04003002B0CD0FB6803F040032A
:105D8000002B07D07B681B686FF040021A617868AF
:105D900000F0C3F9BB6803F02003002B0CD0FB68B4
:105DA00003F02003002B07D07B681B686FF02002F4
:105DB0001A61786800F0C8FC00BF1037BD4680BD8E
:105DC00080B586B000AFF860B9607A600023FB75DB
:105DD000FB6893F83C30012B01D10223AEE0FB6855
:105DE000012283F83C207B680C2B00F29F8001A2EB
:105DF00052F823F0295E00082D5F00082D5F00088F
:105E00002D5F0008695E00082D5F00082D5F000807
:105E10002D5F0008AB5E00082D5F00082D5F0008B5
:105E20002D5F0008EB5E0008FB681B68B968184628
:105E300000F0EAF9FB681B689A69FB681B6842F08E
:105E400008029A61FB681B689A69FB681B6822F06C
:105E500004029A61FB681B689969BB681A69FB6850
:105E60001B680A439A6164E0FB681B68B9681846BE
:105E700000F030FAFB681B689A69FB681B6842F403
:105E800000629A61FB681B689A69FB681B6822F4D0
:105E900080629A61FB681B689969BB681B691A027A
:105EA000FB681B680A439A6143E0FB681B68B9689A
:105EB000184600F079FAFB681B68DA69FB681B6812
:105EC00042F00802DA61FB681B68DA69FB681B684C
:105ED00022F00402DA61FB681B68D969BB681A69A1
:105EE000FB681B680A43DA6123E0FB681B68B9683A
:105EF000184600F0C3FAFB681B68DA69FB681B6888
:105F000042F40062DA61FB681B68DA69FB681B68AF
:105F100022F48062DA61FB681B68D969BB681B697F
:105F20001A02FB681B680A43DA6102E00123FB7571
:105F300000BFFB68002283F83C20FB7D1846183721
:105F4000BD4680BD80B584B000AF78603960002365
:105F5000FB737B6893F83C30012B01D10223B4E042
:105F60007B68012283F83C207B68022283F83D2075
:105F70007B681B689B68BB60BB6823F07703BB60D2
:105F8000BB6823F47F43BB607B681B68BA689A6078
:105F90003B681B68B3F5005F3ED0B3F5005F00F2CD
:105FA0008780B3F5805F00F08680B3F5805F7FD88F
:105FB000702B1AD0702B7BD8602B50D0602B77D8E9
:105FC000502B3CD0502B73D8402B58D0402B6FD83F
:105FD000302B64D0302B6BD8202B60D0202B67D88F
:105FE000002B5CD0102B5AD062E07B6818683B68AD
:105FF00099683B685A683B68DB6800F004FB7B6883
:106000001B689B68BB60BB6843F07703BB607B6821
:106010001B68BA689A604FE07B6818683B689968AB
:106020003B685A683B68DB6800F0EDFA7B681B68E8
:106030009A687B681B6842F480429A603CE07B6807
:1060400018683B6859683B68DB681A4600F064FAD8
:106050007B681B685021184600F0BBFA2CE07B6877
:1060600018683B6859683B68DB681A4600F082FA9A
:106070007B681B686021184600F0ABFA1CE07B6867
:1060800018683B6859683B68DB681A4600F044FAB8
:106090007B681B684021184600F09BFA0CE07B6887
:1060A0001A683B681B681946104600F092FA03E034
:1060B0000123FB7300E000BF7B68012283F83D20D1
:1060C0007B68002283F83C20FB7B18461037BD46D6
:1060D00080BD80B483B000AF786000BF0C37BD4690
:1060E00080BC704780B483B000AF786000BF0C37CD
:1060F000BD4680BC704780B483B000AF786000BFFD
:106100000C37BD4680BC704780B483B000AF786068
:1061100000BF0C37BD4680BC704780B483B000AF71
:10612000786000BF0C37BD4680BC704780B485B036
:1061300000AF786039607B681B68FB607B682F4A22
:1061400093420BD07B68B3F1804F07D07B682C4A19
:10615000934203D07B682B4A934208D1FB6823F01B
:106160007003FB603B685B68FA681343FB607B6805
:10617000224A93420BD07B68B3F1804F07D07B68F3
:106180001F4A934203D07B681E4A934208D1FB68A2
:1061900023F44073FB603B68DB68FA681343FB60E1
:1061A000FB6823F080023B685B691343FB607B68FC
:1061B000FA681A603B689A687B68DA623B681A681A
:1061C0007B689A627B680D4A934203D13B681A69E7
:1061D0007B681A637B6801225A617B681B6903F044
:1061E0000103002B05D07B681B6923F001027B684B
:1061F0001A6100BF1437BD4680BC7047002C0140B7
:10620000000400400008004080B487B000AF786010
:1062100039607B681B6A7B617B681B6A23F0010223
:106220007B681A627B685B683B617B689B69FB608B
:10623000FB6823F07003FB60FB6823F00303FB6043
:106240003B681B68FA681343FB607B6923F0020319
:106250007B613B689B687A6913437B617B681C4A5E
:1062600093420CD17B6923F008037B613B68DB68B8
:106270007A6913437B617B6923F004037B617B684C
:10628000134A934211D13B6923F480733B613B690C
:1062900023F400733B613B685B693A6913433B61DC
:1062A0003B689B693A6913433B617B683A695A6072
:1062B0007B68FA689A613B685A687B685A637B68B6
:1062C0007A691A6200BF1C37BD4680BC704700BFA8
:1062D000002C014080B487B000AF786039607B68E3
:1062E0001B6A7B617B681B6A23F010027B681A6261
:1062F0007B685B683B617B689B69FB60FB6823F4A0
:10630000E043FB60FB6823F44073FB603B681B6861
:106310001B02FA681343FB607B6923F020037B6157
:106320003B689B681B017A6913437B617B681D4A4C
:1063300093420DD17B6923F080037B613B68DB686E
:106340001B017A6913437B617B6923F040037B6106
:106350007B68144A934213D13B6923F480633B6109
:106360003B6923F400633B613B685B699B003A69CE
:1063700013433B613B689B699B003A6913433B6154
:106380007B683A695A607B68FA689A613B685A6828
:106390007B689A637B687A691A6200BF1C37BD46C6
:1063A00080BC7047002C014080B487B000AF78609B
:1063B00039607B681B6A7B617B681B6A23F480728F
:1063C0007B681A627B685B683B617B68DB69FB60AA
:1063D000FB6823F07003FB60FB6823F00303FB60A2
:1063E0003B681B68FA681343FB607B6923F4007306
:1063F0007B613B689B681B027A6913437B617B6806
:106400001D4A93420DD17B6923F400637B613B6895
:10641000DB681B027A6913437B617B6923F4806329
:106420007B617B68144A934213D13B6923F4805308
:106430003B613B6923F400533B613B685B691B0193
:106440003A6913433B613B689B691B013A691343FB
:106450003B617B683A695A607B68FA68DA613B683D
:106460005A687B68DA637B687A691A6200BF1C37F6
:10647000BD4680BC704700BF002C014080B487B08F
:1064800000AF786039607B681B6A3B617B681B6A80
:1064900023F480527B681A627B685B687B617B684F
:1064A000DB69FB60FB6823F4E043FB60FB6823F4DB
:1064B0004073FB603B681B681B02FA681343FB6078
:1064C0003B6923F400533B613B689B681B033A69BB
:1064D00013433B617B680F4A934209D17B6923F4E4
:1064E00080437B613B685B699B017A6913437B61F5
:1064F0007B687A695A607B68FA68DA613B685A6837
:106500007B681A647B683A691A6200BF1C37BD4613
:1065100080BC7047002C014080B487B000AFF860A9
:10652000B9607A60FB681B6A7B61FB681B6A23F0B9
:106530000102FB681A62FB689B693B613B6923F0BF
:10654000F0033B617B681B013A6913433B617B6944
:1065500023F00A037B617A69BB6813437B61FB68A4
:106560003A699A61FB687A691A6200BF1C37BD46B6
:1065700080BC704780B487B000AFF860B9607A60C3
:10658000FB681B6A7B61FB681B6A23F01002FB68D7
:106590001A62FB689B693B613B6923F470433B6172
:1065A0007B681B033A6913433B617B6923F0A003BB
:1065B0007B61BB681B017A6913437B61FB683A69A5
:1065C0009A61FB687A691A6200BF1C37BD4680BCBD
:1065D000704780B485B000AF786039607B689B6895
:1065E000FB60FB6823F07003FB603A68FB681343B1
:1065F00043F00703FB607B68FA689A6000BF1437BA
:10660000BD4680BC704780B487B000AFF860B96009
:106610007A603B60FB689B687B617B6923F47F4306
:106620007B613B681A027B681A43BB6813437A6933
:1066300013437B61FB687A699A6000BF1C37BD46D3
:1066400080BC704780B487B000AFF860B9607A60F2
:10665000BB6803F01F03012202FA03F37B61FB68AE
:106660001A6A7B69DB431A40FB681A62FB681A6A84
:10667000BB6803F01F03796801FA03F31A43FB6850
:106680001A6200BF1C37BD4680BC704780B485B01D
:1066900000AF786039607B6893F83C30012B01D102
:1066A000022346E07B68012283F83C207B680222BB
:1066B00083F83D207B681B685B68FB607B681B6818
:1066C0009B68BB60FB6823F07003FB603B681B6842
:1066D000FA681343FB607B681B68FA685A607B6842
:1066E0001B68164A93420ED07B681B68B3F1804F3B
:1066F00009D07B681B68124A934204D07B681B68F0
:10670000104A93420CD1BB6823F08003BB603B6806
:106710005B68BA681343BB607B681B68BA689A60A1
:106720007B68012283F83D207B68002283F83C20AF
:10673000002318461437BD4680BC7047002C01402A
:10674000000400400008004080B483B000AF7860CF
:1067500000BF0C37BD4680BC704780B483B000AF2B
:10676000786000BF0C37BD4680BC704780B582B0F2
:1067700000AF78607B68002B01D1012342E07B6889
:1067800093F84130DBB2002B06D17B68002283F8FE
:1067900040207868FBF724FB7B68242283F84120A3
:1067A0007B681B68DA687B681B6822F40052DA6039
:1067B000786800F071F97B681B681A697B681B6850
:1067C00022F490421A617B681B685A697B681B68D7
:1067D00022F02A025A617B681B68DA687B681B68B2
:1067E00042F40052DA607B6800225A647B682022FF
:1067F00083F841207B68202283F842207B680022B6
:106800005A63002318460837BD4680BD80B58AB05C
:1068100002AFF860B9603B601346FB8000237B61E8
:10682000FB6893F84130DBB2202B75D1BB68002B9D
:1068300002D0FB88002B01D101236EE0FB6800220F
:106840005A64FB68212283F84120FBF703FC78613E
:10685000FB68FA889A84FB68FA88DA84FB689B688C
:10686000B3F5805F08D1FB681B69002B04D10023BE
:10687000FB61BB68BB6103E0BB68FB610023BB61DC
:106880002EE03B6800937B6900228021F86800F0CD
:1068900048F80346002B05D0FB68202283F84120EE
:1068A00003233AE0FB69002B0BD1BB691B881A4616
:1068B000FB681B68C2F308025A60BB690233BB6104
:1068C00007E0FB691A78FB681B685A60FB690133B3
:1068D000FB61FB68DB8C9BB2013B9AB2FB68DA84FC
:1068E000FB68DB8C9BB2002BCBD13B6800937B69B0
:1068F00000224021F86800F014F80346002B05D070
:10690000FB68202283F84120032306E0FB68202255
:1069100083F84120002300E0022318462037BD46BB
:1069200080BD80B586B000AFF860B9603B601346AB
:10693000FB713BE03B6AB3F1FF3F37D0FBF78AFBCB
:1069400002463B68D31A3A6A9A4202D33B6A002B4A
:1069500001D103233AE0FB681B68DB6803F0040302
:10696000002B23D0BB68802B20D0BB68402B1DD0D0
:10697000FB681B681B6803F00803082B16D1002373
:106980007B61FB681B681B687B61FB681B685B683D
:106990007B617B69F86800F01DF8FB6808225A6487
:1069A000FB68002283F8402001230FE0FB681B688E
:1069B0001A68BB681340BA689A420CBF01230023CF
:1069C000DBB21A46FB799A42B4D000231846183736
:1069D000BD4680BD80B495B000AF78607B681B6811
:1069E0000C337B637B6B53E8003F3B633B6B23F4CF
:1069F0009073FB647B681B680C33FA6C3A64FB632E
:106A0000F96B3A6C41E80023BB63BB6B002BE5D10B
:106A10007B681B6814333B623B6A53E8003FFB61B1
:106A2000FB6923F00103BB647B681B681433BA6CF9
:106A3000FA62BB62B96AFA6A41E800237B627B6A48
:106A4000002BE5D17B681B6B012B19D17B681B6880
:106A50000C33FB60FB6853E8003FBB60BB6823F06E
:106A600010037B647B681B680C337A6CBA617B61B2
:106A70007969BA6941E800233B613B69002BE5D1A4
:106A80007B68202283F842207B6800221A6300BFC3
:106A90005437BD4680BC704780B584B000AF786085
:106AA0007B681B681B6923F440517B68DA687B684C
:106AB0001B680A431A617B689A687B681B691A43E2
:106AC0007B685B691343BB607B681B68DB6823F4EE
:106AD000B05323F00C037A681268B9680B43D36093
:106AE0007B681B685B6923F440717B689A697B68EB
:106AF0001B680A435A617B681B682C4A934203D186
:106B0000FEF746FEF86002E0FEF72EFEF860FA6837
:106B100013469B0013449A001A447B685B689B00F1
:106B2000B2FBF3F3224AA2FB03235B091901FA68C3
:106B300013469B0013449A001A447B685B689B00D1
:106B4000B2FBF3F21A4BA3FB02035B09642000FBC8
:106B500003F3D31A1B013233154AA2FB03235B094B
:106B600003F0F0031944FA6813469B0013449A009B
:106B70001A447B685B689B00B2FBF3F20C4BA3FBEF
:106B800002035B09642000FB03F3D31A1B013233B9
:106B9000074AA2FB03235B0903F00F027B681B6813
:106BA0000A449A6000BF1037BD4680BD00380140DE
:106BB0001F85EB51002B2DE9F0471D46BBBF03F1AC
:106BC00000431D4600232D2388B01446B8BF144649
:106BD000129A109E1370149BDDF84CA023F020082D
:106BE000B8F1460F05D0B8F1450F00D101360223A8
:106BF00000E0032307AA049206AACDE902A2CDE988
:106C0000003622462B4601F0CFFEB8F1470F07466B
:106C100019D1119BDB070ED500EB060900220023DA
:106C200020462946F9F7C0FE08B1CDF81C90302265
:106C3000079B4B451ED33846079B159ADB1B1360F9
:106C400008B0BDE8F087B8F1460F00EB0609E5D1C2
:106C50000378302B0AD10022002320462946F9F779
:106C6000A3FE18B9C6F10106CAF80060DAF80030D0
:106C70009944D3E7591C07911A70D9E7F7B5002951
:106C8000B6BF2D232B23494209290270437029DD09
:106C90000DF107031D460A27B1FBF7F61A4607FB5D
:106CA0001614303402F8014C0C46632C314603F1C3
:106CB000FF33F1DC3031941E03F8011C2346411CE4
:106CC000AB420AD30DF109039B1AAC4288BF0023E3
:106CD00002330344181A03B0F0BD13F8016B01F836
:106CE000016FEDE7302330318370C170031DF1E790
:106CF0002DE9F04F91B00C46DDF8688016461F462E
:106D0000054601F06FFD036818460893F9F720FA6D
:106D100000230E93D8F800300990073323F00703BF
:106D200003F1080294F818A0D4F800B0C8F80020C5
:106D3000D3E9008929F000430B93CDF828804FF068
:106D4000FF32DDE90A01C4E912899C4BF9F75EFEC6
:106D500070BBDDE90A014FF0FF32984BF9F738FEBE
:106D600030BB0022002340464946F9F727FE10B108
:106D70002D2384F84330924A924BBAF1470F94BFC7
:106D80009046984603234FF0000923612BF004033B
:106D9000236033462146284600970FAA00F0D4F915
:106DA000013040F090804FF0FF3011B0BDE8F08F1F
:106DB00042464B4640464946F9F728FE48B14B4605
:106DC000002BB8BF2D23804AB8BF84F843307F4BD7
:106DD000D3E763680AF0DF015A1C3FD106236360E2
:106DE00000224BF48063236006920EAACDE904A230
:106DF0000DAA03920DF13302CDE9013263684246D8
:106E0000009328464B460A91FFF7D4FE0A99804624
:106E100047290D9928D1C81C02DB6368994240DDDF
:106E2000AAF1020A5FFA8AFA5246013904F15000C7
:106E30000D91FFF723FF0E9A81461318012A236153
:106E400002DC2268D20701D5013323619DF833307B
:106E5000002B9ED02D2384F843309AE74729BFD1D9
:106E6000002BBDD10123BAE7BAF1650FDCD9BAF125
:106E7000660F18D1002963680BDD216113B9226800
:106E8000D00702D501330B4423614FF00009A165FF
:106E9000DCE713B92268D20701D50233F4E70123F6
:106EA000F2E74FF0670A0E9B994205DB23682161E8
:106EB000D807EAD54B1CE7E70029CCBF0122C1F176
:106EC00002021344E0E723685A0507D423694246C7
:106ED00031462846B84701302BD164E7BAF1650F37
:106EE00040F2DC80D4E9120100220023F9F75CFDB6
:106EF000002833D0012331462846354AB8470130AF
:106F00003FF451AFDDE90D38434502DB2368D80774
:106F10000FD5DDE9082331462846B84701303FF454
:106F200042AF4FF0000908F1FF3804F11A0AC845D2
:106F300009DC23689B0700F10281E0680F9B9842FF
:106F4000B8BF184631E70123524631462846B847B4
:106F500001303FF428AF09F10109E8E70D9B002B50
:106F600038DC012331462846194AB84701303FF43E
:106F70001AAFDDE90D3959EA030302D12368D907B5
:106F8000D7D5DDE9082331462846B84701303FF41C
:106F90000AAF4FF0000A04F11A0B0D9B5B425345F8
:106FA00001DC4B4693E701235A4631462846B84751
:106FB00001303FF4F8AE0AF1010AEEE7FFFFEF7F80
:106FC0001AB400081EB4000822B4000826B4000851
:106FD0002AB40008A36DDDF838A05345A8BF534676
:106FE000002B994636DC4FF0000B29EAE97904F1D1
:106FF0001A02A36D0A93A3EB09035B4531DC0D9BD9
:107000009A453ADC2368DA0737D40D9BAAEB0309CB
:107010000A9BAAEB03039945A8BF9946B9F1000F53
:1070200033DC4FF0000829EAE97904F11A0B0D9BD3
:10703000AAEB0303A3EB090343457FF77AAF0123D0
:107040005A4631462846B84701303FF4ACAE08F105
:107050000108ECE7424631462846B8470130C2D124
:10706000A1E60123314628460A92B84701303FF491
:107070009AAE0A9A0BF1010BBBE73146DDE9082312
:107080002846B8470130C0D18DE60A9A4B463146B2
:1070900028464244B8470130C3D184E6DDF838A021
:1070A000BAF1010F01DCDB0736D501234246314638
:1070B0002846B84701303FF476AEDDE90823314673
:1070C0002846B84701303FF46EAED4E912010022E1
:1070D00000230AF1FF3AF9F767FCC0B9534608F1FB
:1070E000010231462846B84701300CD15BE6012346
:1070F0005A4631462846B84701303FF454AE08F1AD
:107100000108D045F3DB4B4604F15002E0E64FF0B6
:10711000000804F11A0BF4E701234246E1E70123DA
:107120004A4631462846B84701303FF43CAE08F1A4
:107130000108E3680F995B1A4345F0DCFDE64FF068
:10714000000804F11909F4E72DE9F04716469846BE
:107150008A680B6907469342B8BF1346336091F8BB
:1071600043200C46DDF820900AB1013333602368D8
:10717000990642BF336802333360256815F006056F
:1071800006D104F1190AE36832689B1AAB422BDC82
:1071900094F843302268003B18BF0123920630D494
:1071A0004146384604F14302C847013023D02368E2
:1071B000226903F00603042B14BF002533684FF047
:1071C000000608BFE56804F11A0408BFED1A54F878
:1071D000123C08BF25EAE5759342C4BF9B1AED181F
:1071E000B5421AD1002008E00123524641463846F4
:1071F000C847013003D14FF0FF30BDE8F0870135BB
:10720000C1E73020E11881F843005A1C94F845107A
:107210002244023382F84310C2E70123224641464A
:107220003846C8470130E6D00136D9E72DE9FF4797
:107230000F7E9146782F80460C469A460C9E01F1AF
:10724000430207D8622F0AD8002F00F0D380582FAE
:1072500000F0BA8004F1420684F842703AE0A7F1E7
:107260006303152BF6D801A151F823F0C57200086D
:10727000D97200085572000855720008557200084E
:1072800055720008D972000855720008557200083E
:107290005572000855720008DB730008037300087C
:1072A000957300085572000855720008FD730008B8
:1072B00055720008037300085572000855720008E3
:1072C0009D73000833681A1D1B68326004F1420682
:1072D00084F8423001239EE033682068191D316034
:1072E000060601D51D6803E04506FBD5B3F900503D
:1072F000002D03DA2D236D4284F843300A235948C8
:1073000011E021683368080653F8045B02D449068B
:1073100048BFADB26F2F336014BF0A230823514812
:10732000002184F843106668002EA8BF2168A6607B
:10733000A4BF21F0040121600DB9002E4BD01646E8
:10734000B5FBF3F103FB1157C75D06F8017D2F462E
:10735000BB420D46F4D9082B0BD12368DF0708D5B3
:10736000236961689942DEBF302306F8013C06F1CB
:10737000FF36921B22614B4621464046CDF800A0C5
:1073800003AAFFF7E1FE01304AD14FF0FF3004B00D
:10739000BDE8F087236843F0200323607827324854
:1073A00084F84570236831681F0651F8045B02D4E5
:1073B0005F0648BFADB23160D90744BF43F0200338
:1073C00023601DB11023ABE72648E9E7236823F0CB
:1073D00020032360F6E71646BDE733682568181DCD
:1073E000616930602E061B6801D5196002E06806ED
:1073F000FBD51980002316462361BCE733680021C2
:107400001A1D32601E686268304601F01CFA08B12D
:10741000801B606063682361002384F84330AAE71F
:107420003246494640462369D0470130ADD02368F3
:107430009B0713D4E068039B9842B8BF1846A6E7A1
:107440000123324649464046D04701309DD00135A0
:10745000E36803995B1AAB42F2DCEBE7002504F129
:107460001906F5E72CB400083DB400082DE9F04FEB
:1074700087B003938B6817465A1EB2F5AE7F82BF62
:107480006FF4AE7503EB050B40F25D130A464FF047
:10749000000588BF8B600B68804643F4F06342F8B8
:1074A0001C3B0C4698BF4FF0000B1646AA46A94657
:1074B000CDE9045501920295A26852B13B681B7850
:1074C0004E2B65D8402B3DD8A3F12B01C8B20E2816
:1074D0003BD9B9F1000F03D0236823F480732360F4
:1074E0000AF1FF3ABAF1010F00F21881019B9E42A6
:1074F00000F20981012007B0BDE8F08FA3F161021D
:107500000D2AE6D801A151F822F000BF53760008F9
:10751000D3740008D3740008D3740008B37600084D
:107520008B760008D3740008D374000861760008D5
:10753000D3740008D3740008D3740008D37400080F
:1075400019760008A3F14102DAE70E29C1D801A09B
:1075500050F821F009760008D37400080976000875
:107560009F760008D3740008B1750008EF75000815
:10757000EF750008EF750008EF750008EF7500085B
:10758000EF750008EF750008EF750008EF7500084B
:107590006E2B09D8602BB1D8542B7BD0592B98D1A6
:1075A000072D96D108252CE0742B73D0792BF6E7A4
:1075B0002168C8051BD521F08001216009F101096E
:1075C000BBF1000F03D001320BF1FF3BA260A368B7
:1075D000013BA3602369013323617B68013B002BDE
:1075E0007B6040F387803B6801333B6064E71AEBC4
:1075F00005017FF46EAF0D468A46226822F4C07200
:10760000226006F8013BE2E7226810067FF561AFD1
:1076100022F080022260F4E7BAF1000F0ED1B9F136
:10762000000F0ED1226802F4E061B1F5E06F08D1DD
:1076300022F4F0624FF0010A2260E2E7BAF1020F91
:1076400055D0012D02D0042D7FF443AF0135EDB2AA
:10765000D7E7BAF1010F7FF43CAF4FF0020AD0E751
:107660007DB9B9F1000F7FF437AF226802F4E06111
:10767000B1F5E06F40F0038122F4F0620125226051
:10768000BFE7032DE2D0052DDEE7022D7FF421AF09
:107690000325B6E7062D7FF41CAF0725B1E7226866
:1076A00091057FF516AF22F420722260CDF8089084
:1076B000A7E7226802F4A061B1F5806F06D05005FB
:1076C0007FF507AFB9F1000F00F0D980910558BFE1
:1076D000029922F4F06258BFA9EB010142F4C07292
:1076E0004FF0000958BFCDE90416226089E74FF03A
:1076F000030A86E739464046D4F880319847002887
:107700003FF4DAAEE5E6D4F87C313A46404616F866
:10771000011D98472369013B2361E7E66B1E062B99
:1077200024D8022D36D8019B9E427FF6E3AED4F8D2
:107730007C313A46404616F8011D98472369013BC3
:107740002361F0E7D4F87C313A4640461BF8011D2E
:1077500098472369013B23610AF1FF3A5FFA8AFAED
:10776000BAF1020FEED1033DEDB2761B2368DA05C4
:1077700030D55B0511D5019B9E427FF6BBAED4F898
:107780007C313A46404616F8011D98472369013B73
:107790002361F0E7AA46B346DEE716F8011C236929
:1077A000652903F1FF3306F1FF3523610CD045292C
:1077B0000AD0D4F87C313A4640469847236916F8F7
:1077C000021C013BB51E23613A464046D4F87C3189
:1077D00098472E46226812F0100201D000208AE657
:1077E0003270236803F4C063B3F5806F1CD1029B31
:1077F0004B45A3EB090223D100224046019900F03A
:1078000037FF039B25681B6815F0020F06460F46DD
:1078100003F104021FD003990A601B68C3E90067E3
:10782000E3680133E360D9E7049B002BE4D00599BA
:107830000A234046013100F09BFF049B059EC21ABB
:1078400004F26F139E4228BF04F5B77630460D4907
:1078500000F050F8D0E76D07DDD4039D2A601D6865
:1078600002460B46F9F7D2F820B1074801F00EF8AE
:107870002860D5E730463946F9F726F9F8E74FF0A2
:1078800000092DE64EB4000843B800080CB430B52A
:10789000174B0C1E1D689DB008DA8B234FF0FF308C
:1078A0002B601DB0BDE8304002B070474FF402734A
:1078B000ADF814300CBF234604F1FF330493079353
:1078C0004FF6FF7302900690ADF81630284621ABB4
:1078D000209A02A9019302F0C3F9431CBCBF8B2379
:1078E0002B60002CDDD00022029B1A70D9E700BF6C
:1078F000A00100200EB46FF0004100B59CB01DAB9C
:1079000002900690079104910848094953F8042B06
:107910000591006802A9019302F0A2F90022029BDE
:107920001A701CB05DF804EB03B07047A001002092
:107930000802FFFF002310B50446C0E90033C0E988
:107940000433836081814366C281836119460822C2
:107950005C3000F03FFF0D4B246263620C4BA3626E
:107960000C4BE3620C4B23630C4B9C4206D003F19F
:107970006802944202D0D0339C4205D104F15800F1
:10798000BDE8104000F05CBF10BD00BF85AA000834
:10799000A7AA0008DFAA000803AB000830040020F3
:1079A000024A0349034800F0E5BE00BF280000205A
:1079B000D1A00008A401002041680C4B10B59942E9
:1079C000044601D002F084FBA168094B994202D021
:1079D000204602F07DFBE168064B994204D0204628
:1079E000BDE8104002F074BB10BD00BF30040020A1
:1079F000980400200005002010B50B4B0B4C0C4ADE
:107A000020461A6004210022FFF794FF04F1680069
:107A100001220921FFF78EFF04F1D0000222BDE808
:107A200010401221FFF786BF6805002030040020B7
:107A3000A1790008014800F004BF00BF6D050020D7
:107A4000014800F0FFBE00BF6D05002010B50446E0
:107A5000FFF7F0FF236A1BB1BDE81040FFF7F0BF4E
:107A6000044B2362044B1B68002BF5D1FFF7C4FFC6
:107A7000F2E700BFB9790008680500202DE9F04160
:107A80000F46904602F0CAFE04460D46B8F1000FBC
:107A900011D0C7F30A53C3F16B03002B0BDD002495
:107AA0001B0503F17F5505F5401522462B46F8F7D7
:107AB00013FD04460D4620462946BDE8F08100002E
:107AC0002DE9F04F9FB0179200220C461A924FF00A
:107AD000000A4FF0000B0A460590199211782B29E5
:107AE00048D036D80D2930D8082930D8002939D0C7
:107AF00000220B92199D2A78302A40F0B1806A78D2
:107B000002F0DF02582A6CD102930B9B8E4A01933C
:107B10001AAB009305981BAB19A901F075FD10F085
:107B20000F06044605D0062E26D1002301351995EF
:107B30000B93179B002B40F084850B9BBBB15046E9
:107B40000BF100411FB0BDE8F08F2029D0D10132E8
:107B5000C3E72D29CCD101210B91511C19915278E9
:107B6000002AC7D1179B1994002B40F06885504616
:107B70005946E7E70021EFE71A9A3AB135211CA8E8
:107B800002F03CFF1A99059802F016FB013E1B9A81
:107B9000042E06D8DFE806F014031D201400DDE9EA
:107BA0001CABE10548BF4BF0004B2BF000431B0D15
:107BB0001B05002BBDD100F019FE22230360B8E79E
:107BC00002F23342DDE91CA323F4801343EA025B93
:107BD000E7E7DFF878B1E4E76FF0004B4FF0FF3AEA
:107BE000DFE7199B5A1C19925B78302BF9D0002BD8
:107BF0009FD001230993199B0A220C9300231F464F
:107C000008930A9319980578A5F13003D9B2092988
:107C100028D901224E4900F0CBFD002832D00020A7
:107C20002A4681463D460346652A01D0452A14D19D
:107C30001DB9099A024395D00025199C621C19921E
:107C400062782B2A77D02D2A7BD04FF0000CA2F13E
:107C50003001092940F2828019944FF00008A2E017
:107C60000023C7E7082FD5BF0A99089902FB013303
:107C700002FB013300F10100D4BF0A9308930137DE
:107C80001990BFE7199B5A1C19925A787FB3814605
:107C90003D46A2F13003092B12D90123C4E7199BF9
:107CA00001305A1C19925A78302AF8D0A2F13103C7
:107CB000082B00F2CB84814600200546199B0C93CB
:107CC000303A00F101032AD099440A212B4600EBF7
:107CD000050C63450DD1691C01442844082816DCB5
:107CE0000A230A9803FB00230A93002318E038466E
:107CF000DAE7082B03F1010303DC0A9E4E430A96E0
:107D0000E7E7102BDEBF089E4E430896E1E70F28F9
:107D1000EBDC0A23089803FB00230893E5E72946D8
:107D2000199A0D46501C199052781846B1E74FF039
:107D3000000901237DE74FF0000CA21C1992A278E4
:107D400085E74FF0010CF8E76CB400080000F07F05
:107D500053B40008199A511C19915278302AF9D05D
:107D6000A2F1310108293FF678AF4FF00A08303A06
:107D70000E92199A0F92199A561C19965278A2F1DE
:107D8000300EBEF1090F39D90F9944F61F68761AE3
:107D9000082E03DC0E998845A8BF8846BCF1000F69
:107DA00001D0C8F10008002D4ED1099908437FF495
:107DB000C0AE002B7FF4D6AE692A28D025DC492A34
:107DC00025D04E2A7FF4CEAE9A4919A801F03EFE86
:107DD00000283FF4C7AE199B1B78282B2ED196495B
:107DE0001CAA19A801F046FE052827D11D9BDDF825
:107DF00070A043F0FF4B4BF4E00B9AE60E9908FBA2
:107E00000121A1F130020E92B5E76E2ADAE78B4923
:107E100019A801F01BFE00283FF4A4AE199B884965
:107E2000013B19A8199301F011FE10B9199B0133F8
:107E300019934FF0000ADFF80CB27AE6824800F09E
:107E40001FFD82468B4674E6A8EB0903002F08BF8E
:107E50002F460A98102D2C460993A8BF1024F8F736
:107E6000C1FA092D82468B4611DC099B002B3FF499
:107E700060AE099B76DD162B5DDC7449524601EB42
:107E8000C3015B46D1E90001F8F726FBD9E76F4B48
:107E900003EBC40353E91223F8F71EFB824608984C
:107EA0008B46F8F79FFA02460B4650465946F8F7BC
:107EB0005DF90F2D82468B46D7DD099B2C1B1C4498
:107EC000002C40F3968014F00F030AD05F4952460D
:107ED00001EBC301D1E900015B46F8F7FDFA8246E8
:107EE0008B4634F00F0473D0B4F59A7F48DD00243C
:107EF000A046A1460A9422234FF0000A059ADFF813
:107F000044B113600A9B002B3FF413AE1A990598F5
:107F100002F052F94946059802F04EF9414605989B
:107F200002F04AF90A99059802F046F921460598A7
:107F300002F042F9FDE5099AC5F125039342BCDB45
:107F4000424CC5F10F0504EBC5015246D1E90001D1
:107F50005B46F8F7C1FA099B5D1B04EBC504D4E945
:107F6000002391E71633A8DB384BA9EB080803EB95
:107F7000C8085046D8E900235946F8F7D7FB60E710
:107F8000334B50460893002359461E462411012CBA
:107F900021DC0BB182468B462D49ABF1547B01EBC2
:107FA000C6015246D1E900015B46F8F795FA254B28
:107FB0000A460B40274982468B4298D8A1F580118A
:107FC0008B4286BF4FF0FF3ADFF88CB002F1547B52
:107FD000002308937AE0E20705D5089BD3E9002344
:107FE000F8F77AFA0123089A0136083264100892E9
:107FF000CDE7EDD0644214F00F020AD0134B504687
:1080000003EBC2035946D3E90023F8F78FFB8246FE
:108010008B462411DCD01F2C20DD0024A046A14675
:108020000A942223059A4FF0000A4FF0000B1360C8
:1080300068E700BF27B4000858B400081FB4000860
:10804000B4B500080000F07F43B8000840B700084E
:1080500018B700080000A07CFFFFEF7F14F01003AA
:1080600018BF6A235046089359460023A94EE207D9
:1080700004D5D6E90023F8F72FFA0123641006F19E
:108080000806F4D10BB182468B46089BB3B1CBF303
:108090000A52C2F16B03002B59460FDD1F2B57DD2F
:1080A000342BD8BF4FF0FF334FF0000ACFBF4FF053
:1080B0005C7BC2F14B02934003EA010B00220023D8
:1080C00050465946F8F770FC0028A6D10A9B3A465C
:1080D00000930C992B46059802F0D6F80A900028D8
:1080E0003FF405AF0024099AA9EB0803002AA8BFB2
:1080F0000023A046129322EAE27316930A9B059886
:10810000596802F019F8814600283FF4F4AE0A9B42
:108110000C301A6903F10C010232920000F0A1FB4D
:108120001CAB01931BAB009352465B460598CDE90F
:108130000CAB02F0DBFB1A9000283FF4DCAE01210F
:10814000059802F037F9804648B94FF00008D2E6AA
:108150004FF0FF3202FA03F303EA0A0AAEE71B9D6F
:108160001C9A002DABBF129B169BEF185E1B089B41
:10817000A8BF169EA5EB03051544674B05F1FF3517
:10818000B8BF129F9D42C2F1360250DA5B1B1F2B13
:108190004FF00101A2EB03023DDC01FA03F313935C
:1081A00000231093BD18089BAF4216441E443B4663
:1081B000A8BF2B46B342A8BF3346002BC2BFED1A5F
:1081C000F61AFF1A129B002B16DD41461A46059837
:1081D00002F0AEF980460028B7D001461A9A0598F9
:1081E00002F0FEF80E9000283FF485AE1A9905982B
:1081F00001F0E2FF0E9B1A93002D1DDC099B002B62
:1082000023DD4946169A059802F092F98146E0B9B5
:108210004FF000096FE6C5F17F4505F57F0505F5CF
:108220007B45E23501FA05F310931391BAE7002379
:10823000109301231393B5E72A461A99059802F083
:10824000D1F91A900028D9D155E6002E07DD49460C
:108250003246059802F0C6F981460028D8D0002F92
:1082600008DD41463A46059802F0BCF980460028F0
:108270003FF441AE4A461A99059802F03BFA04468B
:1082800000283FF438AEC36841460F930023C36013
:1082900002F014FA002845DA0F9B53EA0A036BD167
:1082A000CBF31303002B67D12BF000431B0D1B05F1
:1082B000B3F1D66F60D9636913B92369012B5BDD14
:1082C00021460122059802F08DF94146044602F04C
:1082D000F5F9002850DD2BF00043089A1B0D1B0513
:1082E000002A6AD0B3F1D66F67D8B3F15C7F7FF60E
:1082F00098AE50465946094B0022F8F7EDF8084B66
:1083000082460B408B46002B7FF400AE2223059A59
:108310001360FBE580B4000802FCFFFF0000503949
:108320000000F07FCDF838B065D10F9ACBF313037E
:108330005AB3994A93422BD1089B514603B35A46EC
:10834000964B1340B3F1D46F4FF0FF321BD81B0D87
:10835000C3F16B0302FA03F3994219D1904B0E9AC1
:108360009A4202D101313FF4C6AD4FF0000A8B4B67
:108370000E9A1A4002F5801B089B002BB9D1C5E567
:108380004FF0FF33E8E71346E6E753EA0A03A2D0CB
:10839000109BDBB10E9A1342EED00F9B504659460C
:1083A000089ABBB1FFF76AFB02460B46DDE90C01F8
:1083B000F7F7DCFE82468B46DEE7A3F580136FEA13
:1083C000135B4FF0FF3A6FEA0B5BD5E7139B13EAA1
:1083D0000A0FE1E7FFF752FB02460B46DDE90C010D
:1083E000F7F7C2FE0022002382468B46F8F7DCFA3C
:1083F0000028C1D015E64146204602F0CFFA0022FF
:108400004FF0804306460F46F8F7E2FA00286DD099
:108410000F9B002B78D1BAF1000F56D10E9BC3F3FE
:108420001303002B58D10022304639465D4BF8F734
:10843000C5FA002857D13046394600225A4BF8F782
:108440004BF806460F4607F1004306960793DDE911
:108450000623524DCDE910230E9B1D40534B9D42E8
:1084600040F0AA800E9B5046A3F1547B594602F07F
:10847000D5F9DDE90623F8F72FF852465B46F7F702
:1084800075FE0B4645494A4A19409142824642D9F7
:108490000D9A434B9A4203D10C9B01333FF42BAD11
:1084A0004FF0FF3ADFF8F8B01A99059801F084FE12
:1084B0004946059801F080FE4146059801F07CFE92
:1084C0002146059801F078FE18E6BAF1010F03D1B4
:1084D0000E9B002B3FF4A5AD0022364B0026CDE9C4
:1084E0000623304FB3E700262F4FACE7304639461E
:1084F0002D4B0022F7F7F0FF0F9B06460F46002B8F
:10850000A1D0CDE90667A2E70022264B16461F46FA
:10851000CDE906239BE703F1547B089BCDF838B0E7
:10852000002BC1D12BF000431B0D1B059D42BBD17D
:1085300030463946F8F718FBF7F7A0FF02460B461E
:1085400030463946F7F710FE0B460246CBF31306CA
:10855000CDE90C230F9B46EA0A061E4369D00AA305
:10856000D3E90023F8F72AFA00287FF4CFAC08A358
:10857000D3E90023DDE90C01F8F73EFA002893D097
:10858000C4E400BFAFF300809535A094FFFFDF3F48
:1085900035E5AF350000E03FFFFF0F000000F07F42
:1085A000FFFFEF7F0000F03F0000E03F0000E07FB2
:1085B000FFFF9F7C0000F0BF089B23B3B5F1D46F91
:1085C00021D827A3D3E9002330463946F8F700FA2B
:1085D000A0B139463046F8F757FA012838BF0120D4
:1085E000F7F700FF0F9B06460F46FBB901F100436A
:1085F00014901593DDE91423CDE91023119B03F1A9
:10860000D6635B1B1193DDE90C01DDE910AB02F0D1
:1086100005F902460B4650465946F7F75DFFDDE97E
:108620000C23F7F7A3FD82468B4676E7CDE9146766
:10863000E0E70DA3D3E90023F8F7C0F99EE7002394
:108640000B93199B179A1360FFF777BA652A3FF4CB
:108650006EAB452A3FF46BAB0123FFF7A6BB00BF0F
:108660000000C0FFFFFFDF419535A094FFFFCF3F23
:10867000014BFFF725BA00BF34000020242B2DE961
:10868000F0478646904601D8012B06D100F0AEF89F
:10869000162303600020BDE8F0870D4633482A46C4
:1086A00015F8014B065D16F00806F8D12D2C2DD1DA
:1086B00001262C78951C33F0100209D1302C2AD1D8
:1086C0002A7802F0DF02582A25D110236C7802356F
:1086D000002206F1004C0CF1FF3CBCFBF3F9104604
:1086E00003FB19CAA4F13007092F1BD83C46A3424B
:1086F00027DD571C07D0814520D301D1A2451DDBC2
:10870000012200FB034015F8014BEBE72B2C04BFC3
:108710002C78951CCFE7002BDAD1302C0CBF082326
:108720000A23D5E7A4F14107192F01D8373CDEE72A
:10873000A4F16107192F04D8573CD8E74FF0FF3256
:10874000E1E7531C08D122236046CEF80030B8F18F
:10875000000FA0D0691E06E006B14042B8F1000F3C
:1087600099D0002AF6D1C8F8001094E7B1B40008F7
:10877000FFF784BF2DE9F8430746884614460026D4
:10878000D4E90195B9F1010905D52468002CF7D188
:108790003046BDE8F883AB89012B07D9B5F90E3017
:1087A000013303D029463846C04706436835E9E718
:1087B00010B56AB10139841810F8012B11F8013F86
:1087C0009A4203D1A04201D0002AF5D1D01A10BD9F
:1087D0001046FCE703460244934200D1704703F879
:1087E000011BF9E70048704724010020014B18687D
:1087F000704700BFA001002070B500260C4D0D4C45
:10880000641BA410A64209D102F060FD00260A4DA7
:108810000A4C641BA410A64205D170BD55F8043B58
:1088200098470136EEE755F8043B98470136F2E7E2
:108830004CB800084CB800084CB8000850B8000804
:10884000704770477047034610B5C9B2024493425F
:10885000184601D1002003E0047801338C42F6D1A0
:1088600010BD0A44914200F1FF3300D1704710B5AA
:1088700011F8014B914203F8014FF9D110BD0000EE
:1088800000200149704700BF0000F87F0048704792
:108890000000C07F2DE9F74F03690C690746A3422A
:1088A0007EDB013CA30000F1140501F114080093E4
:1088B00005EB8403019358F8243055F82420013344
:1088C0009A42B2FBF3F608EB84092ED34FF0000A6C
:1088D000C446AE46D3465CF8043B98B206FB00A003
:1088E0001B0C020C06FB0323DEF8002080B292B2C0
:1088F000121A5A44DEF800004FEA134A9BB2C3EB47
:10890000224303EB104392B242EA0342E1454FEAAD
:10891000234B4EF8042BDED2009BEB582BB9019B66
:10892000043B9D421A462FD33C61384601F0C6FEF7
:10893000002825DB2946002058F8042BD1F800C078
:108940001FFA82FE1FFA8CF3A3EB0E030344120CF2
:10895000C2EB234202EB1C429BB243EA0243C145F5
:108960004FEA224041F8043BE6D255F8242005EBBB
:10897000840322B9043B9D421A460BD33C61013665
:10898000304603B0BDE8F08F1268043B002ACBD11B
:10899000013CC6E71268043B002AEFD1013CEAE73C
:1089A0000020EEE7000000002DE9F04F14461D46C0
:1089B000C76997B08346CDE90245239E7FB9102051
:1089C00001F04AFA0246CBF81C0020B9EF21A84B6F
:1089D000A84802F045F9C0E901770760C760DBF8F5
:1089E0001C30196859B15A68012393404A608B6062
:1089F000584601F0E1FB0022DBF81C301A602B1E08
:108A0000AFBF0023012223F000430393A8BF3360CC
:108A1000DDF80C80984BB8BF326033EA080312D1FE
:108A200042F20F73229A1360C8F31303234300F03A
:108A30005085249BDFF844A2002B00F052850AF1F8
:108A4000030300F04CBDDDE90223CDE90C23DDE991
:108A50000C0100220023F7F7A7FF074658B10123B6
:108A6000229A1360249B13B1854B249A1360DFF87C
:108A700014A200F036BD14AB019315AB0093584619
:108A8000DDE90C2301F032FFC8F30A568146002EBF
:108A900077D0DDE90C010D9BA6F2FF36C3F313037B
:108AA00043F07F5343F44013129719460022764B4C
:108AB000F7F75AFB68A3D3E90023F7F70DFD68A386
:108AC000D3E90023F7F752FB044630460D46F7F78B
:108AD00099FC65A3D3E90023F7F7FEFC02460B4699
:108AE00020462946F7F742FB04460D46F7F7A4FF58
:108AF00000220746002320462946F7F75FFF40B1D2
:108B00003846F7F77FFC22462B46F7F74DFF00B9B2
:108B1000013F162F53D8DDE90C015C4B03EBC70373
:108B2000D3E90023F7F74AFF00284AD00023013F8A
:108B30000F93149B9B1B5A1E46BFC3F101080023D1
:108B40004FF00008099248BF0993002F3BDB099BB7
:108B50000E973B44099300230A93209B092B66D868
:108B6000052BC4BF043B2093209BC8BF0024A3F166
:108B70000203D8BF0124032B64D8DFE803F02B38AD
:108B80003656DDE914631E4406F23243202BC1BF82
:108B9000C3F1400308FA03F806F2124324FA03F380
:108BA000D6BFC3F1200348EA030004FA03F0F7F745
:108BB00019FC0122A1F1F873013E129275E701231D
:108BC000B6E70F90B5E77B420A930023A8EB0708AE
:108BD0000E93C2E700230B93219B002B35DC01236E
:108BE0001A46CDE9073321920BE00123F3E7002376
:108BF0000B93219BFB1808930133012B0793B8BFFC
:108C0000012300210422DBF81C0002F114059D421F
:108C10001FD94160584601F08FFA8246002839D1A9
:108C2000024640F2AF111A4BD2E60123E0E70124DD
:108C300000230B9420934FF0FF330022CDE907333C
:108C40001223D0E701230B93F5E7219BCDE90733EE
:108C5000D7E701315200D8E761436F63A787D23F5E
:108C6000B3C8608B288AC63FFB799F501344D33F1B
:108C7000BEB50008D5B500080000F07FBAB5000801
:108C80002BB400082AB400080000F83F40B70008E1
:108C90002DB60008DBF81C301860079B0E2B00F285
:108CA000A480002C00F0A180002F33DD864B07F05C
:108CB0000F0203EBC203F805D3E90034CDE9043415
:108CC0004FEA271416D5DDE90C01804B0326D3E9C2
:108CD0000823F7F72BFDCDE9020104F00F047B4DCB
:108CE00054B9DDE90423DDE90201F7F71FFDCDE901
:108CF000020128E00226F2E7E10708D5DDE90401D8
:108D0000D5E90023F7F7E8FBCDE90401013664104B
:108D10000835E5E700F0D280DDE90C017C426A4BC2
:108D200004F00F0203EBC203D3E90023F7F7D4FBEF
:108D300002260023CDE90201644D2411002C40F0ED
:108D4000B280002BD3D1DDE902450F9B002B00F050
:108D5000B7800022204629465D4BF7F72FFE0028FA
:108D600000F0AE80079B002B00F0AA80089B002B30
:108D700037DD7B1E2046049300222946554BF7F72A
:108D8000ABFBCDE90201089C01363046F7F73AFB10
:108D9000DDE90223F7F7A0FB00224F4BF7F7E6F9D6
:108DA0000546A1F15076002C40F09A80DDE90201E1
:108DB00000224A4BF7F7D8F902460B46CDE90223C9
:108DC0002A463346F7F718FE002840F08E82DDE988
:108DD00002012A4606F10043F7F7F0FD002840F0B3
:108DE0002781DDE90C34CDE90234159B002BC0F25C
:108DF00063810E2F00F36081334B03EBC703D3E98C
:108E00000034CDE90434219B002B03DA079B002BAF
:108E100040F30081DDE902455646DDE904232046A2
:108E20002946F7F783FCF7F707FE8046F7F7EAFADB
:108E3000DDE90423F7F750FB02460B46204629469E
:108E4000F7F792F908F13004079D06F8014BA6EBFD
:108E50000A04A54202460B4640F01681F7F786F950
:108E6000DDE9042304460D46F7F7C6FD002840F06F
:108E7000F880DDE9042320462946F7F795FD18B16F
:108E800018F0010F40F0ED804946584601F094F982
:108E900000233370229B01371F60249B002B00F0BE
:108EA00020831E601DE3E20705D5D5E90023F7F70F
:108EB00013FB01230136641008353FE7022642E721
:108EC000079C049761E700BF40B7000818B7000887
:108ED0000000F03F0000244000001C40000014404F
:108EE000704B0B9903EBC40353E90223544400294C
:108EF00045D000206C49F7F719FC33462A46F7F7AE
:108F000033F95646CDE91001DDE90201F7F794FD8A
:108F10000546F7F777FA02460B46DDE90201F7F757
:108F200023F902460B463035CDE90223DDE9102353
:108F300006F8015BF7F742FD002863D1DDE9022363
:108F400000205A49F7F710F9DDE91023F7F736FD4D
:108F5000002840F08780A6423FF443AFDDE91001CE
:108F60000022534BF7F7B8FA0022CDE91001DDE9F2
:108F700002014F4BF7F7B0FACDE90201C4E73146E1
:108F80002846F7F7A9FA5646CDE910011394DDE912
:108F90000201F7F751FD0546F7F734FA02460B4692
:108FA000DDE90201F7F7E0F802460B46303506F836
:108FB000015BA642CDE902234FF0000224D1DDE996
:108FC0001001394BF7F7D2F802460B46DDE90201F2
:108FD000F7F712FD002845D1DDE9102300203249C2
:108FE000F7F7C2F802460B46DDE90201F7F7E6FCA7
:108FF00000283FF4F6AE139E731E139316F8013C3F
:10900000302BF8D0049F3FE7294BF7F765FACDE9FD
:109010000201BCE70CD1DDE904010022254BF7F782
:109020005BFADDE90223F7F7DDFC002800F05B8145
:1090300000242546219B5646DB4304930027214606
:10904000584601F0B9F8002DDCD02FB1AF4203D063
:109050003946584601F0B0F82946584601F0ACF8B8
:10906000D0E7049733461E4613F8012D392A07D15D
:109070009A45F8D1049A0132049230228AF80020ED
:109080001A7801321A70BDE70022094BF7F724FA6B
:109090000022002304460D46F7F786FC00283FF423
:1090A000BCAEF1E640B700080000E03F0000F03F32
:1090B00000002440000014400B9A002A00F0DB80DE
:1090C000209A012A00F3BF80129A002A00F0B7808C
:1090D00003F2334346460A9C099A01211A44584632
:1090E0009844099201F066F905465EB1099B002B90
:1090F00008DDB342A8BF3346099AA8EB0308F61A65
:10910000D31A09930A9BF3B10B9B002B00F0B78095
:109110008CB129462246584601F00AFA4A460146D1
:109120000546584601F05CF949460490584601F05E
:1091300043F8049B99460A9B1A1B04D0494658469B
:1091400001F0F6F981460121584601F033F90E9BF2
:109150000446002B00F0C9811A460146584601F02A
:10916000E7F9209B0446012B00F38F80029B002B24
:1091700040F08780039BC3F31303002B40F08380F0
:10918000039B23F000431B0D1B052BB1099B08F12A
:1091900001080133099301230A930E9B002B00F071
:1091A000AA81236904EB8303186901F0B7F8C0F1C1
:1091B0002000099B184410F01F0071D0C0F120035B
:1091C000042B65DD099BC0F11C0003448044064468
:1091D0000993B8F1000F05DD49464246584601F0B3
:1091E00001FA8146099B002B05DD21461A465846A7
:1091F00001F0F8F904460F9B002B53D02146484656
:1092000001F05CFA00284DDA7B1E494604930A22DD
:109210000023584600F0F2FF0B9B8146002B00F024
:109220006C81002329460A22584600F0E7FF089B7C
:109230000546002B61DC209B022B3BDC5DE0149B90
:10924000C3F1360346E7079B5C1E0A9BA342BFBFE0
:109250000A9B0E9AE31AD218A8BF1C1B079BBEBF1D
:109260000A940E920024002BB5BFA8EB03064646D5
:109270000023079B30E746460A9C0B9D35E70A9A78
:109280005CE7002388E7029B86E700230A9388E7D0
:109290009FD0099A1C331A4498441E44099298E7B7
:1092A0000346F6E7079B0497002B20DC0893209BDE
:1092B000022B1EDD089B002B7FF4BCAE214605224D
:1092C000584600F09BFF01460446484601F0F6F977
:1092D00000287FF7AFAE3123564606F8013B049BCA
:1092E00001330493AAE6079C04972546F3E7079BFE
:1092F00008930B9B002B00F00481002E05DD29460E
:109300003246584601F06EF905460A9B002B5AD0AA
:109310005846696800F010FF064628B9024640F238
:10932000EF21834BFFF754BB2A6905F10C01023290
:1093300092000C30FFF795FA01223146584601F0B1
:1093400051F92F4605460AF101030793089B534440
:109350000B93029B03F001030A93079B2146013BF9
:1093600048460293FFF796FA3946089000F1300814
:10937000484601F0A3F92A4609902146584601F0D3
:10938000B9F9C268064602BB0146484601F096F9A3
:109390000246314658460C9200F00EFF209B0C9A74
:1093A000079E43EA02010A9B194310D1B8F1390F15
:1093B00029D0099B002B02DD089B03F13108029B99
:1093C00083F800803BE62846BBE70122E1E7099BE2
:1093D000002B04DB20990B430A990B4320D1002A70
:1093E000EDDD49460122584601F0FCF82146814650
:1093F00001F064F9002803DCE1D118F0010FDED0A0
:10940000B8F1390FD8D13923029A137033461E466A
:1094100016F8012C013B392A52D001321A700EE69F
:10942000002A07DDB8F1390FEDD0029A08F10103E7
:10943000137004E6079B079A03F8018C0B9B934279
:1094400028D0494600230A22584600F0D7FEAF42F2
:1094500081464FF000034FF00A023946584607D1C3
:1094600000F0CCFE07460546079B0133079374E7DF
:1094700000F0C4FE2946074600230A22584600F0A1
:10948000BDFE0546F0E7089B0027002BCCBF1E461B
:109490000126564449460122584601F0A3F82146C8
:1094A000814601F00BF90028B0DC02D118F0010F61
:1094B000ACD133461E4613F8012D302AFAD0BEE552
:1094C0009A45A4D1049B0133049331238AF80030D8
:1094D000B5E5249BDFF85CA01BB10AF10803249AD0
:1094E0001360504617B0BDE8F08F209B012B7FF72B
:1094F0003DAE0E9B0A9301205BE6089B002B7FF795
:10950000D6AE564621464846FFF7C4F900F130086A
:10951000089B06F8018BA6EB0A029342B3DD49468D
:1095200000230A22584600F069FE8146EAE700BFA0
:109530002DB60008B1B5000803692DE9F043B3EB7F
:10954000611F00F114044FEA611246DD11F01F01A2
:1095500004EB830604EB82050CD1294600F11007C9
:10956000B14235D39B1A9B00EA1E964238BF0023B6
:10957000234415E0A14654F82270C1F12008CF40E1
:1095800005F1040E7645F44616D89A1A9200043A6C
:109590000135AE4238BF0022A318A75007B10433EB
:1095A000A342A3EB040208BF00234FEAA202026118
:1095B00008BF4361BDE8F083DCF800C00CFA08FC8A
:1095C0004CEA070749F8047B5EF8047BCF40D9E7F3
:1095D00051F804CB47F804CFC2E72346E0E7A0F1F7
:1095E0003003092B02D82038C0B27047A0F16103C4
:1095F000052B01D84738F7E7A0F14103052B01D827
:109600002738F1E7002070472DE9F04F8A46904651
:1096100085B002930B6801909C1CA14614F8010BC5
:109620003028FAD0A9EB0303A3F1020BFFF7D7FF11
:109630000546002868D1012248469F49FFF7B8F83F
:109640000746002867D199F801002646FFF7C7FFB3
:10965000002862D0234618789946302803F1010388
:10966000F9D0FFF7BCFFB0FA80F54FF0010B6D09A0
:109670004A46164630780132FFF7B1FF0028F8D18C
:10968000012230468C49FFF793F800283FD144B9B6
:10969000741C2246164630780132FFF7A0FF0028DE
:1096A000F8D1A41BA700337803F0DF03502B3ED181
:1096B00073782B2B33D02D2B34D00024711C0878D9
:1096C000FFF78DFF431EDBB2182B30D8A0F110023C
:1096D00011F8010FFFF783FF00F1FF3C5FFA8CFCEC
:1096E000BCF1180F4FF00A031ED904B152421744BF
:1096F000CAF80010EDB1BBF1000F0CBF0625002524
:10970000284605B0BDE8F08F00252C46B0E7002CB8
:10971000C7D12746C7E74E462F460125C3E7002499
:10972000B11CCCE70124FBE703FB0200CEE7314686
:10973000DEE72946A6EB0903013B072B0ADC01986B
:1097400000F0FAFC044640B90246E4215B4B5C4859
:1097500001F086FA01315B10EFE7002300F1140AF3
:1097600055469B46B14537D345F804BBA5EB0A05E2
:10977000AD102561584600F0D1FD6D01D8F80060AC
:109780002D1AB54254DDAD1B2946204601F059F98A
:10979000814678B14FF001096B1E59115AF821101A
:1097A00003F01F0209FA02F20A4203D04B4536DCED
:1097B0004FF0020929462046FFF7BEFE2F44D8F895
:1097C0000830BB4242DA2146019800F0F5FC002344
:1097D0000E9AA325136093E716F8012D2E2A12D0B6
:1097E000202B04D145F804BB4FF0000B5B463078CA
:1097F0000393FFF7F4FE039B00F00F0098404BEA41
:10980000000B0433AEE7B145EAD8012230462A49BD
:109810000393FEF7CDFF039B0028E1D1A2E720468A
:10982000A91E01F00EF90028C2D04FF00309C1E7CC
:1098300009DA751B21462A46019800F0D3FE04463A
:109840007F1B00F1140A4FF00009B8E7D8F8045064
:10985000BD426FDDED1BAE4234DCD8F80C30022B7C
:1098600022D0032B24D0012B15D1AE4213D1012ECF
:109870000BD1D8F80430029A6225136001232361CA
:10988000CAF800300E9B1C603AE72046711E01F0BA
:10989000D8F80028EDD12146019800F08DFC002376
:1098A0000E9A502513602BE70F9B002BF3D1E0E7B6
:1098B0000F9B002BDDD1EEE753B400082DB6000856
:1098C0003EB600086F1EB9F1000F30D127B13946FE
:1098D000204601F0B6F8814601232946761B022571
:1098E0007A115AF8222007F01F07BB401342204686
:1098F00018BF49F00209FFF71FFED8F80470B9F14C
:10990000000F47D0D8F80C30022B15D0032B17D0FE
:10991000012B09D119F0020F06D0DAF8003049EA1C
:10992000030919F0010F0ED145F0100532E04FF098
:109930000109D1E70125E2E70F9BC3F101030F9372
:109940000F9B002BF0D04FF0000CD4F810B004F1B6
:1099500014034FEA8B0A03EB8B01184653F8042BD0
:10996000B2F1FF3F1BD001320260022D04F114035B
:109970003CD1D8F80020013AB24209D1012271113C
:1099800053F8213006F01F0602FA06F61E423AD1BD
:1099900045F020050E9B1C60029B1F60B0E69942BB
:1099A00043F804CCD9D8A3689B4517DB61680198BC
:1099B000013100F0C1FB814618B902468421194BE0
:1099C000C5E6226904F10C01023292000C30FEF768
:1099D00048FF2146019800F0EFFB4C4623695A1CD2
:1099E0002261012204EB83035A61BEE722695A45D2
:1099F0000BDD01212046FFF79FFDD8F80830013725
:109A0000BB42FFF6E0AE0125C2E716F01F06FAD012
:109A1000534453F8040C00F081FCC6F12006B04218
:109A2000E7DBF0E72DB60008C2F10802920070B53E
:109A3000C2F120064368046803FA06F52C43D340BC
:109A4000046040F8043F8842F4D370BD30B5036829
:109A5000013311F8014B14B90360012030BD13F834
:109A6000012BA2F14105192D98BF2032A242F0D05E
:109A70000020F3E72DE9F04F00250B6882465E11C8
:109A800002EB860613F01F0318BF0436371F9046FB
:109A9000B9463C46AB4687B00168019346F8045C82
:109AA00002954A784B1C039342B3104605910492E9
:109AB000FFF795FD002851D1049A0599202A18D85E
:109AC000029B9B4513DD4C4506D2072D04DC2A463C
:109AD00049462046FFF7A8FF444552D90023A4F188
:109AE000040944F8043C1D464C46CDF808B00399DF
:109AF000D7E7292A57D10231CAF80010BBF1000F6D
:109B000051D04C4506D2072D04DC2A464946204652
:109B1000FFF78AFF444536D92346A8F1040253F8DB
:109B2000041B9F4242F8041FF9D23B1B23F003039E
:109B300004330134033EB44288BF0423002243446B
:109B400043F8042B9F42FBD23B681BB9474528D101
:109B500001233B60052007B0BDE8F08F0135082DDB
:109B60000BF1010B06DD4445C1D90023012544F862
:109B7000043C043C226800F00F0040EA0210206020
:109B8000B5E70825B3E7019B002BDDD04FF0FF328E
:109B9000C3F12003DA4056F8043C134046F8043C75
:109BA000D2E7043FD0E70420D5E72DE9F0471F4670
:109BB0008E688246BE420C4690460B682DD8B1F99D
:109BC0000C2012F4906F26D06569096905EB4505F4
:109BD000A3EB010905EBD5757B1C4B446D109D4231
:109BE00038BF1D46530527D5294600F05FF90646C4
:109BF00060B34A462169FEF734FEA38923F49063DB
:109C000043F08003A38126614E4426603E46656191
:109C1000A5EB0905A560BE4200D93E463246414645
:109C2000206800F0ADFF0020A3689B1BA3602368A1
:109C300033442360BDE8F0872A4600F066FF0646FD
:109C40000028E0D15046216901F03CF80C23CAF805
:109C50000030A3894FF0FF3043F04003A381E9E7D0
:109C60002DE9F04F98468B8907461B060D46144692
:109C70009DB010D50B6973B9402100F017F9286029
:109C8000286130B90C233B604FF0FF301DB0BDE8B8
:109C9000F08F40236B610023099320238DF8293036
:109CA00030234FF00109CDF80C80DFF898818DF852
:109CB0002A3023469A4613F8012B0AB1252AF9D1F6
:109CC000BAEB040B0BD05B46224629463846FFF719
:109CD0006CFF013000F0A780099A5A4409929AF863
:109CE0000030002B00F09F8000234FF0FF32CDE9C1
:109CF00005230AF1010A049307938DF853301A9350
:109D00005446052214F8011B4E48FEF79CFD049AA8
:109D1000D8B9D00644BF20238DF85330110744BF73
:109D20002B238DF853309AF800302A2B15D0544647
:109D300000204FF00A0C079A214611F8013B303BF6
:109D4000092B4BD9B0B1079214E0A0EB080309FA34
:109D500003F31343A2460493D2E7039B191D1B6828
:109D60000391002BBBBF5B4242F0020207930793B3
:109D7000B8BF049223782E2B0AD163782A2B32D1D4
:109D8000039B02341A1D1B68039243EAE373059395
:109D9000DFF8B4A0032250462178FEF754FD38B115
:109DA0004022049BA0EB0A00824013430134049339
:109DB00014F8011B062225488DF82810FEF743FDF4
:109DC000002836D0224B1BBB039B073323F007032D
:109DD00008330393099B334409936AE70C46012037
:109DE0000CFB0232A8E700234FF00A0C194601349D
:109DF0000593204610F8012B303A092A03D9002B8D
:109E0000C6D00591C4E7044601230CFB0121F0E70D
:109E100003AB00932A4638460E4B04A9FCF768FFB3
:109E2000421C0646D6D1AB895B063FF52DAF09989B
:109E30002CE703AB00932A463846064B04A9FDF7EE
:109E4000F5F9EDE79EB60008A4B60008A8B600082C
:109E5000F16C0008AB9B0008024B0146186800F04B
:109E600025B800BFA001002070B50F4E0C46316828
:109E7000054611B900F0D2FE30602146284600F0B8
:109E8000CDFE431C03D14FF0FF34204670BDC41CEF
:109E900024F00304A042F8D0211A284600F0BEFEA8
:109EA0000130F2D1EFE700BF700500202DE9F84343
:109EB000CD1C25F0030508350C2D38BF0C25002DD1
:109EC000064601DBA94204D90C2333600020BDE81B
:109ED000F883DFF8D48000F023F9D8F800301C466E
:109EE00044BB29463046FFF7BFFF431C044658D108
:109EF000D8F800402746002F43D1002C4BD02368D0
:109F00003946304604EB030900F088FE814542D112
:109F1000216830466D1A2946FFF7A6FF01303AD076
:109F200023682B442360D8F800305A6862BBC8F815
:109F300000700FE02268521B20D40B2A17D9611938
:109F4000A342256018BF5960636808BFC8F80010B5
:109F500062514B60304600F0E9F804F10B00231D1C
:109F600020F00700C21A1CBF1B1AA350AFE762689B
:109F7000A3420CBFC8F800205A60EBE72346646890
:109F8000AEE73C467F68B6E71A465B68A342FBD162
:109F900000235360DEE70C233046336000F0C6F840
:109FA00094E70560D6E700BF7405002082B001B9D0
:109FB00001A942B14BB113780B601278101E18BF83
:109FC000012002B070471046FBE76FF00100F8E790
:109FD000B1F90C20F8B5160705460C4654D44B6869
:109FE000002B02DC0B6C002B48DDE66A002E45D00E
:109FF000002312F480522F68216A2B6030D0626DEA
:10A00000A389590705D56368D21A636B0BB1236C1A
:10A01000D21A00232846E66A216AB047431CA38966
:10A0200006D129681D292BD8284A0A41D60727D4EA
:10A03000002262602269D904226004D5421C01D149
:10A040002B6803B96065616B2F60B9B104F14403FB
:10A05000994202D0284600F035FE002363630DE0EC
:10A0600001232846B0470246501CC9D12B68002B5B
:10A07000C6D01D2B01D0162B1DD12F60002021E052
:10A0800043F040031BB21AE00F69002FF6D093078C
:10A0900018BF00230E6808BF4B69F61B0F608B606A
:10A0A000002EEBDD33463A462846216AD4F828C014
:10A0B000E047002807DCB4F90C3043F040034FF0D0
:10A0C000FF30A381F8BD0744361AE9E7FEFFBFDF82
:10A0D00038B50B6905460C4613B90025284638BD2E
:10A0E00018B1036A0BB9FDF7B1FCB4F90C30002BC1
:10A0F000F3D0626ED00704D4990502D4A06DFEF7A8
:10A10000A0FB28462146FFF763FF636E0546DA078A
:10A11000E4D4A3899B05E1D4A06DFEF793FBDDE7B2
:10A120000148FEF78EBB00BF6C0500200148FEF71A
:10A1300089BB00BF6C05002070B5C66904460D469A
:10A1400076B91020FFF788FE0246E06120B96B2146
:10A15000174B184800F084FDC0E901660660C66030
:10A16000E669F36883B1E369DB6853F82500B8B9A1
:10A17000012101FA05F6721D2046920000F08EFDC5
:10A1800060B1C0E901560EE021220421204600F012
:10A1900085FDE369F060DB68002BE4D1002070BD31
:10A1A000026843F825200023C0E90333F7E700BF26
:10A1B000BEB50008AFB6000870B5C66905460C46C6
:10A1C00076B91020FFF748FE0246E86120B98F21DA
:10A1D000084B094800F044FDC0E901660660C6600E
:10A1E0003CB1EB696268DB6853F82210216043F8E8
:10A1F000224070BDBEB50008AFB600082DE9F041A1
:10A2000007460C461E4600200D6901F1140CDCF8CF
:10A210000030013099B202FB01611E0C0B0C02FBF5
:10A22000063389B201EB034185424FEA13464CF8ED
:10A23000041BECDC0EB3A368AB4219DC6168384642
:10A240000131FFF779FF804628B90246BA210C4B4D
:10A250000C4800F005FD226904F10C010232920065
:10A260000C30FEF7FEFA21463846FFF7A5FF4446BC
:10A2700004EB850301355E6125612046BDE8F08170
:10A280002DB60008AFB600082DE9F843154609229F
:10A290001F4608330C4693FBF2F3064601220021C9
:10A2A0009A4209DB3046FFF747FF40B90246D32107
:10A2B000184B194800F0D4FC52000131F0E7089B1C
:10A2C000092D43614FF00103036116DD04F1090913
:10A2D000C8462C4418F8013B01460A223046303B60
:10A2E000FFF78CFFA045F5D1A5F108044C442D1BC8
:10A2F0006319BB4204DBBDE8F88309250A34F6E79D
:10A3000014F8013B01460A223046303BFFF776FF46
:10A31000EEE700BF2DB60008AFB600080346B0F563
:10A32000803F3ABF030410200020B3F1807F3CBF80
:10A330001B020830B3F1805F3CBF1B010430B3F156
:10A34000804F3CBF9B000230002B05DB13F0804F99
:10A3500000F1010008BF202070470368024613F097
:10A3600007000BD0D90721D4980749BF5B089B0889
:10A37000012013605CBF02201360704799B209B9D5
:10A3800010201B0CD9B209B908301B0A190704BFE9
:10A390001B090430990704BF9B080230D90703D476
:10A3A0005B0800F1010003D0136070470020704784
:10A3B0002020704710B50C460121FFF7BDFE024674
:10A3C00028B940F24511044B044800F049FC012330
:10A3D0004461036110BD00BF2DB60008AFB6000890
:10A3E0002DE9F04F14460A6923690F469A42A2BF2D
:10A3F00023460C461F46D4F810A0D7F81090A36847
:10A4000061680AEB0906B34285B0B8BF0131FFF7B6
:10A4100093FE30B902464FF4B171434B434800F00C
:10A420001FFC00F114052B46002205EB860843456E
:10A4300021D307F1140104F1140202EB8A0201EBAB
:10A4400089030293131B153B23F00303043304F128
:10A450001507BA4238BF04230193029B03918B4234
:10A460000CD8002E03DD58F8043D002B5AD00661AD
:10A4700005B0BDE8F08F43F8042BD8E7B1F800A091
:10A48000BAF1000F23D0A9464FF0000C04F1140ECE
:10A490005EF8047BD9F800301FFA87FB9BB20AFBF9
:10A4A0000B336344D9F800C03F0C4FEA1C4C0AFB45
:10A4B00007C707EB13479BB243EA074372454FEACE
:10A4C000174C49F8043BE3D8019B45F803C0039BB4
:10A4D0000431B3F80290B9F1000F21D0AE464FF02D
:10A4E000000A2B6804F1140CBCF800B0BEF802702E
:10A4F0009BB209FB0B77574443EA07434EF8043BF2
:10A500005CF8043B4FEA134ABEF80030624509FB91
:10A510000A3303EB17434FEA134AE5D8019FEB5187
:10A5200004359AE7013E9CE72DB60008AFB6000857
:10A530002DE9F843154612F0030207460E4607D0F0
:10A54000254C013A002354F82220FFF757FE064617
:10A55000AD103DD0FC697CB91020FFF77DFC0246B0
:10A56000F86128B940F2B3111C4B1D4800F078FB8C
:10A57000C0E901440460C460D7F81C80D8F80840E2
:10A580004CB940F271213846FFF714FF002304460E
:10A59000C8F8080003604FF00009EB070AD5314600
:10A5A00022463846FFF71CFF804631463846FFF703
:10A5B00003FE46466D100BD0206838B9224621466E
:10A5C0003846FFF70DFF2060C0F800900446E4E72E
:10A5D0003046BDE8F88300BF08B70008BEB50008E4
:10A5E000AFB600082DE9F0470C46074691462369AF
:10A5F000496803EB6218A3684FEA621A08F1010682
:10A60000B3420BDB3846FFF797FD054648B90246D3
:10A610004FF4EF71274B284800F022FB01315B001B
:10A62000EEE7002300F1140100F110021846534533
:10A6300033DB20692AEAEA7A04F1140319F01F09CE
:10A6400001EB8A0103EB800C2BD08A460022C9F172
:10A65000200E186800FA09F010434AF8040B53F86A
:10A66000042B9C4522FA0EF2F3D8ACEB0403153B05
:10A6700023F00303043304F11500844538BF042399
:10A68000CA500AB108F10206013E384621462E6141
:10A69000FFF792FD2846BDE8F08742F8040F01332A
:10A6A000C5E7043953F8042B9C4541F8042FF9D829
:10A6B000EAE700BF2DB60008AFB6000803460A69F6
:10A6C000006930B5801A0ED11433143103EB8204C3
:10A6D00001EB820154F8045D51F8042D954203D03A
:10A6E00005D24FF0FF3030BDA342F3D3FBE701208A
:10A6F000F9E700002DE9F74F89460646114648461E
:10A700001446FFF7DBFF051E12D129463046FFF73E
:10A7100013FD024628B940F237213E4B3E4800F077
:10A720009FFA0123C0E90435104603B0BDE8F08F5D
:10A73000BCBF4B46A1463046D9F80410BABF1C46F0
:10A7400001250025FFF7F8FC024618B940F2452123
:10A75000304BE3E700F1140BD9F8107009F1100346
:10A76000C5604FF0000C09F11405D946266904F1C3
:10A77000140E05EB87080EEB86060193019B5EF82D
:10A78000040B53F804AF81B201931FFA8AF35B1AEA
:10A79000000C6344C0EB1A4000EB23409BB243EA39
:10A7A000004376454FEA204C49F8043BE6D8331B7A
:10A7B000153B23F0030315340433A64238BF0423AA
:10A7C0001D445B441E462C4644450ED308F103014C
:10A7D000491B21F00301033DA84538BF00210B446C
:10A7E00053F8041D99B117619EE7E64654F8041B1F
:10A7F0001FFA81FCF444080C714400EB2C4089B230
:10A8000041EA00414FEA204C46F8041BDCE7013FD7
:10A81000E6E700BF2DB60008AFB600080E4B0B40B0
:10A82000A3F15073002B08DC5B42B3F1A07F4FEA29
:10A83000235204DA4FF400231341002208E0A2F16E
:10A8400014031E2BD6BF4FF000420122DA40002332
:10A8500019461046704700BF0000F07F0269F8B546
:10A8600000F1140606EB820252F8044C1E4F2046FB
:10A87000FFF754FD0346C0F120000A2BA2F10405A6
:10A88000086012DCAE422CBF002252F8082CC3F143
:10A890000B0C153324FA0CFE04FA03F322FA0CF223
:10A8A0004EEA07011A431046F8BDAE4236BFA2F188
:10A8B0000805002252F8082C0B3B12D0C3F12007E8
:10A8C00022FA07F19C400C43B54244F07F5194BFFB
:10A8D000002455F8044C9A40FC4041F440112243B6
:10A8E000E1E744EA0701DEE70000F03F2DE97343AA
:10A8F000012190469946089EFFF71EFC044630B998
:10A90000024640F20F31234B234800F0A9F9C9F366
:10A910000A55C9F313030DB143F480130193B8F141
:10A92000000324D068460093FFF717FDDDE900120D
:10A93000D8B1C0F1200302FA03F30B43C2406361B4
:10A940000192019B002B0CBF01220222A361226114
:10A95000ADB1A5F2334505443560C0F13500099B22
:10A960001860204602B0BDE870836161E9E701A884
:10A97000FFF7F3FC019B012263612030E7E7A0F2BF
:10A98000324004EB820330601869FFF7C7FCC0EB6C
:10A990004210E4E72DB60008AFB600082DE9F04FED
:10A9A00085B0CDE9001002A9FFF758FF8B46064697
:10A9B0000F46009803A9FFF751FF0D46019B8946FA
:10A9C0001969009B04461B693046C91ADDE9023249
:10A9D0009B1A03EB4113002BCDBF3A462A46C3EB2B
:10A9E000033302EB035BD8BF02EB03594B4622460D
:10A9F0005946F5F79BFE05B0BDE8F08F013970B5FB
:10AA000049111469013102F1140300EB810103EBD8
:10AA10008404051FA3420CD3A31A113B23F00303A4
:10AA20001132A24288BF002318440023884205D374
:10AA300070BD53F8046B45F8046FEBE740F8043B36
:10AA4000F4E700F1140200694B11984210B511DBD4
:10AA50000ADD11F01F0107D052F8234024FA01F05B
:10AA600000FA01F18C420BD102EB8303934203D82D
:10AA7000002010BD0346F7E753F8041D0029F5D068
:10AA80000120F6E710B50C46B1F90E1000F0B4F84D
:10AA90000028ABBF636DA3891B1823F48053ACBFA0
:10AAA0006365A38110BD2DE9F0411F468B890546E2
:10AAB000DB050C46164605D502230022B1F90E101F
:10AAC00000F088F8A389324623F48053A3812846F6
:10AAD0003B46B4F90E10BDE8F04100F0AFB810B538
:10AAE0000C46B1F90E1000F075F8431CA38915BF90
:10AAF000606523F4805343F48053A38118BFA3817E
:10AB000010BDB1F90E1000F055B82DE9F0418046A6
:10AB100015460C4621B91146BDE8F041FFF7C6B90C
:10AB20002AB900F0CFF800242046BDE8F08100F0FB
:10AB300011F98542064602D8B5EB500FF4D82946E4
:10AB40004046FFF7B3F907460028ECD0B5422A4645
:10AB5000214628BF3246FDF784FE2146404600F0DC
:10AB6000B1F83C46E0E70346084641B1FF2A04D964
:10AB70008A224FF0FF301A60704701200A70704738
:10AB8000884210B501EB020402D98442234607D85B
:10AB9000431EA14208D011F8012B03F8012FF8E75A
:10ABA000014602448A4200D110BD13F8014D02F85B
:10ABB000014DF7E738B50023054D044608462B60E4
:10ABC000F6F753FF431C02D12B6803B1236038BD55
:10ABD0007805002038B50446084611460022054D88
:10ABE0002A601A46F6F765FF431C02D12B6803B1B1
:10ABF000236038BD7805002038B504460846114664
:10AC00000022054D2A601A46F6F7F6FE431C02D1D3
:10AC10002B6803B1236038BD7805002038B50023C8
:10AC2000054D044608462B60F6F750FF431C02D141
:10AC30002B6803B1236038BD7805002038B5044681
:10AC4000084611460022054D2A601A46F6F7F1FE25
:10AC5000431C02D12B6803B1236038BD7805002066
:10AC60001FB514461A46094B05461B68D86854B9E7
:10AC7000074B1C46CDE9013400912B46054900F0F5
:10AC800071F800F081F8044BF4E700BFA001002048
:10AC900043B8000815B8000808B8000870B5A1FB53
:10ACA00002543CB92946FFF701F9064628B90026A7
:10ACB000304670BD0C220260F9E72A462146FDF7B6
:10ACC00089FDF5E738B50546002940D051F8043C28
:10ACD0000C1F002BB8BFE418FFF722FA1C4A1368B8
:10ACE00033B9636014602846BDE83840FFF71EBAE8
:10ACF000A34208D9206821188B4201BF19685B68FC
:10AD000009182160EDE71A465B680BB1A342FAD936
:10AD100011685018A0420BD120680144501883429A
:10AD20001160E0D118685B68084410605360DAE78E
:10AD300002D90C232B60D6E7206821188B4201BF73
:10AD400019685B680918216063605460CBE738BDFF
:10AD50007405002051F8043C181F002BBCBF0B5891
:10AD6000C01870470EB403B5014603AB054853F84D
:10AD7000042B0068019300F035F802B05DF804EB95
:10AD800003B07047A0010020062008B500F082FA49
:10AD90000120F6F726FE936810B4013B002B936068
:10ADA00007DA9469A34201DB0A2902D110BC00F042
:10ADB00031B91368581C10601970084610BC7047F0
:10ADC000F8B506460F461446D518AC4201D100200E
:10ADD00007E03A46304614F8011BFFF7DCFF431C3E
:10ADE000F3D1F8BD2DE9F04F0D46144698460646BE
:10ADF0009DB018B1036A0BB9FCF728FE6B6ED9073A
:10AE000005D4AB899A0502D4A86DFDF71AFDAB896C
:10AE10001B0701D52B699BB92946304600F038F94C
:10AE200070B16B6EDC0704D54FF0FF301DB0BDE88C
:10AE3000F08FAB899805F7D4A86DFDF703FDF3E714
:10AE40000023099320238DF8293030234FF0010986
:10AE5000CDF80C80DFF8A8818DF82A3023469A4679
:10AE600013F8012B0AB1252AF9D1BAEB040B0BD048
:10AE70005B46224629463046FFF7A2FF013000F02C
:10AE8000A780099A5A4409929AF80030002B00F0E2
:10AE90009F8000234FF0FF32CDE905230AF1010A1C
:10AEA000049307938DF853301A935446052214F8EF
:10AEB000011B5348FDF7C7FC049AD8B9D10644BF1B
:10AEC00020238DF85330130744BF2B238DF85330C4
:10AED0009AF800302A2B15D0544600204FF00A0C67
:10AEE000079A214611F8013B303B092B4BD9B0B1F1
:10AEF000079214E0A0EB080309FA03F31343A246F8
:10AF00000493D2E7039B191D1B680391002BBBBF61
:10AF10005B4242F0020207930793B8BF0492237882
:10AF20002E2B0AD163782A2B32D1039B02341A1DAF
:10AF30001B68039243EAE3730593DFF8C8A003227A
:10AF400050462178FDF77FFC38B14022049BA0EBEE
:10AF50000A00824013430134049314F8011B0622B3
:10AF600029488DF82810FDF76EFC00283FD0274BAC
:10AF70001BBB039B073323F0070308330393099B91
:10AF80003B4409936AE70C4601200CFB0232A8E718
:10AF900000234FF00A0C194601340593204610F89F
:10AFA000012B303A092A03D9002BC6D00591C4E7FA
:10AFB000044601230CFB0121F0E703AB00932A4672
:10AFC0003046134B04A9FBF793FE0746781CD6D1F5
:10AFD0006B6ED90705D4AB899A0502D4A86DFDF72D
:10AFE00031FCAB895B063FF51FAF09981EE703AB49
:10AFF00000932A463046064B04A9FCF717F9E4E70C
:10B000009EB60008A4B60008A8B60008F16C0008B7
:10B01000C1AD0008F8B50E461446054618B1036ADE
:10B020000BB9FCF713FDA369A360A3891A0701D527
:10B03000236943B92146284600F02AF818B14FF099
:10B04000FF373846F8BD23682269F6B2981A63695B
:10B050003746834205DC21462846FFF739F80028A9
:10B06000EDD1A368013BA36023685A1C22601E70C7
:10B070006269431C9A4204D0A389DB07E1D50A2EFA
:10B08000DFD121462846FFF723F80028D9D0D6E79C
:10B0900038B5294B054618680C4618B1036A0BB938
:10B0A000FCF7D4FCB4F90C30190722D4DA0607D423
:10B0B00009222A6043F040034FF0FF30A38133E0C0
:10B0C000580712D5616B41B104F14403994202D093
:10B0D0002846FFF7F7FD00236363A38923F02403C9
:10B0E000A3810023636023692360A38943F00803DD
:10B0F000A38123694BB9A38903F42073B3F5007FBF
:10B1000003D02146284600F03EF8B4F90C3013F085
:10B1100001020AD00022A26062695242A261226941
:10B1200042B913F08000C5D138BD990758BF626994
:10B13000A260F4E70020F7E7A001002070B50C46FC
:10B14000B1F90E10154600291E4696B00CDAA389F7
:10B15000002113F0800F14BF40234FF480630020C0
:10B1600031602B6016B070BD6A4600F049F80028C7
:10B17000EDDB019901F47041A1F5005359425941A9
:10B180004FF48063EBE78B89F7B59D0706460C46C5
:10B1900007D504F14703236023610123636103B0F2
:10B1A000F0BD6A4601ABFFF7C9FF009F054639466F
:10B1B0003046FEF77BFE48B9B4F90C309A05EED460
:10B1C00023F0030343F00203A381E2E7A389C4E968
:10B1D000040743F08003A381019B20605BB13046EC
:10B1E000B4F90E1000F01EF828B1A38923F0030370
:10B1F00043F00103A381A3891D43A581CFE700008C
:10B2000038B50023064D0446084611462B60F6F774
:10B2100037FC431C02D12B6803B1236038BD00BF4B
:10B220007805002038B50023054D044608462B60FC
:10B23000F6F735FC431C02D12B6803B1236038BDFF
:10B24000780500201F2938B505460C4604D9162379
:10B2500003604FF0FF3038BDC26B12B152F821309D
:10B260004BB9284600F030F8224601462846BDE892
:10B27000384000F017B8012B0AD0591C03D116230F
:10B2800003600120E7E70021204642F82410984798
:10B290000020E0E7024B01461868FFF7D3BF00BF6C
:10B2A000A001002038B50023064D0446084611468B
:10B2B0002B60F6F786FB431C02D12B6803B1236099
:10B2C00038BD00BF78050020F6F774BBF8B500BFA5
:10B2D000F8BC08BC9E467047F8B500BFF8BC08BC77
:04B2E0009E467047CF
:10B2E80000000000000000000A2073746174757388
:10B2F8004932633A200000000A5354415455532000
:10B308005245474953544552203A20004F5554500E
:10B3180055545F434F4E54524F4C203A2000000082
:10B3280053544154455F434F4E54524F4C203A209A
:10B338000000000046554E4354494F4E5F434F4E60
:10B3480054524F4C203A20004F4C5620284F7665D7
:10B35800726C6F616420766F6C74616765207468C5
:10B36800726573686F6C64293A2000004F4C442062
:10B37800284F7665726C6F61642064656C61792012
:10B3880074696D65293A2000534343202853686F38
:10B398007274206369726375697420696E206368CA
:10B3A80061726765293A2000534344202853686F27
:10B3B8007274206369726375697420696E206469A8
:10B3C80073636861726765293A2000002573202538
:10B3D8006C69200A000000002573202569200A00F6
:10B3E8002573202575200A000000000000000000D9
:10B3F8000102030406070809000000000102030413
:10B4080002030405060708090A0B0C0D0E0F10109D
:10B418000102494E4600696E66004E414E006E615B
:10B428006E003000303132333435363738394142E6
:10B438004344454600303132333435363738396184
:10B4480062636465660065256C64002E0000000078
:10B4580034000000CEFBFFFFCB030000010000001A
:10B468000000000035000000CEFBFFFFCB0300000A
:10B478000100000000000000BC89D897B2D29C3CB3
:10B4880033A7A8D523F649393DA7F444FD0FA532C3
:10B498009D978CCF08BA5B25436FAC64280668116A
:10B4A8004300504F534958000020202020202020DE
:10B4B800202028282828282020202020202020205C
:10B4C800202020202020202020881010101010106C
:10B4D80010101010101010101004040404040404B8
:10B4E8000404041010101010101041414141414152
:10B4F8000101010101010101010101010101010134
:10B508000101010110101010101042424242424243
:10B518000202020202020202020202020202020203
:10B5280002020202101010102000000000000000AB
:10B538000000000000000000000000000000000003
:10B5480000000000000000000000000000000000F3
:10B5580000000000000000000000000000000000E3
:10B5680000000000000000000000000000000000D3
:10B5780000000000000000000000000000000000C3
:10B5880000000000000000000000000000000000B3
:10B5980000000000000000000000000000000000A3
:10B5A800000000000000000000496E66696E6974C2
:10B5B80079004E614E005245454E54206D616C6CC9
:10B5C8006F6320737563636565646564002F6275D6
:10B5D800696C642F676E752D746F6F6C732D666F51
:10B5E800722D73746D33325F31322E332E72656C67
:10B5F800312E32303234303631322D313331352F2D
:10B608007372632F6E65776C69622F6E65776C69EC
:10B61800622F6C6962632F7374646C69622F64743F
:10B628006F612E630042616C6C6F63207375636396
:10B638006565646564002F6275696C642F676E7553
:10B648002D746F6F6C732D666F722D73746D33323A
:10B658005F31322E332E72656C312E3230323430F7
:10B668003631322D313331352F7372632F6E657752
:10B678006C69622F6E65776C69622F6C6962632FE3
:10B688007374646C69622F6764746F612D67657485
:10B698006865782E6300232D302B2000686C4C00E1
:10B6A800656667454647002F6275696C642F676E4B
:10B6B800752D746F6F6C732D666F722D73746D3387
:10B6C800325F31322E332E72656C312E3230323485
:10B6D800303631322D313331352F7372632F6E6529
:10B6E800776C69622F6E65776C69622F6C6962632B
:10B6F8002F7374646C69622F6D707265632E6300BA
:10B7080005000000190000007D0000000000000096
:10B718000080E03779C34143176E05B5B5B8934645
:10B72800F5F93FE9034F384D321D30F94877825A11
:10B738003CBF737FDD4F1575000000000000F03F2F
:10B7480000000000000024400000000000005940F4
:10B758000000000000408F40000000000088C34047
:10B7680000000000006AF8400000000080842E41BC
:10B7780000000000D01263410000000084D7974108
:10B788000000000065CDCD41000000205FA002420E
:10B79800000000E876483742000000A2941A6D4283
:10B7A800000040E59C30A2420000901EC4BCD64276
:10B7B80000003426F56B0C430080E03779C3414321
:10B7C80000A0D8855734764300C84E676DC1AB4397
:10B7D800003D9160E458E143408CB5781DAF1544B5
:10B7E80050EFE2D6E41A4B4492D54D06CFF0804490
:10B7F800F64AE1C7022DB544B49DD9794378EA44A5
:10B808002C2066756E6374696F6E3A2000617373DD
:10B81800657274696F6E2022257322206661696CD7
:10B8280065643A2066696C6520222573222C206C99
:0CB83800696E65202564257325730A00E5
:08B844000C49FF7F0100000028
:04B84C0035010008BA
:04B8500011010008DA
:10B854008002002000000000000000000000000042
:10B8640000000000000000000000000000127A0048
:10B8740010000000010000000000000003000000B0
:10B88400300400204300000000000000000000001D
:10B8940000000000000000000000000000000000A4
:10B8A4000000000043000000000000000000000051
:10B8B4000000000000000000000000000000000084
:10B8C4000000000043000000000000000000000031
:10B8D4000000000000000000000000000000000064
:10B8E4000000000043000000000000000000000011
:10B8F4000000000000000000000000000000000044
:10B9040000000000430000000000000000000000F0
:10B914000000000000000000000000000000000023
:10B9240000000000430000000000000000000000D0
:10B934000000000000000000000000000000000003
:10B9440000000000430000000000000000000000B0
:10B9540000000000000000000000000000000000E3
:10B964000000000067AB0008AD9F00080000000065
:10B97400B0B4000853B4000843B8000843B8000842
:10B9840043B8000843B8000843B8000843B80008A7
:10B9940043B8000843B8000843B80008FFFFFFFF9E
:10B9A400FFFFFFFFFFFFFFFFFFFF00000100415308
:10B9B40043494900000000000000000000000000AE
:10B9C40000000000000000000000000000004153DF
:10B9D400434949000000000000000000000000008E
:10B9E4000000000000000000000000000000000053
:10B9F400A40100200000000030040020980400206E
:10BA0400000500200000000000000000000000000D
:10BA14000000000000000000000000000000000022
:10BA24000000000000000000000000000000000012
:10BA34000000000000000000000000000000000002
:0400000508001F5977
:00000001FF
