Timestamp,Tension,Corriente,totalizado
2025-06-29T15:41:36.747502,7632.0,-5218.0,-10084847
2025-06-29T15:41:37.904251,7668.0,-5157.0,-10090004
2025-06-29T15:41:39.060894,7578.0,-5198.0,-10095202
2025-06-29T15:41:40.217649,7614.0,-5237.0,-10100439
2025-06-29T15:41:41.374481,7632.0,-5205.0,-10105644
2025-06-29T15:41:42.531048,7668.0,-5196.0,-10110840
2025-06-29T15:41:43.687829,7632.0,-5196.0,-10116036
2025-06-29T15:41:44.844608,7632.0,-5240.0,-10121276
2025-06-29T15:41:46.001306,7578.0,-5210.0,-10126486
2025-06-29T15:41:47.158085,7668.0,-5221.0,-10131707
2025-06-29T15:41:48.314854,7632.0,-5184.0,-10136891
2025-06-29T15:41:49.471695,7614.0,-5186.0,-10142077
2025-06-29T15:41:50.628545,7596.0,-5196.0,-10147273
2025-06-29T15:41:51.785196,7668.0,-5166.0,-10152439
2025-06-29T15:41:52.942021,7506.0,-5199.0,-10157638
2025-06-29T15:41:54.098839,7614.0,-5228.0,-10162866
2025-06-29T15:41:55.255642,7632.0,-5209.0,-10168075
2025-06-29T15:41:56.412452,7650.0,-5218.0,-10173293
2025-06-29T15:41:57.569269,7632.0,-5208.0,-10178501
2025-06-29T15:41:58.726121,7614.0,-5171.0,-10183672
2025-06-29T15:41:59.882992,7614.0,-5210.0,-10188882
2025-06-29T15:42:01.039755,7650.0,-5209.0,-10194091
2025-06-29T15:42:02.196602,7614.0,-5204.0,-10199295
2025-06-29T15:42:03.353488,7650.0,-5178.0,-10204473
2025-06-29T15:42:04.510324,7596.0,-5205.0,-10209678
2025-06-29T15:42:05.667232,7668.0,-5234.0,-10214912
2025-06-29T15:42:06.823991,7668.0,-5196.0,-10220108
2025-06-29T15:42:07.980880,7578.0,-5199.0,-10225307
2025-06-29T15:42:09.139820,7614.0,-5217.0,-10230524
2025-06-29T15:42:10.294609,7650.0,-5164.0,-10235688
2025-06-29T15:42:11.451344,7650.0,-5207.0,-10240895
2025-06-29T15:42:12.608249,7614.0,-5235.0,-10246130
2025-06-29T15:42:13.765150,7542.0,-5204.0,-10251334
2025-06-29T15:42:14.922035,7614.0,-5187.0,-10256521
2025-06-29T15:42:16.078891,7596.0,-5200.0,-10261721
2025-06-29T15:42:17.235726,7668.0,-5216.0,-10266937
2025-06-29T15:42:18.392559,7650.0,-5203.0,-10272140
2025-06-29T15:42:19.549495,7614.0,-5178.0,-10277318
2025-06-29T15:42:20.706322,7632.0,-5198.0,-10282516
2025-06-29T15:42:21.863141,7578.0,-5233.0,-10287749
2025-06-29T15:42:23.020104,7650.0,-5204.0,-10292953
2025-06-29T15:42:24.176920,7632.0,-5193.0,-10298146
2025-06-29T15:42:25.333845,7668.0,-5209.0,-10303355
2025-06-29T15:42:26.490623,7614.0,-5238.0,-10308593
2025-06-29T15:42:27.647523,7650.0,-5195.0,-10313788
2025-06-29T15:42:28.804419,7542.0,-5202.0,-10318990
2025-06-29T15:42:29.961297,7596.0,-5207.0,-10324197
2025-06-29T15:42:31.118196,7596.0,-5185.0,-10329382
2025-06-29T15:42:32.275003,7596.0,-5208.0,-10334590
2025-06-29T15:42:33.431899,7668.0,-5204.0,-10339794
2025-06-29T15:42:34.588803,7614.0,-5208.0,-10345002
2025-06-29T15:42:35.745723,7596.0,-5249.0,-10350251
2025-06-29T15:42:36.902474,7578.0,-5207.0,-10355458
2025-06-29T15:42:38.059418,7650.0,-5194.0,-10360652
2025-06-29T15:42:39.216386,7578.0,-5214.0,-10365866
2025-06-29T15:42:40.373197,7596.0,-5165.0,-10371031
2025-06-29T15:42:41.530123,7596.0,-5225.0,-10376256
2025-06-29T15:42:42.686876,7650.0,-5193.0,-10381449
2025-06-29T15:42:43.843772,7560.0,-5216.0,-10386665
2025-06-29T15:42:45.000629,7650.0,-5227.0,-10391892
2025-06-29T15:42:46.157607,7578.0,-5208.0,-10397100
2025-06-29T15:42:47.314396,7614.0,-5254.0,-10402354
2025-06-29T15:42:48.471372,7632.0,-5201.0,-10407555
2025-06-29T15:42:49.628178,7578.0,-5222.0,-10412777
2025-06-29T15:42:50.785084,7542.0,-5199.0,-10417976
2025-06-29T15:42:51.941890,7632.0,-5217.0,-10423193
2025-06-29T15:42:53.098808,7596.0,-5199.0,-10428392
2025-06-29T15:42:54.255906,7596.0,-5213.0,-10433605
2025-06-29T15:42:55.412613,7632.0,-5210.0,-10438815
2025-06-29T15:42:56.569376,7578.0,-5227.0,-10444042
2025-06-29T15:42:57.726381,7578.0,-5236.0,-10449278
2025-06-29T15:42:58.883214,7614.0,-5230.0,-10454508
2025-06-29T15:43:00.039970,7596.0,-5226.0,-10459734
2025-06-29T15:43:01.196983,7614.0,-5240.0,-10464974
2025-06-29T15:43:02.353806,7614.0,-5207.0,-10470181
2025-06-29T15:43:03.510715,7668.0,-5252.0,-10475433
2025-06-29T15:43:04.667631,7578.0,-5222.0,-10480655
2025-06-29T15:43:05.824557,7650.0,-5241.0,-10485896
2025-06-29T15:43:06.981372,7596.0,-5217.0,-10491113
2025-06-29T15:43:08.138251,7614.0,-5217.0,-10496330
2025-06-29T15:43:09.295017,7560.0,-5211.0,-10501541
2025-06-29T15:43:10.452007,7614.0,-5174.0,-10506715
2025-06-29T15:43:11.608872,7578.0,-5214.0,-10511929
2025-06-29T15:43:12.765696,7596.0,-5185.0,-10517114
2025-06-29T15:43:13.922651,7578.0,-5208.0,-10522322
2025-06-29T15:43:15.079504,7668.0,-5264.0,-10527586
2025-06-29T15:43:16.236398,7614.0,-5217.0,-10532803
2025-06-29T15:43:17.393231,7650.0,-5258.0,-10538061
2025-06-29T15:43:18.550127,7560.0,-5223.0,-10543284
2025-06-29T15:43:19.707007,7632.0,-5262.0,-10548546
2025-06-29T15:43:20.863884,7542.0,-5224.0,-10553770
2025-06-29T15:43:22.020710,7596.0,-5245.0,-10559015
2025-06-29T15:43:23.177511,7596.0,-5209.0,-10564224
2025-06-29T15:43:24.334475,7632.0,-5217.0,-10569441
2025-06-29T15:43:25.491473,7560.0,-5223.0,-10574664
2025-06-29T15:43:26.648218,7668.0,-5196.0,-10579860
2025-06-29T15:43:27.805135,7596.0,-5212.0,-10585072
2025-06-29T15:43:28.962064,7596.0,-5217.0,-10590289
2025-06-29T15:43:30.118958,7596.0,-5233.0,-10595522
2025-06-29T15:43:31.275841,7650.0,-5265.0,-10600787
2025-06-29T15:43:32.432657,7578.0,-5228.0,-10606015
2025-06-29T15:43:33.589574,7632.0,-5196.0,-10611211
2025-06-29T15:43:34.746423,7578.0,-5226.0,-10616437
2025-06-29T15:43:35.903278,7632.0,-5230.0,-10621667
2025-06-29T15:43:37.060158,7614.0,-5199.0,-10626866
2025-06-29T15:43:38.217072,7614.0,-5245.0,-10632111
2025-06-29T15:43:39.373892,7596.0,-5235.0,-10637346
2025-06-29T15:43:40.530900,7650.0,-5202.0,-10642548
2025-06-29T15:43:41.687768,7596.0,-5210.0,-10647758
2025-06-29T15:43:42.844562,7614.0,-5202.0,-10652960
2025-06-29T15:43:44.001437,7614.0,-5218.0,-10658178
2025-06-29T15:43:45.158419,7596.0,-5220.0,-10663398
2025-06-29T15:43:46.315309,7524.0,-5238.0,-10668636
2025-06-29T15:43:47.472092,7614.0,-5231.0,-10673867
2025-06-29T15:43:48.628992,7578.0,-5219.0,-10679086
2025-06-29T15:43:49.785894,7614.0,-5203.0,-10684289
2025-06-29T15:43:50.942810,7542.0,-5207.0,-10689496
2025-06-29T15:45:19.280168,7614.0,-5243.0,-11081774
2025-06-29T15:45:19.282152,7506.0,-5230.0,-11087004
2025-06-29T15:45:19.971578,7614.0,-5249.0,-11092253
2025-06-29T15:45:21.127573,7578.0,-5228.0,-11097481
2025-06-29T15:45:22.284845,7614.0,-5230.0,-11102711
2025-06-29T15:45:23.442079,7524.0,-5235.0,-11107946
2025-06-29T15:45:24.599344,7578.0,-5256.0,-11113202
2025-06-29T15:45:25.756921,7524.0,-5242.0,-11118444
2025-06-29T15:45:26.914051,7632.0,-5224.0,-11123668
2025-06-29T15:45:28.071204,7596.0,-5240.0,-11128908
2025-06-29T15:45:29.228680,7578.0,-5228.0,-11134136
2025-06-29T15:45:30.385814,7578.0,-5233.0,-11139369
2025-06-29T15:45:31.542956,7596.0,-5248.0,-11144617
2025-06-29T15:45:32.700118,7632.0,-5228.0,-11149845
2025-06-29T15:45:33.857208,7632.0,-5248.0,-11155093
2025-06-29T15:45:35.014456,7614.0,-5231.0,-11160324
2025-06-29T15:45:36.171566,7650.0,-5242.0,-11165566
2025-06-29T15:45:37.328578,7596.0,-5237.0,-11170803
2025-06-29T15:45:38.485699,7578.0,-5232.0,-11176035
2025-06-29T15:45:39.642779,7614.0,-5237.0,-11181272
2025-06-29T15:45:40.799776,7632.0,-5240.0,-11186512
2025-06-29T15:45:41.956772,7668.0,-5244.0,-11191756
2025-06-29T15:45:43.113830,7614.0,-5245.0,-11197001
2025-06-29T15:45:44.270845,7560.0,-5254.0,-11202255
2025-06-29T15:45:45.427865,7596.0,-5257.0,-11207512
2025-06-29T15:45:46.584891,7560.0,-5261.0,-11212773
2025-06-29T15:45:47.741761,7560.0,-5238.0,-11218011
2025-06-29T15:45:48.898816,7578.0,-5248.0,-11223259
2025-06-29T15:45:50.055745,7524.0,-5244.0,-11228503
2025-06-29T15:45:51.212778,7560.0,-5241.0,-11233744
2025-06-29T15:45:52.369732,7614.0,-5259.0,-11239003
2025-06-29T15:45:53.526647,7542.0,-5247.0,-11244250
2025-06-29T15:45:54.683559,7614.0,-5228.0,-11249478
2025-06-29T15:45:55.840458,7614.0,-5246.0,-11254724
2025-06-29T15:45:56.997437,7614.0,-5237.0,-11259961
2025-06-29T15:45:58.154326,7578.0,-5250.0,-11265211
2025-06-29T15:45:59.311122,7614.0,-5235.0,-11270446
2025-06-29T15:46:00.468202,7614.0,-5264.0,-11275710
2025-06-29T15:46:01.625164,7632.0,-5260.0,-11280970
2025-06-29T15:46:02.781937,7560.0,-5239.0,-11286209
2025-06-29T15:46:03.938950,7596.0,-5241.0,-11291450
2025-06-29T15:46:05.095846,7542.0,-5224.0,-11296674
2025-06-29T15:46:06.252797,7614.0,-5241.0,-11301915
2025-06-29T15:46:07.409599,7506.0,-5232.0,-11307147
2025-06-29T15:46:08.566527,7668.0,-5267.0,-11312414
2025-06-29T15:46:09.723470,7542.0,-5268.0,-11317682
2025-06-29T15:46:10.880355,7578.0,-5264.0,-11322946
2025-06-29T15:46:12.037173,7560.0,-5271.0,-11328217
2025-06-29T15:46:13.194093,7578.0,-5250.0,-11333467
2025-06-29T15:46:14.351047,7560.0,-5228.0,-11338695
2025-06-29T15:46:15.507927,7578.0,-5243.0,-11343938
2025-06-29T15:46:16.664834,7578.0,-5233.0,-11349171
2025-06-29T15:46:17.821666,7614.0,-5257.0,-11354428
2025-06-29T15:46:18.978596,7596.0,-5243.0,-11359671
2025-06-29T15:46:20.135468,7596.0,-5247.0,-11364918
2025-06-29T15:46:21.292411,7650.0,-5255.0,-11370173
2025-06-29T15:46:22.449177,7632.0,-5234.0,-11375407
2025-06-29T15:46:23.606077,7560.0,-5222.0,-11380629
2025-06-29T15:46:24.763002,7614.0,-5253.0,-11385882
2025-06-29T15:46:25.920061,7578.0,-5249.0,-11391131
2025-06-29T15:46:27.076805,7596.0,-5237.0,-11396368
2025-06-29T15:46:28.233560,7578.0,-5249.0,-11401617
2025-06-29T15:46:29.390438,7578.0,-5260.0,-11406877
2025-06-29T15:46:30.547377,7596.0,-5237.0,-11412114
2025-06-29T15:46:31.704293,7596.0,-5242.0,-11417356
2025-06-29T15:46:32.861183,7542.0,-5234.0,-11422590
2025-06-29T15:46:34.018103,7596.0,-5247.0,-11427837
2025-06-29T15:46:35.174952,7578.0,-5244.0,-11433081
2025-06-29T15:46:36.331804,7560.0,-5257.0,-11438338
2025-06-29T15:46:37.488638,7560.0,-5237.0,-11443575
2025-06-29T15:46:38.645519,7560.0,-5236.0,-11448811
2025-06-29T15:46:39.802411,7578.0,-5235.0,-11454046
2025-06-29T15:46:40.959407,7650.0,-5244.0,-11459290
2025-06-29T15:46:42.116118,7560.0,-5254.0,-11464544
2025-06-29T15:46:43.273044,7596.0,-5249.0,-11469793
2025-06-29T15:46:44.429975,7488.0,-5251.0,-11475044
2025-06-29T15:46:45.586858,7560.0,-5251.0,-11480295
2025-06-29T15:46:46.743757,7542.0,-5256.0,-11485551
2025-06-29T15:46:47.900518,7578.0,-5243.0,-11490794
2025-06-29T15:46:49.057446,7560.0,-5268.0,-11496062
2025-06-29T15:46:50.214331,7578.0,-5241.0,-11501303
2025-06-29T15:46:51.371214,7614.0,-5254.0,-11506557
2025-06-29T15:46:52.527837,7578.0,-5259.0,-11511816
2025-06-29T15:46:53.684928,7614.0,-5253.0,-11517069
2025-06-29T15:46:54.841864,7632.0,-5239.0,-11522308
2025-06-29T15:46:55.998679,7560.0,-5278.0,-11527586
2025-06-29T15:46:57.155592,7560.0,-5270.0,-11532856
2025-06-29T15:46:58.312383,7578.0,-5276.0,-11538132
2025-06-29T15:46:59.469182,7578.0,-5256.0,-11543388
2025-06-29T15:47:00.626070,7578.0,-5264.0,-11548652
2025-06-29T15:47:01.782998,7596.0,-5250.0,-11553902
2025-06-29T15:47:02.939801,7596.0,-5251.0,-11559153
2025-06-29T15:47:04.096815,7596.0,-5229.0,-11564382
2025-06-29T15:47:05.253694,7596.0,-5229.0,-11569611
2025-06-29T15:47:06.410473,7632.0,-5248.0,-11574859
2025-06-29T15:47:07.567295,7542.0,-5223.0,-11580082
2025-06-29T15:47:08.724288,7596.0,-5242.0,-11585324
2025-06-29T15:47:09.881143,7578.0,-5240.0,-11590564
2025-06-29T15:47:11.038037,7578.0,-5247.0,-11595811
2025-06-29T15:47:12.194749,7578.0,-5243.0,-11601054
2025-06-29T15:47:13.351756,7614.0,-5247.0,-11606301
2025-06-29T15:47:14.508621,7542.0,-5256.0,-11611557
2025-06-29T15:47:15.665491,7596.0,-5264.0,-11616821
2025-06-29T15:47:16.822554,7560.0,-5245.0,-11622066
2025-06-29T15:47:17.979118,7596.0,-5258.0,-11627324
2025-06-29T15:47:19.135948,7560.0,-5240.0,-11632564
2025-06-29T15:47:20.293004,7614.0,-5253.0,-11637817
2025-06-29T15:47:21.449851,7578.0,-5240.0,-11643057
2025-06-29T15:47:22.606553,7524.0,-5248.0,-11648305
2025-06-29T15:47:23.763440,7542.0,-5239.0,-11653544
2025-06-29T15:47:24.920326,7578.0,-5260.0,-11658804
2025-06-29T15:47:26.077214,7614.0,-5259.0,-11664063
2025-06-29T15:47:27.234101,7542.0,-5266.0,-11669329
2025-06-29T15:47:28.391025,7614.0,-5264.0,-11674593
2025-06-29T15:47:29.547884,7542.0,-5261.0,-11679854
2025-06-29T15:47:30.705357,7596.0,-5249.0,-11685103
2025-06-29T15:47:31.861767,7596.0,-5240.0,-11690343
2025-06-29T15:47:33.018534,7632.0,-5251.0,-11695594
2025-06-29T15:47:34.175415,7632.0,-5244.0,-11700838
2025-06-29T15:47:35.332235,7560.0,-5241.0,-11706079
2025-06-29T15:47:36.489152,7560.0,-5262.0,-11711341
2025-06-29T15:47:37.645899,7596.0,-5253.0,-11716594
2025-06-29T15:47:38.802878,7560.0,-5257.0,-11721851
2025-06-29T15:47:39.959742,7596.0,-5290.0,-11727141
2025-06-29T15:47:41.116647,7560.0,-5245.0,-11732386
2025-06-29T15:47:42.273421,7578.0,-5253.0,-11737639
2025-06-29T15:47:43.430341,7596.0,-5238.0,-11742877
2025-06-29T15:47:44.587233,7542.0,-5246.0,-11748123
2025-06-29T15:47:45.744136,7560.0,-5233.0,-11753356
2025-06-29T15:47:46.901147,7560.0,-5235.0,-11758591
2025-06-29T15:47:48.057774,7578.0,-5245.0,-11763836
2025-06-29T15:47:49.214748,7524.0,-5242.0,-11769078
2025-06-29T15:47:50.371592,7614.0,-5259.0,-11774337
2025-06-29T15:47:51.528404,7578.0,-5259.0,-11779596
2025-06-29T15:47:52.685214,7650.0,-5264.0,-11784860
2025-06-29T15:47:53.842189,7578.0,-5275.0,-11790135
2025-06-29T15:47:54.999125,7560.0,-5259.0,-11795394
2025-06-29T15:47:56.156097,7560.0,-5256.0,-11800650
2025-06-29T15:47:57.312936,7560.0,-5243.0,-11805893
2025-06-29T15:47:58.469703,7524.0,-5248.0,-11811141
2025-06-29T15:47:59.626723,7614.0,-5246.0,-11816387
2025-06-29T15:48:00.783484,7524.0,-5266.0,-11821653
2025-06-29T15:48:01.940405,7524.0,-5256.0,-11826909
2025-06-29T15:48:03.097142,7614.0,-5245.0,-11832154
2025-06-29T15:48:04.254017,7596.0,-5253.0,-11837407
2025-06-29T15:48:05.410984,7632.0,-5234.0,-11842641
2025-06-29T15:48:06.567880,7596.0,-5242.0,-11847883
2025-06-29T15:48:07.724710,7578.0,-5265.0,-11853148
2025-06-29T15:48:08.881482,7596.0,-5249.0,-11858397
2025-06-29T15:48:10.038333,7560.0,-5271.0,-11863668
2025-06-29T15:48:11.195294,7578.0,-5262.0,-11868930
2025-06-29T15:48:12.352028,7560.0,-5251.0,-11874181
2025-06-29T15:48:13.508998,7578.0,-5254.0,-11879435
2025-06-29T15:48:14.665994,7560.0,-5232.0,-11884667
2025-06-29T15:48:15.822801,7578.0,-5250.0,-11889917
2025-06-29T15:48:16.979662,7560.0,-5246.0,-11895163
2025-06-29T15:48:18.136427,7596.0,-5269.0,-11900432
2025-06-29T15:48:19.293442,7524.0,-5263.0,-11905695
2025-06-29T15:48:20.450266,7614.0,-5259.0,-11910954
2025-06-29T15:48:21.607151,7542.0,-5256.0,-11916210
2025-06-29T15:48:22.763907,7560.0,-5238.0,-11921448
2025-06-29T15:48:23.920873,7524.0,-5233.0,-11926681
2025-06-29T15:48:25.077771,7542.0,-5257.0,-11931938
2025-06-29T15:48:26.234624,7560.0,-5258.0,-11937196
2025-06-29T15:48:27.391432,7560.0,-5247.0,-11942443
2025-06-29T15:48:28.548245,7578.0,-5251.0,-11947694
2025-06-29T15:48:29.705156,7560.0,-5250.0,-11952944
2025-06-29T15:48:30.862129,7542.0,-5259.0,-11958203
2025-06-29T15:48:32.019017,7578.0,-5250.0,-11963453
2025-06-29T15:48:33.175847,7506.0,-5262.0,-11968715
2025-06-29T15:48:34.332718,7596.0,-5241.0,-11973956
2025-06-29T15:48:35.489593,7542.0,-5235.0,-11979191
2025-06-29T15:48:36.646503,7578.0,-5250.0,-11984441
2025-06-29T15:48:37.803258,7560.0,-5251.0,-11989692
2025-06-29T15:48:38.960172,7596.0,-5257.0,-11994949
2025-06-29T15:48:40.117077,7524.0,-5270.0,-12000219
2025-06-29T15:48:41.273976,7596.0,-5263.0,-12005482
2025-06-29T15:48:42.430788,7578.0,-5276.0,-12010758
2025-06-29T15:48:43.587653,7524.0,-5263.0,-12016021
2025-06-29T15:48:44.744578,7524.0,-5257.0,-12021278
2025-06-29T15:48:45.901473,7542.0,-5258.0,-12026536
2025-06-29T15:48:47.058320,7596.0,-5286.0,-12031822
2025-06-29T15:48:48.215153,7578.0,-5257.0,-12037079
2025-06-29T15:48:49.372039,7578.0,-5262.0,-12042341
2025-06-29T15:48:50.528912,7578.0,-5264.0,-12047605
2025-06-29T15:48:51.685895,7560.0,-5254.0,-12052859
2025-06-29T15:48:52.842640,7560.0,-5257.0,-12058116
2025-06-29T15:48:53.999490,7542.0,-5246.0,-12063362
2025-06-29T15:48:55.156379,7560.0,-5254.0,-12068616
2025-06-29T15:48:56.313303,7506.0,-5247.0,-12073863
2025-06-29T15:48:57.470036,7596.0,-5244.0,-12079107
2025-06-29T15:48:58.626998,7542.0,-5271.0,-12084378
2025-06-29T15:48:59.783881,7560.0,-5248.0,-12089626
2025-06-29T15:49:00.940764,7596.0,-5244.0,-12094870
2025-06-29T15:49:02.097665,7560.0,-5252.0,-12100122
2025-06-29T15:49:03.254496,7578.0,-5262.0,-12105384
2025-06-29T15:49:04.411319,7560.0,-5246.0,-12110630
2025-06-29T15:49:05.568251,7542.0,-5253.0,-12115883
2025-06-29T15:49:06.725153,7542.0,-5249.0,-12121132
2025-06-29T15:49:07.881930,7560.0,-5253.0,-12126385
2025-06-29T15:49:09.038836,7560.0,-5261.0,-12131646
2025-06-29T15:49:10.195714,7596.0,-5258.0,-12136904
2025-06-29T15:49:11.352670,7542.0,-5268.0,-12142172
2025-06-29T15:49:12.509396,7578.0,-5261.0,-12147433
2025-06-29T15:49:13.666258,7578.0,-5266.0,-12152699
2025-06-29T15:49:14.823190,7560.0,-5255.0,-12157954
2025-06-29T15:49:15.980120,7560.0,-5271.0,-12163225
2025-06-29T15:49:17.137010,7560.0,-5265.0,-12168490
2025-06-29T15:49:18.293742,7578.0,-5266.0,-12173756
2025-06-29T15:49:19.450664,7596.0,-5256.0,-12179012
2025-06-29T15:49:20.607673,7578.0,-5262.0,-12184274
2025-06-29T15:49:21.764459,7506.0,-5258.0,-12189532
2025-06-29T15:49:22.921204,7596.0,-5269.0,-12194801
2025-06-29T15:49:24.078128,7578.0,-5252.0,-12200053
2025-06-29T15:49:25.235012,7614.0,-5268.0,-12205321
2025-06-29T15:49:26.391943,7560.0,-5252.0,-12210573
2025-06-29T15:49:27.548700,7542.0,-5277.0,-12215850
2025-06-29T15:49:28.705618,7506.0,-5245.0,-12221095
2025-06-29T15:49:29.862529,7560.0,-5265.0,-12226360
2025-06-29T15:49:31.019394,7524.0,-5263.0,-12231623
2025-06-29T15:49:32.176287,7524.0,-5264.0,-12236887
2025-06-29T15:49:33.333068,7524.0,-5254.0,-12242141
2025-06-29T15:49:34.490002,7560.0,-5262.0,-12247403
2025-06-29T15:49:35.646846,7560.0,-5264.0,-12252667
2025-06-29T15:49:36.803722,7596.0,-5257.0,-12257924
2025-06-29T15:49:37.960564,7524.0,-5255.0,-12263179
2025-06-29T15:49:39.117527,7560.0,-5266.0,-12268445
2025-06-29T15:49:40.274296,7488.0,-5269.0,-12273714
2025-06-29T15:49:41.431222,7578.0,-5258.0,-12278972
2025-06-29T15:49:42.588042,7524.0,-5251.0,-12284223
2025-06-29T15:49:43.744926,7578.0,-5247.0,-12289470
2025-06-29T15:49:44.901659,7542.0,-5274.0,-12294744
2025-06-29T15:49:46.058793,7578.0,-5253.0,-12299997
2025-06-29T15:49:47.215637,7524.0,-5245.0,-12305242
2025-06-29T15:49:48.372268,7578.0,-5261.0,-12310503
2025-06-29T15:49:49.529325,7506.0,-5253.0,-12315756
2025-06-29T15:49:50.686183,7578.0,-5253.0,-12321009
2025-06-29T15:49:51.843092,7596.0,-5265.0,-12326274
2025-06-29T15:49:52.999862,7560.0,-5262.0,-12331536
2025-06-29T15:49:54.156756,7560.0,-5258.0,-12336794
2025-06-29T15:49:55.313651,7560.0,-5262.0,-12342056
2025-06-29T15:49:56.470576,7524.0,-5260.0,-12347316
2025-06-29T15:49:57.627316,7542.0,-5256.0,-12352572
2025-06-29T15:49:58.784237,7542.0,-5260.0,-12357832
2025-06-29T15:49:59.941165,7596.0,-5267.0,-12363099
2025-06-29T15:50:01.098017,7524.0,-5258.0,-12368357
2025-06-29T15:50:02.255028,7614.0,-5264.0,-12373621
2025-06-29T15:50:03.411720,7560.0,-5261.0,-12378882
2025-06-29T15:50:04.568561,7578.0,-5265.0,-12384147
2025-06-29T15:50:05.725528,7470.0,-5255.0,-12389402
2025-06-29T15:50:06.882417,7578.0,-5268.0,-12394670
2025-06-29T15:50:08.039194,7524.0,-5251.0,-12399921
2025-06-29T15:50:09.196112,7560.0,-5247.0,-12405168
2025-06-29T15:50:10.352979,7560.0,-5266.0,-12410434
2025-06-29T15:50:11.509892,7560.0,-5253.0,-12415687
2025-06-29T15:50:12.666693,7506.0,-5264.0,-12420951
2025-06-29T15:50:13.823594,7524.0,-5277.0,-12426228
2025-06-29T15:50:14.980424,7578.0,-5252.0,-12431480
2025-06-29T15:50:16.137326,7614.0,-5244.0,-12436724
2025-06-29T15:50:17.294281,7542.0,-5251.0,-12441975
2025-06-29T15:50:18.450942,7614.0,-5244.0,-12447219
2025-06-29T15:50:19.607928,7506.0,-5259.0,-12452478
2025-06-29T15:50:20.764825,7542.0,-5260.0,-12457738
2025-06-29T15:50:21.921752,7506.0,-5250.0,-12462988
2025-06-29T15:50:23.078548,7560.0,-5262.0,-12468250
2025-06-29T15:50:24.235404,7578.0,-5254.0,-12473504
2025-06-29T15:50:25.393629,7560.0,-5253.0,-12478757
2025-06-29T15:50:26.549261,7578.0,-5256.0,-12484013
2025-06-29T15:50:27.705863,7542.0,-5258.0,-12489271
2025-06-29T15:50:28.862864,7506.0,-5255.0,-12494526
2025-06-29T15:50:30.019752,7542.0,-5266.0,-12499792
2025-06-29T15:50:31.176757,7542.0,-5261.0,-12505053
2025-06-29T15:50:32.333556,7578.0,-5268.0,-12510321
2025-06-29T15:50:33.490346,7506.0,-5274.0,-12515595
2025-06-29T15:50:34.647293,7542.0,-5256.0,-12520851
2025-06-29T15:50:35.804228,7542.0,-5269.0,-12526120
2025-06-29T15:50:36.961044,7578.0,-5262.0,-12531382
2025-06-29T15:50:38.117776,7524.0,-5274.0,-12536656
2025-06-29T15:50:39.274656,7542.0,-5278.0,-12541934
2025-06-29T15:50:40.431718,7506.0,-5272.0,-12547206
2025-06-29T15:50:41.588467,7560.0,-5259.0,-12552465
2025-06-29T15:50:42.745289,7524.0,-5283.0,-12557748
2025-06-29T15:50:43.902184,7542.0,-5270.0,-12563018
2025-06-29T15:50:45.059074,7542.0,-5266.0,-12568284
2025-06-29T15:50:46.216017,7524.0,-5271.0,-12573555
2025-06-29T15:50:47.372991,7542.0,-5275.0,-12578830
2025-06-29T15:50:48.529788,7614.0,-5266.0,-12584096
2025-06-29T15:50:49.686460,7488.0,-5275.0,-12589371
2025-06-29T15:50:50.843339,7578.0,-5254.0,-12594625
2025-06-29T15:50:52.000333,7524.0,-5258.0,-12599883
2025-06-29T15:50:53.157252,7542.0,-5263.0,-12605146
2025-06-29T15:50:54.313926,7524.0,-5271.0,-12610417
2025-06-29T15:50:55.470862,7560.0,-5250.0,-12615667
2025-06-29T15:50:56.627699,7524.0,-5258.0,-12620925
2025-06-29T15:50:57.784491,7560.0,-5270.0,-12626195
2025-06-29T15:50:58.941389,7596.0,-5260.0,-12631455
2025-06-29T15:51:00.098305,7542.0,-5260.0,-12636715
2025-06-29T15:51:01.255276,7488.0,-5273.0,-12641988
2025-06-29T15:51:02.412161,7542.0,-5261.0,-12647249
2025-06-29T15:51:03.568961,7524.0,-5263.0,-12652512
2025-06-29T15:51:04.725855,7560.0,-5261.0,-12657773
2025-06-29T15:51:05.882749,7524.0,-5271.0,-12663044
2025-06-29T15:51:07.039648,7560.0,-5263.0,-12668307
2025-06-29T15:51:08.196433,7524.0,-5271.0,-12673578
2025-06-29T15:51:09.353331,7596.0,-5251.0,-12678829
2025-06-29T15:51:10.510234,7506.0,-5257.0,-12684086
2025-06-29T15:51:11.667123,7524.0,-5261.0,-12689347
2025-06-29T15:51:12.823958,7542.0,-5264.0,-12694611
2025-06-29T15:51:13.980841,7560.0,-5250.0,-12699861
2025-06-29T15:51:15.137756,7542.0,-5269.0,-12705130
2025-06-29T15:51:16.294629,7542.0,-5263.0,-12710393
2025-06-29T15:51:17.451533,7470.0,-5260.0,-12715653
2025-06-29T15:51:18.608272,7524.0,-5270.0,-12720923
2025-06-29T15:51:19.765209,7524.0,-5256.0,-12726179
2025-06-29T15:51:20.922062,7560.0,-5264.0,-12731443
2025-06-29T15:51:22.078951,7506.0,-5284.0,-12736727
2025-06-29T15:51:23.235756,7524.0,-5262.0,-12741989
2025-06-29T15:51:24.392589,7524.0,-5262.0,-12747251
2025-06-29T15:51:25.549492,7596.0,-5264.0,-12752515
2025-06-29T15:51:26.706471,7506.0,-5259.0,-12757774
2025-06-29T15:51:27.863159,7560.0,-5251.0,-12763025
2025-06-29T15:51:29.020307,7524.0,-5262.0,-12768287
2025-06-29T15:51:30.177033,7560.0,-5249.0,-12773536
2025-06-29T15:51:31.333881,7488.0,-5271.0,-12778807
2025-06-29T15:51:32.490868,7542.0,-5266.0,-12784073
2025-06-29T15:51:33.647606,7524.0,-5261.0,-12789334
2025-06-29T15:51:34.804474,7578.0,-5254.0,-12794588
2025-06-29T15:51:35.961386,7452.0,-5254.0,-12799842
2025-06-29T15:51:37.118309,7506.0,-5258.0,-12805100
2025-06-29T15:51:38.275100,7524.0,-5252.0,-12810352
2025-06-29T15:51:39.431990,7614.0,-5254.0,-12815606
2025-06-29T15:51:40.588874,7524.0,-5271.0,-12820877
2025-06-29T15:51:41.745777,7560.0,-5263.0,-12826140
2025-06-29T15:51:42.902674,7506.0,-5253.0,-12831393
2025-06-29T15:51:44.059443,7524.0,-5267.0,-12836660
2025-06-29T15:51:45.216376,7524.0,-5263.0,-12841923
2025-06-29T15:51:46.373263,7560.0,-5261.0,-12847184
2025-06-29T15:51:47.530016,7560.0,-5273.0,-12852457
2025-06-29T15:51:48.686913,7524.0,-5249.0,-12857706
2025-06-29T15:51:49.843789,7542.0,-5267.0,-12862973
2025-06-29T15:51:51.000807,7560.0,-5265.0,-12868238
2025-06-29T15:51:52.157660,7506.0,-5264.0,-12873502
2025-06-29T15:51:53.314433,7542.0,-5261.0,-12878763
2025-06-29T15:51:54.471237,7506.0,-5263.0,-12884026
2025-06-29T15:51:55.628196,7542.0,-5273.0,-12889299
2025-06-29T15:51:56.785122,7506.0,-5272.0,-12894571
2025-06-29T15:51:57.941846,7542.0,-5262.0,-12899833
2025-06-29T15:51:59.098732,7524.0,-5270.0,-12905103
2025-06-29T15:52:00.255697,7524.0,-5265.0,-12910368
2025-06-29T15:52:01.412561,7524.0,-5275.0,-12915643
2025-06-29T15:52:02.569460,7524.0,-5287.0,-12920930
2025-06-29T15:52:03.726225,7560.0,-5269.0,-12926199
2025-06-29T15:52:04.883139,7524.0,-5263.0,-12931462
2025-06-29T15:52:06.040019,7488.0,-5258.0,-12936720
2025-06-29T15:52:07.196929,7506.0,-5271.0,-12941991
2025-06-29T15:52:08.353682,7524.0,-5259.0,-12947250
2025-06-29T15:52:09.510622,7560.0,-5265.0,-12952515
2025-06-29T15:52:10.667507,7470.0,-5263.0,-12957778
2025-06-29T15:52:11.824419,7470.0,-5252.0,-12963030
2025-06-29T15:52:12.981161,7524.0,-5269.0,-12968299
2025-06-29T15:52:14.138098,7578.0,-5262.0,-12973561
2025-06-29T15:52:15.295001,7524.0,-5269.0,-12978830
2025-06-29T15:52:16.451797,7506.0,-5263.0,-12984093
2025-06-29T15:52:17.608805,7524.0,-5276.0,-12989369
2025-06-29T15:52:18.765535,7578.0,-5259.0,-12994628
2025-06-29T15:52:19.922440,7524.0,-5278.0,-12999906
2025-06-29T15:52:21.079361,7596.0,-5273.0,-13005179
2025-06-29T15:52:22.236272,7524.0,-5274.0,-13010453
2025-06-29T15:52:23.392904,7524.0,-5277.0,-13015730
2025-06-29T15:52:24.549926,7524.0,-5271.0,-13021001
2025-06-29T15:52:25.706790,7506.0,-5279.0,-13026280
2025-06-29T15:52:26.863667,7488.0,-5283.0,-13031563
2025-06-29T15:52:28.020519,7578.0,-5273.0,-13036836
2025-06-29T15:52:29.177385,7470.0,-5259.0,-13042095
2025-06-29T15:52:30.334263,7524.0,-5265.0,-13047360
2025-06-29T15:52:31.491213,7506.0,-5268.0,-13052628
2025-06-29T15:52:32.648085,7596.0,-5289.0,-13057917
2025-06-29T15:52:33.804865,7542.0,-5280.0,-13063197
2025-06-29T15:52:34.961755,7578.0,-5265.0,-13068462
2025-06-29T15:52:36.118640,7560.0,-5264.0,-13073726
2025-06-29T15:52:37.275512,7596.0,-5268.0,-13078994
2025-06-29T15:52:38.432310,7524.0,-5266.0,-13084260
2025-06-29T15:52:39.589224,7506.0,-5277.0,-13089537
2025-06-29T15:52:40.746083,7524.0,-5251.0,-13094788
2025-06-29T15:52:41.903026,7560.0,-5249.0,-13100037
2025-06-29T15:52:43.059812,7488.0,-5260.0,-13105297
2025-06-29T15:52:44.216724,7542.0,-5263.0,-13110560
2025-06-29T15:52:45.373598,7506.0,-5270.0,-13115830
2025-06-29T15:52:46.530478,7506.0,-5266.0,-13121096
2025-06-29T15:52:47.687411,7506.0,-5266.0,-13126362
2025-06-29T15:52:48.844202,7506.0,-5260.0,-13131622
2025-06-29T15:52:50.001039,7506.0,-5272.0,-13136894
2025-06-29T15:52:51.157970,7542.0,-5256.0,-13142150
2025-06-29T15:52:52.314860,7506.0,-5269.0,-13147419
2025-06-29T15:52:53.471652,7560.0,-5265.0,-13152684
2025-06-29T15:52:54.628542,7542.0,-5275.0,-13157959
2025-06-29T15:52:55.785446,7524.0,-5278.0,-13163237
2025-06-29T15:52:56.942323,7470.0,-5261.0,-13168498
2025-06-29T15:52:58.099137,7524.0,-5256.0,-13173754
2025-06-29T15:52:59.255998,7524.0,-5279.0,-13179033
2025-06-29T15:53:00.412900,7542.0,-5252.0,-13184285
2025-06-29T15:53:01.569782,7506.0,-5258.0,-13189543
2025-06-29T15:53:02.726763,7524.0,-5253.0,-13194796
2025-06-29T15:53:03.883473,7506.0,-5263.0,-13200059
2025-06-29T15:53:05.040362,7542.0,-5257.0,-13205316
2025-06-29T15:53:06.197255,7452.0,-5278.0,-13210594
2025-06-29T15:53:07.354164,7542.0,-5268.0,-13215862
2025-06-29T15:53:08.510957,7470.0,-5267.0,-13221129
2025-06-29T15:53:09.667885,7524.0,-5261.0,-13226390
2025-06-29T15:53:10.824767,7524.0,-5259.0,-13231649
2025-06-29T15:53:11.981621,7524.0,-5259.0,-13236908
2025-06-29T15:53:13.138362,7506.0,-5262.0,-13242170
2025-06-29T15:53:14.295218,7524.0,-5281.0,-13247451
2025-06-29T15:53:15.452137,7488.0,-5268.0,-13252719
2025-06-29T15:53:16.609007,7506.0,-5270.0,-13257989
2025-06-29T15:53:17.765907,7452.0,-5270.0,-13263259
2025-06-29T15:53:18.922694,7488.0,-5266.0,-13268525
2025-06-29T15:53:20.079592,7488.0,-5257.0,-13273782
2025-06-29T15:53:21.236495,7524.0,-5264.0,-13279046
2025-06-29T15:53:22.393507,7470.0,-5269.0,-13284315
2025-06-29T15:53:23.550221,7560.0,-5277.0,-13289592
2025-06-29T15:53:24.707182,7560.0,-5246.0,-13294838
2025-06-29T15:53:25.864072,7488.0,-5270.0,-13300108
2025-06-29T15:53:27.020953,7542.0,-5260.0,-13305368
2025-06-29T15:53:28.177752,7452.0,-5262.0,-13310630
2025-06-29T15:53:29.334656,7506.0,-5269.0,-13315899
2025-06-29T15:53:30.491553,7560.0,-5269.0,-13321168
2025-06-29T15:53:31.648450,7524.0,-5260.0,-13326428
2025-06-29T15:53:32.805346,7542.0,-5265.0,-13331693
2025-06-29T15:53:33.962140,7488.0,-5258.0,-13336951
2025-06-29T15:53:35.118927,7542.0,-5264.0,-13342215
2025-06-29T15:53:36.275911,7488.0,-5271.0,-13347486
2025-06-29T15:53:37.432765,7542.0,-5272.0,-13352758
2025-06-29T15:53:38.589581,7524.0,-5251.0,-13358009
2025-06-29T15:53:39.746469,7524.0,-5249.0,-13363258
2025-06-29T15:53:40.903411,7488.0,-5254.0,-13368512
2025-06-29T15:53:42.060292,7578.0,-5261.0,-13373773
2025-06-29T15:53:43.217101,7506.0,-5259.0,-13379032
2025-06-29T15:53:44.373971,7488.0,-5270.0,-13384302
2025-06-29T15:53:45.530823,7542.0,-5253.0,-13389555
2025-06-29T15:53:46.687779,7524.0,-5264.0,-13394819
2025-06-29T15:53:47.844646,7524.0,-5267.0,-13400086
2025-06-29T15:53:49.001414,7524.0,-5284.0,-13405370
2025-06-29T15:53:50.158303,7488.0,-5267.0,-13410637
2025-06-29T15:53:51.315229,7506.0,-5277.0,-13415914
2025-06-29T15:53:52.472118,7488.0,-5263.0,-13421177
2025-06-29T15:53:53.628892,7542.0,-5264.0,-13426441
2025-06-29T15:53:54.785833,7506.0,-5273.0,-13431714
2025-06-29T15:53:55.942691,7560.0,-5269.0,-13436983
2025-06-29T15:53:57.099551,7488.0,-5245.0,-13442228
2025-06-29T15:53:58.256328,7524.0,-5263.0,-13447491
2025-06-29T15:53:59.413277,7488.0,-5264.0,-13452755
2025-06-29T15:54:00.570253,7560.0,-5260.0,-13458015
2025-06-29T15:54:01.727019,7506.0,-5259.0,-13463274
2025-06-29T15:54:02.883960,7452.0,-5263.0,-13468537
2025-06-29T15:54:04.040770,7506.0,-5270.0,-13473807
2025-06-29T15:54:05.197639,7488.0,-5264.0,-13479071
2025-06-29T15:54:06.354533,7524.0,-5263.0,-13484334
2025-06-29T15:54:07.511398,7524.0,-5269.0,-13489603
2025-06-29T15:54:08.668189,7488.0,-5264.0,-13494867
2025-06-29T15:54:09.825106,7488.0,-5265.0,-13500132
2025-06-29T15:54:10.982047,7470.0,-5265.0,-13505397
2025-06-29T15:54:12.138916,7542.0,-5257.0,-13510654
2025-06-29T15:54:13.295752,7524.0,-5283.0,-13515937
2025-06-29T15:54:14.452544,7542.0,-5259.0,-13521196
2025-06-29T15:54:15.609456,7470.0,-5276.0,-13526472
2025-06-29T15:54:16.766398,7560.0,-5268.0,-13531740
2025-06-29T15:54:17.923199,7524.0,-5261.0,-13537001
2025-06-29T15:54:19.080028,7488.0,-5267.0,-13542268
2025-06-29T15:54:20.236957,7506.0,-5271.0,-13547539
2025-06-29T15:54:21.394056,7470.0,-5270.0,-13552809
2025-06-29T15:54:22.550720,7506.0,-5270.0,-13558079
2025-06-29T15:54:23.707513,7524.0,-5268.0,-13563347
2025-06-29T15:54:24.864419,7542.0,-5276.0,-13568623
2025-06-29T15:54:26.021297,7524.0,-5285.0,-13573908
2025-06-29T15:54:27.178248,7452.0,-5276.0,-13579184
2025-06-29T15:54:28.335017,7506.0,-5271.0,-13584455
2025-06-29T15:54:29.491912,7452.0,-5274.0,-13589729
2025-06-29T15:54:30.648820,7560.0,-5258.0,-13594987
2025-06-29T15:54:31.805706,7524.0,-5274.0,-13600261
2025-06-29T15:54:32.962408,7542.0,-5280.0,-13605541
2025-06-29T15:54:34.119351,7434.0,-5265.0,-13610806
2025-06-29T15:54:35.276241,7506.0,-5263.0,-13616069
2025-06-29T15:54:36.433137,7434.0,-5269.0,-13621338
2025-06-29T15:54:37.590068,7542.0,-5272.0,-13626610
2025-06-29T15:54:38.746803,7470.0,-5275.0,-13631885
2025-06-29T15:54:39.903752,7524.0,-5250.0,-13637135
2025-06-29T15:54:41.060653,7488.0,-5267.0,-13642402
2025-06-29T15:54:42.217524,7470.0,-5263.0,-13647665
2025-06-29T15:54:43.374282,7506.0,-5266.0,-13652931
2025-06-29T15:54:44.531199,7470.0,-5271.0,-13658202
2025-06-29T15:54:45.688072,7506.0,-5278.0,-13663480
2025-06-29T15:54:46.845032,7506.0,-5277.0,-13668757
2025-06-29T15:54:48.001775,7506.0,-5267.0,-13674024
2025-06-29T15:54:49.158699,7542.0,-5277.0,-13679301
2025-06-29T15:54:50.315449,7524.0,-5270.0,-13684571
2025-06-29T15:54:51.472440,7542.0,-5271.0,-13689842
2025-06-29T15:54:52.629344,7506.0,-5268.0,-13695110
2025-06-29T15:54:53.786090,7470.0,-5271.0,-13700381
2025-06-29T15:54:54.943008,7506.0,-5265.0,-13705646
2025-06-29T15:54:56.099919,7524.0,-5258.0,-13710904
2025-06-29T15:54:57.256640,7470.0,-5272.0,-13716176
2025-06-29T15:54:58.413659,7524.0,-5263.0,-13721439
2025-06-29T15:54:59.570507,7488.0,-5273.0,-13726712
2025-06-29T15:55:00.727431,7542.0,-5287.0,-13731999
2025-06-29T15:55:01.884343,7524.0,-5276.0,-13737275
2025-06-29T15:55:03.041051,7524.0,-5276.0,-13742551
2025-06-29T15:55:04.197978,7506.0,-5270.0,-13747821
2025-06-29T15:55:05.354730,7560.0,-5269.0,-13753090
2025-06-29T15:55:06.511787,7524.0,-5271.0,-13758361
2025-06-29T15:55:07.668627,7488.0,-5281.0,-13763642
2025-06-29T15:55:08.825425,7488.0,-5264.0,-13768906
2025-06-29T15:55:09.982354,7542.0,-5276.0,-13774182
2025-06-29T15:55:11.139200,7470.0,-5274.0,-13779456
2025-06-29T15:55:12.296117,7524.0,-5272.0,-13784728
2025-06-29T15:55:13.452908,7506.0,-5283.0,-13790011
2025-06-29T15:55:14.609799,7506.0,-5278.0,-13795289
2025-06-29T15:55:15.766705,7470.0,-5272.0,-13800561
2025-06-29T15:55:16.923625,7542.0,-5284.0,-13805845
2025-06-29T15:55:18.080442,7542.0,-5271.0,-13811116
2025-06-29T15:55:19.237342,7488.0,-5279.0,-13816395
2025-06-29T15:55:20.394246,7488.0,-5291.0,-13821686
2025-06-29T15:55:21.551076,7470.0,-5287.0,-13826973
2025-06-29T15:55:22.708009,7506.0,-5279.0,-13832252
2025-06-29T15:55:23.864701,7506.0,-5283.0,-13837535
2025-06-29T15:55:25.021663,7524.0,-5262.0,-13842797
2025-06-29T15:55:26.178539,7506.0,-5270.0,-13848067
2025-06-29T15:55:27.335427,7470.0,-5282.0,-13853349
2025-06-29T15:55:28.492269,7434.0,-5262.0,-13858611
2025-06-29T15:55:29.649122,7542.0,-5286.0,-13863897
2025-06-29T15:55:30.806009,7560.0,-5276.0,-13869173
2025-06-29T15:55:31.962907,7452.0,-5282.0,-13874455
2025-06-29T15:55:33.120329,7542.0,-5280.0,-13879735
2025-06-29T15:55:34.276674,7506.0,-5277.0,-13885012
2025-06-29T15:55:35.433484,7506.0,-5292.0,-13890304
2025-06-29T15:55:36.590270,7488.0,-5273.0,-13895577
2025-06-29T15:55:37.747238,7506.0,-5259.0,-13900836
2025-06-29T15:55:38.904002,7524.0,-5298.0,-13906134
2025-06-29T15:55:40.060897,7488.0,-5275.0,-13911409
2025-06-29T15:55:41.217837,7506.0,-5291.0,-13916700
2025-06-29T15:55:42.374794,7488.0,-5275.0,-13921975
2025-06-29T15:55:43.531581,7506.0,-5294.0,-13927269
2025-06-29T15:55:44.688493,7452.0,-5290.0,-13932559
2025-06-29T15:55:45.845393,7488.0,-5296.0,-13937855
2025-06-29T15:55:47.002216,7524.0,-5280.0,-13943135
2025-06-29T15:55:48.159147,7452.0,-5288.0,-13948423
2025-06-29T15:55:49.315902,7524.0,-5278.0,-13953701
2025-06-29T15:55:50.472861,7488.0,-5281.0,-13958982
2025-06-29T15:55:51.629728,7542.0,-5271.0,-13964253
2025-06-29T15:55:52.786605,7524.0,-5280.0,-13969533
2025-06-29T15:55:53.943407,7488.0,-5283.0,-13974816
2025-06-29T15:55:55.100308,7506.0,-5284.0,-13980100
2025-06-29T15:55:56.257257,7452.0,-5268.0,-13985368
2025-06-29T15:55:57.414086,7506.0,-5270.0,-13990638
2025-06-29T15:55:58.570970,7488.0,-5267.0,-13995905
2025-06-29T15:55:59.727809,7542.0,-5287.0,-14001192
2025-06-29T15:56:00.884716,7542.0,-5294.0,-14006486
2025-06-29T15:56:02.041586,7452.0,-5289.0,-14011775
2025-06-29T15:56:03.198374,7506.0,-5293.0,-14017068
2025-06-29T15:56:04.355199,7434.0,-5279.0,-14022347
2025-06-29T15:56:05.512161,7506.0,-5286.0,-14027633
2025-06-29T15:56:06.668989,7452.0,-5286.0,-14032919
2025-06-29T15:56:07.825890,7524.0,-5281.0,-14038200
2025-06-29T15:56:08.982744,7560.0,-5269.0,-14043469
2025-06-29T15:56:10.139620,7542.0,-5284.0,-14048753
2025-06-29T15:56:11.296499,7470.0,-5271.0,-14054024
2025-06-29T15:56:12.453418,7524.0,-5286.0,-14059310
2025-06-29T15:56:13.610180,7506.0,-5269.0,-14064579
2025-06-29T15:56:14.767098,7524.0,-5280.0,-14069859
2025-06-29T15:56:15.923951,7524.0,-5272.0,-14075131
2025-06-29T15:56:17.081061,7488.0,-5267.0,-14080398
2025-06-29T15:56:18.237683,7452.0,-5286.0,-14085684
2025-06-29T15:56:19.394553,7452.0,-5276.0,-14090960
2025-06-29T15:56:20.551477,7542.0,-5289.0,-14096249
2025-06-29T15:56:21.708335,7506.0,-5281.0,-14101530
2025-06-29T15:56:22.865244,7416.0,-5289.0,-14106819
2025-06-29T15:56:24.022017,7560.0,-5280.0,-14112099
2025-06-29T15:56:25.178927,7470.0,-5303.0,-14117402
2025-06-29T15:56:26.335797,7434.0,-5295.0,-14122697
2025-06-29T15:56:27.492686,7488.0,-5281.0,-14127978
2025-06-29T15:56:28.649636,7506.0,-5278.0,-14133256
2025-06-29T15:56:29.806413,7542.0,-5285.0,-14138541
2025-06-29T15:56:30.963348,7470.0,-5289.0,-14143830
2025-06-29T15:56:32.120225,7506.0,-5269.0,-14149099
2025-06-29T15:56:33.277062,7488.0,-5285.0,-14154384
2025-06-29T15:56:34.433854,7470.0,-5298.0,-14159682
2025-06-29T15:56:35.590722,7452.0,-5283.0,-14164965
2025-06-29T15:56:36.747634,7524.0,-5269.0,-14170234
2025-06-29T15:56:37.904565,7488.0,-5267.0,-14175501
2025-06-29T15:56:39.061404,7452.0,-5290.0,-14180791
2025-06-29T15:56:40.218280,7524.0,-5291.0,-14186082
2025-06-29T15:56:41.375004,7452.0,-5286.0,-14191368
2025-06-29T15:56:42.531874,7542.0,-5292.0,-14196660
2025-06-29T15:56:43.688698,7452.0,-5288.0,-14201948
2025-06-29T15:56:44.845711,7542.0,-5284.0,-14207232
2025-06-29T15:56:46.002613,7506.0,-5280.0,-14212512
2025-06-29T15:56:47.159344,7488.0,-5293.0,-14217805
2025-06-29T15:56:48.316311,7506.0,-5271.0,-14223076
2025-06-29T15:56:49.473142,7488.0,-5288.0,-14228364
2025-06-29T15:56:50.630083,7488.0,-5456.0,-14233820
2025-06-29T15:56:51.786853,7524.0,-5459.0,-14239279
2025-06-29T15:56:52.943731,7506.0,-5498.0,-14244777
2025-06-29T15:56:54.100541,7560.0,-5478.0,-14250255
2025-06-29T15:56:55.257576,7560.0,-5501.0,-14255756
2025-06-29T15:56:56.414487,7488.0,-5482.0,-14261238
2025-06-29T15:56:57.571377,7596.0,-5478.0,-14266716
2025-06-29T15:56:58.728225,7506.0,-5497.0,-14272213
2025-06-29T15:56:59.885062,7524.0,-5495.0,-14277708
2025-06-29T15:57:01.041913,7524.0,-5480.0,-14283188
2025-06-29T15:57:02.198818,7542.0,-5476.0,-14288664
2025-06-29T15:57:03.355705,7578.0,-5478.0,-14294142
2025-06-29T15:57:04.512524,7560.0,-5476.0,-14299618
2025-06-29T15:57:05.669364,7542.0,-5459.0,-14305077
2025-06-29T15:57:06.826286,7560.0,-5470.0,-14310547
2025-06-29T15:57:07.983225,7578.0,-5487.0,-14316034
2025-06-29T15:57:09.139981,7506.0,-5483.0,-14321517
2025-06-29T15:57:10.296817,7506.0,-5477.0,-14326994
2025-06-29T15:57:11.453781,7542.0,-5490.0,-14332484
2025-06-29T15:57:12.610694,7560.0,-5455.0,-14337939
2025-06-29T15:57:13.767435,7488.0,-5477.0,-14343416
2025-06-29T15:57:14.924311,7614.0,-5467.0,-14348883
2025-06-29T15:57:16.081307,7542.0,-5479.0,-14354362
2025-06-29T15:57:17.238150,7560.0,-5484.0,-14359846
2025-06-29T15:57:18.394983,7506.0,-5476.0,-14365322
2025-06-29T15:57:19.551813,7524.0,-5485.0,-14370807
2025-06-29T15:57:20.708742,7488.0,-5470.0,-14376277
2025-06-29T15:57:21.865573,7542.0,-5471.0,-14381748
2025-06-29T15:57:23.022521,7506.0,-5482.0,-14387230
2025-06-29T15:57:24.179268,7560.0,-5493.0,-14392723
2025-06-29T15:57:25.336191,7506.0,-5484.0,-14398207
2025-06-29T15:57:26.493087,7542.0,-5483.0,-14403690
2025-06-29T15:57:27.649969,7524.0,-5492.0,-14409182
2025-06-29T15:57:28.806832,7578.0,-5482.0,-14414664
2025-06-29T15:57:29.963652,7560.0,-5484.0,-14420148
2025-06-29T15:57:31.120509,7560.0,-5481.0,-14425629
2025-06-29T15:57:32.277460,7542.0,-5485.0,-14431114
2025-06-29T15:57:33.434259,7524.0,-5478.0,-14436592
2025-06-29T15:57:34.591095,7542.0,-5486.0,-14442078
2025-06-29T15:57:35.747897,7614.0,-5488.0,-14447566
2025-06-29T15:57:36.904934,7524.0,-5491.0,-14453057
2025-06-29T15:57:38.061828,7524.0,-5466.0,-14458523
2025-06-29T15:57:39.218643,7560.0,-5487.0,-14464010
2025-06-29T15:57:40.375447,7542.0,-5477.0,-14469487
2025-06-29T15:57:41.532327,7578.0,-5487.0,-14474974
2025-06-29T15:57:42.689292,7578.0,-5457.0,-14480431
2025-06-29T15:57:43.846096,7488.0,-5478.0,-14485909
2025-06-29T15:57:45.002973,7578.0,-5478.0,-14491387
2025-06-29T15:57:46.159824,7470.0,-5493.0,-14496880
2025-06-29T15:57:47.316776,7578.0,-5471.0,-14502351
2025-06-29T15:57:48.473643,7542.0,-5488.0,-14507839
2025-06-29T15:57:49.630517,7578.0,-5500.0,-14513339
2025-06-29T15:57:50.787307,7542.0,-5494.0,-14518833
2025-06-29T15:57:51.944267,7578.0,-5499.0,-14524332
2025-06-29T15:57:53.101111,7524.0,-5469.0,-14529801
2025-06-29T15:57:54.257946,7578.0,-5468.0,-14535269
2025-06-29T15:57:55.414832,7542.0,-5464.0,-14540733
2025-06-29T15:57:56.571816,7560.0,-5486.0,-14546219
2025-06-29T15:57:57.728522,7488.0,-5450.0,-14551669
2025-06-29T15:57:58.885383,7542.0,-5480.0,-14557149
2025-06-29T15:58:00.042197,7524.0,-5475.0,-14562624
2025-06-29T15:58:01.199244,7542.0,-5486.0,-14568110
2025-06-29T15:58:02.356074,7542.0,-5480.0,-14573590
2025-06-29T15:58:03.512787,7524.0,-5493.0,-14579083
2025-06-29T15:58:04.669768,7542.0,-5464.0,-14584547
2025-06-29T15:58:05.826624,7560.0,-5467.0,-14590014
2025-06-29T15:58:06.983557,7560.0,-5472.0,-14595486
2025-06-29T15:58:08.140472,7542.0,-5471.0,-14600957
2025-06-29T15:58:09.297260,7542.0,-5464.0,-14606421
2025-06-29T15:58:10.454174,7578.0,-5490.0,-14611911
2025-06-29T15:58:11.611083,7452.0,-5472.0,-14617383
2025-06-29T15:58:12.767933,7542.0,-5480.0,-14622863
2025-06-29T15:58:13.924710,7506.0,-5478.0,-14628341
2025-06-29T15:58:15.081626,7560.0,-5489.0,-14633830
2025-06-29T15:58:16.238462,7560.0,-5494.0,-14639324
2025-06-29T15:58:17.395408,7524.0,-5492.0,-14644816
2025-06-29T15:58:18.552317,7560.0,-5438.0,-14650254
2025-06-29T15:58:19.709051,7542.0,-5479.0,-14655733
2025-06-29T15:58:20.866001,7488.0,-5494.0,-14661227
2025-06-29T15:58:22.022888,7506.0,-5473.0,-14666700
2025-06-29T15:58:23.179629,7524.0,-5452.0,-14672152
2025-06-29T15:58:24.336565,7578.0,-5473.0,-14677625
2025-06-29T15:58:25.493456,7524.0,-5492.0,-14683117
2025-06-29T15:58:26.650356,7542.0,-5491.0,-14688608
2025-06-29T15:58:27.807258,7542.0,-5458.0,-14694066
2025-06-29T15:58:28.964095,7542.0,-5481.0,-14699547
2025-06-29T15:58:30.120919,7542.0,-5467.0,-14705014
2025-06-29T15:58:31.277801,7542.0,-5471.0,-14710485
2025-06-29T15:58:32.434739,7560.0,-5494.0,-14715979
2025-06-29T15:58:33.591594,7542.0,-5475.0,-14721454
2025-06-29T15:58:34.748404,7542.0,-5446.0,-14726900
2025-06-29T15:58:35.905229,7524.0,-5477.0,-14732377
2025-06-29T15:58:37.062200,7560.0,-5451.0,-14737828
2025-06-29T15:58:38.218985,7596.0,-5478.0,-14743306
2025-06-29T15:58:39.375876,7488.0,-5458.0,-14748764
2025-06-29T15:58:40.532757,7488.0,-5480.0,-14754244
2025-06-29T15:58:41.689491,7524.0,-5453.0,-14759697
2025-06-29T15:58:42.846517,7560.0,-5475.0,-14765172
2025-06-29T15:58:44.003391,7524.0,-5516.0,-14770688
2025-06-29T15:58:45.160239,7596.0,-5479.0,-14776167
2025-06-29T15:58:46.317120,7524.0,-5486.0,-14781653
2025-06-29T15:58:47.474033,7560.0,-5479.0,-14787132
2025-06-29T15:58:48.630920,7470.0,-5480.0,-14792612
2025-06-29T15:58:49.787704,7542.0,-5467.0,-14798079
2025-06-29T15:58:50.944639,7542.0,-5450.0,-14803529
2025-06-29T15:58:52.101471,7578.0,-5486.0,-14809015
2025-06-29T15:58:53.258296,7488.0,-5506.0,-14814521
2025-06-29T15:58:54.415217,7614.0,-5497.0,-14820018
2025-06-29T15:58:55.572144,7524.0,-5471.0,-14825489
2025-06-29T15:58:56.728957,7524.0,-5487.0,-14830976
2025-06-29T15:58:57.885793,7488.0,-5521.0,-14836497
2025-06-29T15:58:59.042557,7506.0,-5491.0,-14841988
2025-06-29T15:59:00.199478,7488.0,-5480.0,-14847468
2025-06-29T15:59:01.356355,7542.0,-5473.0,-14852941
2025-06-29T15:59:02.513256,7524.0,-5460.0,-14858401
2025-06-29T15:59:03.670138,7506.0,-5491.0,-14863892
2025-06-29T15:59:04.827045,7470.0,-5488.0,-14869380
2025-06-29T15:59:05.983932,7542.0,-5482.0,-14874862
2025-06-29T15:59:07.140844,7506.0,-5516.0,-14880378
2025-06-29T15:59:08.297631,7506.0,-5473.0,-14885851
2025-06-29T15:59:09.454483,7596.0,-5510.0,-14891361
2025-06-29T15:59:10.611407,7524.0,-5476.0,-14896837
2025-06-29T15:59:11.768301,7542.0,-5504.0,-14902341
2025-06-29T15:59:12.925201,7506.0,-5473.0,-14907814
2025-06-29T15:59:14.081991,7488.0,-5501.0,-14913315
2025-06-29T15:59:15.238868,7542.0,-5476.0,-14918791
2025-06-29T15:59:16.395749,7542.0,-5493.0,-14924284
2025-06-29T15:59:17.552660,7524.0,-5468.0,-14929752
2025-06-29T15:59:18.709523,7560.0,-5494.0,-14935246
2025-06-29T15:59:19.866383,7542.0,-5473.0,-14940719
2025-06-29T15:59:21.023214,7506.0,-5487.0,-14946206
2025-06-29T15:59:22.180117,7560.0,-5473.0,-14951679
2025-06-29T15:59:23.336927,7488.0,-5490.0,-14957169
2025-06-29T15:59:24.493791,7506.0,-5481.0,-14962650
2025-06-29T15:59:25.650706,7488.0,-5479.0,-14968129
2025-06-29T15:59:26.807601,7434.0,-5491.0,-14973620
2025-06-29T15:59:27.964504,7488.0,-5470.0,-14979090
2025-06-29T15:59:29.121243,7506.0,-5482.0,-14984572
2025-06-29T15:59:30.278182,7542.0,-5474.0,-14990046
2025-06-29T15:59:31.435080,7524.0,-5474.0,-14995520
2025-06-29T15:59:32.591920,7524.0,-5456.0,-15000976
2025-06-29T15:59:33.748857,7542.0,-5490.0,-15006466
2025-06-29T15:59:34.905694,7560.0,-5477.0,-15011943
2025-06-29T15:59:36.062537,7542.0,-5480.0,-15017423
2025-06-29T15:59:37.219462,7470.0,-5503.0,-15022926
2025-06-29T15:59:38.376192,7488.0,-5487.0,-15028413
2025-06-29T15:59:39.533121,7524.0,-5479.0,-15033892
2025-06-29T15:59:40.690033,7524.0,-5476.0,-15039368
2025-06-29T15:59:41.846874,7488.0,-5471.0,-15044839
2025-06-29T15:59:43.003803,7434.0,-5470.0,-15050309
2025-06-29T15:59:44.160553,7542.0,-5451.0,-15055760
2025-06-29T15:59:45.317455,7506.0,-5500.0,-15061260
2025-06-29T15:59:46.474397,7470.0,-5500.0,-15066760
2025-06-29T15:59:47.631271,7524.0,-5456.0,-15072216
2025-06-29T15:59:48.788122,7524.0,-5484.0,-15077700
2025-06-29T15:59:49.944929,7578.0,-5473.0,-15083173
2025-06-29T15:59:51.101866,7488.0,-5482.0,-15088655
2025-06-29T15:59:52.258729,7524.0,-5474.0,-15094129
2025-06-29T15:59:53.415578,7488.0,-5491.0,-15099620
2025-06-29T15:59:54.572426,7506.0,-5476.0,-15105096
2025-06-29T15:59:55.729335,7488.0,-5457.0,-15110553
2025-06-29T15:59:56.886194,7506.0,-5463.0,-15116016
2025-06-29T15:59:58.043053,7506.0,-5449.0,-15121465
2025-06-29T15:59:59.199858,7560.0,-5481.0,-15126946
2025-06-29T16:00:00.356759,7560.0,-5482.0,-15132428
2025-06-29T16:00:01.513661,7506.0,-5460.0,-15137888
2025-06-29T16:00:02.670598,7506.0,-5506.0,-15143394
2025-06-29T16:00:03.827465,7506.0,-5484.0,-15148878
2025-06-29T16:00:04.984287,7560.0,-5462.0,-15154340
2025-06-29T16:00:06.141111,7560.0,-5477.0,-15159817
2025-06-29T16:00:07.298045,7470.0,-5500.0,-15165317
2025-06-29T16:00:08.454946,7524.0,-5456.0,-15170773
2025-06-29T16:00:09.611767,7524.0,-5503.0,-15176276
2025-06-29T16:00:10.768545,7524.0,-5475.0,-15181751
2025-06-29T16:00:11.925530,7560.0,-5457.0,-15187208
2025-06-29T16:00:13.082444,7560.0,-5472.0,-15192680
2025-06-29T16:00:14.239322,7506.0,-5509.0,-15198189
2025-06-29T16:00:15.396098,7488.0,-5461.0,-15203650
2025-06-29T16:00:16.552972,7470.0,-5500.0,-15209150
2025-06-29T16:00:17.709916,7542.0,-5484.0,-15214634
2025-06-29T16:00:18.866776,7488.0,-5496.0,-15220130
2025-06-29T16:00:20.023583,7524.0,-5489.0,-15225619
2025-06-29T16:00:21.180270,7560.0,-5494.0,-15231113
2025-06-29T16:00:22.337358,7488.0,-5446.0,-15236559
2025-06-29T16:00:23.494232,7506.0,-5482.0,-15242041
2025-06-29T16:00:24.651051,7506.0,-5472.0,-15247513
2025-06-29T16:00:25.807918,7434.0,-5456.0,-15252969
2025-06-29T16:00:26.964944,7524.0,-5487.0,-15258456
2025-06-29T16:00:28.121739,7470.0,-5487.0,-15263943
2025-06-29T16:00:29.278601,7542.0,-5494.0,-15269437
2025-06-29T16:00:30.435374,7560.0,-5445.0,-15274882
2025-06-29T16:00:31.592304,7524.0,-5492.0,-15280374
2025-06-29T16:00:32.749136,7488.0,-5478.0,-15285852
2025-06-29T16:00:33.906072,7524.0,-5459.0,-15291311
2025-06-29T16:00:35.062823,7488.0,-5511.0,-15296822
2025-06-29T16:00:36.219766,7524.0,-5444.0,-15302266
2025-06-29T16:00:37.376627,7470.0,-5448.0,-15307714
2025-06-29T16:00:38.533579,7560.0,-5484.0,-15313198
2025-06-29T16:00:39.690336,7524.0,-5482.0,-15318680
2025-06-29T16:00:40.847226,7488.0,-5472.0,-15324152
2025-06-29T16:00:42.004125,7434.0,-5480.0,-15329632
2025-06-29T16:00:43.161014,7506.0,-5459.0,-15335091
2025-06-29T16:00:44.317945,7470.0,-5475.0,-15340566
2025-06-29T16:00:45.474734,7596.0,-5478.0,-15346044
2025-06-29T16:00:46.631577,7524.0,-5464.0,-15351508
2025-06-29T16:00:47.788470,7578.0,-5478.0,-15356986
2025-06-29T16:00:48.945370,7488.0,-5513.0,-15362499
2025-06-29T16:00:50.102147,7488.0,-5473.0,-15367972
2025-06-29T16:00:51.258894,7560.0,-5483.0,-15373455
2025-06-29T16:00:52.415984,7506.0,-5482.0,-15378937
2025-06-29T16:00:53.572847,7470.0,-5452.0,-15384389
2025-06-29T16:00:54.729672,7542.0,-5490.0,-15389879
2025-06-29T16:00:55.886543,7542.0,-5506.0,-15395385
2025-06-29T16:00:57.043470,7506.0,-5496.0,-15400881
2025-06-29T16:00:58.200212,7470.0,-5451.0,-15406332
2025-06-29T16:00:59.357139,7560.0,-5485.0,-15411817
2025-06-29T16:01:00.513986,7506.0,-5497.0,-15417314
2025-06-29T16:01:01.670886,7470.0,-5482.0,-15422796
2025-06-29T16:01:02.827805,7524.0,-5464.0,-15428260
2025-06-29T16:01:03.984721,7524.0,-5470.0,-15433730
2025-06-29T16:01:05.141503,7524.0,-5487.0,-15439217
2025-06-29T16:01:06.298426,7524.0,-5481.0,-15444698
2025-06-29T16:01:07.455260,7506.0,-5453.0,-15450151
2025-06-29T16:01:08.612188,7470.0,-5458.0,-15455609
2025-06-29T16:01:09.768820,7524.0,-5462.0,-15461071
2025-06-29T16:01:10.925912,7506.0,-5477.0,-15466548
2025-06-29T16:01:12.082678,7452.0,-5494.0,-15472042
2025-06-29T16:01:13.240763,7542.0,-5466.0,-15477508
2025-06-29T16:01:14.399503,7524.0,-5440.0,-15482948
2025-06-29T16:01:15.558050,7506.0,-5454.0,-15488402
2025-06-29T16:01:16.716455,7488.0,-5473.0,-15493875
2025-06-29T16:01:17.874852,7542.0,-5476.0,-15499351
2025-06-29T16:01:19.033139,7488.0,-5508.0,-15504859
2025-06-29T16:01:20.191133,7560.0,-5472.0,-15510331
2025-06-29T16:01:21.349264,7452.0,-5448.0,-15515779
2025-06-29T16:01:22.507216,7578.0,-5451.0,-15521230
2025-06-29T16:01:23.665161,7524.0,-5470.0,-15526700
2025-06-29T16:01:24.822831,7506.0,-5472.0,-15532172
2025-06-29T16:01:25.980626,7524.0,-5495.0,-15537667
2025-06-29T16:01:27.138351,7560.0,-5478.0,-15543145
2025-06-29T16:01:28.295949,7488.0,-5473.0,-15548618
2025-06-29T16:01:29.453494,7524.0,-5473.0,-15554091
2025-06-29T16:01:30.611059,7452.0,-5464.0,-15559555
2025-06-29T16:01:31.768511,7542.0,-5473.0,-15565028
2025-06-29T16:01:32.926000,7524.0,-5468.0,-15570496
2025-06-29T16:01:34.083405,7524.0,-5485.0,-15575981
2025-06-29T16:01:35.240614,7470.0,-5514.0,-15581495
2025-06-29T16:01:36.398018,7488.0,-5487.0,-15586982
2025-06-29T16:01:37.555354,7542.0,-5464.0,-15592446
2025-06-29T16:01:38.712610,7470.0,-5462.0,-15597908
2025-06-29T16:01:39.869741,7488.0,-5508.0,-15603416
2025-06-29T16:01:41.026924,7488.0,-5450.0,-15608866
2025-06-29T16:01:42.184276,7524.0,-5437.0,-15614303
2025-06-29T16:01:43.341201,7506.0,-5460.0,-15619763
2025-06-29T16:01:44.498438,7452.0,-5494.0,-15625257
2025-06-29T16:01:45.655571,7524.0,-5486.0,-15630743
2025-06-29T16:01:46.812690,7470.0,-5466.0,-15636209
2025-06-29T16:01:47.969795,7452.0,-5484.0,-15641693
2025-06-29T16:01:49.126922,7470.0,-5486.0,-15647179
2025-06-29T16:01:50.283877,7524.0,-5470.0,-15652649
2025-06-29T16:01:51.440958,7488.0,-5496.0,-15658145
2025-06-29T16:01:52.597958,7506.0,-5466.0,-15663611
2025-06-29T16:01:53.755043,7488.0,-5479.0,-15669090
2025-06-29T16:01:54.911985,7506.0,-5463.0,-15674553
2025-06-29T16:01:56.068999,7470.0,-5442.0,-15679995
2025-06-29T16:01:57.226025,7560.0,-5463.0,-15685458
2025-06-29T16:01:58.382829,7506.0,-5489.0,-15690947
2025-06-29T16:01:59.539797,7560.0,-5474.0,-15696421
2025-06-29T16:02:00.696909,7506.0,-5461.0,-15701882
2025-06-29T16:02:01.853824,7542.0,-5472.0,-15707354
2025-06-29T16:02:03.010805,7488.0,-5486.0,-15712840
2025-06-29T16:02:04.167812,7488.0,-5473.0,-15718313
2025-06-29T16:02:05.324757,7452.0,-5475.0,-15723788
2025-06-29T16:02:06.481642,7542.0,-5482.0,-15729270
2025-06-29T16:02:07.638575,7506.0,-5441.0,-15734711
2025-06-29T16:02:08.795507,7470.0,-5479.0,-15740190
2025-06-29T16:02:09.952396,7506.0,-5433.0,-15745623
2025-06-29T16:02:11.109325,7524.0,-5471.0,-15751094
2025-06-29T16:02:12.266240,7542.0,-5503.0,-15756597
2025-06-29T16:02:13.423126,7506.0,-5459.0,-15762056
2025-06-29T16:02:14.580042,7488.0,-5496.0,-15767552
2025-06-29T16:02:15.736997,7506.0,-5482.0,-15773034
2025-06-29T16:02:16.893880,7434.0,-5484.0,-15778518
2025-06-29T16:02:18.050847,7524.0,-5464.0,-15783982
2025-06-29T16:02:19.207840,7506.0,-5456.0,-15789438
2025-06-29T16:02:20.364615,7560.0,-5477.0,-15794915
2025-06-29T16:02:21.521489,7542.0,-5482.0,-15800397
2025-06-29T16:02:22.678411,7542.0,-5455.0,-15805852
2025-06-29T16:02:23.835376,7434.0,-5487.0,-15811339
2025-06-29T16:02:24.992199,7524.0,-5461.0,-15816800
2025-06-29T16:02:26.149084,7488.0,-5500.0,-15822300
2025-06-29T16:02:27.305985,7470.0,-5480.0,-15827780
2025-06-29T16:02:28.462823,7524.0,-5465.0,-15833245
2025-06-29T16:02:29.619694,7452.0,-5466.0,-15838711
2025-06-29T16:02:30.776616,7506.0,-5463.0,-15844174
2025-06-29T16:02:31.933548,7470.0,-5471.0,-15849645
2025-06-29T16:02:33.090437,7488.0,-5452.0,-15855097
2025-06-29T16:02:34.247408,7524.0,-5460.0,-15860557
2025-06-29T16:02:35.404068,7488.0,-5447.0,-15866004
2025-06-29T16:02:36.561146,7524.0,-5474.0,-15871478
2025-06-29T16:02:37.717970,7452.0,-5442.0,-15876920
2025-06-29T16:02:38.874984,7470.0,-5455.0,-15882375
2025-06-29T16:02:40.031674,7560.0,-5468.0,-15887843
2025-06-29T16:02:41.188581,7470.0,-5477.0,-15893320
2025-06-29T16:02:42.345509,7470.0,-5522.0,-15898842
2025-06-29T16:02:43.502301,7452.0,-5467.0,-15904309
2025-06-29T16:02:44.659202,7452.0,-5483.0,-15909792
2025-06-29T16:02:45.816087,7452.0,-5475.0,-15915267
2025-06-29T16:02:46.973013,7488.0,-5459.0,-15920726
2025-06-29T16:02:48.129955,7470.0,-5465.0,-15926191
2025-06-29T16:02:49.286807,7434.0,-5496.0,-15931687
2025-06-29T16:02:50.443521,7560.0,-5462.0,-15937149
2025-06-29T16:02:51.600476,7488.0,-5455.0,-15942604
2025-06-29T16:02:52.757376,7488.0,-5453.0,-15948057
2025-06-29T16:02:53.914324,7470.0,-5509.0,-15953566
2025-06-29T16:02:55.071073,7560.0,-5497.0,-15959063
2025-06-29T16:02:56.228011,7434.0,-5451.0,-15964514
2025-06-29T16:02:57.385039,7452.0,-5488.0,-15970002
2025-06-29T16:02:58.541702,7434.0,-5480.0,-15975482
2025-06-29T16:02:59.698620,7506.0,-5459.0,-15980941
2025-06-29T16:03:00.855427,7398.0,-5501.0,-15986442
2025-06-29T16:03:02.012409,7506.0,-5470.0,-15991912
2025-06-29T16:03:03.169284,7470.0,-5490.0,-15997402
2025-06-29T16:03:04.326172,7452.0,-5475.0,-16002877
2025-06-29T16:03:05.482972,7434.0,-5493.0,-16008370
2025-06-29T16:03:06.639914,7488.0,-5483.0,-16013853
2025-06-29T16:03:07.796725,7452.0,-5450.0,-16019303
2025-06-29T16:03:08.953652,7470.0,-5480.0,-16024783
2025-06-29T16:03:10.110463,7470.0,-5439.0,-16030222
2025-06-29T16:03:11.267411,7506.0,-5477.0,-16035699
2025-06-29T16:03:12.424266,7434.0,-5465.0,-16041164
2025-06-29T16:03:13.581145,7542.0,-5450.0,-16046614
2025-06-29T16:03:14.737986,7452.0,-5478.0,-16052092
2025-06-29T16:03:15.894867,7470.0,-5471.0,-16057563
2025-06-29T16:03:17.051778,7470.0,-5439.0,-16063002
2025-06-29T16:03:18.208648,7542.0,-5455.0,-16068457
2025-06-29T16:03:19.365575,7524.0,-5465.0,-16073922
2025-06-29T16:03:20.522357,7452.0,-5476.0,-16079398
2025-06-29T16:03:21.679256,7452.0,-5476.0,-16084874
2025-06-29T16:03:22.836156,7524.0,-5487.0,-16090361
2025-06-29T16:03:23.993053,7470.0,-5499.0,-16095860
2025-06-29T16:03:25.149881,7488.0,-5476.0,-16101336
2025-06-29T16:03:26.306737,7524.0,-5498.0,-16106834
2025-06-29T16:03:27.463648,7524.0,-5471.0,-16112305
2025-06-29T16:03:28.620504,7506.0,-5482.0,-16117787
2025-06-29T16:03:29.777411,7506.0,-5476.0,-16123263
2025-06-29T16:03:30.934255,7416.0,-5489.0,-16128752
2025-06-29T16:03:32.091145,7596.0,-5455.0,-16134207
2025-06-29T16:03:33.248116,7488.0,-5472.0,-16139679
2025-06-29T16:03:34.404901,7470.0,-5458.0,-16145137
2025-06-29T16:03:35.561731,7524.0,-5450.0,-16150587
2025-06-29T16:03:36.718629,7524.0,-5470.0,-16156057
2025-06-29T16:03:37.875494,7434.0,-5445.0,-16161502
2025-06-29T16:03:39.032390,7524.0,-5473.0,-16166975
2025-06-29T16:03:40.189230,7452.0,-5453.0,-16172428
2025-06-29T16:03:41.346095,7542.0,-5466.0,-16177894
2025-06-29T16:03:42.503003,7470.0,-5477.0,-16183371
2025-06-29T16:03:43.659880,7542.0,-5480.0,-16188851
2025-06-29T16:03:44.816671,7488.0,-5453.0,-16194304
2025-06-29T16:03:45.973645,7524.0,-5467.0,-16199771
2025-06-29T16:03:47.130484,7506.0,-5465.0,-16205236
2025-06-29T16:03:48.287483,7434.0,-5472.0,-16210708
2025-06-29T16:03:49.444314,7452.0,-5479.0,-16216187
2025-06-29T16:03:50.601114,7524.0,-5464.0,-16221651
2025-06-29T16:03:51.757998,7452.0,-5474.0,-16227125
2025-06-29T16:03:52.914907,7488.0,-5452.0,-16232577
2025-06-29T16:03:54.071783,7488.0,-5451.0,-16238028
2025-06-29T16:03:55.228570,7506.0,-5465.0,-16243493
2025-06-29T16:03:56.385366,7506.0,-5458.0,-16248951
2025-06-29T16:03:57.542463,7488.0,-5452.0,-16254403
2025-06-29T16:03:58.699171,7506.0,-5459.0,-16259862
2025-06-29T16:03:59.856097,7524.0,-5465.0,-16265327
2025-06-29T16:04:01.012966,7416.0,-5462.0,-16270789
2025-06-29T16:04:02.169920,7506.0,-5467.0,-16276256
2025-06-29T16:04:03.326800,7470.0,-5451.0,-16281707
2025-06-29T16:04:04.483683,7488.0,-5470.0,-16287177
2025-06-29T16:04:05.640524,7452.0,-5453.0,-16292630
2025-06-29T16:04:06.797287,7488.0,-5465.0,-16298095
2025-06-29T16:04:07.954236,7470.0,-5490.0,-16303585
2025-06-29T16:04:09.111161,7452.0,-5455.0,-16309040
2025-06-29T16:04:10.267969,7524.0,-5484.0,-16314524
2025-06-29T16:04:11.424869,7434.0,-5469.0,-16319993
2025-06-29T16:04:12.581752,7434.0,-5477.0,-16325470
2025-06-29T16:04:13.738542,7542.0,-5465.0,-16330935
2025-06-29T16:04:14.895437,7434.0,-5452.0,-16336387
2025-06-29T16:04:16.052345,7506.0,-5467.0,-16341854
2025-06-29T16:04:17.209202,7434.0,-5455.0,-16347309
2025-06-29T16:04:18.366180,7560.0,-5476.0,-16352785
2025-06-29T16:04:19.522999,7452.0,-5490.0,-16358275
2025-06-29T16:04:20.679781,7470.0,-5458.0,-16363733
2025-06-29T16:04:21.836710,7452.0,-5456.0,-16369189
2025-06-29T16:04:22.993608,7506.0,-5453.0,-16374642
2025-06-29T16:04:24.150499,7470.0,-5467.0,-16380109
2025-06-29T16:04:25.307172,7470.0,-5475.0,-16385584
2025-06-29T16:04:26.464246,7524.0,-5485.0,-16391069
2025-06-29T16:04:27.621098,7524.0,-5462.0,-16396531
2025-06-29T16:04:28.778023,7470.0,-5467.0,-16401998
2025-06-29T16:04:29.934757,7488.0,-5458.0,-16407456
2025-06-29T16:04:31.091675,7452.0,-5458.0,-16412914
2025-06-29T16:04:32.248570,7506.0,-5489.0,-16418403
2025-06-29T16:04:33.405500,7434.0,-5469.0,-16423872
2025-06-29T16:04:34.562174,7470.0,-5470.0,-16429342
2025-06-29T16:04:35.719191,7434.0,-5503.0,-16434845
2025-06-29T16:04:36.876122,7452.0,-5480.0,-16440325
2025-06-29T16:04:38.032976,7470.0,-5490.0,-16445815
2025-06-29T16:04:39.189846,7452.0,-5465.0,-16451280
2025-06-29T16:04:40.346519,7434.0,-5444.0,-16456724
2025-06-29T16:04:41.503583,7488.0,-5458.0,-16462182
2025-06-29T16:04:42.660459,7506.0,-5477.0,-16467659
2025-06-29T16:04:43.817357,7488.0,-5466.0,-16473125
2025-06-29T16:04:44.974169,7470.0,-5501.0,-16478626
2025-06-29T16:04:46.131066,7524.0,-5461.0,-16484087
2025-06-29T16:04:47.287930,7434.0,-5452.0,-16489539
2025-06-29T16:04:48.444847,7506.0,-5462.0,-16495001
2025-06-29T16:04:49.601748,7488.0,-5451.0,-16500452
2025-06-29T16:04:50.758572,7488.0,-5451.0,-16505903
2025-06-29T16:04:51.915467,7506.0,-5464.0,-16511367
2025-06-29T16:04:53.072275,7434.0,-5473.0,-16516840
2025-06-29T16:04:54.229260,7506.0,-5501.0,-16522341
2025-06-29T16:04:55.386020,7524.0,-5465.0,-16527806
2025-06-29T16:04:56.542920,7524.0,-5469.0,-16533275
2025-06-29T16:04:57.699834,7452.0,-5456.0,-16538731
2025-06-29T16:04:58.856774,7452.0,-5453.0,-16544184
2025-06-29T16:05:00.013789,7524.0,-5464.0,-16549648
2025-06-29T16:05:01.170426,7434.0,-5460.0,-16555108
2025-06-29T16:05:02.327339,7488.0,-5443.0,-16560551
2025-06-29T16:05:03.484165,7434.0,-5477.0,-16566028
2025-06-29T16:05:04.641055,7506.0,-5473.0,-16571501
2025-06-29T16:05:05.797891,7434.0,-5468.0,-16576969
2025-06-29T16:05:06.954792,7488.0,-5473.0,-16582442
2025-06-29T16:05:08.111707,7470.0,-5465.0,-16587907
2025-06-29T16:05:09.268585,7542.0,-5486.0,-16593393
2025-06-29T16:05:10.425349,7452.0,-5477.0,-16598870
2025-06-29T16:05:11.582216,7434.0,-5473.0,-16604343
2025-06-29T16:05:12.739297,7434.0,-5468.0,-16609811
2025-06-29T16:05:13.896097,7488.0,-5459.0,-16615270
2025-06-29T16:05:15.052877,7488.0,-5457.0,-16620727
2025-06-29T16:05:16.209799,7434.0,-5464.0,-16626191
2025-06-29T16:05:17.366671,7524.0,-5460.0,-16631651
2025-06-29T16:05:18.523587,7488.0,-5468.0,-16637119
2025-06-29T16:05:19.680422,7434.0,-5461.0,-16642580
2025-06-29T16:05:20.837275,7470.0,-5466.0,-16648046
2025-06-29T16:05:21.994146,7524.0,-5463.0,-16653509
2025-06-29T16:05:23.151074,7488.0,-5464.0,-16658973
2025-06-29T16:05:24.307988,7452.0,-5443.0,-16664416
2025-06-29T16:05:25.464720,7506.0,-5469.0,-16669885
2025-06-29T16:05:26.621645,7470.0,-5452.0,-16675337
2025-06-29T16:05:27.778547,7470.0,-5460.0,-16680797
2025-06-29T16:05:28.935461,7470.0,-5485.0,-16686282
2025-06-29T16:05:30.092322,7506.0,-5466.0,-16691748
2025-06-29T16:05:31.249181,7452.0,-5484.0,-16697232
2025-06-29T16:05:32.406030,7488.0,-5463.0,-16702695
2025-06-29T16:05:33.562934,7506.0,-5473.0,-16708168
2025-06-29T16:05:34.719806,7488.0,-5455.0,-16713623
2025-06-29T16:05:35.876514,7452.0,-5454.0,-16719077
2025-06-29T16:05:37.033444,7452.0,-5456.0,-16724533
2025-06-29T16:05:38.190433,7434.0,-5493.0,-16730026
2025-06-29T16:05:39.347322,7434.0,-5465.0,-16735491
2025-06-29T16:05:40.504084,7506.0,-5466.0,-16740957
2025-06-29T16:05:41.660987,7506.0,-5468.0,-16746425
2025-06-29T16:05:42.817886,7506.0,-5460.0,-16751885
2025-06-29T16:05:43.974860,7452.0,-5460.0,-16757345
2025-06-29T16:05:45.131568,7452.0,-5448.0,-16762793
2025-06-29T16:05:46.288434,7506.0,-5468.0,-16768261
2025-06-29T16:05:47.445405,7434.0,-5480.0,-16773741
2025-06-29T16:05:48.610792,7488.0,-5470.0,-16779211
2025-06-29T16:05:49.759186,7434.0,-5486.0,-16784697
2025-06-29T16:05:50.915995,7470.0,-5465.0,-16790162
2025-06-29T16:05:52.072893,7470.0,-5436.0,-16795598
2025-06-29T16:05:53.229783,7470.0,-5471.0,-16801069
2025-06-29T16:05:54.386663,7470.0,-5477.0,-16806546
2025-06-29T16:05:55.543476,7470.0,-5466.0,-16812012
2025-06-29T16:05:56.700372,7506.0,-5482.0,-16817494
2025-06-29T16:05:57.857274,7488.0,-5458.0,-16822952
2025-06-29T16:05:59.014157,7452.0,-5486.0,-16828438
2025-06-29T16:06:00.171054,7488.0,-5456.0,-16833894
2025-06-29T16:06:01.327870,7452.0,-5434.0,-16839328
2025-06-29T16:06:02.484813,7434.0,-5453.0,-16844781
2025-06-29T16:06:03.641534,7506.0,-5498.0,-16850279
2025-06-29T16:06:04.798520,7506.0,-5463.0,-16855742
2025-06-29T16:06:05.955352,7434.0,-5466.0,-16861208
2025-06-29T16:06:07.112254,7470.0,-5467.0,-16866675
2025-06-29T16:06:08.269156,7488.0,-5450.0,-16872125
2025-06-29T16:06:09.426027,7506.0,-5464.0,-16877589
2025-06-29T16:06:10.582847,7470.0,-5475.0,-16883064
2025-06-29T16:06:11.739687,7434.0,-5460.0,-16888524
2025-06-29T16:06:12.896629,7452.0,-5453.0,-16893977
2025-06-29T16:06:14.053533,7488.0,-5463.0,-16899440
2025-06-29T16:06:15.210346,7434.0,-5472.0,-16904912
2025-06-29T16:06:16.367234,7506.0,-5464.0,-16910376
2025-06-29T16:06:17.524105,7416.0,-5474.0,-16915850
2025-06-29T16:06:18.680888,7506.0,-5464.0,-16921314
2025-06-29T16:06:19.837947,7524.0,-5453.0,-16926767
2025-06-29T16:06:20.994716,7542.0,-5451.0,-16932218
2025-06-29T16:06:22.151570,7434.0,-5471.0,-16937689
2025-06-29T16:06:23.308525,7506.0,-5457.0,-16943146
2025-06-29T16:06:24.465337,7452.0,-5480.0,-16948626
2025-06-29T16:06:25.622180,7434.0,-5480.0,-16954106
2025-06-29T16:06:26.778994,7470.0,-5453.0,-16959559
2025-06-29T16:06:27.935989,7488.0,-5475.0,-16965034
2025-06-29T16:06:29.092769,7434.0,-5493.0,-16970527
2025-06-29T16:06:30.249797,7470.0,-5476.0,-16976003
2025-06-29T16:06:31.406574,7488.0,-5449.0,-16981452
2025-06-29T16:06:32.563443,7470.0,-5461.0,-16986913
2025-06-29T16:06:33.720293,7470.0,-5466.0,-16992379
2025-06-29T16:06:34.877311,7470.0,-5468.0,-16997847
2025-06-29T16:06:36.034042,7434.0,-5465.0,-17003312
2025-06-29T16:06:37.190917,7470.0,-5457.0,-17008769
2025-06-29T16:06:38.347888,7416.0,-5466.0,-17014235
2025-06-29T16:06:39.504752,7452.0,-5457.0,-17019692
2025-06-29T16:06:40.661602,7434.0,-5472.0,-17025164
2025-06-29T16:06:41.818470,7434.0,-5469.0,-17030633
2025-06-29T16:06:42.975214,7452.0,-5450.0,-17036083
2025-06-29T16:06:44.132275,7452.0,-5460.0,-17041543
2025-06-29T16:06:45.288956,7470.0,-5490.0,-17047033
2025-06-29T16:06:46.445968,7488.0,-5449.0,-17052482
2025-06-29T16:06:47.602887,7488.0,-5450.0,-17057932
2025-06-29T16:06:48.759685,7434.0,-5463.0,-17063395
2025-06-29T16:06:49.916628,7416.0,-5470.0,-17068865
2025-06-29T16:06:51.073446,7452.0,-5469.0,-17074334
2025-06-29T16:06:52.230344,7488.0,-5441.0,-17079775
2025-06-29T16:06:53.387277,7452.0,-5455.0,-17085230
2025-06-29T16:06:54.544145,7434.0,-5497.0,-17090727
2025-06-29T16:06:55.700919,7434.0,-5475.0,-17096202
2025-06-29T16:06:56.857783,7380.0,-5447.0,-17101649
2025-06-29T16:06:58.014652,7434.0,-5457.0,-17107106
2025-06-29T16:06:59.171557,7452.0,-5477.0,-17112583
2025-06-29T16:07:00.328402,7452.0,-5470.0,-17118053
2025-06-29T16:07:01.485316,7434.0,-5465.0,-17123518
2025-06-29T16:07:02.642252,7470.0,-5464.0,-17128982
2025-06-29T16:07:03.799023,7452.0,-5459.0,-17134441
2025-06-29T16:07:04.955979,7452.0,-5466.0,-17139907
2025-06-29T16:07:06.112809,7470.0,-5470.0,-17145377
2025-06-29T16:07:07.269657,7506.0,-5465.0,-17150842
2025-06-29T16:07:08.426593,7398.0,-5450.0,-17156292
2025-06-29T16:07:09.583466,7434.0,-5464.0,-17161756
2025-06-29T16:07:10.740293,7488.0,-5473.0,-17167229
2025-06-29T16:07:11.897201,7488.0,-5451.0,-17172680
2025-06-29T16:07:13.054115,7434.0,-5446.0,-17178126
2025-06-29T16:07:14.210970,7506.0,-5456.0,-17183582
2025-06-29T16:07:15.367788,7434.0,-5467.0,-17189049
2025-06-29T16:07:16.524635,7506.0,-5463.0,-17194512
2025-06-29T16:07:17.681523,7452.0,-5466.0,-17199978
2025-06-29T16:07:18.838346,7452.0,-5468.0,-17205446
2025-06-29T16:07:19.995309,7434.0,-5450.0,-17210896
2025-06-29T16:07:21.152153,7470.0,-5474.0,-17216370
2025-06-29T16:07:22.309018,7488.0,-5460.0,-17221830
2025-06-29T16:07:23.465917,7434.0,-5449.0,-17227279
2025-06-29T16:07:24.622830,7434.0,-5475.0,-17232754
2025-06-29T16:07:25.779648,7470.0,-5468.0,-17238222
2025-06-29T16:07:26.936510,7488.0,-5451.0,-17243673
2025-06-29T16:07:28.093399,7470.0,-5457.0,-17249130
2025-06-29T16:07:29.250290,7434.0,-5468.0,-17254598
2025-06-29T16:07:30.407153,7434.0,-5474.0,-17260072
2025-06-29T16:07:31.563996,7398.0,-5461.0,-17265533
2025-06-29T16:07:32.720877,7434.0,-5458.0,-17270991
2025-06-29T16:07:33.877702,7434.0,-5464.0,-17276455
2025-06-29T16:07:35.034733,7470.0,-5452.0,-17281907
2025-06-29T16:07:36.191347,7434.0,-5461.0,-17287368
2025-06-29T16:07:37.348363,7452.0,-5442.0,-17292810
2025-06-29T16:07:38.505277,7434.0,-5466.0,-17298276
2025-06-29T16:07:39.662169,7470.0,-5472.0,-17303748
2025-06-29T16:07:40.818963,7452.0,-5458.0,-17309206
2025-06-29T16:07:41.975872,7470.0,-5465.0,-17314671
2025-06-29T16:07:43.132745,7434.0,-5476.0,-17320147
2025-06-29T16:07:44.289721,7470.0,-5452.0,-17325599
2025-06-29T16:07:45.446427,7398.0,-5459.0,-17331058
2025-06-29T16:07:46.603367,7434.0,-5464.0,-17336522
2025-06-29T16:07:47.760264,7452.0,-5467.0,-17341989
2025-06-29T16:07:48.917171,7488.0,-5454.0,-17347443
2025-06-29T16:07:50.074107,7470.0,-5469.0,-17352912
2025-06-29T16:07:51.230832,7452.0,-5463.0,-17358375
2025-06-29T16:07:52.387749,7434.0,-5451.0,-17363826
2025-06-29T16:07:53.544627,7452.0,-5467.0,-17369293
2025-06-29T16:07:54.701534,7434.0,-5438.0,-17374731
2025-06-29T16:07:55.858268,7416.0,-5454.0,-17380185
2025-06-29T16:07:57.015228,7434.0,-5482.0,-17385667
2025-06-29T16:07:58.172134,7434.0,-5459.0,-17391126
2025-06-29T16:07:59.329076,7434.0,-5451.0,-17396577
2025-06-29T16:08:00.485835,7434.0,-5455.0,-17402032
2025-06-29T16:08:01.642746,7452.0,-5472.0,-17407504
2025-06-29T16:08:02.799601,7452.0,-5449.0,-17412953
2025-06-29T16:08:03.956512,7434.0,-5493.0,-17418446
2025-06-29T16:08:05.113438,7416.0,-5467.0,-17423913
2025-06-29T16:08:06.270191,7452.0,-5455.0,-17429368
2025-06-29T16:08:07.427105,7416.0,-5475.0,-17434843
2025-06-29T16:08:08.584060,7362.0,-5446.0,-17440289
2025-06-29T16:08:09.740927,7434.0,-5470.0,-17445759
2025-06-29T16:08:10.897702,7416.0,-5441.0,-17451200
2025-06-29T16:08:12.054564,7488.0,-5442.0,-17456642
2025-06-29T16:08:13.211484,7452.0,-5480.0,-17462122
2025-06-29T16:08:14.368375,7434.0,-5478.0,-17467600
2025-06-29T16:08:15.525180,7434.0,-5478.0,-17473078
2025-06-29T16:08:16.681958,7452.0,-5466.0,-17478544
2025-06-29T16:08:17.838908,7452.0,-5475.0,-17484019
2025-06-29T16:08:18.995758,7452.0,-5457.0,-17489476
2025-06-29T16:08:20.152645,7470.0,-5443.0,-17494919
2025-06-29T16:08:21.309484,7452.0,-5449.0,-17500368
2025-06-29T16:08:22.466362,7434.0,-5470.0,-17505838
2025-06-29T16:08:23.623383,7434.0,-5459.0,-17511297
2025-06-29T16:08:24.780282,7434.0,-5468.0,-17516765
2025-06-29T16:08:25.937020,7452.0,-5461.0,-17522226
2025-06-29T16:08:27.093970,7434.0,-5461.0,-17527687
2025-06-29T16:08:28.250846,7434.0,-5461.0,-17533148
2025-06-29T16:08:29.407709,7488.0,-5440.0,-17538588
2025-06-29T16:08:30.564504,7452.0,-5465.0,-17544053
2025-06-29T16:08:31.721435,7398.0,-5481.0,-17549534
2025-06-29T16:08:32.878338,7416.0,-5448.0,-17554982
2025-06-29T16:08:34.035193,7416.0,-5453.0,-17560435
2025-06-29T16:08:35.192132,7470.0,-5465.0,-17565900
2025-06-29T16:08:36.348944,7416.0,-5450.0,-17571350
2025-06-29T16:08:37.505809,7470.0,-5452.0,-17576802
2025-06-29T16:08:38.662709,7434.0,-5474.0,-17582276
2025-06-29T16:08:39.819605,7434.0,-5463.0,-17587739
2025-06-29T16:08:40.976419,7452.0,-5449.0,-17593188
2025-06-29T16:08:42.133264,7470.0,-5450.0,-17598638
2025-06-29T16:08:43.290099,7452.0,-5468.0,-17604106
2025-06-29T16:08:44.447087,7434.0,-5452.0,-17609558
2025-06-29T16:08:45.603989,7434.0,-5477.0,-17615035
2025-06-29T16:08:46.760755,7470.0,-5441.0,-17620476
2025-06-29T16:08:47.917691,7434.0,-5458.0,-17625934
2025-06-29T16:08:49.074544,7434.0,-5455.0,-17631389
2025-06-29T16:08:50.231417,7398.0,-5449.0,-17636838
2025-06-29T16:08:51.388228,7452.0,-5462.0,-17642300
2025-06-29T16:08:52.545135,7434.0,-5452.0,-17647752
2025-06-29T16:08:53.702043,7434.0,-5451.0,-17653203
2025-06-29T16:08:54.858941,7434.0,-5439.0,-17658642
2025-06-29T16:08:56.015701,7434.0,-5447.0,-17664089
2025-06-29T16:08:57.172674,7434.0,-5470.0,-17669559
2025-06-29T16:08:58.329494,7470.0,-5453.0,-17675012
2025-06-29T16:08:59.486450,7434.0,-5457.0,-17680469
2025-06-29T16:09:00.643194,7434.0,-5451.0,-17685920
2025-06-29T16:09:01.800116,7434.0,-5450.0,-17691370
2025-06-29T16:09:02.957003,7488.0,-5451.0,-17696821
2025-06-29T16:09:04.113893,7434.0,-5479.0,-17702300
2025-06-29T16:09:05.270833,7434.0,-5446.0,-17707746
2025-06-29T16:09:06.427583,7434.0,-5433.0,-17713179
2025-06-29T16:09:07.584519,7434.0,-5457.0,-17718636
2025-06-29T16:09:08.741407,7416.0,-5436.0,-17724072
2025-06-29T16:09:09.898296,7470.0,-5438.0,-17729510
2025-06-29T16:09:11.055075,7434.0,-5474.0,-17734984
2025-06-29T16:09:12.211969,7470.0,-5446.0,-17740430
2025-06-29T16:09:13.368867,7434.0,-5464.0,-17745894
2025-06-29T16:09:14.525823,7506.0,-5452.0,-17751346
2025-06-29T16:09:15.682681,7416.0,-5425.0,-17756771
2025-06-29T16:09:16.839488,7470.0,-5440.0,-17762211
2025-06-29T16:09:17.996302,7434.0,-5465.0,-17767676
2025-06-29T16:09:19.153180,7434.0,-5446.0,-17773122
2025-06-29T16:09:20.310115,7452.0,-5440.0,-17778562
2025-06-29T16:09:21.466851,7434.0,-5448.0,-17784010
2025-06-29T16:09:22.623712,7434.0,-5450.0,-17789460
2025-06-29T16:09:23.780715,7434.0,-5433.0,-17794893
2025-06-29T16:09:24.937606,7380.0,-5467.0,-17800360
2025-06-29T16:09:26.094440,7398.0,-5448.0,-17805808
2025-06-29T16:09:27.251363,7434.0,-5441.0,-17811249
2025-06-29T16:09:28.408249,7380.0,-5438.0,-17816687
2025-06-29T16:09:29.565171,7434.0,-5459.0,-17822146
2025-06-29T16:09:30.721885,7434.0,-5453.0,-17827599
2025-06-29T16:09:31.878826,7452.0,-5453.0,-17833052
2025-06-29T16:09:33.035779,7452.0,-5457.0,-17838509
2025-06-29T16:09:34.192553,7434.0,-5469.0,-17843978
2025-06-29T16:09:35.349500,7488.0,-5448.0,-17849426
2025-06-29T16:09:36.506244,7434.0,-5444.0,-17854870
2025-06-29T16:09:37.663160,7488.0,-5445.0,-17860315
2025-06-29T16:09:38.819985,7452.0,-5436.0,-17865751
2025-06-29T16:09:39.977056,7452.0,-5443.0,-17871194
2025-06-29T16:09:41.133736,7434.0,-5457.0,-17876651
2025-06-29T16:09:42.290662,7416.0,-5446.0,-17882097
2025-06-29T16:09:43.447545,7452.0,-5470.0,-17887567
2025-06-29T16:09:44.604467,7434.0,-5441.0,-17893008
2025-06-29T16:09:45.761340,7434.0,-5450.0,-17898458
2025-06-29T16:09:46.918134,7416.0,-5452.0,-17903910
2025-06-29T16:09:48.075012,7434.0,-5439.0,-17909349
2025-06-29T16:09:49.231974,7506.0,-5438.0,-17914787
2025-06-29T16:09:50.388807,7452.0,-5465.0,-17920252
2025-06-29T16:09:51.545720,7434.0,-5454.0,-17925706
2025-06-29T16:09:52.702528,7416.0,-5446.0,-17931152
2025-06-29T16:09:53.859332,7434.0,-5444.0,-17936596
2025-06-29T16:09:55.016309,7434.0,-5432.0,-17942028
2025-06-29T16:09:56.173099,7380.0,-5444.0,-17947472
2025-06-29T16:09:57.330037,7452.0,-5438.0,-17952910
2025-06-29T16:09:58.486919,7452.0,-5452.0,-17958362
2025-06-29T16:09:59.643864,7398.0,-5428.0,-17963790
2025-06-29T16:10:00.800595,7434.0,-5443.0,-17969233
2025-06-29T16:10:01.957490,7398.0,-5441.0,-17974674
2025-06-29T16:10:03.114389,7380.0,-5432.0,-17980106
2025-06-29T16:10:04.271307,7434.0,-5457.0,-17985563
2025-06-29T16:10:05.428204,7452.0,-5435.0,-17990998
2025-06-29T16:10:06.584979,7434.0,-5450.0,-17996448
2025-06-29T16:10:07.741872,7434.0,-5453.0,-18001901
2025-06-29T16:10:08.898716,7452.0,-5453.0,-18007354
2025-06-29T16:10:10.055712,7416.0,-5445.0,-18012799
2025-06-29T16:10:11.212471,7434.0,-5463.0,-18018262
2025-06-29T16:10:12.369375,7452.0,-5435.0,-18023697
2025-06-29T16:10:13.526253,7398.0,-5452.0,-18029149
2025-06-29T16:10:14.683120,7470.0,-5445.0,-18034594
2025-06-29T16:10:15.840059,7434.0,-5439.0,-18040033
2025-06-29T16:10:16.996849,7434.0,-5437.0,-18045470
2025-06-29T16:10:18.153778,7434.0,-5464.0,-18050934
2025-06-29T16:10:19.310656,7380.0,-5447.0,-18056381
2025-06-29T16:10:20.467434,7416.0,-5439.0,-18061820
2025-06-29T16:10:21.624353,7452.0,-5445.0,-18067265
2025-06-29T16:10:22.781201,7434.0,-5451.0,-18072716
2025-06-29T16:10:23.938023,7452.0,-5443.0,-18078159
2025-06-29T16:10:25.095049,7380.0,-5447.0,-18083606
2025-06-29T16:10:26.251844,7488.0,-5450.0,-18089056
2025-06-29T16:10:27.408709,7416.0,-5449.0,-18094505
2025-06-29T16:10:28.565617,7434.0,-5453.0,-18099958
2025-06-29T16:10:29.722493,7434.0,-5450.0,-18105408
2025-06-29T16:10:30.879488,7434.0,-5439.0,-18110847
2025-06-29T16:10:32.036195,7434.0,-5451.0,-18116298
2025-06-29T16:10:33.193080,7434.0,-5436.0,-18121734
2025-06-29T16:10:34.349977,7470.0,-5445.0,-18127179
2025-06-29T16:10:35.506885,7452.0,-5441.0,-18132620
2025-06-29T16:10:36.663736,7434.0,-5446.0,-18138066
2025-06-29T16:10:37.820580,7434.0,-5446.0,-18143512
2025-06-29T16:10:38.977413,7452.0,-5450.0,-18148962
2025-06-29T16:10:40.134458,7470.0,-5427.0,-18154389
2025-06-29T16:10:41.291140,7434.0,-5450.0,-18159839
2025-06-29T16:10:42.448057,7416.0,-5452.0,-18165291
2025-06-29T16:10:43.605235,7398.0,-5445.0,-18170736
2025-06-29T16:10:44.761895,7416.0,-5443.0,-18176179
2025-06-29T16:10:45.918660,7434.0,-5450.0,-18181629
2025-06-29T16:10:47.075558,7434.0,-5434.0,-18187063
2025-06-29T16:10:48.232458,7362.0,-5456.0,-18192519
2025-06-29T16:10:49.389407,7434.0,-5452.0,-18197971
2025-06-29T16:10:50.546167,7416.0,-5449.0,-18203420
2025-06-29T16:10:51.703051,7398.0,-5451.0,-18208871
2025-06-29T16:10:52.859919,7416.0,-5443.0,-18214314
2025-06-29T16:10:54.016787,7434.0,-5434.0,-18219748
2025-06-29T16:10:55.173830,7434.0,-5445.0,-18225193
2025-06-29T16:10:56.330544,7434.0,-5443.0,-18230636
2025-06-29T16:10:57.487430,7434.0,-5447.0,-18236083
2025-06-29T16:10:58.644317,7434.0,-5450.0,-18241533
2025-06-29T16:10:59.801212,7398.0,-5453.0,-18246986
2025-06-29T16:11:00.958001,7434.0,-5429.0,-18252415
2025-06-29T16:11:02.114906,7398.0,-5449.0,-18257864
2025-06-29T16:11:03.271824,7380.0,-5445.0,-18263309
2025-06-29T16:11:04.428708,7416.0,-5444.0,-18268753
2025-06-29T16:11:05.585589,7488.0,-5454.0,-18274207
2025-06-29T16:11:06.742375,7398.0,-5456.0,-18279663
2025-06-29T16:11:07.899296,7434.0,-5427.0,-18285090
2025-06-29T16:11:09.056131,7416.0,-5448.0,-18290538
2025-06-29T16:11:10.213113,7416.0,-5438.0,-18295976
2025-06-29T16:11:11.369898,7434.0,-5448.0,-18301424
2025-06-29T16:11:12.526798,7434.0,-5442.0,-18306866
2025-06-29T16:11:13.683669,7434.0,-5452.0,-18312318
2025-06-29T16:11:14.840583,7452.0,-5434.0,-18317752
2025-06-29T16:11:15.997347,7380.0,-5440.0,-18323192
2025-06-29T16:11:17.154308,7434.0,-5450.0,-18328642
2025-06-29T16:11:18.311143,7398.0,-5437.0,-18334079
2025-06-29T16:11:19.468042,7434.0,-5451.0,-18339530
2025-06-29T16:11:20.624935,7434.0,-5456.0,-18344986
2025-06-29T16:11:21.781752,7434.0,-5429.0,-18350415
2025-06-29T16:11:22.938481,7380.0,-5433.0,-18355848
2025-06-29T16:11:24.095493,7380.0,-5436.0,-18361284
2025-06-29T16:11:25.252292,7434.0,-5447.0,-18366731
2025-06-29T16:11:26.409209,7452.0,-5431.0,-18372162
2025-06-29T16:11:27.566002,7362.0,-5454.0,-18377616
2025-06-29T16:11:28.722923,7434.0,-5445.0,-18383061
2025-06-29T16:11:29.879748,7434.0,-5432.0,-18388493
2025-06-29T16:11:31.036782,7434.0,-5453.0,-18393946
2025-06-29T16:11:32.193507,7380.0,-5454.0,-18399400
2025-06-29T16:11:33.350488,7380.0,-5448.0,-18404848
2025-06-29T16:11:34.507255,7434.0,-5455.0,-18410303
2025-06-29T16:11:35.664256,7434.0,-5423.0,-18415726
2025-06-29T16:11:36.820908,7452.0,-5434.0,-18421160
2025-06-29T16:11:37.977924,7452.0,-5446.0,-18426606
2025-06-29T16:11:39.134885,7416.0,-5442.0,-18432048
2025-06-29T16:11:40.291840,7434.0,-5437.0,-18437485
2025-06-29T16:11:41.448572,7380.0,-5439.0,-18442924
2025-06-29T16:11:42.605310,7434.0,-5432.0,-18448356
2025-06-29T16:11:43.762337,7380.0,-5439.0,-18453795
2025-06-29T16:11:44.919324,7452.0,-5437.0,-18459232
2025-06-29T16:11:46.076175,7380.0,-5442.0,-18464674
2025-06-29T16:11:47.232913,7434.0,-5442.0,-18470116
2025-06-29T16:11:48.389780,7434.0,-5438.0,-18475554
2025-06-29T16:11:49.546773,7434.0,-5435.0,-18480989
2025-06-29T16:11:50.703596,7398.0,-5446.0,-18486435
2025-06-29T16:11:51.860410,7434.0,-5453.0,-18491888
2025-06-29T16:11:53.017280,7434.0,-5445.0,-18497333
2025-06-29T16:11:54.174411,7398.0,-5440.0,-18502773
2025-06-29T16:11:55.331089,7434.0,-5440.0,-18508213
2025-06-29T16:11:56.487796,7488.0,-5433.0,-18513646
2025-06-29T16:11:57.644841,7362.0,-5434.0,-18519080
2025-06-29T16:11:58.801715,7398.0,-5456.0,-18524536
2025-06-29T16:11:59.958441,7398.0,-5449.0,-18529985
2025-06-29T16:12:01.115377,7434.0,-5437.0,-18535422
2025-06-29T16:12:02.272309,7434.0,-5442.0,-18540864
2025-06-29T16:12:03.429188,7434.0,-5439.0,-18546303
2025-06-29T16:12:04.586085,7434.0,-5438.0,-18551741
2025-06-29T16:12:05.742974,7434.0,-5437.0,-18557178
2025-06-29T16:12:06.899814,7434.0,-5445.0,-18562623
2025-06-29T16:12:08.056662,7416.0,-5432.0,-18568055
2025-06-29T16:12:09.213540,7434.0,-5455.0,-18573510
2025-06-29T16:12:10.370452,7416.0,-5449.0,-18578959
2025-06-29T16:12:11.527280,7380.0,-5438.0,-18584397
2025-06-29T16:12:12.684141,7434.0,-5431.0,-18589828
2025-06-29T16:12:13.841061,7434.0,-5458.0,-18595286
2025-06-29T16:12:14.997944,7488.0,-5434.0,-18600720
2025-06-29T16:12:16.154756,7416.0,-5453.0,-18606173
2025-06-29T16:12:17.311650,7470.0,-5438.0,-18611611
2025-06-29T16:12:18.468506,7434.0,-5440.0,-18617051
2025-06-29T16:12:19.625421,7398.0,-5431.0,-18622482
2025-06-29T16:12:20.782368,7434.0,-5444.0,-18627926
2025-06-29T16:12:21.939131,7452.0,-5440.0,-18633366
2025-06-29T16:12:23.096026,7416.0,-5448.0,-18638814
2025-06-29T16:12:24.252912,7434.0,-5446.0,-18644260
2025-06-29T16:12:25.409799,7416.0,-5450.0,-18649710
2025-06-29T16:12:26.566619,7398.0,-5436.0,-18655146
2025-06-29T16:12:27.723478,7416.0,-5439.0,-18660585
2025-06-29T16:12:28.880381,7416.0,-5427.0,-18666012
2025-06-29T16:12:30.037264,7416.0,-5436.0,-18671448
2025-06-29T16:12:31.194075,7416.0,-5439.0,-18676887
2025-06-29T16:12:32.351005,7380.0,-5438.0,-18682325
2025-06-29T16:12:33.507877,7416.0,-5442.0,-18687767
2025-06-29T16:12:34.664754,7398.0,-5444.0,-18693211
2025-06-29T16:12:35.821708,7452.0,-5431.0,-18698642
2025-06-29T16:12:36.978438,7398.0,-5448.0,-18704090
2025-06-29T16:12:38.135380,7416.0,-5447.0,-18709537
2025-06-29T16:12:39.292276,7398.0,-5434.0,-18714971
2025-06-29T16:12:40.449196,7434.0,-5440.0,-18720411
2025-06-29T16:12:41.606002,7416.0,-5442.0,-18725853
2025-06-29T16:12:42.762883,7452.0,-5430.0,-18731283
2025-06-29T16:12:43.919759,7434.0,-5445.0,-18736728
2025-06-29T16:12:45.076715,7434.0,-5448.0,-18742176
2025-06-29T16:12:46.233492,7416.0,-5443.0,-18747619
2025-06-29T16:12:47.390332,7452.0,-5446.0,-18753065
2025-06-29T16:12:48.547219,7470.0,-5442.0,-18758507
2025-06-29T16:12:49.704170,7416.0,-5437.0,-18763944
2025-06-29T16:12:50.861005,7398.0,-5437.0,-18769381
2025-06-29T16:12:52.017840,7416.0,-5445.0,-18774826
2025-06-29T16:12:53.174727,7416.0,-5438.0,-18780264
2025-06-29T16:12:54.331627,7452.0,-5445.0,-18785709
2025-06-29T16:12:55.488519,7380.0,-5434.0,-18791143
2025-06-29T16:12:56.645304,7434.0,-5426.0,-18796569
2025-06-29T16:12:57.802093,7416.0,-5443.0,-18802012
2025-06-29T16:12:58.959167,7380.0,-5438.0,-18807450
2025-06-29T16:13:00.115998,7398.0,-5457.0,-18812907
2025-06-29T16:13:01.272895,7398.0,-5443.0,-18818350
2025-06-29T16:13:02.429669,7362.0,-5433.0,-18823783
2025-06-29T16:13:03.586556,7434.0,-5429.0,-18829212
2025-06-29T16:13:04.743461,7434.0,-5456.0,-18834668
2025-06-29T16:13:05.900385,7434.0,-5459.0,-18840127
2025-06-29T16:13:07.057187,7434.0,-5448.0,-18845575
2025-06-29T16:13:08.214120,7416.0,-5439.0,-18851014
2025-06-29T16:13:09.370947,7434.0,-5440.0,-18856454
2025-06-29T16:13:10.527878,7398.0,-5449.0,-18861903
2025-06-29T16:13:11.684641,7416.0,-5446.0,-18867349
2025-06-29T16:13:12.841565,7434.0,-5426.0,-18872775
2025-06-29T16:13:13.998432,7416.0,-5441.0,-18878216
2025-06-29T16:13:15.155315,7452.0,-5438.0,-18883654
2025-06-29T16:13:16.312120,7434.0,-5442.0,-18889096
2025-06-29T16:13:17.469131,7434.0,-5445.0,-18894541
2025-06-29T16:13:18.625948,7434.0,-5436.0,-18899977
2025-06-29T16:13:19.782852,7398.0,-5433.0,-18905410
2025-06-29T16:13:20.939726,7434.0,-5439.0,-18910849
2025-06-29T16:13:22.096496,7398.0,-5448.0,-18916297
2025-06-29T16:13:23.253360,7416.0,-5449.0,-18921746
2025-06-29T16:13:24.410340,7434.0,-5425.0,-18927171
2025-06-29T16:13:25.567189,7398.0,-5432.0,-18932603
2025-06-29T16:13:26.724024,7398.0,-5443.0,-18938046
2025-06-29T16:13:27.880897,7308.0,-5444.0,-18943490
2025-06-29T16:13:29.037815,7434.0,-5431.0,-18948921
2025-06-29T16:13:30.194706,7380.0,-5454.0,-18954375
2025-06-29T16:13:31.351586,7434.0,-5444.0,-18959819
2025-06-29T16:13:32.508417,7380.0,-5441.0,-18965260
2025-06-29T16:13:33.665283,7416.0,-5450.0,-18970710
2025-06-29T16:13:34.822175,7416.0,-5446.0,-18976156
2025-06-29T16:13:35.979049,7380.0,-5431.0,-18981587
2025-06-29T16:13:37.135906,7434.0,-5446.0,-18987033
2025-06-29T16:13:38.292737,7416.0,-5437.0,-18992470
2025-06-29T16:13:39.449636,7398.0,-5434.0,-18997904
2025-06-29T16:13:40.606547,7434.0,-5453.0,-19003357
2025-06-29T16:13:41.763318,7434.0,-5440.0,-19008797
2025-06-29T16:13:42.920301,7416.0,-5435.0,-19014232
2025-06-29T16:13:44.077101,7434.0,-5437.0,-19019669
2025-06-29T16:13:45.234123,7398.0,-5450.0,-19025119
2025-06-29T16:13:46.390830,7416.0,-5456.0,-19030575
2025-06-29T16:13:47.547758,7416.0,-5444.0,-19036019
2025-06-29T16:13:48.704638,7452.0,-5438.0,-19041457
2025-06-29T16:13:49.861567,7398.0,-5434.0,-19046891
2025-06-29T16:13:51.018456,7398.0,-5444.0,-19052335
2025-06-29T16:13:52.175294,7434.0,-5445.0,-19057780
2025-06-29T16:13:53.332139,7416.0,-5456.0,-19063236
2025-06-29T16:13:54.489006,7434.0,-5459.0,-19068695
2025-06-29T16:13:55.646005,7434.0,-5431.0,-19074126
2025-06-29T16:13:56.802748,7398.0,-5446.0,-19079572
2025-06-29T16:13:57.959601,7398.0,-5446.0,-19085018
2025-06-29T16:13:59.116401,7326.0,-5431.0,-19090449
2025-06-29T16:14:00.273363,7362.0,-5429.0,-19095878
2025-06-29T16:14:01.430285,7398.0,-5440.0,-19101318
2025-06-29T16:14:02.587224,7434.0,-5437.0,-19106755
2025-06-29T16:14:03.744023,7434.0,-5430.0,-19112185
2025-06-29T16:14:04.900960,7434.0,-5448.0,-19117633
2025-06-29T16:14:06.057847,7434.0,-5437.0,-19123070
2025-06-29T16:14:07.214610,7398.0,-5432.0,-19128502
2025-06-29T16:14:08.371522,7416.0,-5453.0,-19133955
2025-06-29T16:14:09.528373,7434.0,-5429.0,-19139384
2025-06-29T16:14:10.685294,7398.0,-5437.0,-19144821
2025-06-29T16:14:11.842022,7398.0,-5444.0,-19150265
2025-06-29T16:14:12.998963,7380.0,-5434.0,-19155699
2025-06-29T16:14:14.155689,7398.0,-5443.0,-19161142
2025-06-29T16:14:15.312730,7362.0,-5433.0,-19166575
2025-06-29T16:14:16.469567,7362.0,-5445.0,-19172020
2025-06-29T16:14:17.626449,7398.0,-5436.0,-19177456
2025-06-29T16:14:18.783266,7434.0,-5426.0,-19182882
2025-06-29T16:14:19.940245,7398.0,-5444.0,-19188326
2025-06-29T16:14:21.097177,7416.0,-5434.0,-19193760
2025-06-29T16:14:22.254022,7380.0,-5418.0,-19199178
2025-06-29T16:14:23.410839,7380.0,-5452.0,-19204630
2025-06-29T16:14:24.567606,7398.0,-5443.0,-19210073
2025-06-29T16:14:25.724625,7398.0,-5414.0,-19215487
2025-06-29T16:14:26.881479,7416.0,-5415.0,-19220902
2025-06-29T16:14:28.038334,7362.0,-5420.0,-19226322
2025-06-29T16:14:29.195213,7434.0,-5417.0,-19231739
2025-06-29T16:14:30.352090,7398.0,-5430.0,-19237169
2025-06-29T16:14:31.509107,7434.0,-5412.0,-19242581
2025-06-29T16:14:32.665813,7398.0,-5420.0,-19248001
2025-06-29T16:14:33.822720,7380.0,-5430.0,-19253431
2025-06-29T16:14:34.979611,7398.0,-5421.0,-19258852
2025-06-29T16:14:36.136461,7398.0,-5432.0,-19264284
2025-06-29T16:14:37.293313,7434.0,-5422.0,-19269706
2025-06-29T16:14:38.450314,7380.0,-5408.0,-19275114
2025-06-29T16:14:39.607039,7416.0,-5431.0,-19280545
2025-06-29T16:14:40.763969,7398.0,-5414.0,-19285959
2025-06-29T16:14:41.920886,7380.0,-5405.0,-19291364
2025-06-29T16:14:43.077865,7416.0,-5425.0,-19296789
2025-06-29T16:14:44.234421,7434.0,-5421.0,-19302210
2025-06-29T16:14:45.391431,7416.0,-5425.0,-19307635
2025-06-29T16:14:46.548141,7416.0,-5411.0,-19313046
2025-06-29T16:14:47.705198,7452.0,-5420.0,-19318466
2025-06-29T16:14:48.865526,7398.0,-5419.0,-19323885
2025-06-29T16:14:50.018942,7416.0,-5412.0,-19329297
2025-06-29T16:14:51.175768,7434.0,-5418.0,-19334715
2025-06-29T16:14:52.332577,7434.0,-5420.0,-19340135
2025-06-29T16:14:53.489527,7416.0,-5421.0,-19345556
2025-06-29T16:14:54.646353,7380.0,-5398.0,-19350954
2025-06-29T16:14:55.803454,7398.0,-5422.0,-19356376
2025-06-29T16:14:56.960073,7416.0,-5410.0,-19361786
2025-06-29T16:14:58.116953,7362.0,-5414.0,-19367200
2025-06-29T16:14:59.273841,7416.0,-5425.0,-19372625
2025-06-29T16:15:00.430851,7434.0,-5415.0,-19378040
2025-06-29T16:15:01.587687,7416.0,-5417.0,-19383457
2025-06-29T16:15:02.744510,7434.0,-5419.0,-19388876
2025-06-29T16:15:03.901382,7434.0,-5418.0,-19394294
2025-06-29T16:15:05.058267,7398.0,-5412.0,-19399706
2025-06-29T16:15:06.215165,7434.0,-5430.0,-19405136
2025-06-29T16:15:07.372113,7398.0,-5418.0,-19410554
2025-06-29T16:15:08.528921,7434.0,-5430.0,-19415984
2025-06-29T16:15:09.685736,7416.0,-5416.0,-19421400
2025-06-29T16:15:10.842568,7416.0,-5421.0,-19426821
2025-06-29T16:15:11.999404,7434.0,-5417.0,-19432238
2025-06-29T16:15:13.156355,7434.0,-5417.0,-19437655
2025-06-29T16:15:14.313146,7380.0,-5425.0,-19443080
2025-06-29T16:15:15.470052,7380.0,-5408.0,-19448488
2025-06-29T16:15:16.626933,7362.0,-5412.0,-19453900
2025-06-29T16:15:17.783857,7434.0,-5420.0,-19459320
2025-06-29T16:15:18.940677,7380.0,-5426.0,-19464746
2025-06-29T16:15:20.097569,7380.0,-5412.0,-19470158
2025-06-29T16:15:21.254473,7434.0,-5417.0,-19475575
2025-06-29T16:15:22.411340,7380.0,-5438.0,-19481013
2025-06-29T16:15:23.568198,7434.0,-5424.0,-19486437
2025-06-29T16:15:24.725048,7416.0,-5417.0,-19491854
2025-06-29T16:15:25.881945,7380.0,-5414.0,-19497268
2025-06-29T16:15:27.038727,7434.0,-5416.0,-19502684
2025-06-29T16:15:28.195645,7416.0,-5418.0,-19508102
2025-06-29T16:15:29.352514,7416.0,-5409.0,-19513511
2025-06-29T16:15:30.509456,7398.0,-5417.0,-19518928
2025-06-29T16:15:31.666124,7434.0,-5402.0,-19524330
2025-06-29T16:15:32.823208,7362.0,-5454.0,-19529784
2025-06-29T16:15:33.979932,7398.0,-5424.0,-19535208
2025-06-29T16:15:35.136936,7416.0,-5393.0,-19540601
2025-06-29T16:15:36.293792,7398.0,-5415.0,-19546016
2025-06-29T16:15:37.450650,7416.0,-5422.0,-19551438
2025-06-29T16:15:38.607541,7416.0,-5414.0,-19556852
2025-06-29T16:15:39.764407,7380.0,-5442.0,-19562294
2025-06-29T16:15:40.921295,7326.0,-5415.0,-19567709
2025-06-29T16:15:42.078098,7380.0,-5433.0,-19573142
2025-06-29T16:15:43.234942,7434.0,-5415.0,-19578557
2025-06-29T16:15:44.391816,7380.0,-5422.0,-19583979
2025-06-29T16:15:45.548871,7434.0,-5415.0,-19589394
2025-06-29T16:15:46.705470,7398.0,-5441.0,-19594835
2025-06-29T16:15:47.862539,7398.0,-5404.0,-19600239
2025-06-29T16:15:49.019372,7434.0,-5431.0,-19605670
2025-06-29T16:15:50.176246,7434.0,-5421.0,-19611091
2025-06-29T16:15:51.333054,7362.0,-5416.0,-19616507
2025-06-29T16:15:52.489974,7416.0,-5430.0,-19621937
2025-06-29T16:15:53.646887,7434.0,-5415.0,-19627352
2025-06-29T16:15:54.803753,7434.0,-5411.0,-19632763
2025-06-29T16:15:55.960665,7344.0,-5422.0,-19638185
2025-06-29T16:15:57.117447,7398.0,-5432.0,-19643617
2025-06-29T16:15:58.274261,7362.0,-5426.0,-19649043
2025-06-29T16:15:59.431235,7398.0,-5424.0,-19654467
2025-06-29T16:16:00.588028,7416.0,-5427.0,-19659894
2025-06-29T16:16:01.744809,7380.0,-5428.0,-19665322
2025-06-29T16:16:02.901879,7344.0,-5427.0,-19670749
2025-06-29T16:16:04.058695,7362.0,-5428.0,-19676177
2025-06-29T16:16:05.215592,7416.0,-5401.0,-19681578
2025-06-29T16:16:06.372596,7434.0,-5419.0,-19686997
2025-06-29T16:16:07.529303,7380.0,-5421.0,-19692418
2025-06-29T16:16:08.686151,7362.0,-5414.0,-19697832
2025-06-29T16:16:09.843043,7416.0,-5415.0,-19703247
2025-06-29T16:16:10.999960,7398.0,-5431.0,-19708678
2025-06-29T16:16:12.156816,7398.0,-5437.0,-19714115
2025-06-29T16:16:13.313690,7380.0,-5421.0,-19719536
2025-06-29T16:16:14.470652,7398.0,-5426.0,-19724962
2025-06-29T16:16:15.627667,7398.0,-5425.0,-19730387
2025-06-29T16:16:16.784244,7362.0,-5418.0,-19735805
2025-06-29T16:16:17.941133,7362.0,-5398.0,-19741203
2025-06-29T16:16:19.098064,7362.0,-5416.0,-19746619
2025-06-29T16:16:20.254979,7416.0,-5413.0,-19752032
2025-06-29T16:16:21.411795,7362.0,-5417.0,-19757449
2025-06-29T16:16:22.568645,7344.0,-5412.0,-19762861
2025-06-29T16:16:23.725526,7362.0,-5422.0,-19768283
2025-06-29T16:16:24.882529,7434.0,-5425.0,-19773708
2025-06-29T16:16:26.039145,7380.0,-5407.0,-19779115
2025-06-29T16:16:27.195949,7380.0,-5427.0,-19784542
2025-06-29T16:16:28.352874,7380.0,-5426.0,-19789968
2025-06-29T16:16:29.509916,7380.0,-5423.0,-19795391
2025-06-29T16:16:30.666760,7434.0,-5419.0,-19800810
2025-06-29T16:16:31.823567,7434.0,-5434.0,-19806244
2025-06-29T16:16:32.981124,7380.0,-5430.0,-19811674
2025-06-29T16:16:34.137571,7398.0,-5424.0,-19817098
2025-06-29T16:16:35.294249,7362.0,-5423.0,-19822521
2025-06-29T16:16:36.451044,7398.0,-5413.0,-19827934
2025-06-29T16:16:37.607918,7398.0,-5419.0,-19833353
2025-06-29T16:16:38.764830,7362.0,-5404.0,-19838757
2025-06-29T16:16:39.921759,7362.0,-5407.0,-19844164
2025-06-29T16:16:41.078796,7416.0,-5399.0,-19849563
2025-06-29T16:16:42.235311,7362.0,-5420.0,-19854983
2025-06-29T16:16:43.392299,7398.0,-5427.0,-19860410
2025-06-29T16:16:44.549137,7434.0,-5418.0,-19865828
2025-06-29T16:16:45.706027,7416.0,-5417.0,-19871245
2025-06-29T16:16:46.862824,7380.0,-5416.0,-19876661
2025-06-29T16:16:48.019745,7344.0,-5419.0,-19882080
2025-06-29T16:16:49.176694,7416.0,-5422.0,-19887502
2025-06-29T16:16:50.333594,7398.0,-5424.0,-19892926
2025-06-29T16:16:51.490467,7362.0,-5430.0,-19898356
2025-06-29T16:16:52.647198,7380.0,-5425.0,-19903781
2025-06-29T16:16:53.804291,7398.0,-5428.0,-19909209
2025-06-29T16:16:54.961077,7398.0,-5410.0,-19914619
2025-06-29T16:16:56.117893,7416.0,-5427.0,-19920046
2025-06-29T16:16:57.274833,7362.0,-5410.0,-19925456
2025-06-29T16:16:58.431650,7434.0,-5421.0,-19930877
2025-06-29T16:16:59.588471,7380.0,-5423.0,-19936300
2025-06-29T16:17:00.745348,7362.0,-5423.0,-19941723
2025-06-29T16:17:01.902058,7434.0,-5415.0,-19947138
2025-06-29T16:17:03.059051,7344.0,-5426.0,-19952564
2025-06-29T16:17:04.215851,7362.0,-5411.0,-19957975
2025-06-29T16:17:05.372919,7344.0,-5439.0,-19963414
2025-06-29T16:17:06.530079,7416.0,-5413.0,-19968827
2025-06-29T16:17:07.686430,7344.0,-5402.0,-19974229
2025-06-29T16:17:08.843477,7398.0,-5413.0,-19979642
2025-06-29T16:17:10.000304,7416.0,-5405.0,-19985047
2025-06-29T16:17:11.157330,7416.0,-5415.0,-19990462
2025-06-29T16:17:12.314028,7380.0,-5430.0,-19995892
2025-06-29T16:17:13.471013,7362.0,-5403.0,-20001295
2025-06-29T16:17:14.627814,7362.0,-5437.0,-20006732
2025-06-29T16:17:15.784606,7380.0,-5414.0,-20012146
2025-06-29T16:17:16.941635,7362.0,-5411.0,-20017557
2025-06-29T16:17:18.098332,7434.0,-5420.0,-20022977
2025-06-29T16:17:19.255181,7398.0,-5395.0,-20028372
2025-06-29T16:17:20.412202,7398.0,-5423.0,-20033795
2025-06-29T16:17:21.569144,7380.0,-5422.0,-20039217
2025-06-29T16:17:22.725891,7416.0,-5416.0,-20044633
2025-06-29T16:17:23.882860,7344.0,-5419.0,-20050052
2025-06-29T16:17:25.039773,7344.0,-5408.0,-20055460
2025-06-29T16:17:26.196646,7380.0,-5414.0,-20060874
2025-06-29T16:17:27.353533,7344.0,-5404.0,-20066278
2025-06-29T16:17:28.510215,7344.0,-5409.0,-20071687
2025-06-29T16:17:29.667269,7398.0,-5412.0,-20077099
2025-06-29T16:17:30.824041,7344.0,-5445.0,-20082544
2025-06-29T16:17:31.980827,7380.0,-5426.0,-20087970
2025-06-29T16:17:33.137665,7416.0,-5406.0,-20093376
2025-06-29T16:17:34.294547,7434.0,-5433.0,-20098809
2025-06-29T16:17:35.451473,7398.0,-5420.0,-20104229
2025-06-29T16:17:36.608555,7380.0,-5429.0,-20109658
2025-06-29T16:17:37.765145,7344.0,-5430.0,-20115088
2025-06-29T16:17:38.922127,7434.0,-5419.0,-20120507
2025-06-29T16:17:40.079076,7362.0,-5419.0,-20125926
2025-06-29T16:17:41.235967,7398.0,-5410.0,-20131336
2025-06-29T16:17:42.392743,7362.0,-5409.0,-20136745
2025-06-29T16:17:43.549627,7380.0,-5409.0,-20142154
2025-06-29T16:17:44.706606,7362.0,-5441.0,-20147595
2025-06-29T16:17:45.863556,7416.0,-5434.0,-20153029
2025-06-29T16:17:47.020327,7362.0,-5425.0,-20158454
2025-06-29T16:17:48.177342,7308.0,-5435.0,-20163889
2025-06-29T16:17:49.333937,7398.0,-5420.0,-20169309
2025-06-29T16:17:50.490835,7398.0,-5400.0,-20174709
2025-06-29T16:17:51.647733,7380.0,-5435.0,-20180144
2025-06-29T16:17:52.804422,7398.0,-5423.0,-20185567
2025-06-29T16:17:53.961422,7344.0,-5423.0,-20190990
2025-06-29T16:17:55.118204,7398.0,-5419.0,-20196409
2025-06-29T16:17:56.275232,7308.0,-5436.0,-20201845
2025-06-29T16:17:57.432066,7362.0,-5418.0,-20207263
2025-06-29T16:17:58.588923,7416.0,-5417.0,-20212680
2025-06-29T16:17:59.745807,7362.0,-5434.0,-20218114
2025-06-29T16:18:00.902776,7326.0,-5435.0,-20223549
2025-06-29T16:18:02.059606,7380.0,-5422.0,-20228971
2025-06-29T16:18:03.216401,7290.0,-5429.0,-20234400
2025-06-29T16:18:04.373299,7380.0,-5414.0,-20239814
2025-06-29T16:18:05.530236,7362.0,-5406.0,-20245220
2025-06-29T16:18:06.687091,7380.0,-5404.0,-20250624
2025-06-29T16:18:07.843876,7344.0,-5399.0,-20256023
2025-06-29T16:18:09.000759,7398.0,-5405.0,-20261428
2025-06-29T16:18:10.157557,7380.0,-5438.0,-20266866
2025-06-29T16:18:11.314456,7416.0,-5414.0,-20272280
2025-06-29T16:18:12.471246,7434.0,-5428.0,-20277708
2025-06-29T16:18:13.628260,7398.0,-5433.0,-20283141
2025-06-29T16:18:14.785116,7308.0,-5422.0,-20288563
2025-06-29T16:18:15.942018,7380.0,-5400.0,-20293963
2025-06-29T16:18:17.098955,7344.0,-5430.0,-20299393
2025-06-29T16:18:18.255767,7398.0,-5428.0,-20304821
2025-06-29T16:18:19.412562,7362.0,-5435.0,-20310256
2025-06-29T16:18:20.569551,7362.0,-5418.0,-20315674
2025-06-29T16:18:21.726427,7380.0,-5411.0,-20321085
2025-06-29T16:18:22.883215,7326.0,-5401.0,-20326486
2025-06-29T16:18:24.040088,7344.0,-5420.0,-20331906
2025-06-29T16:18:25.196882,7380.0,-5419.0,-20337325
2025-06-29T16:18:26.353904,7344.0,-5401.0,-20342726
2025-06-29T16:18:27.510696,7362.0,-5408.0,-20348134
2025-06-29T16:18:28.667694,7344.0,-5441.0,-20353575
2025-06-29T16:18:29.824454,7344.0,-5420.0,-20358995
2025-06-29T16:18:30.981376,7380.0,-5424.0,-20364419
2025-06-29T16:18:32.138177,7326.0,-5447.0,-20369866
2025-06-29T16:18:33.295001,7398.0,-5424.0,-20375290
2025-06-29T16:18:34.451894,7380.0,-5395.0,-20380685
2025-06-29T16:18:35.608848,7362.0,-5440.0,-20386125
2025-06-29T16:18:36.765703,7398.0,-5405.0,-20391530
2025-06-29T16:18:37.922543,7344.0,-5421.0,-20396951
2025-06-29T16:18:39.079456,7344.0,-5450.0,-20402401
2025-06-29T16:18:40.236351,7380.0,-5416.0,-20407817
2025-06-29T16:18:41.393239,7344.0,-5414.0,-20413231
2025-06-29T16:18:42.550024,7380.0,-5415.0,-20418646
2025-06-29T16:18:43.706945,7362.0,-5419.0,-20424065
2025-06-29T16:18:44.863871,7344.0,-5417.0,-20429482
2025-06-29T16:18:46.020701,7362.0,-5429.0,-20434911
2025-06-29T16:18:47.177542,7362.0,-5409.0,-20440320
2025-06-29T16:18:48.334349,7434.0,-5400.0,-20445720
2025-06-29T16:18:49.491179,7326.0,-5425.0,-20451145
2025-06-29T16:18:50.648154,7362.0,-5384.0,-20456529
2025-06-29T16:18:51.805108,7398.0,-5428.0,-20461957
2025-06-29T16:18:52.961873,7362.0,-5431.0,-20467388
2025-06-29T16:18:54.118716,7326.0,-5425.0,-20472813
2025-06-29T16:18:55.275597,7380.0,-5448.0,-20478261
2025-06-29T16:18:56.432537,7344.0,-5421.0,-20483682
2025-06-29T16:18:57.589318,7362.0,-5424.0,-20489106
2025-06-29T16:18:58.746226,7344.0,-5428.0,-20494534
2025-06-29T16:18:59.902988,7344.0,-5409.0,-20499943
2025-06-29T16:19:01.060098,7416.0,-5421.0,-20505364
2025-06-29T16:19:02.216851,7344.0,-5389.0,-20510753
2025-06-29T16:19:03.373687,7308.0,-5412.0,-20516165
2025-06-29T16:19:04.530582,7398.0,-5435.0,-20521600
2025-06-29T16:19:05.687548,7290.0,-5418.0,-20527018
2025-06-29T16:19:06.844382,7380.0,-5433.0,-20532451
2025-06-29T16:19:08.001265,7344.0,-5418.0,-20537869
2025-06-29T16:19:09.158099,7398.0,-5406.0,-20543275
2025-06-29T16:19:10.314972,7380.0,-5421.0,-20548696
2025-06-29T16:19:11.471836,7362.0,-5388.0,-20554084
2025-06-29T16:19:12.628780,7362.0,-5423.0,-20559507
2025-06-29T16:19:13.785485,7362.0,-5416.0,-20564923
2025-06-29T16:19:14.942515,7380.0,-5406.0,-20570329
2025-06-29T16:19:16.099457,7362.0,-5432.0,-20575761
2025-06-29T16:19:17.256287,7380.0,-5423.0,-20581184
2025-06-29T16:19:18.413031,7362.0,-5411.0,-20586595
2025-06-29T16:19:19.569979,7326.0,-5416.0,-20592011
2025-06-29T16:19:20.726863,7326.0,-5408.0,-20597419
2025-06-29T16:19:21.883728,7398.0,-5417.0,-20602836
2025-06-29T16:19:23.040533,7344.0,-5394.0,-20608230
2025-06-29T16:19:24.197454,7380.0,-5423.0,-20613653
2025-06-29T16:19:25.361970,7434.0,-5395.0,-20619048
2025-06-29T16:19:26.511261,7308.0,-5427.0,-20624475
2025-06-29T16:19:27.668061,7362.0,-5392.0,-20629867
2025-06-29T16:19:28.824918,7380.0,-5405.0,-20635272
2025-06-29T16:19:29.981792,7362.0,-5391.0,-20640663
2025-06-29T16:19:31.138653,7380.0,-5416.0,-20646079
2025-06-29T16:19:32.295668,7362.0,-5380.0,-20651459
2025-06-29T16:19:33.452312,7362.0,-5426.0,-20656885
2025-06-29T16:19:34.609291,7362.0,-5386.0,-20662271
2025-06-29T16:19:35.766123,7362.0,-5417.0,-20667688
2025-06-29T16:19:36.923015,7380.0,-5396.0,-20673084
2025-06-29T16:19:38.079868,7362.0,-5420.0,-20678504
2025-06-29T16:19:39.236621,7344.0,-5419.0,-20683923
2025-06-29T16:19:40.393652,7290.0,-5430.0,-20689353
2025-06-29T16:19:41.550578,7398.0,-5399.0,-20694752
2025-06-29T16:19:42.707339,7434.0,-5411.0,-20700163
2025-06-29T16:19:43.864287,7398.0,-5438.0,-20705601
2025-06-29T16:19:45.021164,7398.0,-5421.0,-20711022
2025-06-29T16:19:46.178047,7434.0,-5402.0,-20716424
2025-06-29T16:19:47.334700,7344.0,-5419.0,-20721843
2025-06-29T16:19:48.491607,7416.0,-5437.0,-20727280
2025-06-29T16:19:49.648558,7344.0,-5414.0,-20732694
2025-06-29T16:19:50.805514,7344.0,-5456.0,-20738150
2025-06-29T16:19:51.962429,7344.0,-5431.0,-20743581
2025-06-29T16:19:53.119124,7362.0,-5418.0,-20748999
2025-06-29T16:19:54.276079,7380.0,-5403.0,-20754402
2025-06-29T16:19:55.433029,7398.0,-5403.0,-20759805
2025-06-29T16:19:56.589860,7326.0,-5420.0,-20765225
2025-06-29T16:19:57.746690,7434.0,-5446.0,-20770671
2025-06-29T16:19:58.903555,7398.0,-5430.0,-20776101
2025-06-29T16:20:00.060540,7362.0,-5404.0,-20781505
2025-06-29T16:20:01.219520,7362.0,-5425.0,-20786930
2025-06-29T16:20:02.374258,7362.0,-5425.0,-20792355
2025-06-29T16:20:03.531113,7362.0,-5402.0,-20797757
2025-06-29T16:20:04.687930,7344.0,-5455.0,-20803212
2025-06-29T16:20:05.844848,7326.0,-5409.0,-20808621
2025-06-29T16:20:07.001750,7326.0,-5393.0,-20814014
2025-06-29T16:20:08.158689,7308.0,-5425.0,-20819439
2025-06-29T16:20:09.315452,7398.0,-5416.0,-20824855
2025-06-29T16:20:10.472359,7362.0,-5419.0,-20830274
2025-06-29T16:20:11.629246,7344.0,-5430.0,-20835704
2025-06-29T16:20:12.786025,7380.0,-5412.0,-20841116
2025-06-29T16:20:13.942900,7380.0,-5396.0,-20846512
2025-06-29T16:20:15.099847,7326.0,-5435.0,-20851947
2025-06-29T16:20:16.256762,7380.0,-5420.0,-20857367
2025-06-29T16:20:17.413518,7362.0,-5426.0,-20862793
2025-06-29T16:20:18.570396,7380.0,-5409.0,-20868202
2025-06-29T16:20:19.727287,7398.0,-5426.0,-20873628
2025-06-29T16:20:20.884216,7326.0,-5410.0,-20879038
2025-06-29T16:20:22.041094,7362.0,-5431.0,-20884469
2025-06-29T16:20:23.197886,7416.0,-5436.0,-20889905
2025-06-29T16:20:24.354732,7344.0,-5427.0,-20895332
2025-06-29T16:20:25.511637,7344.0,-5398.0,-20900730
2025-06-29T16:20:26.668564,7308.0,-5443.0,-20906173
2025-06-29T16:20:27.825246,7362.0,-5419.0,-20911592
2025-06-29T16:20:28.982266,7308.0,-5423.0,-20917015
2025-06-29T16:20:30.139175,7380.0,-5402.0,-20922417
2025-06-29T16:20:31.296055,7290.0,-5418.0,-20927835
2025-06-29T16:20:32.452810,7398.0,-5415.0,-20933250
2025-06-29T16:20:33.609712,7362.0,-5416.0,-20938666
2025-06-29T16:20:34.766650,7290.0,-5425.0,-20944091
2025-06-29T16:20:35.923519,7398.0,-5426.0,-20949517
2025-06-29T16:20:37.080460,7416.0,-5411.0,-20954928
2025-06-29T16:20:38.237224,7308.0,-5429.0,-20960357
2025-06-29T16:20:39.394139,7344.0,-5441.0,-20965798
2025-06-29T16:20:40.551028,7362.0,-5430.0,-20971228
2025-06-29T16:20:41.707901,7344.0,-5420.0,-20976648
2025-06-29T16:20:42.864735,7308.0,-5414.0,-20982062
2025-06-29T16:20:44.021630,7326.0,-5431.0,-20987493
2025-06-29T16:20:45.178459,7308.0,-5401.0,-20992894
2025-06-29T16:20:46.335503,7362.0,-5422.0,-20998316
2025-06-29T16:20:47.492109,7362.0,-5427.0,-21003743
2025-06-29T16:20:48.648971,7326.0,-5445.0,-21009188
2025-06-29T16:20:49.805990,7362.0,-5404.0,-21014592
2025-06-29T16:20:50.962887,7326.0,-5402.0,-21019994
2025-06-29T16:20:52.119773,7326.0,-5417.0,-21025411
2025-06-29T16:20:53.276571,7326.0,-5433.0,-21030844
2025-06-29T16:20:54.433273,7344.0,-5427.0,-21036271
2025-06-29T16:20:55.590362,7398.0,-5405.0,-21041676
2025-06-29T16:20:56.747243,7308.0,-5409.0,-21047085
2025-06-29T16:20:57.904064,7308.0,-5435.0,-21052520
2025-06-29T16:20:59.060938,7362.0,-5414.0,-21057934
2025-06-29T16:21:00.217794,7326.0,-5394.0,-21063328
2025-06-29T16:21:01.374710,7362.0,-5443.0,-21068771
2025-06-29T16:21:02.531500,7362.0,-5421.0,-21074192
2025-06-29T16:21:03.688447,7344.0,-5437.0,-21079629
2025-06-29T16:21:04.845361,7380.0,-5408.0,-21085037
2025-06-29T16:21:06.002217,7308.0,-5414.0,-21090451
2025-06-29T16:21:07.159015,7452.0,-5421.0,-21095872
2025-06-29T16:21:08.315872,7308.0,-5424.0,-21101296
2025-06-29T16:21:09.472688,7380.0,-5426.0,-21106722
2025-06-29T16:21:10.629728,7380.0,-5415.0,-21112137
2025-06-29T16:21:11.786575,7326.0,-5410.0,-21117547
2025-06-29T16:21:12.943380,7308.0,-5417.0,-21122964
2025-06-29T16:21:14.100381,7362.0,-5446.0,-21128410
2025-06-29T16:21:15.257129,7344.0,-5426.0,-21133836
2025-06-29T16:21:16.414030,7398.0,-5402.0,-21139238
2025-06-29T16:21:17.570886,7326.0,-5405.0,-21144643
2025-06-29T16:21:18.727794,7326.0,-5419.0,-21150062
2025-06-29T16:21:19.884526,7326.0,-5409.0,-21155471
2025-06-29T16:21:21.041475,7344.0,-5426.0,-21160897
2025-06-29T16:21:22.198536,7308.0,-5426.0,-21166323
2025-06-29T16:21:23.355289,7398.0,-5442.0,-21171765
2025-06-29T16:21:24.511981,7308.0,-5417.0,-21177182
2025-06-29T16:21:25.669056,7344.0,-5455.0,-21182637
2025-06-29T16:21:26.825863,7380.0,-5420.0,-21188057
2025-06-29T16:21:27.982720,7326.0,-5436.0,-21193493
2025-06-29T16:21:29.139584,7344.0,-5427.0,-21198920
2025-06-29T16:21:30.296603,7308.0,-5402.0,-21204322
2025-06-29T16:21:31.453393,7326.0,-5419.0,-21209741
2025-06-29T16:21:32.610274,7380.0,-5426.0,-21215167
2025-06-29T16:21:33.767096,7362.0,-5443.0,-21220610
2025-06-29T16:21:34.924002,7362.0,-5442.0,-21226052
2025-06-29T16:21:36.080882,7308.0,-5431.0,-21231483
2025-06-29T16:21:37.237828,7326.0,-5413.0,-21236896
2025-06-29T16:21:38.394602,7326.0,-5431.0,-21242327
2025-06-29T16:21:39.551422,7362.0,-5419.0,-21247746
2025-06-29T16:21:40.708332,7326.0,-5413.0,-21253159
2025-06-29T16:21:41.865155,7362.0,-5431.0,-21258590
2025-06-29T16:21:43.022060,7326.0,-5428.0,-21264018
2025-06-29T16:21:44.179033,7398.0,-5439.0,-21269457
2025-06-29T16:21:45.335816,7344.0,-5436.0,-21274893
2025-06-29T16:21:46.492678,7326.0,-5423.0,-21280316
2025-06-29T16:21:47.649521,7272.0,-5436.0,-21285752
2025-06-29T16:21:48.806475,7326.0,-5410.0,-21291162
2025-06-29T16:21:49.963376,7380.0,-5441.0,-21296603
2025-06-29T16:21:51.120207,7380.0,-5419.0,-21302022
2025-06-29T16:21:52.277088,7326.0,-5417.0,-21307439
2025-06-29T16:21:53.433940,7344.0,-5426.0,-21312865
2025-06-29T16:21:54.590795,7344.0,-5438.0,-21318303
2025-06-29T16:21:55.747765,7344.0,-5439.0,-21323742
2025-06-29T16:21:56.904589,7290.0,-5426.0,-21329168
2025-06-29T16:21:58.061422,7344.0,-5407.0,-21334575
2025-06-29T16:21:59.218313,7326.0,-5413.0,-21339988
2025-06-29T16:22:00.375205,7380.0,-5422.0,-21345410
2025-06-29T16:22:01.532094,7416.0,-5426.0,-21350836
2025-06-29T16:22:02.689004,7380.0,-5425.0,-21356261
2025-06-29T16:22:03.845823,7380.0,-5435.0,-21361696
2025-06-29T16:22:05.002530,7416.0,-5434.0,-21367130
2025-06-29T16:22:06.159569,7272.0,-5411.0,-21372541
2025-06-29T16:22:07.316438,7344.0,-5404.0,-21377945
2025-06-29T16:22:08.473226,7326.0,-5417.0,-21383362
2025-06-29T16:22:09.630155,7380.0,-5432.0,-21388794
2025-06-29T16:22:10.787080,7344.0,-5436.0,-21394230
2025-06-29T16:22:11.943964,7344.0,-5437.0,-21399667
2025-06-29T16:22:13.100783,7326.0,-5410.0,-21405077
2025-06-29T16:22:14.257674,7434.0,-5431.0,-21410508
2025-06-29T16:22:15.414562,7308.0,-5423.0,-21415931
2025-06-29T16:22:16.571482,7362.0,-5404.0,-21421335
2025-06-29T16:22:17.728290,7344.0,-5437.0,-21426772
2025-06-29T16:22:18.885160,7326.0,-5425.0,-21432197
2025-06-29T16:22:20.042032,7326.0,-5416.0,-21437613
2025-06-29T16:22:21.198942,7344.0,-5413.0,-21443026
2025-06-29T16:22:22.355860,7362.0,-5410.0,-21448436
2025-06-29T16:22:23.512620,7326.0,-5415.0,-21453851
2025-06-29T16:22:24.669418,7362.0,-5424.0,-21459275
2025-06-29T16:22:25.826403,7380.0,-5428.0,-21464703
2025-06-29T16:22:26.983331,7344.0,-5404.0,-21470107
2025-06-29T16:22:28.140099,7380.0,-5433.0,-21475540
2025-06-29T16:22:29.296988,7380.0,-5460.0,-21481000
2025-06-29T16:22:30.453882,7344.0,-5425.0,-21486425
2025-06-29T16:22:31.610796,7308.0,-5417.0,-21491842
2025-06-29T16:22:32.767629,7308.0,-5451.0,-21497293
2025-06-29T16:22:33.924484,7326.0,-5468.0,-21502761
2025-06-29T16:22:35.081349,7326.0,-5408.0,-21508169
2025-06-29T16:22:36.238223,7380.0,-5383.0,-21513552
2025-06-29T16:22:37.395162,7380.0,-5407.0,-21518959
2025-06-29T16:22:38.551939,7308.0,-5421.0,-21524380
2025-06-29T16:22:39.708815,7362.0,-5424.0,-21529804
2025-06-29T16:22:40.865746,7362.0,-5408.0,-21535212
2025-06-29T16:22:42.022635,7344.0,-5418.0,-21540630
2025-06-29T16:22:43.179445,7308.0,-5402.0,-21546032
2025-06-29T16:22:44.336259,7416.0,-5422.0,-21551454
2025-06-29T16:22:45.493224,7344.0,-5417.0,-21556871
2025-06-29T16:22:46.650119,7398.0,-5416.0,-21562287
2025-06-29T16:22:47.806878,7326.0,-5395.0,-21567682
2025-06-29T16:22:48.963860,7362.0,-5419.0,-21573101
2025-06-29T16:22:50.120748,7344.0,-5393.0,-21578494
2025-06-29T16:22:51.277586,7362.0,-5426.0,-21583920
2025-06-29T16:22:52.434558,7344.0,-5408.0,-21589328
2025-06-29T16:22:53.591225,7362.0,-5428.0,-21594756
2025-06-29T16:22:54.748182,7344.0,-5409.0,-21600165
2025-06-29T16:22:55.905099,7308.0,-5437.0,-21605602
2025-06-29T16:22:57.062035,7344.0,-5405.0,-21611007
2025-06-29T16:22:58.218795,7344.0,-5429.0,-21616436
2025-06-29T16:22:59.375677,7380.0,-5416.0,-21621852
2025-06-29T16:23:00.532582,7344.0,-5421.0,-21627273
2025-06-29T16:23:01.689495,7326.0,-5429.0,-21632702
2025-06-29T16:23:02.846357,7362.0,-5407.0,-21638109
2025-06-29T16:23:04.003053,7308.0,-5420.0,-21643529
2025-06-29T16:23:05.159965,7380.0,-5445.0,-21648974
2025-06-29T16:23:06.316869,7308.0,-5413.0,-21654387
2025-06-29T16:23:07.473638,7362.0,-5414.0,-21659801
2025-06-29T16:23:08.630534,7290.0,-5431.0,-21665232
2025-06-29T16:23:09.787460,7326.0,-5428.0,-21670660
2025-06-29T16:23:10.944454,7344.0,-5457.0,-21676117
2025-06-29T16:23:12.101355,7398.0,-5402.0,-21681519
2025-06-29T16:23:13.258131,7326.0,-5430.0,-21686949
2025-06-29T16:23:14.415054,7362.0,-5405.0,-21692354
2025-06-29T16:23:15.571970,7308.0,-5402.0,-21697756
2025-06-29T16:23:16.728818,7380.0,-5408.0,-21703164
2025-06-29T16:23:17.885605,7344.0,-5440.0,-21708604
2025-06-29T16:23:19.042482,7308.0,-5427.0,-21714031
2025-06-29T16:23:20.199371,7344.0,-5412.0,-21719443
2025-06-29T16:23:21.356278,7236.0,-5442.0,-21724885
2025-06-29T16:23:22.513113,7326.0,-5436.0,-21730321
2025-06-29T16:23:23.669950,7344.0,-5435.0,-21735756
2025-06-29T16:23:24.826944,7308.0,-5419.0,-21741175
2025-06-29T16:23:25.983748,7344.0,-5426.0,-21746601
2025-06-29T16:23:27.140690,7326.0,-5418.0,-21752019
2025-06-29T16:23:28.297517,7434.0,-5403.0,-21757422
2025-06-29T16:23:29.454364,7326.0,-5452.0,-21762874
2025-06-29T16:23:30.611220,7326.0,-5433.0,-21768307
2025-06-29T16:23:31.768175,7308.0,-5427.0,-21773734
2025-06-29T16:23:32.924948,7326.0,-5427.0,-21779161
2025-06-29T16:23:34.081898,7290.0,-5424.0,-21784585
2025-06-29T16:23:35.238901,7362.0,-5426.0,-21790011
2025-06-29T16:23:36.395543,7290.0,-5401.0,-21795412
2025-06-29T16:23:37.552501,7344.0,-5426.0,-21800838
2025-06-29T16:23:38.709259,7344.0,-5422.0,-21806260
2025-06-29T16:23:39.866165,7308.0,-5434.0,-21811694
2025-06-29T16:23:41.023069,7308.0,-5445.0,-21817139
2025-06-29T16:23:42.179871,7380.0,-5418.0,-21822557
2025-06-29T16:23:43.336813,7362.0,-5447.0,-21828004
2025-06-29T16:23:44.493677,7344.0,-5420.0,-21833424
2025-06-29T16:23:45.650558,7290.0,-5439.0,-21838863
2025-06-29T16:23:46.807507,7326.0,-5426.0,-21844289
2025-06-29T16:23:47.964272,7272.0,-5417.0,-21849706
2025-06-29T16:23:49.121158,7380.0,-5441.0,-21855147
2025-06-29T16:23:50.278049,7272.0,-5409.0,-21860556
2025-06-29T16:23:51.434976,7398.0,-5422.0,-21865978
2025-06-29T16:23:52.591894,7308.0,-5410.0,-21871388
2025-06-29T16:23:53.748702,7290.0,-5431.0,-21876819
2025-06-29T16:23:54.905561,7326.0,-5451.0,-21882270
2025-06-29T16:23:56.062472,7362.0,-5424.0,-21887694
2025-06-29T16:23:57.219405,7290.0,-5456.0,-21893150
2025-06-29T16:23:58.376114,7290.0,-5415.0,-21898565
2025-06-29T16:23:59.533023,7272.0,-5398.0,-21903963
2025-06-29T16:24:00.689974,7380.0,-5414.0,-21909377
2025-06-29T16:24:01.846765,7326.0,-5436.0,-21914813
2025-06-29T16:24:03.003720,7380.0,-5410.0,-21920223
2025-06-29T16:24:04.160536,7344.0,-5459.0,-21925682
2025-06-29T16:24:05.317391,7290.0,-5442.0,-21931124
2025-06-29T16:24:06.474313,7290.0,-5431.0,-21936555
2025-06-29T16:24:07.631234,7344.0,-5438.0,-21941993
2025-06-29T16:24:08.788002,7362.0,-5455.0,-21947448
2025-06-29T16:24:09.944930,7380.0,-5410.0,-21952858
2025-06-29T16:24:11.101785,7362.0,-5446.0,-21958304
2025-06-29T16:24:12.258739,7290.0,-5420.0,-21963724
2025-06-29T16:24:13.415472,7344.0,-5414.0,-21969138
2025-06-29T16:24:14.572355,7344.0,-5429.0,-21974567
2025-06-29T16:24:15.729299,7254.0,-5396.0,-21979963
2025-06-29T16:24:16.886179,7308.0,-5442.0,-21985405
2025-06-29T16:24:18.043016,7290.0,-5449.0,-21990854
2025-06-29T16:24:19.199859,7344.0,-5422.0,-21996276
2025-06-29T16:24:20.356809,7326.0,-5400.0,-22001676
2025-06-29T16:24:21.513665,7326.0,-5423.0,-22007099
2025-06-29T16:24:22.670524,7308.0,-5449.0,-22012548
2025-06-29T16:24:23.827420,7362.0,-5422.0,-22017970
2025-06-29T16:24:24.984427,7344.0,-5412.0,-22023382
2025-06-29T16:24:26.141145,7344.0,-5445.0,-22028827
2025-06-29T16:24:27.298066,7344.0,-5447.0,-22034274
2025-06-29T16:24:28.454837,7362.0,-5423.0,-22039697
2025-06-29T16:24:29.611626,7290.0,-5458.0,-22045155
2025-06-29T16:24:30.768629,7344.0,-5412.0,-22050567
2025-06-29T16:24:31.925472,7272.0,-5449.0,-22056016
2025-06-29T16:24:33.082319,7344.0,-5419.0,-22061435
2025-06-29T16:24:34.239249,7326.0,-5427.0,-22066862
2025-06-29T16:24:35.396101,7308.0,-5414.0,-22072276
2025-06-29T16:24:36.552990,7308.0,-5397.0,-22077673
2025-06-29T16:24:37.709971,7344.0,-5432.0,-22083105
2025-06-29T16:24:38.866698,7272.0,-5451.0,-22088556
2025-06-29T16:24:40.023488,7326.0,-5435.0,-22093991
2025-06-29T16:24:41.180495,7290.0,-5410.0,-22099401
2025-06-29T16:24:42.337360,7344.0,-5413.0,-22104814
2025-06-29T16:24:43.494157,7308.0,-5417.0,-22110231
2025-06-29T16:24:44.650982,7308.0,-5437.0,-22115668
2025-06-29T16:24:45.808005,7272.0,-5483.0,-22121151
2025-06-29T16:24:46.964865,7308.0,-5443.0,-22126594
2025-06-29T16:24:48.121654,7308.0,-5453.0,-22132047
2025-06-29T16:24:49.278536,7326.0,-5413.0,-22137460
2025-06-29T16:24:50.435448,7362.0,-5447.0,-22142907
2025-06-29T16:24:51.592240,7326.0,-5445.0,-22148352
2025-06-29T16:24:52.749248,7344.0,-5408.0,-22153760
2025-06-29T16:24:53.906031,7344.0,-5427.0,-22159187
2025-06-29T16:24:55.062908,7344.0,-5393.0,-22164580
2025-06-29T16:24:56.219826,7344.0,-5426.0,-22170006
2025-06-29T16:24:57.376716,7272.0,-5389.0,-22175395
2025-06-29T16:24:58.533527,7380.0,-5425.0,-22180820
2025-06-29T16:24:59.690255,7290.0,-5390.0,-22186210
2025-06-29T16:25:00.847273,7308.0,-5427.0,-22191637
2025-06-29T16:25:02.004255,7362.0,-5419.0,-22197056
2025-06-29T16:25:03.160951,7344.0,-5412.0,-22202468
2025-06-29T16:25:04.317851,7344.0,-5429.0,-22207897
2025-06-29T16:25:05.474737,7362.0,-5424.0,-22213321
2025-06-29T16:25:06.631708,7344.0,-5434.0,-22218755
2025-06-29T16:25:07.788648,7326.0,-5433.0,-22224188
2025-06-29T16:25:08.945376,7344.0,-5421.0,-22229609
2025-06-29T16:25:10.102266,7308.0,-5425.0,-22235034
2025-06-29T16:25:11.259171,7308.0,-5432.0,-22240466
2025-06-29T16:25:12.416082,7272.0,-5420.0,-22245886
2025-06-29T16:25:13.572902,7290.0,-5452.0,-22251338
2025-06-29T16:25:14.729690,7362.0,-5417.0,-22256755
2025-06-29T16:25:15.886554,7308.0,-5448.0,-22262203
2025-06-29T16:25:17.043586,7290.0,-5423.0,-22267626
2025-06-29T16:25:18.200331,7308.0,-5460.0,-22273086
2025-06-29T16:25:19.357091,7326.0,-5436.0,-22278522
2025-06-29T16:25:20.514143,7362.0,-5452.0,-22283974
2025-06-29T16:25:21.671041,7344.0,-5425.0,-22289399
2025-06-29T16:25:22.827978,7272.0,-5440.0,-22294839
2025-06-29T16:25:23.984737,7326.0,-5443.0,-22300282
2025-06-29T16:25:25.141590,7308.0,-5407.0,-22305689
2025-06-29T16:25:26.298530,7344.0,-5431.0,-22311120
2025-06-29T16:25:27.455402,7308.0,-5467.0,-22316587
2025-06-29T16:25:28.612240,7398.0,-5429.0,-22322016
2025-06-29T16:25:29.769063,7362.0,-5454.0,-22327470
2025-06-29T16:25:30.926003,7326.0,-5420.0,-22332890
2025-06-29T16:25:32.082898,7326.0,-5431.0,-22338321
2025-06-29T16:25:33.239735,7290.0,-5448.0,-22343769
2025-06-29T16:25:34.396594,7326.0,-5405.0,-22349174
2025-06-29T16:25:35.553550,7272.0,-5437.0,-22354611
2025-06-29T16:25:36.710403,7344.0,-5398.0,-22360009
2025-06-29T16:25:37.867275,7326.0,-5445.0,-22365454
2025-06-29T16:25:39.024040,7326.0,-5451.0,-22370905
2025-06-29T16:25:40.180953,7344.0,-5428.0,-22376333
2025-06-29T16:25:41.337805,7308.0,-5416.0,-22381749
2025-06-29T16:25:42.494774,7344.0,-5421.0,-22387170
2025-06-29T16:25:43.651522,7344.0,-5406.0,-22392576
2025-06-29T16:25:44.808330,7344.0,-5424.0,-22398000
2025-06-29T16:25:45.965348,7308.0,-5439.0,-22403439
2025-06-29T16:25:47.122231,7326.0,-5434.0,-22408873
2025-06-29T16:25:48.278969,7308.0,-5411.0,-22414284
2025-06-29T16:25:49.435956,7308.0,-5440.0,-22419724
2025-06-29T16:25:50.592831,7326.0,-5389.0,-22425113
2025-06-29T16:25:51.749744,7272.0,-5420.0,-22430533
2025-06-29T16:25:52.906584,7290.0,-5396.0,-22435929
2025-06-29T16:25:54.063488,7344.0,-5425.0,-22441354
2025-06-29T16:25:55.220315,7290.0,-5401.0,-22446755
2025-06-29T16:25:56.377200,7290.0,-5433.0,-22452188
2025-06-29T16:25:57.534049,7254.0,-5433.0,-22457621
2025-06-29T16:25:58.690917,7290.0,-5420.0,-22463041
2025-06-29T16:25:59.847796,7326.0,-5414.0,-22468455
2025-06-29T16:26:01.004691,7326.0,-5429.0,-22473884
2025-06-29T16:26:02.161560,7308.0,-5419.0,-22479303
2025-06-29T16:26:03.318447,7380.0,-5438.0,-22484741
2025-06-29T16:26:04.475296,7308.0,-5425.0,-22490166
2025-06-29T16:26:05.632169,7308.0,-5437.0,-22495603
2025-06-29T16:26:06.789085,7254.0,-5416.0,-22501019
2025-06-29T16:26:07.945899,7344.0,-5429.0,-22506448
2025-06-29T16:26:09.102775,7290.0,-5419.0,-22511867
2025-06-29T16:26:10.259682,7344.0,-5428.0,-22517295
2025-06-29T16:26:11.416501,7344.0,-5414.0,-22522709
2025-06-29T16:26:12.573419,7326.0,-5422.0,-22528131
2025-06-29T16:26:13.730255,7272.0,-5458.0,-22533589
2025-06-29T16:26:14.887140,7326.0,-5438.0,-22539027
2025-06-29T16:26:16.043998,7254.0,-5451.0,-22544478
2025-06-29T16:26:17.201009,7344.0,-5416.0,-22549894
2025-06-29T16:26:18.357857,7326.0,-5427.0,-22555321
2025-06-29T16:26:19.514635,7308.0,-5427.0,-22560748
2025-06-29T16:26:20.671511,7380.0,-5421.0,-22566169
2025-06-29T16:26:21.828430,7326.0,-5430.0,-22571599
2025-06-29T16:26:22.985387,7344.0,-5412.0,-22577011
2025-06-29T16:26:24.142072,7344.0,-5417.0,-22582428
2025-06-29T16:26:25.298968,7290.0,-5412.0,-22587840
2025-06-29T16:26:26.455865,7290.0,-5427.0,-22593267
2025-06-29T16:26:27.612805,7290.0,-5408.0,-22598675
2025-06-29T16:26:28.769614,7344.0,-5441.0,-22604116
2025-06-29T16:26:29.926483,7326.0,-5387.0,-22609503
2025-06-29T16:26:31.083371,7398.0,-5411.0,-22614914
2025-06-29T16:26:32.240306,7290.0,-5466.0,-22620380
2025-06-29T16:26:33.397039,7326.0,-5443.0,-22625823
2025-06-29T16:26:34.553922,7290.0,-5451.0,-22631274
2025-06-29T16:26:35.710914,7362.0,-5434.0,-22636708
2025-06-29T16:26:36.867748,7326.0,-5439.0,-22642147
2025-06-29T16:26:38.024678,7344.0,-5433.0,-22647580
2025-06-29T16:26:39.181442,7290.0,-5436.0,-22653016
2025-06-29T16:26:40.338349,7344.0,-5437.0,-22658453
2025-06-29T16:26:41.495298,7308.0,-5444.0,-22663897
2025-06-29T16:26:42.652160,7308.0,-5436.0,-22669333
2025-06-29T16:26:43.808973,7254.0,-5423.0,-22674756
2025-06-29T16:26:44.965828,7326.0,-5427.0,-22680183
2025-06-29T16:26:46.122742,7290.0,-5454.0,-22685637
2025-06-29T16:26:47.279681,7308.0,-5432.0,-22691069
2025-06-29T16:26:48.436473,7254.0,-5456.0,-22696525
2025-06-29T16:26:49.593355,7362.0,-5445.0,-22701970
2025-06-29T16:26:50.750278,7290.0,-5423.0,-22707393
2025-06-29T16:26:51.907114,7344.0,-5422.0,-22712815
2025-06-29T16:26:53.064006,7326.0,-5409.0,-22718224
2025-06-29T16:26:54.220762,7290.0,-5434.0,-22723658
2025-06-29T16:26:55.377622,7236.0,-5460.0,-22729118
2025-06-29T16:26:56.534606,7272.0,-5423.0,-22734541
2025-06-29T16:26:57.691404,7308.0,-5459.0,-22740000
2025-06-29T16:26:58.848209,7344.0,-5431.0,-22745431
2025-06-29T16:27:00.005245,7308.0,-5474.0,-22750905
2025-06-29T16:27:01.162049,7344.0,-5424.0,-22756329
2025-06-29T16:27:02.318973,7182.0,-5454.0,-22761783
2025-06-29T16:27:03.475819,7344.0,-5420.0,-22767203
2025-06-29T16:27:04.632617,7272.0,-5428.0,-22772631
2025-06-29T16:27:05.789544,7380.0,-5448.0,-22778079
2025-06-29T16:27:06.946469,7272.0,-5414.0,-22783493
2025-06-29T16:27:08.103345,7380.0,-5444.0,-22788937
2025-06-29T16:27:09.260216,7290.0,-5423.0,-22794360
2025-06-29T16:27:10.417011,7344.0,-5416.0,-22799776
2025-06-29T16:27:11.573965,7308.0,-5436.0,-22805212
2025-06-29T16:27:12.730857,7308.0,-5407.0,-22810619
2025-06-29T16:27:13.887709,7308.0,-5436.0,-22816055
2025-06-29T16:27:15.044545,7308.0,-5427.0,-22821482
2025-06-29T16:27:16.201346,7272.0,-5430.0,-22826912
2025-06-29T16:27:17.358334,7308.0,-5446.0,-22832358
2025-06-29T16:27:18.515171,7218.0,-5463.0,-22837821
2025-06-29T16:27:19.671935,7344.0,-5429.0,-22843250
2025-06-29T16:27:20.828871,7308.0,-5406.0,-22848656
2025-06-29T16:27:21.985797,7326.0,-5417.0,-22854073
2025-06-29T16:27:23.142704,7272.0,-5480.0,-22859553
2025-06-29T16:27:24.299530,7344.0,-5434.0,-22864987
2025-06-29T16:27:25.456416,7236.0,-5449.0,-22870436
2025-06-29T16:27:26.613298,7272.0,-5426.0,-22875862
2025-06-29T16:27:27.770200,7272.0,-5423.0,-22881285
2025-06-29T16:27:28.927075,7344.0,-5451.0,-22886736
2025-06-29T16:27:30.083884,7236.0,-5387.0,-22892123
2025-06-29T16:27:31.240820,7272.0,-5420.0,-22897543
2025-06-29T16:27:32.397734,7308.0,-5462.0,-22903005
2025-06-29T16:27:33.554485,7308.0,-5438.0,-22908443
2025-06-29T16:27:34.711374,7272.0,-5453.0,-22913896
2025-06-29T16:27:35.868127,7308.0,-5414.0,-22919310
2025-06-29T16:27:37.025120,7308.0,-5418.0,-22924728
2025-06-29T16:27:38.182003,7344.0,-5434.0,-22930162
2025-06-29T16:27:39.338800,7254.0,-5463.0,-22935625
2025-06-29T16:27:40.495721,7290.0,-5438.0,-22941063
2025-06-29T16:27:41.652650,7290.0,-5424.0,-22946487
2025-06-29T16:27:42.809481,7326.0,-5453.0,-22951940
2025-06-29T16:27:43.966360,7254.0,-5453.0,-22957393
2025-06-29T16:27:45.123253,7272.0,-5408.0,-22962801
2025-06-29T16:27:46.280095,7290.0,-5453.0,-22968254
2025-06-29T16:27:47.436939,7344.0,-5420.0,-22973674
2025-06-29T16:27:48.593942,7290.0,-5425.0,-22979099
2025-06-29T16:27:49.750682,7290.0,-5434.0,-22984533
2025-06-29T16:27:50.907655,7290.0,-5406.0,-22989939
2025-06-29T16:27:52.064491,7272.0,-5425.0,-22995364
2025-06-29T16:27:53.221378,7290.0,-5458.0,-23000822
2025-06-29T16:27:54.378213,7326.0,-5442.0,-23006264
2025-06-29T16:27:55.535094,7344.0,-5427.0,-23011691
2025-06-29T16:27:56.691996,7326.0,-5427.0,-23017118
2025-06-29T16:27:57.848758,7308.0,-5434.0,-23022552
2025-06-29T16:27:59.005584,7344.0,-5418.0,-23027970
2025-06-29T16:28:00.162542,7254.0,-5414.0,-23033384
2025-06-29T16:28:01.319493,7344.0,-5440.0,-23038824
2025-06-29T16:28:02.476351,7218.0,-5474.0,-23044298
2025-06-29T16:28:03.633171,7290.0,-5432.0,-23049730
2025-06-29T16:28:04.790027,7326.0,-5463.0,-23055193
2025-06-29T16:28:05.946945,7254.0,-5423.0,-23060616
2025-06-29T16:28:07.103865,7272.0,-5460.0,-23066076
2025-06-29T16:28:08.260755,7290.0,-5419.0,-23071495
2025-06-29T16:28:09.417524,7290.0,-5462.0,-23076957
2025-06-29T16:28:10.574453,7308.0,-5428.0,-23082385
2025-06-29T16:28:11.731342,7308.0,-5410.0,-23087795
2025-06-29T16:28:12.888279,7308.0,-5428.0,-23093223
2025-06-29T16:28:14.045012,7308.0,-5476.0,-23098699
2025-06-29T16:28:15.201939,7398.0,-5453.0,-23104152
2025-06-29T16:28:16.358864,7290.0,-5424.0,-23109576
2025-06-29T16:28:17.515703,7362.0,-5429.0,-23115005
2025-06-29T16:28:18.672602,7308.0,-5438.0,-23120443
2025-06-29T16:28:19.829314,7290.0,-5437.0,-23125880
2025-06-29T16:28:20.986306,7272.0,-5420.0,-23131300
2025-06-29T16:28:22.143175,7308.0,-5441.0,-23136741
2025-06-29T16:28:23.300099,7254.0,-5459.0,-23142200
2025-06-29T16:28:24.456864,7308.0,-5439.0,-23147639
2025-06-29T16:28:25.613779,7326.0,-5414.0,-23153053
2025-06-29T16:28:26.770658,7344.0,-5445.0,-23158498
2025-06-29T16:28:27.927644,7308.0,-5455.0,-23163953
2025-06-29T16:28:29.084401,7344.0,-5428.0,-23169381
2025-06-29T16:28:30.241251,7272.0,-5411.0,-23174792
2025-06-29T16:28:31.398189,7272.0,-5424.0,-23180216
2025-06-29T16:28:32.555047,7326.0,-5408.0,-23185624
2025-06-29T16:28:33.711836,7272.0,-5424.0,-23191048
2025-06-29T16:28:34.868679,7290.0,-5431.0,-23196479
2025-06-29T16:28:36.025651,7236.0,-5408.0,-23201887
2025-06-29T16:28:37.182613,7272.0,-5420.0,-23207307
2025-06-29T16:28:38.339334,7290.0,-5408.0,-23212715
2025-06-29T16:28:39.496138,7254.0,-5420.0,-23218135
2025-06-29T16:28:40.653056,7290.0,-5423.0,-23223558
2025-06-29T16:28:41.810005,7218.0,-5409.0,-23228967
2025-06-29T16:28:42.966969,7326.0,-5414.0,-23234381
2025-06-29T16:28:44.123682,7236.0,-5424.0,-23239805
2025-06-29T16:28:45.280597,7254.0,-5410.0,-23245215
2025-06-29T16:28:46.437508,7236.0,-5412.0,-23250627
2025-06-29T16:28:47.594467,7272.0,-5414.0,-23256041
2025-06-29T16:28:48.751187,7290.0,-5418.0,-23261459
2025-06-29T16:28:49.908031,7272.0,-5409.0,-23266868
2025-06-29T16:28:51.065029,7290.0,-5432.0,-23272300
2025-06-29T16:28:52.221910,7326.0,-5421.0,-23277721
2025-06-29T16:28:53.378624,7236.0,-5414.0,-23283135
2025-06-29T16:28:54.535584,7254.0,-5408.0,-23288543
2025-06-29T16:28:55.692462,7290.0,-5416.0,-23293959
2025-06-29T16:28:56.849403,7218.0,-5407.0,-23299366
2025-06-29T16:28:58.006149,7218.0,-5427.0,-23304793
2025-06-29T16:28:59.163075,7308.0,-5423.0,-23310216
2025-06-29T16:29:00.319958,7236.0,-5422.0,-23315638
2025-06-29T16:29:01.476879,7272.0,-5416.0,-23321054
2025-06-29T16:29:02.633717,7272.0,-5413.0,-23326467
2025-06-29T16:29:03.790601,7326.0,-5415.0,-23331882
2025-06-29T16:29:04.947382,7254.0,-5421.0,-23337303
2025-06-29T16:29:06.104382,7254.0,-5420.0,-23342723
2025-06-29T16:29:07.261259,7326.0,-5408.0,-23348131
2025-06-29T16:29:08.418152,7308.0,-5411.0,-23353542
2025-06-29T16:29:09.574895,7254.0,-5412.0,-23358954
2025-06-29T16:29:10.731964,7308.0,-5420.0,-23364374
2025-06-29T16:29:11.888759,7272.0,-5414.0,-23369788
2025-06-29T16:29:13.045628,7272.0,-5423.0,-23375211
2025-06-29T16:29:14.202449,7236.0,-5426.0,-23380637
2025-06-29T16:29:15.359307,7272.0,-5418.0,-23386055
2025-06-29T16:29:16.516178,7290.0,-5421.0,-23391476
2025-06-29T16:29:17.673015,7272.0,-5409.0,-23396885
2025-06-29T16:29:18.829917,7218.0,-5420.0,-23402305
2025-06-29T16:29:19.986794,7254.0,-5412.0,-23407717
2025-06-29T16:29:21.143701,7200.0,-5425.0,-23413142
2025-06-29T16:29:22.300627,7272.0,-5419.0,-23418561
2025-06-29T16:29:23.457379,7254.0,-5416.0,-23423977
2025-06-29T16:29:24.614327,7308.0,-5419.0,-23429396
2025-06-29T16:29:25.771170,7308.0,-5423.0,-23434819
2025-06-29T16:29:26.928078,7272.0,-5400.0,-23440219
2025-06-29T16:29:28.085023,7236.0,-5425.0,-23445644
2025-06-29T16:29:29.241838,7290.0,-5409.0,-23451053
2025-06-29T16:29:30.398668,7236.0,-5418.0,-23456471
2025-06-29T16:29:31.555559,7272.0,-5421.0,-23461892
2025-06-29T16:29:32.712484,7272.0,-5422.0,-23467314
2025-06-29T16:29:33.869258,7272.0,-5430.0,-23472744
2025-06-29T16:29:35.026141,7182.0,-5397.0,-23478141
2025-06-29T16:29:36.183002,7290.0,-5406.0,-23483547
2025-06-29T16:29:37.339979,7272.0,-5413.0,-23488960
2025-06-29T16:29:38.496878,7344.0,-5404.0,-23494364
2025-06-29T16:29:39.653676,7254.0,-5416.0,-23499780
2025-06-29T16:29:40.810503,7254.0,-5426.0,-23505206
2025-06-29T16:29:41.967421,7308.0,-5415.0,-23510621
2025-06-29T16:29:43.124313,7218.0,-5396.0,-23516017
2025-06-29T16:29:44.281099,7290.0,-5396.0,-23521413
2025-06-29T16:29:45.438055,7254.0,-5400.0,-23526813
2025-06-29T16:29:46.594961,7254.0,-5425.0,-23532238
2025-06-29T16:29:47.751800,7272.0,-5422.0,-23537660
2025-06-29T16:29:48.908589,7236.0,-5408.0,-23543068
2025-06-29T16:29:50.065516,7272.0,-5398.0,-23548466
2025-06-29T16:29:51.222394,7236.0,-5420.0,-23553886
2025-06-29T16:29:52.379358,7236.0,-5428.0,-23559314
2025-06-29T16:29:53.536189,7272.0,-5397.0,-23564711
2025-06-29T16:29:54.693012,7272.0,-5416.0,-23570127
2025-06-29T16:29:55.849885,7308.0,-5416.0,-23575543
2025-06-29T16:29:57.006753,7308.0,-5395.0,-23580938
2025-06-29T16:29:58.163636,7272.0,-5423.0,-23586361
2025-06-29T16:29:59.320448,7344.0,-5407.0,-23591768
2025-06-29T16:30:00.477408,7254.0,-5418.0,-23597186
2025-06-29T16:30:01.634356,7218.0,-5412.0,-23602598
2025-06-29T16:30:02.791171,7254.0,-5402.0,-23608000
2025-06-29T16:30:03.947981,7254.0,-5408.0,-23613408
2025-06-29T16:30:05.104843,7254.0,-5421.0,-23618829
2025-06-29T16:30:06.261756,7254.0,-5419.0,-23624248
2025-06-29T16:30:07.418697,7254.0,-5410.0,-23629658
2025-06-29T16:30:08.575557,7254.0,-5403.0,-23635061
2025-06-29T16:30:09.732349,7236.0,-5406.0,-23640467
2025-06-29T16:30:10.889198,7236.0,-5428.0,-23645895
2025-06-29T16:30:12.046171,7254.0,-5413.0,-23651308
2025-06-29T16:30:13.203040,7272.0,-5404.0,-23656712
2025-06-29T16:30:14.359847,7254.0,-5425.0,-23662137
2025-06-29T16:30:15.516622,7236.0,-5414.0,-23667551
2025-06-29T16:30:16.673553,7218.0,-5413.0,-23672964
2025-06-29T16:30:17.830515,7272.0,-5414.0,-23678378
2025-06-29T16:30:18.987223,7272.0,-5393.0,-23683771
2025-06-29T16:30:20.144225,7308.0,-5391.0,-23689162
2025-06-29T16:30:21.301139,7236.0,-5427.0,-23694589
2025-06-29T16:30:22.458027,7218.0,-5416.0,-23700005
2025-06-29T16:30:23.614839,7254.0,-5405.0,-23705410
2025-06-29T16:30:24.771716,7308.0,-5403.0,-23710813
2025-06-29T16:30:25.928587,7272.0,-5418.0,-23716231
2025-06-29T16:30:27.085474,7236.0,-5414.0,-23721645
2025-06-29T16:30:28.242424,7272.0,-5394.0,-23727039
2025-06-29T16:30:29.399105,7254.0,-5401.0,-23732440
2025-06-29T16:30:30.556059,7218.0,-5408.0,-23737848
2025-06-29T16:30:31.712961,7290.0,-5406.0,-23743254
2025-06-29T16:30:32.869868,7272.0,-5398.0,-23748652
2025-06-29T16:30:34.026654,7272.0,-5423.0,-23754075
2025-06-29T16:30:35.183490,7290.0,-5428.0,-23759503
2025-06-29T16:30:36.340452,7290.0,-5389.0,-23764892
2025-06-29T16:30:37.497306,7326.0,-5404.0,-23770296
2025-06-29T16:30:38.654239,7254.0,-5397.0,-23775693
2025-06-29T16:30:39.811062,7236.0,-5421.0,-23781114
2025-06-29T16:30:40.967900,7290.0,-5406.0,-23786520
2025-06-29T16:30:42.124859,7236.0,-5398.0,-23791918
2025-06-29T16:30:43.281740,7326.0,-5415.0,-23797333
2025-06-29T16:30:44.438594,7272.0,-5421.0,-23802754
2025-06-29T16:30:45.595412,7254.0,-5397.0,-23808151
2025-06-29T16:30:46.752349,7254.0,-5401.0,-23813552
2025-06-29T16:30:47.909265,7272.0,-5417.0,-23818969
2025-06-29T16:30:49.066031,7236.0,-5407.0,-23824376
2025-06-29T16:30:50.222930,7290.0,-5411.0,-23829787
2025-06-29T16:30:51.379815,7218.0,-5400.0,-23835187
2025-06-29T16:30:52.536651,7218.0,-5412.0,-23840599
2025-06-29T16:30:53.693644,7290.0,-5423.0,-23846022
2025-06-29T16:30:54.850299,7344.0,-5396.0,-23851418
2025-06-29T16:30:56.007340,7272.0,-5406.0,-23856824
2025-06-29T16:30:57.164201,7272.0,-5412.0,-23862236
2025-06-29T16:30:58.321065,7254.0,-5409.0,-23867645
2025-06-29T16:30:59.477905,7218.0,-5426.0,-23873071
2025-06-29T16:31:00.634812,7254.0,-5397.0,-23878468
2025-06-29T16:31:01.791679,7254.0,-5409.0,-23883877
2025-06-29T16:31:02.948541,7254.0,-5423.0,-23889300
2025-06-29T16:31:04.105398,7344.0,-5413.0,-23894713
2025-06-29T16:31:05.262350,7236.0,-5415.0,-23900128
2025-06-29T16:31:06.419173,7290.0,-5418.0,-23905546
2025-06-29T16:31:07.576020,7218.0,-5424.0,-23910970
2025-06-29T16:31:08.732940,7254.0,-5405.0,-23916375
2025-06-29T16:31:09.889793,7236.0,-5419.0,-23921794
2025-06-29T16:31:11.046659,7290.0,-5410.0,-23927204
2025-06-29T16:31:12.203600,7254.0,-5405.0,-23932609
2025-06-29T16:31:13.360479,7254.0,-5407.0,-23938016
2025-06-29T16:31:14.517153,7218.0,-5408.0,-23943424
2025-06-29T16:31:15.674109,7290.0,-5403.0,-23948827
2025-06-29T16:31:16.831012,7218.0,-5403.0,-23954230
2025-06-29T16:31:17.987908,7290.0,-5414.0,-23959644
2025-06-29T16:31:19.144744,7272.0,-5400.0,-23965044
2025-06-29T16:31:20.301572,7272.0,-5409.0,-23970453
2025-06-29T16:31:21.458551,7218.0,-5398.0,-23975851
2025-06-29T16:31:22.615428,7272.0,-5403.0,-23981254
2025-06-29T16:31:23.772309,7254.0,-5419.0,-23986673
2025-06-29T16:31:24.929036,7290.0,-5415.0,-23992088
2025-06-29T16:31:26.085998,7218.0,-5405.0,-23997493
2025-06-29T16:31:27.242928,7218.0,-5409.0,-24002902
2025-06-29T16:31:28.399797,7290.0,-5412.0,-24008314
2025-06-29T16:31:29.556585,7236.0,-5408.0,-24013722
2025-06-29T16:31:30.713518,7218.0,-5402.0,-24019124
2025-06-29T16:31:31.870428,7236.0,-5423.0,-24024547
2025-06-29T16:31:33.027318,7218.0,-5409.0,-24029956
2025-06-29T16:31:34.184161,7272.0,-5403.0,-24035359
2025-06-29T16:31:35.341027,7218.0,-5393.0,-24040752
2025-06-29T16:31:36.499167,7272.0,-5395.0,-24046147
2025-06-29T16:31:37.659109,7218.0,-5397.0,-24051544
2025-06-29T16:31:38.818911,7218.0,-5398.0,-24056942
2025-06-29T16:31:39.978223,7218.0,-5411.0,-24062353
2025-06-29T16:31:41.137665,7290.0,-5390.0,-24067743
2025-06-29T16:31:42.296815,7254.0,-5402.0,-24073145
2025-06-29T16:31:43.455877,7272.0,-5394.0,-24078539
2025-06-29T16:31:44.614526,7218.0,-5414.0,-24083953
2025-06-29T16:31:45.773329,7308.0,-5411.0,-24089364
2025-06-29T16:31:46.931906,7218.0,-5405.0,-24094769
2025-06-29T16:31:48.090348,7308.0,-5403.0,-24100172
2025-06-29T16:31:49.248590,7254.0,-5400.0,-24105572
2025-06-29T16:31:50.406843,7308.0,-5404.0,-24110976
2025-06-29T16:31:51.564990,7254.0,-5404.0,-24116380
2025-06-29T16:31:52.722995,7254.0,-5386.0,-24121766
2025-06-29T16:31:53.880987,7254.0,-5409.0,-24127175
2025-06-29T16:31:55.038741,7254.0,-5411.0,-24132586
2025-06-29T16:31:56.196647,7236.0,-5400.0,-24137986
2025-06-29T16:31:57.354382,7272.0,-5386.0,-24143372
2025-06-29T16:31:58.512105,7236.0,-5417.0,-24148789
2025-06-29T16:31:59.669611,7326.0,-5390.0,-24154179
2025-06-29T16:32:00.827239,7218.0,-5397.0,-24159576
2025-06-29T16:32:01.984781,7272.0,-5404.0,-24164980
2025-06-29T16:32:03.142294,7218.0,-5398.0,-24170378
2025-06-29T16:32:04.299734,7182.0,-5400.0,-24175778
2025-06-29T16:32:05.457030,7254.0,-5412.0,-24181190
2025-06-29T16:32:06.614387,7236.0,-5407.0,-24186597
2025-06-29T16:32:07.771816,7236.0,-5404.0,-24192001
2025-06-29T16:32:08.928961,7344.0,-5412.0,-24197413
2025-06-29T16:32:10.086198,7236.0,-5417.0,-24202830
2025-06-29T16:32:11.243495,7236.0,-5410.0,-24208240
2025-06-29T16:32:12.400742,7272.0,-5399.0,-24213639
2025-06-29T16:32:13.557942,7218.0,-5411.0,-24219050
2025-06-29T16:32:14.714979,7290.0,-5414.0,-24224464
2025-06-29T16:32:15.872096,7254.0,-5399.0,-24229863
2025-06-29T16:32:17.029211,7254.0,-5423.0,-24235286
2025-06-29T16:32:18.186385,7236.0,-5395.0,-24240681
2025-06-29T16:32:19.343493,7254.0,-5403.0,-24246084
2025-06-29T16:32:20.500592,7308.0,-5414.0,-24251498
2025-06-29T16:32:21.657646,7254.0,-5399.0,-24256897
2025-06-29T16:32:22.814723,7218.0,-5402.0,-24262299
2025-06-29T16:32:23.971797,7272.0,-5409.0,-24267708
2025-06-29T16:32:25.128645,7308.0,-5407.0,-24273115
2025-06-29T16:32:26.285785,7254.0,-5415.0,-24278530
2025-06-29T16:32:27.442786,7308.0,-5408.0,-24283938
2025-06-29T16:32:28.599776,7218.0,-5402.0,-24289340
2025-06-29T16:32:29.756713,7272.0,-5393.0,-24294733
2025-06-29T16:32:30.913677,7272.0,-5408.0,-24300141
2025-06-29T16:32:32.070681,7236.0,-5402.0,-24305543
2025-06-29T16:32:33.227613,7290.0,-5411.0,-24310954
2025-06-29T16:32:34.384704,7290.0,-5404.0,-24316358
2025-06-29T16:32:35.541554,7218.0,-5398.0,-24321756
2025-06-29T16:32:36.698526,7236.0,-5399.0,-24327155
2025-06-29T16:32:37.855496,7254.0,-5427.0,-24332582
2025-06-29T16:32:39.012408,7218.0,-5391.0,-24337973
2025-06-29T16:32:40.169279,7218.0,-5399.0,-24343372
2025-06-29T16:32:41.326274,7308.0,-5397.0,-24348769
2025-06-29T16:32:42.483209,7254.0,-5397.0,-24354166
2025-06-29T16:32:43.640171,7272.0,-5412.0,-24359578
2025-06-29T16:32:44.797038,7308.0,-5405.0,-24364983
2025-06-29T16:32:45.953943,7290.0,-5418.0,-24370401
2025-06-29T16:32:47.110898,7254.0,-5429.0,-24375830
2025-06-29T16:32:48.267738,7290.0,-5396.0,-24381226
2025-06-29T16:32:49.424607,7236.0,-5407.0,-24386633
2025-06-29T16:32:50.581623,7254.0,-5417.0,-24392050
2025-06-29T16:32:51.738457,7218.0,-5404.0,-24397454
2025-06-29T16:32:52.895372,7254.0,-5402.0,-24402856
2025-06-29T16:32:54.052336,7254.0,-5404.0,-24408260
2025-06-29T16:32:55.209186,7200.0,-5409.0,-24413669
2025-06-29T16:32:56.366155,7254.0,-5422.0,-24419091
2025-06-29T16:32:57.522967,7272.0,-5413.0,-24424504
2025-06-29T16:32:58.679951,7218.0,-5405.0,-24429909
2025-06-29T16:32:59.836808,7236.0,-5418.0,-24435327
2025-06-29T16:33:00.993680,7236.0,-5396.0,-24440723
2025-06-29T16:33:02.150599,7254.0,-5392.0,-24446115
2025-06-29T16:33:03.307497,7218.0,-5421.0,-24451536
2025-06-29T16:33:04.464320,7218.0,-5403.0,-24456939
2025-06-29T16:33:05.621206,7218.0,-5393.0,-24462332
2025-06-29T16:33:06.778142,7164.0,-5398.0,-24467730
2025-06-29T16:33:07.935049,7272.0,-5418.0,-24473148
2025-06-29T16:33:09.091985,7254.0,-5384.0,-24478532
2025-06-29T16:33:10.248826,7236.0,-5410.0,-24483942
2025-06-29T16:33:11.405714,7254.0,-5409.0,-24489351
2025-06-29T16:33:12.562636,7218.0,-5416.0,-24494767
2025-06-29T16:33:13.719533,7236.0,-5401.0,-24500168
2025-06-29T16:33:14.876276,7218.0,-5400.0,-24505568
2025-06-29T16:33:16.033271,7272.0,-5399.0,-24510967
2025-06-29T16:33:17.190127,7272.0,-5415.0,-24516382
2025-06-29T16:33:18.347087,7218.0,-5398.0,-24521780
2025-06-29T16:33:19.503818,7200.0,-5410.0,-24527190
2025-06-29T16:33:20.660763,7254.0,-5415.0,-24532605
2025-06-29T16:33:21.817660,7236.0,-5398.0,-24538003
2025-06-29T16:33:22.974553,7272.0,-5414.0,-24543417
2025-06-29T16:33:24.131516,7254.0,-5408.0,-24548825
2025-06-29T16:33:25.288316,7236.0,-5409.0,-24554234
2025-06-29T16:33:26.445197,7272.0,-5400.0,-24559634
2025-06-29T16:33:27.602114,7236.0,-5405.0,-24565039
2025-06-29T16:33:28.758834,7218.0,-5401.0,-24570440
2025-06-29T16:33:29.915767,7218.0,-5393.0,-24575833
2025-06-29T16:33:31.072600,7236.0,-5409.0,-24581242
2025-06-29T16:33:32.229574,7308.0,-5401.0,-24586643
2025-06-29T16:33:33.386527,7236.0,-5399.0,-24592042
2025-06-29T16:33:34.543296,7218.0,-5388.0,-24597430
2025-06-29T16:33:35.700253,7218.0,-5418.0,-24602848
2025-06-29T16:33:36.857124,7272.0,-5395.0,-24608243
2025-06-29T16:33:38.014063,7272.0,-5406.0,-24613649
2025-06-29T16:33:39.170976,7236.0,-5394.0,-24619043
2025-06-29T16:33:40.327681,7218.0,-5406.0,-24624449
2025-06-29T16:33:41.484653,7290.0,-5418.0,-24629867
2025-06-29T16:33:42.641581,7218.0,-5409.0,-24635276
2025-06-29T16:33:43.798497,7236.0,-5399.0,-24640675
2025-06-29T16:33:44.955282,7236.0,-5405.0,-24646080
2025-06-29T16:33:46.112216,7218.0,-5410.0,-24651490
2025-06-29T16:33:47.269082,7218.0,-5408.0,-24656898
2025-06-29T16:33:48.425901,7200.0,-5403.0,-24662301
2025-06-29T16:33:49.582771,7254.0,-5406.0,-24667707
2025-06-29T16:33:50.739758,7236.0,-5411.0,-24673118
2025-06-29T16:33:51.896590,7218.0,-5412.0,-24678530
2025-06-29T16:33:53.053507,7236.0,-5407.0,-24683937
2025-06-29T16:33:54.210401,7254.0,-5405.0,-24689342
2025-06-29T16:33:55.367163,7236.0,-5402.0,-24694744
2025-06-29T16:33:56.524069,7236.0,-5398.0,-24700142
2025-06-29T16:33:57.680904,7236.0,-5407.0,-24705549
2025-06-29T16:33:58.837938,7254.0,-5418.0,-24710967
2025-06-29T16:33:59.994674,7272.0,-5403.0,-24716370
2025-06-29T16:34:01.151727,7200.0,-5402.0,-24721772
2025-06-29T16:34:02.308550,7236.0,-5405.0,-24727177
2025-06-29T16:34:03.465446,7200.0,-5413.0,-24732590
2025-06-29T16:34:04.622250,7254.0,-5413.0,-24738003
2025-06-29T16:34:05.779164,7200.0,-5398.0,-24743401
2025-06-29T16:34:06.936053,7254.0,-5414.0,-24748815
2025-06-29T16:34:08.092938,7236.0,-5404.0,-24754219
2025-06-29T16:34:09.249874,7236.0,-5408.0,-24759627
2025-06-29T16:34:10.406616,7236.0,-5407.0,-24765034
2025-06-29T16:34:11.563490,7218.0,-5425.0,-24770459
2025-06-29T16:34:12.720460,7254.0,-5403.0,-24775862
2025-06-29T16:34:13.877410,7290.0,-5406.0,-24781268
2025-06-29T16:34:15.034183,7218.0,-5404.0,-24786672
2025-06-29T16:34:16.191084,7290.0,-5410.0,-24792082
2025-06-29T16:34:17.347982,7218.0,-5410.0,-24797492
2025-06-29T16:34:18.504864,7218.0,-5408.0,-24802900
2025-06-29T16:34:19.661738,7236.0,-5398.0,-24808298
2025-06-29T16:34:20.818606,7254.0,-5404.0,-24813702
2025-06-29T16:34:21.975485,7200.0,-5413.0,-24819115
2025-06-29T16:34:23.132377,7218.0,-5402.0,-24824517
2025-06-29T16:34:24.289280,7236.0,-5401.0,-24829918
2025-06-29T16:34:25.446096,7254.0,-5421.0,-24835339
2025-06-29T16:34:26.602991,7236.0,-5415.0,-24840754
2025-06-29T16:34:27.759922,7254.0,-5398.0,-24846152
2025-06-29T16:34:28.916866,7236.0,-5403.0,-24851555
2025-06-29T16:34:30.073614,7254.0,-5417.0,-24856972
2025-06-29T16:34:31.230512,7236.0,-5409.0,-24862381
2025-06-29T16:34:32.387393,7218.0,-5397.0,-24867778
2025-06-29T16:34:33.544305,7272.0,-5393.0,-24873171
2025-06-29T16:34:34.701079,7236.0,-5404.0,-24878575
2025-06-29T16:34:35.858006,7200.0,-5407.0,-24883982
2025-06-29T16:34:37.014953,7272.0,-5399.0,-24889381
2025-06-29T16:34:38.171805,7218.0,-5406.0,-24894787
2025-06-29T16:34:39.328818,7272.0,-5404.0,-24900191
2025-06-29T16:34:40.485482,7218.0,-5408.0,-24905599
2025-06-29T16:34:41.642424,7164.0,-5408.0,-24911007
2025-06-29T16:34:42.799298,7236.0,-5390.0,-24916397
2025-06-29T16:34:43.956230,7200.0,-5398.0,-24921795
2025-06-29T16:34:45.113040,7164.0,-5408.0,-24927203
2025-06-29T16:34:46.269981,7218.0,-5400.0,-24932603
2025-06-29T16:34:47.426877,7218.0,-5403.0,-24938006
2025-06-29T16:34:48.583812,7218.0,-5401.0,-24943407
2025-06-29T16:34:49.740562,7200.0,-5422.0,-24948829
2025-06-29T16:34:50.897462,7272.0,-5393.0,-24954222
2025-06-29T16:34:52.054390,7218.0,-5401.0,-24959623
2025-06-29T16:34:53.211169,7218.0,-5409.0,-24965032
2025-06-29T16:34:54.368185,7200.0,-5413.0,-24970445
2025-06-29T16:34:55.524814,7254.0,-5395.0,-24975840
2025-06-29T16:34:56.681886,7236.0,-5402.0,-24981242
2025-06-29T16:34:57.838840,7218.0,-5416.0,-24986658
2025-06-29T16:34:58.995675,7200.0,-5407.0,-24992065
2025-06-29T16:35:00.152439,7308.0,-5405.0,-24997470
2025-06-29T16:35:01.309399,7218.0,-5422.0,-25002892
2025-06-29T16:35:02.466317,7236.0,-5398.0,-25008290
2025-06-29T16:35:03.623156,7272.0,-5401.0,-25013691
2025-06-29T16:35:04.779971,7236.0,-5394.0,-25019085
2025-06-29T16:35:05.936938,7236.0,-5393.0,-25024478
2025-06-29T16:35:07.093843,7254.0,-5392.0,-25029870
2025-06-29T16:35:08.250684,7218.0,-5406.0,-25035276
2025-06-29T16:35:09.407672,7290.0,-5411.0,-25040687
2025-06-29T16:35:10.564375,7236.0,-5416.0,-25046103
2025-06-29T16:35:11.721311,7218.0,-5393.0,-25051496
2025-06-29T16:35:12.878127,7218.0,-5401.0,-25056897
2025-06-29T16:35:14.035137,7254.0,-5398.0,-25062295
2025-06-29T16:35:15.191853,7218.0,-5429.0,-25067724
2025-06-29T16:35:16.348922,7218.0,-5411.0,-25073135
2025-06-29T16:35:17.505772,7218.0,-5405.0,-25078540
2025-06-29T16:35:18.662648,7290.0,-5415.0,-25083955
2025-06-29T16:35:19.819486,7236.0,-5414.0,-25089369
2025-06-29T16:35:20.976377,7218.0,-5407.0,-25094776
2025-06-29T16:35:22.133239,7236.0,-5425.0,-25100201
2025-06-29T16:35:23.290155,7218.0,-5411.0,-25105612
2025-06-29T16:35:24.447051,7218.0,-5407.0,-25111019
2025-06-29T16:35:25.603998,7236.0,-5396.0,-25116415
2025-06-29T16:35:26.760766,7164.0,-5415.0,-25121830
2025-06-29T16:35:27.917705,7218.0,-5409.0,-25127239
2025-06-29T16:35:29.074564,7200.0,-5413.0,-25132652
2025-06-29T16:35:30.231260,7272.0,-5421.0,-25138073
2025-06-29T16:35:31.388236,7218.0,-5415.0,-25143488
2025-06-29T16:35:32.545200,7254.0,-5390.0,-25148878
2025-06-29T16:35:33.702060,7200.0,-5398.0,-25154276
2025-06-29T16:35:34.858914,7218.0,-5399.0,-25159675
2025-06-29T16:35:36.015788,7200.0,-5404.0,-25165079
2025-06-29T16:35:37.172726,7218.0,-5416.0,-25170495
2025-06-29T16:35:38.329647,7218.0,-5411.0,-25175906
2025-06-29T16:35:39.486472,7218.0,-5398.0,-25181304
2025-06-29T16:35:40.643295,7218.0,-5406.0,-25186710
2025-06-29T16:35:41.800244,7218.0,-5398.0,-25192108
2025-06-29T16:35:42.957080,7254.0,-5394.0,-25197502
2025-06-29T16:35:44.114014,7218.0,-5406.0,-25202908
2025-06-29T16:35:45.270734,7200.0,-5415.0,-25208323
2025-06-29T16:35:46.427649,7254.0,-5399.0,-25213722
2025-06-29T16:35:47.584627,7200.0,-5404.0,-25219126
2025-06-29T16:35:48.741524,7254.0,-5406.0,-25224532
2025-06-29T16:35:49.898450,7218.0,-5412.0,-25229944
2025-06-29T16:35:51.055383,7218.0,-5422.0,-25235366
2025-06-29T16:35:52.212145,7236.0,-5400.0,-25240766
2025-06-29T16:35:53.368968,7236.0,-5414.0,-25246180
2025-06-29T16:35:54.525841,7200.0,-5411.0,-25251591
2025-06-29T16:35:55.682735,7272.0,-5391.0,-25256982
2025-06-29T16:35:56.839747,7236.0,-5405.0,-25262387
2025-06-29T16:35:57.996566,7236.0,-5399.0,-25267786
2025-06-29T16:35:59.153474,7254.0,-5397.0,-25273183
2025-06-29T16:36:00.310148,7218.0,-5419.0,-25278602
2025-06-29T16:36:01.467166,7236.0,-5414.0,-25284016
2025-06-29T16:36:02.624043,7272.0,-5400.0,-25289416
2025-06-29T16:36:03.780979,7218.0,-5397.0,-25294813
2025-06-29T16:36:04.937747,7254.0,-5410.0,-25300223
2025-06-29T16:36:06.094707,7218.0,-5405.0,-25305628
2025-06-29T16:36:07.251577,7218.0,-5396.0,-25311024
2025-06-29T16:36:08.408458,7254.0,-5413.0,-25316437
2025-06-29T16:36:09.565356,7218.0,-5405.0,-25321842
2025-06-29T16:36:10.722200,7218.0,-5407.0,-25327249
2025-06-29T16:36:11.879109,7218.0,-5412.0,-25332661
2025-06-29T16:36:13.036015,7218.0,-5404.0,-25338065
2025-06-29T16:36:14.192882,7272.0,-5406.0,-25343471
2025-06-29T16:36:15.349699,7236.0,-5413.0,-25348884
2025-06-29T16:36:16.506601,7236.0,-5412.0,-25354296
2025-06-29T16:36:17.663487,7218.0,-5405.0,-25359701
2025-06-29T16:36:18.820425,7200.0,-5416.0,-25365117
2025-06-29T16:36:19.977323,7218.0,-5408.0,-25370525
2025-06-29T16:36:21.134129,7218.0,-5417.0,-25375942
2025-06-29T16:36:22.291016,7218.0,-5408.0,-25381350
2025-06-29T16:36:23.447947,7236.0,-5405.0,-25386755
2025-06-29T16:36:24.604870,7218.0,-5411.0,-25392166
2025-06-29T16:36:25.761591,7236.0,-5426.0,-25397592
2025-06-29T16:36:26.918500,7236.0,-5408.0,-25403000
2025-06-29T16:36:28.075426,7218.0,-5411.0,-25408411
2025-06-29T16:36:29.232321,7182.0,-5404.0,-25413815
2025-06-29T16:36:30.389201,7218.0,-5410.0,-25419225
2025-06-29T16:36:31.546045,7218.0,-5413.0,-25424638
2025-06-29T16:36:32.702855,7218.0,-5408.0,-25430046
2025-06-29T16:36:33.859861,7218.0,-5397.0,-25435443
2025-06-29T16:36:35.016662,7272.0,-5408.0,-25440851
2025-06-29T16:36:36.173502,7218.0,-5414.0,-25446265
2025-06-29T16:36:37.330555,7200.0,-5404.0,-25451669
2025-06-29T16:36:38.487332,7218.0,-5397.0,-25457066
2025-06-29T16:36:39.644325,7272.0,-5419.0,-25462485
2025-06-29T16:36:40.801166,7218.0,-5416.0,-25467901
2025-06-29T16:36:41.957984,7272.0,-5392.0,-25473293
2025-06-29T16:36:43.114872,7236.0,-5400.0,-25478693
2025-06-29T16:36:44.271786,7218.0,-5420.0,-25484113
2025-06-29T16:36:45.428513,7218.0,-5396.0,-25489509
2025-06-29T16:36:46.585479,7218.0,-5391.0,-25494900
2025-06-29T16:36:47.742380,7200.0,-5413.0,-25500313
2025-06-29T16:36:48.899276,7218.0,-5403.0,-25505716
2025-06-29T16:36:50.055998,7218.0,-5409.0,-25511125
2025-06-29T16:36:51.212968,7218.0,-5417.0,-25516542
2025-06-29T16:36:52.369848,7200.0,-5400.0,-25521942
2025-06-29T16:36:53.526815,7236.0,-5418.0,-25527360
2025-06-29T16:36:54.683721,7236.0,-5426.0,-25532786
2025-06-29T16:36:55.840508,7272.0,-5401.0,-25538187
2025-06-29T16:36:56.997386,7254.0,-5394.0,-25543581
2025-06-29T16:36:58.154269,7254.0,-5405.0,-25548986
2025-06-29T16:36:59.311193,7218.0,-5410.0,-25554396
2025-06-29T16:37:00.467992,7218.0,-5410.0,-25559806
2025-06-29T16:37:01.624947,7164.0,-5400.0,-25565206
2025-06-29T16:37:02.781856,7146.0,-5405.0,-25570611
2025-06-29T16:37:03.938740,7182.0,-5416.0,-25576027
2025-06-29T16:37:05.095513,7236.0,-5397.0,-25581424
2025-06-29T16:37:06.252447,7218.0,-5395.0,-25586819
2025-06-29T16:37:07.409365,7272.0,-5409.0,-25592228
2025-06-29T16:37:08.566250,7200.0,-5397.0,-25597625
2025-06-29T16:37:09.723134,7182.0,-5398.0,-25603023
2025-06-29T16:37:10.879831,7218.0,-5404.0,-25608427
2025-06-29T16:37:12.036833,7236.0,-5395.0,-25613822
2025-06-29T16:37:13.193762,7182.0,-5409.0,-25619231
2025-06-29T16:37:14.350689,7254.0,-5418.0,-25624649
2025-06-29T16:37:15.507464,7200.0,-5408.0,-25630057
2025-06-29T16:37:16.664351,7218.0,-5398.0,-25635455
2025-06-29T16:37:17.821257,7182.0,-5410.0,-25640865
2025-06-29T16:37:18.978186,7254.0,-5399.0,-25646264
2025-06-29T16:37:20.135052,7218.0,-5407.0,-25651671
2025-06-29T16:37:21.291915,7218.0,-5414.0,-25657085
2025-06-29T16:37:22.448771,7218.0,-5409.0,-25662494
2025-06-29T16:37:23.605688,7218.0,-5412.0,-25667906
2025-06-29T16:37:24.762595,7218.0,-5408.0,-25673314
2025-06-29T16:37:25.919383,7254.0,-5409.0,-25678723
2025-06-29T16:37:27.076321,7164.0,-5399.0,-25684122
2025-06-29T16:37:28.233198,7254.0,-5420.0,-25689542
2025-06-29T16:37:29.390086,7218.0,-5407.0,-25694949
2025-06-29T16:37:30.546783,7272.0,-5416.0,-25700365
2025-06-29T16:37:31.703753,7218.0,-5398.0,-25705763
2025-06-29T16:37:32.860741,7218.0,-5406.0,-25711169
2025-06-29T16:37:34.017624,7200.0,-5419.0,-25716588
2025-06-29T16:37:35.174459,7236.0,-5411.0,-25721999
2025-06-29T16:37:36.331212,7218.0,-5406.0,-25727405
2025-06-29T16:37:37.488243,7218.0,-5409.0,-25732814
2025-06-29T16:37:38.645111,7236.0,-5420.0,-25738234
2025-06-29T16:37:39.802041,7254.0,-5407.0,-25743641
2025-06-29T16:37:40.958845,7218.0,-5411.0,-25749052
2025-06-29T16:37:42.115609,7218.0,-5420.0,-25754472
2025-06-29T16:37:43.272535,7200.0,-5414.0,-25759886
2025-06-29T16:37:44.429572,7236.0,-5405.0,-25765291
2025-06-29T16:37:45.586384,7218.0,-5416.0,-25770707
2025-06-29T16:37:46.743274,7218.0,-5409.0,-25776116
2025-06-29T16:37:47.900162,7236.0,-5414.0,-25781530
2025-06-29T16:37:49.057056,7254.0,-5396.0,-25786926
2025-06-29T16:37:50.213930,7218.0,-5405.0,-25792331
2025-06-29T16:37:51.370769,7218.0,-5406.0,-25797737
2025-06-29T16:37:52.527678,7218.0,-5410.0,-25803147
2025-06-29T16:37:53.684568,7236.0,-5420.0,-25808567
2025-06-29T16:37:54.841472,7218.0,-5412.0,-25813979
2025-06-29T16:37:55.998250,7218.0,-5406.0,-25819385
2025-06-29T16:37:57.155167,7182.0,-5414.0,-25824799
2025-06-29T16:37:58.312069,7236.0,-5409.0,-25830208
2025-06-29T16:37:59.468860,7218.0,-5415.0,-25835623
2025-06-29T16:38:00.625708,7200.0,-5416.0,-25841039
2025-06-29T16:38:01.782577,7218.0,-5426.0,-25846465
2025-06-29T16:38:02.939498,7182.0,-5414.0,-25851879
2025-06-29T16:38:04.096387,7254.0,-5420.0,-25857299
2025-06-29T16:38:05.253206,7236.0,-5417.0,-25862716
2025-06-29T16:38:06.410159,7110.0,-5429.0,-25868145
2025-06-29T16:38:07.567116,7218.0,-5411.0,-25873556
2025-06-29T16:38:08.723971,7218.0,-5436.0,-25878992
2025-06-29T16:38:09.880776,7200.0,-5438.0,-25884430
2025-06-29T16:38:11.037665,7182.0,-5431.0,-25889861
2025-06-29T16:38:12.194576,7218.0,-5426.0,-25895287
2025-06-29T16:38:13.351527,7218.0,-5452.0,-25900739
2025-06-29T16:38:14.508455,7200.0,-5421.0,-25906160
2025-06-29T16:38:15.665219,7164.0,-5427.0,-25911587
2025-06-29T16:38:16.822114,7218.0,-5434.0,-25917021
2025-06-29T16:38:17.979031,7182.0,-5447.0,-25922468
2025-06-29T16:38:19.135859,7254.0,-5432.0,-25927900
2025-06-29T16:38:20.292737,7254.0,-5427.0,-25933327
2025-06-29T16:38:21.449594,7218.0,-5434.0,-25938761
2025-06-29T16:38:22.606565,7218.0,-5431.0,-25944192
2025-06-29T16:38:23.763487,7218.0,-5437.0,-25949629
2025-06-29T16:38:24.920389,7164.0,-5428.0,-25955057
2025-06-29T16:38:26.077154,7218.0,-5441.0,-25960498
2025-06-29T16:38:27.234046,7218.0,-5430.0,-25965928
2025-06-29T16:38:28.390860,7218.0,-5428.0,-25971356
2025-06-29T16:38:29.547865,7218.0,-5439.0,-25976795
2025-06-29T16:38:30.704595,7254.0,-5434.0,-25982229
2025-06-29T16:38:31.861511,7182.0,-5468.0,-25987697
2025-06-29T16:38:33.018502,7218.0,-5453.0,-25993150
2025-06-29T16:38:34.175361,7218.0,-5444.0,-25998594
2025-06-29T16:38:35.332098,7236.0,-5422.0,-26004016
2025-06-29T16:38:36.489098,7200.0,-5447.0,-26009463
2025-06-29T16:38:37.645975,7236.0,-5447.0,-26014910
2025-06-29T16:38:38.802837,7200.0,-5444.0,-26020354
2025-06-29T16:38:39.959781,7218.0,-5431.0,-26025785
2025-06-29T16:38:41.116562,7218.0,-5442.0,-26031227
2025-06-29T16:38:42.273530,7218.0,-5439.0,-26036666
2025-06-29T16:38:43.430360,7200.0,-5444.0,-26042110
2025-06-29T16:38:44.587296,7218.0,-5453.0,-26047563
2025-06-29T16:38:45.744102,7200.0,-5474.0,-26053037
2025-06-29T16:38:46.901004,7218.0,-5440.0,-26058477
2025-06-29T16:38:48.057764,7200.0,-5460.0,-26063937
2025-06-29T16:38:49.214816,7254.0,-5466.0,-26069403
2025-06-29T16:38:50.371496,7218.0,-5443.0,-26074846
2025-06-29T16:38:51.528529,7200.0,-5461.0,-26080307
2025-06-29T16:38:52.685382,7146.0,-5472.0,-26085779
2025-06-29T16:38:53.842319,7236.0,-5452.0,-26091231
2025-06-29T16:38:54.999221,7200.0,-5440.0,-26096671
2025-06-29T16:38:56.155953,7236.0,-5471.0,-26102142
2025-06-29T16:38:57.312913,7218.0,-5442.0,-26107584
2025-06-29T16:38:58.469859,7272.0,-5452.0,-26113036
2025-06-29T16:38:59.626722,7218.0,-5479.0,-26118515
2025-06-29T16:39:00.783512,7254.0,-5469.0,-26123984
2025-06-29T16:39:01.940411,7164.0,-5489.0,-26129473
2025-06-29T16:39:03.097400,7218.0,-5468.0,-26134941
2025-06-29T16:39:04.254228,7236.0,-5485.0,-26140426
2025-06-29T16:39:05.410963,7218.0,-5466.0,-26145892
2025-06-29T16:39:06.567908,7182.0,-5508.0,-26151400
2025-06-29T16:39:07.724777,7218.0,-5480.0,-26156880
2025-06-29T16:39:08.881713,7200.0,-5468.0,-26162348
2025-06-29T16:39:10.038613,7236.0,-5450.0,-26167798
2025-06-29T16:39:11.195350,7200.0,-5451.0,-26173249
2025-06-29T16:39:12.352311,7200.0,-5467.0,-26178716
2025-06-29T16:39:13.509214,7182.0,-5477.0,-26184193
2025-06-29T16:39:14.666139,7218.0,-5451.0,-26189644
2025-06-29T16:39:15.822962,7182.0,-5485.0,-26195129
2025-06-29T16:39:16.979868,7200.0,-5473.0,-26200602
2025-06-29T16:39:18.136669,7200.0,-5491.0,-26206093
2025-06-29T16:39:19.293717,7164.0,-5452.0,-26211545
2025-06-29T16:39:20.450384,7218.0,-5499.0,-26217044
2025-06-29T16:39:21.607363,7182.0,-5458.0,-26222502
2025-06-29T16:39:22.764269,7218.0,-5494.0,-26227996
2025-06-29T16:39:23.921165,7236.0,-5464.0,-26233460
2025-06-29T16:39:25.078055,7200.0,-5445.0,-26238905
2025-06-29T16:39:26.234906,7254.0,-5476.0,-26244381
2025-06-29T16:39:27.391751,7218.0,-5444.0,-26249825
2025-06-29T16:39:28.548673,7218.0,-5469.0,-26255294
2025-06-29T16:39:29.705530,7164.0,-5459.0,-26260753
2025-06-29T16:39:30.862350,7218.0,-5461.0,-26266214
2025-06-29T16:39:32.019300,7200.0,-5455.0,-26271669
2025-06-29T16:39:33.176182,7200.0,-5454.0,-26277123
2025-06-29T16:39:34.333081,7164.0,-5482.0,-26282605
2025-06-29T16:39:35.489813,7272.0,-5452.0,-26288057
2025-06-29T16:39:36.646838,7236.0,-5481.0,-26293538
2025-06-29T16:39:37.803661,7218.0,-5441.0,-26298979
2025-06-29T16:39:38.960572,7218.0,-5480.0,-26304459
2025-06-29T16:39:40.117525,7182.0,-5474.0,-26309933
2025-06-29T16:39:41.274307,7182.0,-5478.0,-26315411
2025-06-29T16:39:42.431211,7236.0,-5461.0,-26320872
2025-06-29T16:39:43.588168,7200.0,-5462.0,-26326334
2025-06-29T16:39:44.745041,7182.0,-5462.0,-26331796
2025-06-29T16:39:45.901804,7182.0,-5459.0,-26337255
2025-06-29T16:39:47.058718,7182.0,-5445.0,-26342700
2025-06-29T16:39:48.215626,7218.0,-5487.0,-26348187
2025-06-29T16:39:49.372582,7218.0,-5482.0,-26353669
2025-06-29T16:39:50.529264,7254.0,-5469.0,-26359138
2025-06-29T16:39:51.686278,7236.0,-5471.0,-26364609
2025-06-29T16:39:52.843127,7164.0,-5465.0,-26370074
2025-06-29T16:39:53.999895,7254.0,-5463.0,-26375537
2025-06-29T16:39:55.156938,7200.0,-5484.0,-26381021
2025-06-29T16:39:56.313679,7182.0,-5481.0,-26386502
2025-06-29T16:39:57.470632,7164.0,-5505.0,-26392007
2025-06-29T16:39:58.627574,7200.0,-5454.0,-26397461
2025-06-29T16:39:59.784466,7218.0,-5457.0,-26402918
2025-06-29T16:40:00.941289,7182.0,-5480.0,-26408398
2025-06-29T16:40:02.098173,7164.0,-5487.0,-26413885
2025-06-29T16:40:03.255059,7218.0,-5483.0,-26419368
2025-06-29T16:40:04.411966,7218.0,-5487.0,-26424855
2025-06-29T16:40:05.568741,7200.0,-5468.0,-26430323
2025-06-29T16:40:06.725699,7218.0,-5472.0,-26435795
2025-06-29T16:40:07.882551,7200.0,-5454.0,-26441249
2025-06-29T16:40:09.039489,7218.0,-5491.0,-26446740
2025-06-29T16:40:10.196385,7218.0,-5477.0,-26452217
2025-06-29T16:40:11.353154,7200.0,-5440.0,-26457657
2025-06-29T16:40:12.510095,7254.0,-5476.0,-26463133
2025-06-29T16:40:13.667000,7200.0,-5459.0,-26468592
2025-06-29T16:40:14.823893,7182.0,-5477.0,-26474069
2025-06-29T16:40:15.980654,7218.0,-5484.0,-26479553
2025-06-29T16:40:17.137653,7164.0,-5451.0,-26485004
2025-06-29T16:40:18.294530,7200.0,-5498.0,-26490502
2025-06-29T16:40:19.451409,7218.0,-5454.0,-26495956
2025-06-29T16:40:20.608204,7218.0,-5479.0,-26501435
2025-06-29T16:40:21.765103,7218.0,-5478.0,-26506913
2025-06-29T16:40:22.921994,7218.0,-5465.0,-26512378
2025-06-29T16:40:24.078939,7218.0,-5442.0,-26517820
2025-06-29T16:40:25.235695,7146.0,-5432.0,-26523252
2025-06-29T16:40:26.392654,7218.0,-5471.0,-26528723
2025-06-29T16:40:27.549456,7182.0,-5439.0,-26534162
2025-06-29T16:40:28.706322,7218.0,-5440.0,-26539602
2025-06-29T16:40:29.863319,7200.0,-5495.0,-26545097
2025-06-29T16:40:31.020148,7182.0,-5475.0,-26550572
2025-06-29T16:40:32.177022,7182.0,-5483.0,-26556055
2025-06-29T16:40:33.333943,7218.0,-5453.0,-26561508
2025-06-29T16:40:34.490814,7236.0,-5462.0,-26566970
2025-06-29T16:40:35.647772,7236.0,-5462.0,-26572432
2025-06-29T16:40:36.804603,7182.0,-5446.0,-26577878
2025-06-29T16:40:37.961444,7218.0,-5461.0,-26583339
2025-06-29T16:40:39.118312,7164.0,-5474.0,-26588813
2025-06-29T16:40:40.275303,7218.0,-5450.0,-26594263
2025-06-29T16:40:41.431989,7164.0,-5473.0,-26599736
2025-06-29T16:40:42.588960,7218.0,-5460.0,-26605196
2025-06-29T16:40:43.745913,7218.0,-5436.0,-26610632
2025-06-29T16:40:44.902786,7218.0,-5443.0,-26616075
2025-06-29T16:40:46.059557,7200.0,-5487.0,-26621562
2025-06-29T16:40:47.216489,7218.0,-5440.0,-26627002
2025-06-29T16:40:48.373483,7200.0,-5469.0,-26632471
2025-06-29T16:40:49.530370,7218.0,-5458.0,-26637929
2025-06-29T16:40:50.687212,7200.0,-5434.0,-26643363
2025-06-29T16:40:51.844128,7218.0,-5448.0,-26648811
2025-06-29T16:40:53.000912,7146.0,-5468.0,-26654279
2025-06-29T16:40:54.157863,7164.0,-5446.0,-26659725
2025-06-29T16:40:55.314750,7182.0,-5450.0,-26665175
2025-06-29T16:40:56.471480,7182.0,-5442.0,-26670617
2025-06-29T16:40:57.628431,7200.0,-5472.0,-26676089
2025-06-29T16:40:58.785318,7182.0,-5438.0,-26681527
2025-06-29T16:40:59.942192,7146.0,-5441.0,-26686968
2025-06-29T16:41:01.099011,7200.0,-5442.0,-26692410
2025-06-29T16:41:02.255952,7218.0,-5457.0,-26697867
2025-06-29T16:41:03.412801,7218.0,-5444.0,-26703311
2025-06-29T16:41:04.569741,7218.0,-5458.0,-26708769
2025-06-29T16:41:05.726627,7164.0,-5445.0,-26714214
2025-06-29T16:41:06.883426,7182.0,-5461.0,-26719675
2025-06-29T16:41:08.040339,7200.0,-5441.0,-26725116
2025-06-29T16:41:09.197211,7236.0,-5463.0,-26730579
2025-06-29T16:41:10.354117,7218.0,-5447.0,-26736026
2025-06-29T16:41:11.510960,7164.0,-5434.0,-26741460
2025-06-29T16:41:12.667858,7200.0,-5442.0,-26746902
2025-06-29T16:41:13.824936,7164.0,-5488.0,-26752390
2025-06-29T16:41:14.981611,7200.0,-5475.0,-26757865
2025-06-29T16:41:16.138441,7218.0,-5427.0,-26763292
2025-06-29T16:41:17.295325,7218.0,-5443.0,-26768735
2025-06-29T16:41:18.452276,7182.0,-5459.0,-26774194
2025-06-29T16:41:19.609175,7236.0,-5446.0,-26779640
2025-06-29T16:41:20.765988,7164.0,-5458.0,-26785098
2025-06-29T16:41:21.922838,7182.0,-5445.0,-26790543
2025-06-29T16:41:23.079751,7146.0,-5452.0,-26795995
2025-06-29T16:41:24.236682,7236.0,-5438.0,-26801433
2025-06-29T16:41:25.393447,7146.0,-5436.0,-26806869
2025-06-29T16:41:26.550365,7254.0,-5449.0,-26812318
2025-06-29T16:41:27.707225,7164.0,-5448.0,-26817766
2025-06-29T16:41:28.864183,7200.0,-5432.0,-26823198
2025-06-29T16:41:30.021094,7182.0,-5433.0,-26828631
2025-06-29T16:41:31.177927,7200.0,-5446.0,-26834077
2025-06-29T16:41:32.334795,7182.0,-5445.0,-26839522
2025-06-29T16:41:33.491745,7164.0,-5443.0,-26844965
2025-06-29T16:41:34.648546,7182.0,-5460.0,-26850425
2025-06-29T16:41:35.805512,7218.0,-5434.0,-26855859
2025-06-29T16:41:36.962307,7200.0,-5434.0,-26861293
2025-06-29T16:41:38.119205,7218.0,-5444.0,-26866737
2025-06-29T16:41:39.276190,7182.0,-5456.0,-26872193
2025-06-29T16:41:40.432929,7218.0,-5452.0,-26877645
2025-06-29T16:41:41.589817,7146.0,-5440.0,-26883085
2025-06-29T16:41:42.746694,7200.0,-5446.0,-26888531
2025-06-29T16:41:43.903614,7182.0,-5441.0,-26893972
2025-06-29T16:41:45.060550,7164.0,-5434.0,-26899406
2025-06-29T16:41:46.217403,7200.0,-5430.0,-26904836
2025-06-29T16:41:47.374192,7182.0,-5436.0,-26910272
2025-06-29T16:41:48.531121,7200.0,-5442.0,-26915714
2025-06-29T16:41:49.688154,7218.0,-5436.0,-26921150
2025-06-29T16:41:50.844879,7182.0,-5415.0,-26926565
2025-06-29T16:41:52.001739,7218.0,-5427.0,-26931992
2025-06-29T16:41:53.158634,7182.0,-5444.0,-26937436
2025-06-29T16:41:54.315490,7164.0,-5438.0,-26942874
2025-06-29T16:41:55.472463,7236.0,-5444.0,-26948318
2025-06-29T16:41:56.629151,7182.0,-5450.0,-26953768
2025-06-29T16:41:57.786140,7218.0,-5432.0,-26959200
2025-06-29T16:41:58.943123,7218.0,-5426.0,-26964626
2025-06-29T16:42:00.099953,7200.0,-5433.0,-26970059
2025-06-29T16:42:01.256749,7200.0,-5431.0,-26975490
2025-06-29T16:42:02.413660,7200.0,-5425.0,-26980915
2025-06-29T16:42:03.570638,7182.0,-5432.0,-26986347
2025-06-29T16:42:04.727445,7164.0,-5430.0,-26991777
2025-06-29T16:42:05.884370,7218.0,-5428.0,-26997205
2025-06-29T16:42:07.041148,7182.0,-5428.0,-27002633
2025-06-29T16:42:08.198099,7200.0,-5410.0,-27008043
2025-06-29T16:42:09.355024,7218.0,-5426.0,-27013469
2025-06-29T16:42:10.511795,7164.0,-5426.0,-27018895
2025-06-29T16:42:11.668675,7164.0,-5428.0,-27024323
2025-06-29T16:42:12.825579,7218.0,-5431.0,-27029754
2025-06-29T16:42:13.982462,7236.0,-5432.0,-27035186
2025-06-29T16:42:15.139434,7218.0,-5428.0,-27040614
2025-06-29T16:42:16.296217,7200.0,-5423.0,-27046037
2025-06-29T16:42:17.453076,7218.0,-5415.0,-27051452
2025-06-29T16:42:18.610024,7164.0,-5426.0,-27056878
2025-06-29T16:42:19.766877,7218.0,-5414.0,-27062292
2025-06-29T16:42:20.923749,7200.0,-5428.0,-27067720
2025-06-29T16:42:22.080632,7182.0,-5433.0,-27073153
2025-06-29T16:42:23.237520,7200.0,-5418.0,-27078571
2025-06-29T16:42:24.394440,7182.0,-5410.0,-27083981
2025-06-29T16:42:25.551330,7164.0,-5412.0,-27089393
2025-06-29T16:42:26.708005,7200.0,-5415.0,-27094808
2025-06-29T16:42:27.864984,7164.0,-5428.0,-27100236
2025-06-29T16:42:29.021961,7272.0,-5404.0,-27105640
2025-06-29T16:42:30.178860,7128.0,-5418.0,-27111058
2025-06-29T16:42:31.335612,7182.0,-5418.0,-27116476
2025-06-29T16:42:32.492495,7200.0,-5423.0,-27121899
2025-06-29T16:42:33.649498,7218.0,-5435.0,-27127334
2025-06-29T16:42:34.806360,7128.0,-5421.0,-27132755
2025-06-29T16:42:35.963152,7182.0,-5419.0,-27138174
2025-06-29T16:42:37.120070,7146.0,-5404.0,-27143578
2025-06-29T16:42:38.276974,7218.0,-5408.0,-27148986
2025-06-29T16:42:39.433890,7200.0,-5419.0,-27154405
2025-06-29T16:42:40.590606,7200.0,-5401.0,-27159806
2025-06-29T16:42:41.747448,7146.0,-5413.0,-27165219
2025-06-29T16:42:42.904450,7200.0,-5416.0,-27170635
2025-06-29T16:42:44.061399,7146.0,-5412.0,-27176047
2025-06-29T16:42:45.218280,7146.0,-5407.0,-27181454
2025-06-29T16:42:46.374921,7182.0,-5415.0,-27186869
2025-06-29T16:42:47.531936,7200.0,-5413.0,-27192282
2025-06-29T16:42:48.688910,7164.0,-5414.0,-27197696
2025-06-29T16:42:49.845800,7218.0,-5413.0,-27203109
2025-06-29T16:42:51.002600,7218.0,-5420.0,-27208529
2025-06-29T16:42:52.159473,7128.0,-5401.0,-27213930
2025-06-29T16:42:53.316279,7200.0,-5402.0,-27219332
2025-06-29T16:42:54.473185,7218.0,-5415.0,-27224747
2025-06-29T16:42:55.630037,7200.0,-5414.0,-27230161
2025-06-29T16:42:56.786928,7164.0,-5405.0,-27235566
2025-06-29T16:42:57.943737,7092.0,-5414.0,-27240980
2025-06-29T16:42:59.100717,7200.0,-5404.0,-27246384
2025-06-29T16:43:00.257688,7182.0,-5422.0,-27251806
2025-06-29T16:43:01.414486,7218.0,-5405.0,-27257211
2025-06-29T16:43:02.571406,7146.0,-5395.0,-27262606
2025-06-29T16:43:03.728328,7146.0,-5398.0,-27268004
2025-06-29T16:43:04.885184,7200.0,-5407.0,-27273411
2025-06-29T16:43:06.041971,7200.0,-5410.0,-27278821
2025-06-29T16:43:07.198837,7200.0,-5405.0,-27284226
2025-06-29T16:43:08.355919,7218.0,-5404.0,-27289630
2025-06-29T16:43:09.512707,7200.0,-5414.0,-27295044
2025-06-29T16:43:10.669565,7182.0,-5409.0,-27300453
2025-06-29T16:43:11.826411,7182.0,-5395.0,-27305848
2025-06-29T16:43:12.983359,7236.0,-5397.0,-27311245
2025-06-29T16:43:14.140173,7146.0,-5415.0,-27316660
2025-06-29T16:43:15.297030,7146.0,-5400.0,-27322060
2025-06-29T16:43:16.453866,7218.0,-5385.0,-27327445
2025-06-29T16:43:17.610849,7218.0,-5399.0,-27332844
2025-06-29T16:43:18.767717,7182.0,-5417.0,-27338261
2025-06-29T16:43:19.924568,7200.0,-5414.0,-27343675
2025-06-29T16:43:21.081328,7146.0,-5398.0,-27349073
2025-06-29T16:43:22.238342,7200.0,-5394.0,-27354467
2025-06-29T16:43:23.395256,7182.0,-5378.0,-27359845
2025-06-29T16:43:24.552125,7254.0,-5398.0,-27365243
2025-06-29T16:43:25.708965,7182.0,-5389.0,-27370632
2025-06-29T16:43:26.865886,7128.0,-5390.0,-27376022
2025-06-29T16:43:28.022658,7164.0,-5420.0,-27381442
2025-06-29T16:43:29.179605,7200.0,-5389.0,-27386831
2025-06-29T16:43:30.336499,7218.0,-5400.0,-27392231
2025-06-29T16:43:31.493245,7182.0,-5401.0,-27397632
2025-06-29T16:43:39.437014,3853.0,-5410.0,-5410
2025-06-29T16:43:40.587667,7254.0,-17.0,-5427
2025-06-29T16:43:41.736445,7218.0,-17.0,-5444
2025-06-29T16:43:42.885228,7236.0,-16.0,-5460
2025-06-29T16:43:44.034020,7254.0,-16.0,-5476
2025-06-29T16:43:45.186848,7272.0,-17.0,-5493
2025-06-29T16:43:46.335801,7254.0,-16.0,-5509
2025-06-29T16:43:47.484536,7290.0,-16.0,-5525
2025-06-29T16:43:48.633353,7254.0,-17.0,-5542
2025-06-29T16:43:49.782235,7290.0,-16.0,-5558
2025-06-29T16:43:50.930994,7182.0,-17.0,-5575
2025-06-29T16:43:52.079813,7272.0,-16.0,-5591
2025-06-29T16:43:53.228486,7254.0,-16.0,-5607
2025-06-29T16:43:54.377453,7290.0,-17.0,-5624
2025-06-29T16:43:55.530240,7272.0,-16.0,-5640
2025-06-29T16:43:56.679151,7254.0,-16.0,-5656
2025-06-29T16:43:57.827999,7272.0,-17.0,-5673
2025-06-29T16:43:58.976757,7254.0,-17.0,-5690
2025-06-29T16:44:00.125544,7290.0,-17.0,-5707
2025-06-29T16:44:01.274334,7272.0,-16.0,-5723
2025-06-29T16:44:02.423201,7254.0,-16.0,-5739
2025-06-29T16:44:03.576052,7254.0,-17.0,-5756
2025-06-29T16:44:04.728832,7308.0,-16.0,-5772
2025-06-29T16:44:05.877655,7272.0,-17.0,-5789
2025-06-29T16:44:07.026423,7308.0,-17.0,-5806
2025-06-29T16:44:08.175310,7272.0,-16.0,-5822
2025-06-29T16:44:09.324174,7290.0,-16.0,-5838
2025-06-29T16:44:10.475345,7236.0,-16.0,-5854
2025-06-29T16:44:11.621633,7272.0,-16.0,-5870
2025-06-29T16:44:12.774554,7308.0,-17.0,-5887
2025-06-29T16:44:19.647137,3833.0,-5392.0,-5392
2025-06-29T16:44:20.797752,7308.0,-16.0,-5408
2025-06-29T16:44:21.949708,7182.0,-5380.0,-10788
2025-06-29T16:44:23.102521,7146.0,-5386.0,-16174
2025-06-29T16:44:24.255419,7200.0,-5380.0,-21554
2025-06-29T16:44:25.408225,7182.0,-5386.0,-26940
2025-06-29T16:44:26.561061,7128.0,-5396.0,-32336
2025-06-29T16:44:27.713841,7200.0,-5377.0,-37713
2025-06-29T16:44:28.866805,7200.0,-5389.0,-43102
2025-06-29T16:44:30.019579,7200.0,-5387.0,-48489
2025-06-29T16:44:31.172503,7200.0,-5390.0,-53879
2025-06-29T16:44:32.325308,7218.0,-5392.0,-59271
2025-06-29T16:44:33.478187,7218.0,-5387.0,-64658
2025-06-29T16:44:34.630977,7164.0,-5392.0,-70050
2025-06-29T16:44:35.783780,7200.0,-5401.0,-75451
2025-06-29T16:44:36.936715,7182.0,-5413.0,-80864
2025-06-29T16:44:38.089517,7146.0,-5406.0,-86270
2025-06-29T16:44:39.242434,7182.0,-5401.0,-91671
2025-06-29T16:44:40.395245,7182.0,-5390.0,-97061
2025-06-29T16:44:41.549136,7182.0,-5400.0,-102461
2025-06-29T16:44:42.701980,7164.0,-5415.0,-107876
2025-06-29T16:44:43.854784,7146.0,-5377.0,-113253
2025-06-29T16:44:45.007672,7128.0,-5409.0,-118662
2025-06-29T16:44:46.160626,7218.0,-5380.0,-124042
2025-06-29T16:44:47.317448,7218.0,-5405.0,-129447
2025-06-29T16:44:48.470285,7182.0,-5408.0,-134855
2025-06-29T16:44:49.623151,7182.0,-5403.0,-140258
2025-06-29T16:44:50.775893,7218.0,-5410.0,-145668
2025-06-29T16:44:51.928765,7164.0,-5402.0,-151070
2025-06-29T16:44:53.081632,7182.0,-5413.0,-156483
2025-06-29T16:44:54.238567,7146.0,-5403.0,-161886
2025-06-29T16:44:55.395344,7200.0,-5412.0,-167298
2025-06-29T16:44:56.548317,7182.0,-5407.0,-172705
2025-06-29T16:44:57.701085,7200.0,-5410.0,-178115
2025-06-29T16:44:58.853889,7164.0,-5418.0,-183533
2025-06-29T16:45:00.007495,7164.0,-5401.0,-188934
2025-06-29T16:45:01.163695,7164.0,-5395.0,-194329
2025-06-29T16:45:02.320602,7182.0,-5393.0,-199722
2025-06-29T16:45:03.473443,7200.0,-5414.0,-205136
2025-06-29T16:45:04.626224,7200.0,-5376.0,-210512
2025-06-29T16:45:05.779043,7182.0,-5424.0,-215936
2025-06-29T16:45:06.931946,7200.0,-5387.0,-221323
2025-06-29T16:45:08.088864,7146.0,-5387.0,-226710
2025-06-29T16:45:09.245799,7182.0,-5387.0,-232097
2025-06-29T16:45:10.398545,7146.0,-5417.0,-237514
2025-06-29T16:45:11.551543,7218.0,-5414.0,-242928
2025-06-29T16:45:12.704207,7164.0,-5405.0,-248333
2025-06-29T16:45:13.857174,7164.0,-5399.0,-253732
2025-06-29T16:45:15.013948,7182.0,-5392.0,-259124
2025-06-29T16:45:16.170855,7236.0,-5406.0,-264530
2025-06-29T16:45:17.323706,7128.0,-5407.0,-269937
2025-06-29T16:45:18.476587,7164.0,-5398.0,-275335
2025-06-29T16:45:19.629366,7092.0,-5425.0,-280760
2025-06-29T16:45:20.782191,7218.0,-5380.0,-286140
2025-06-29T16:45:21.935052,7200.0,-5425.0,-291565
2025-06-29T16:45:23.091990,7200.0,-5404.0,-296969
2025-06-29T16:45:24.244746,7146.0,-5401.0,-302370
2025-06-29T16:45:25.397683,7182.0,-5413.0,-307783
2025-06-29T16:45:26.550631,7218.0,-5412.0,-313195
2025-06-29T16:45:27.703268,7200.0,-5400.0,-318595
2025-06-29T16:45:28.856291,7182.0,-5408.0,-324003
2025-06-29T16:45:30.013125,7182.0,-5390.0,-329393
2025-06-29T16:45:31.169946,7182.0,-5395.0,-334788
2025-06-29T16:45:32.323495,7182.0,-5392.0,-340180
2025-06-29T16:45:33.475573,7146.0,-5419.0,-345599
2025-06-29T16:45:34.628396,7182.0,-5413.0,-351012
2025-06-29T16:45:35.781256,7146.0,-5417.0,-356429
2025-06-29T16:45:36.938223,7110.0,-5407.0,-361836
2025-06-29T16:45:38.096103,7164.0,-5402.0,-367238
2025-06-29T16:45:39.248042,7236.0,-5401.0,-372639
2025-06-29T16:45:40.400813,7092.0,-5412.0,-378051
2025-06-29T16:45:41.553677,7218.0,-5405.0,-383456
2025-06-29T16:45:42.706559,7200.0,-5424.0,-388880
2025-06-29T16:45:43.863356,7110.0,-5381.0,-394261
2025-06-29T16:45:45.020239,7164.0,-5400.0,-399661
2025-06-29T16:45:46.173077,7200.0,-5396.0,-405057
2025-06-29T16:45:47.326050,7110.0,-5421.0,-410478
2025-06-29T16:45:48.478835,7164.0,-5393.0,-415871
2025-06-29T16:45:49.631609,7164.0,-5418.0,-421289
2025-06-29T16:45:50.784571,7146.0,-5406.0,-426695
2025-06-29T16:45:51.941386,7146.0,-5393.0,-432088
2025-06-29T16:45:53.094259,7164.0,-5425.0,-437513
2025-06-29T16:45:54.247158,7218.0,-5414.0,-442927
2025-06-29T16:45:55.399907,7146.0,-5398.0,-448325
2025-06-29T16:45:56.552741,7164.0,-5401.0,-453726
2025-06-29T16:45:57.705623,7182.0,-5423.0,-459149
2025-06-29T16:45:58.862500,7182.0,-5407.0,-464556
2025-06-29T16:46:00.019342,7200.0,-5413.0,-469969
2025-06-29T16:46:01.172281,7182.0,-5415.0,-475384
2025-06-29T16:46:02.325118,7218.0,-5421.0,-480805
2025-06-29T16:46:03.477994,7164.0,-5415.0,-486220
2025-06-29T16:46:04.630784,7182.0,-5411.0,-491631
2025-06-29T16:46:05.787681,7146.0,-5417.0,-497048
2025-06-29T16:46:06.944537,7164.0,-5385.0,-502433
2025-06-29T16:46:08.097368,7110.0,-5401.0,-507834
2025-06-29T16:46:09.250243,7182.0,-5423.0,-513257
2025-06-29T16:46:10.403050,7074.0,-5400.0,-518657
2025-06-29T16:46:11.555939,7218.0,-5411.0,-524068
2025-06-29T16:46:12.712817,7128.0,-5424.0,-529492
2025-06-29T16:46:13.869785,7200.0,-5412.0,-534904
2025-06-29T16:46:15.022600,7182.0,-5405.0,-540309
2025-06-29T16:46:16.175355,7146.0,-5428.0,-545737
2025-06-29T16:46:17.328232,7146.0,-5424.0,-551161
2025-06-29T16:46:18.481087,7164.0,-5390.0,-556551
2025-06-29T16:46:19.638044,7146.0,-5409.0,-561960
2025-06-29T16:46:20.794723,7200.0,-5412.0,-567372
2025-06-29T16:46:21.947706,7146.0,-5402.0,-572774
2025-06-29T16:46:23.100542,7182.0,-5406.0,-578180
2025-06-29T16:46:24.253395,7164.0,-5417.0,-583597
2025-06-29T16:46:25.406169,7110.0,-5413.0,-589010
2025-06-29T16:46:26.559067,7092.0,-5413.0,-594423
2025-06-29T16:46:27.715866,7200.0,-5400.0,-599823
2025-06-29T16:46:28.868766,7164.0,-5413.0,-605236
2025-06-29T16:46:30.021711,7182.0,-5420.0,-610656
2025-06-29T16:46:31.174494,7164.0,-5246.0,-615902
2025-06-29T16:46:32.325273,7236.0,-16.0,-615918
2025-06-29T16:46:33.454015,7236.0,-16.0,-615934
2025-06-29T16:46:34.582606,7218.0,-17.0,-615951
2025-06-29T16:46:35.711260,7236.0,-17.0,-615968
2025-06-29T16:46:36.839858,7254.0,-16.0,-615984
2025-06-29T16:46:37.968595,7200.0,-17.0,-616001
2025-06-29T16:46:39.097328,7218.0,-17.0,-616018
2025-06-29T16:46:40.225966,7218.0,-16.0,-616034
2025-06-29T16:46:41.354597,7218.0,-16.0,-616050
2025-06-29T16:46:42.483298,7236.0,-17.0,-616067
2025-06-29T16:46:43.611899,7272.0,-16.0,-616083
2025-06-29T16:46:44.740568,7236.0,-16.0,-616099
2025-06-29T16:46:45.869201,7236.0,-16.0,-616115
2025-06-29T16:46:47.001963,7272.0,-16.0,-616131
2025-06-29T16:46:48.134634,7236.0,-16.0,-616147
2025-06-29T16:46:49.267350,7200.0,-16.0,-616163
2025-06-29T16:46:50.400010,7290.0,-16.0,-616179
2025-06-29T16:46:51.532608,7254.0,-17.0,-616196
2025-06-29T16:46:52.661398,7290.0,-16.0,-616212
2025-06-29T16:46:53.793955,7236.0,-17.0,-616229
2025-06-29T16:46:54.922604,7272.0,-16.0,-616245
2025-06-29T16:46:56.051470,7218.0,-16.0,-616261
2025-06-29T16:46:57.179951,7218.0,-16.0,-616277
2025-06-29T16:46:58.308792,7308.0,-17.0,-616294
2025-06-29T16:46:59.437380,7290.0,-16.0,-616310
2025-06-29T16:47:00.566083,7290.0,-16.0,-616326
2025-06-29T16:47:01.694738,7236.0,-16.0,-616342
2025-06-29T16:47:02.823345,7254.0,-16.0,-616358
2025-06-29T16:47:03.952098,7308.0,-16.0,-616374
2025-06-29T16:47:05.080709,7254.0,-16.0,-616390
2025-06-29T16:47:06.209353,7236.0,-16.0,-616406
2025-06-29T16:47:07.338037,7218.0,-16.0,-616422
2025-06-29T16:47:08.466672,7218.0,-16.0,-616438
2025-06-29T16:47:09.595417,7254.0,-16.0,-616454
2025-06-29T16:47:10.724009,7272.0,-16.0,-616470
2025-06-29T16:47:11.852689,7254.0,-16.0,-616486
2025-06-29T16:47:12.981388,7272.0,-16.0,-616502
2025-06-29T16:47:14.110005,7218.0,-16.0,-616518
2025-06-29T16:47:15.238607,7236.0,-17.0,-616535
2025-06-29T16:47:16.367342,7236.0,-16.0,-616551
2025-06-29T16:47:17.495954,7218.0,-16.0,-616567
2025-06-29T16:47:18.624675,7218.0,-16.0,-616583
2025-06-29T16:47:19.753296,7326.0,-16.0,-616599
2025-06-29T16:47:20.885934,7272.0,-16.0,-616615
2025-06-29T16:47:22.018707,7290.0,-16.0,-616631
2025-06-29T16:47:23.151362,7218.0,-17.0,-616648
2025-06-29T16:47:24.284063,7254.0,-16.0,-616664
2025-06-29T16:47:25.412735,7272.0,-16.0,-616680
2025-06-29T16:47:26.545390,7218.0,-17.0,-616697
2025-06-29T16:47:27.674072,7236.0,-17.0,-616714
2025-06-29T16:47:28.802768,7236.0,-16.0,-616730
2025-06-29T16:47:29.931411,7290.0,-16.0,-616746
2025-06-29T16:47:31.060124,7236.0,-16.0,-616762
2025-06-29T16:47:32.188742,7272.0,-16.0,-616778
2025-06-29T16:47:33.317399,7272.0,-16.0,-616794
2025-06-29T16:47:34.446105,7254.0,-16.0,-616810
2025-06-29T16:47:35.574599,7254.0,-16.0,-616826
2025-06-29T16:47:36.703500,7254.0,-16.0,-616842
2025-06-29T16:47:37.832064,7218.0,-16.0,-616858
2025-06-29T16:47:38.960662,7254.0,-16.0,-616874
2025-06-29T16:47:40.089311,7326.0,-16.0,-616890
2025-06-29T16:47:41.218044,7254.0,-16.0,-616906
2025-06-29T16:47:42.346804,7326.0,-16.0,-616922
2025-06-29T16:47:43.475439,7218.0,-16.0,-616938
2025-06-29T16:47:44.603954,7236.0,-16.0,-616954
2025-06-29T16:47:45.732794,7236.0,-16.0,-616970
2025-06-29T16:47:46.861355,7272.0,-17.0,-616987
2025-06-29T16:47:47.990061,7290.0,-16.0,-617003
2025-06-29T16:47:49.118763,7272.0,-17.0,-617020
2025-06-29T16:47:50.247370,7236.0,-17.0,-617037
2025-06-29T16:47:51.376097,7290.0,-16.0,-617053
2025-06-29T16:47:52.504673,7290.0,-17.0,-617070
2025-06-29T16:47:53.637356,7344.0,-16.0,-617086
2025-06-29T16:47:54.770099,7236.0,-16.0,-617102
2025-06-29T16:47:55.902660,7236.0,-16.0,-617118
2025-06-29T16:47:57.035480,7218.0,-17.0,-617135
2025-06-29T16:47:58.164175,7290.0,-16.0,-617151
2025-06-29T16:47:59.296794,7254.0,-17.0,-617168
2025-06-29T16:48:00.425421,7290.0,-16.0,-617184
2025-06-29T16:48:01.554137,7326.0,-17.0,-617201
2025-06-29T16:48:02.687202,7290.0,-16.0,-617217
2025-06-29T16:48:03.811475,7236.0,-16.0,-617233
2025-06-29T16:48:04.940177,7254.0,-17.0,-617250
2025-06-29T16:48:06.068781,7272.0,-17.0,-617267
2025-06-29T16:48:07.197474,7272.0,-17.0,-617284
2025-06-29T16:48:08.326101,7254.0,-17.0,-617301
2025-06-29T16:48:09.454870,7290.0,-16.0,-617317
2025-06-29T16:48:10.583481,7254.0,-16.0,-617333
2025-06-29T16:48:11.712106,7308.0,-16.0,-617349
2025-06-29T16:48:12.840847,7290.0,-17.0,-617366
2025-06-29T16:48:13.969459,7236.0,-17.0,-617383
2025-06-29T16:48:15.098144,7290.0,-16.0,-617399
2025-06-29T16:48:16.226789,7290.0,-16.0,-617415
2025-06-29T16:48:17.355454,7236.0,-17.0,-617432
2025-06-29T16:48:18.484102,7308.0,-16.0,-617448
2025-06-29T16:48:19.612741,7272.0,-16.0,-617464
2025-06-29T16:48:20.741262,7308.0,-16.0,-617480
2025-06-29T16:48:21.870002,7290.0,-17.0,-617497
2025-06-29T16:48:22.998649,7326.0,-16.0,-617513
2025-06-29T16:48:24.127520,7308.0,-16.0,-617529
2025-06-29T16:48:25.256023,7290.0,-16.0,-617545
2025-06-29T16:48:26.388618,7290.0,-16.0,-617561
2025-06-29T16:48:27.521445,7308.0,-16.0,-617577
2025-06-29T16:48:28.654196,7326.0,-16.0,-617593
2025-06-29T16:48:29.786815,7272.0,-17.0,-617610
2025-06-29T16:48:30.915455,7272.0,-17.0,-617627
2025-06-29T16:48:32.048091,7308.0,-16.0,-617643
2025-06-29T16:48:33.176663,7236.0,-16.0,-617659
2025-06-29T16:48:34.305543,7254.0,-17.0,-617676
2025-06-29T16:48:41.033325,3840.0,-5128.0,-5128
2025-06-29T16:48:42.183946,7218.0,-16.0,-5144
2025-06-29T16:48:43.335970,7218.0,-5132.0,-10276
2025-06-29T16:48:44.488764,7218.0,-5119.0,-15395
2025-06-29T16:48:45.641581,7218.0,-5097.0,-20492
2025-06-29T16:48:46.794403,7218.0,-5139.0,-25631
2025-06-29T16:48:47.947340,7218.0,-5118.0,-30749
2025-06-29T16:48:49.100204,7200.0,-5105.0,-35854
2025-06-29T16:48:50.253059,7182.0,-5131.0,-40985
2025-06-29T16:48:51.405789,7200.0,-5114.0,-46099
2025-06-29T16:48:52.558707,7164.0,-5146.0,-51245
2025-06-29T16:48:53.711536,7218.0,-5161.0,-56406
2025-06-29T16:48:54.864388,7146.0,-5135.0,-61541
2025-06-29T16:48:56.017283,7218.0,-5146.0,-66687
2025-06-29T16:48:57.170046,7200.0,-5124.0,-71811
2025-06-29T16:48:58.322970,7182.0,-5118.0,-76929
2025-06-29T16:48:59.475814,7182.0,-5129.0,-82058
2025-06-29T16:49:00.628723,7236.0,-5108.0,-87166
2025-06-29T16:49:01.781525,7200.0,-5137.0,-92303
2025-06-29T16:49:02.934301,7164.0,-5173.0,-97476
2025-06-29T16:49:04.088249,7146.0,-5137.0,-102613
2025-06-29T16:49:05.241101,7200.0,-5127.0,-107740
2025-06-29T16:49:06.393952,7164.0,-5127.0,-112867
2025-06-29T16:49:07.546772,7218.0,-5127.0,-117994
2025-06-29T16:49:08.703656,7182.0,-5119.0,-123113
2025-06-29T16:49:09.856517,7200.0,-5154.0,-128267
2025-06-29T16:49:11.009368,7182.0,-5138.0,-133405
2025-06-29T16:49:12.162210,7164.0,-5128.0,-138533
2025-06-29T16:49:13.314963,7146.0,-5119.0,-143652
2025-06-29T16:49:14.467926,7218.0,-5145.0,-148797
2025-06-29T16:49:15.624801,7182.0,-5120.0,-153917
2025-06-29T16:49:16.781621,7200.0,-5116.0,-159033
2025-06-29T16:49:17.934617,7146.0,-5122.0,-164155
2025-06-29T16:49:19.087326,7218.0,-5140.0,-169295
2025-06-29T16:49:20.240213,7146.0,-5133.0,-174428
2025-06-29T16:49:21.392996,7146.0,-5096.0,-179524
2025-06-29T16:49:22.549868,7218.0,-5101.0,-184625
2025-06-29T16:49:23.706738,7218.0,-5134.0,-189759
2025-06-29T16:49:24.859577,7182.0,-5107.0,-194866
2025-06-29T16:49:26.012432,7218.0,-5098.0,-199964
2025-06-29T16:49:27.165259,7182.0,-5135.0,-205099
2025-06-29T16:49:28.318168,7182.0,-5125.0,-210224
2025-06-29T16:49:29.475081,7146.0,-5122.0,-215346
2025-06-29T16:49:30.632033,7236.0,-5103.0,-220449
2025-06-29T16:49:31.784866,7164.0,-5137.0,-225586
2025-06-29T16:49:32.937729,7182.0,-5124.0,-230710
2025-06-29T16:49:34.090544,7164.0,-5133.0,-235843
2025-06-29T16:49:35.243310,7164.0,-5111.0,-240954
2025-06-29T16:49:36.400112,7164.0,-5109.0,-246063
2025-06-29T16:49:37.557137,7218.0,-5099.0,-251162
2025-06-29T16:49:38.710020,7164.0,-5116.0,-256278
2025-06-29T16:49:39.862831,7182.0,-5128.0,-261406
2025-06-29T16:49:41.015677,7200.0,-5119.0,-266525
2025-06-29T16:49:42.168446,7218.0,-5119.0,-271644
2025-06-29T16:49:43.321347,7146.0,-5151.0,-276795
2025-06-29T16:49:44.478255,7182.0,-5099.0,-281894
2025-06-29T16:49:45.631121,7200.0,-5141.0,-287035
2025-06-29T16:49:46.783967,7218.0,-5138.0,-292173
2025-06-29T16:49:47.936843,7218.0,-5118.0,-297291
2025-06-29T16:49:49.089689,7200.0,-5102.0,-302393
2025-06-29T16:49:50.242508,7200.0,-5115.0,-307508
2025-06-29T16:49:51.399489,7182.0,-5151.0,-312659
2025-06-29T16:49:52.556218,7182.0,-5109.0,-317768
2025-06-29T16:49:53.709062,7200.0,-5104.0,-322872
2025-06-29T16:49:54.861831,7146.0,-5141.0,-328013
2025-06-29T16:49:56.014607,7182.0,-5101.0,-333114
2025-06-29T16:49:57.167557,7128.0,-5122.0,-338236
2025-06-29T16:49:58.324502,7182.0,-5112.0,-343348
2025-06-29T16:49:59.481391,7200.0,-5123.0,-348471
2025-06-29T16:50:00.634256,7200.0,-5118.0,-353589
2025-06-29T16:50:01.787111,7200.0,-5108.0,-358697
2025-06-29T16:50:02.939805,7182.0,-5131.0,-363828
2025-06-29T16:50:04.092778,7164.0,-5120.0,-368948
2025-06-29T16:50:05.249680,7146.0,-5113.0,-374061
2025-06-29T16:50:06.406492,7164.0,-5110.0,-379171
2025-06-29T16:50:07.559420,7164.0,-5113.0,-384284
2025-06-29T16:50:08.712271,7218.0,-5131.0,-389415
2025-06-29T16:50:09.865043,7218.0,-5111.0,-394526
2025-06-29T16:50:11.017923,7182.0,-5107.0,-399633
2025-06-29T16:50:12.170757,7182.0,-5109.0,-404742
2025-06-29T16:50:13.327668,7200.0,-5120.0,-409862
2025-06-29T16:50:14.480485,7146.0,-5120.0,-414982
2025-06-29T16:50:15.633300,7164.0,-5129.0,-420111
2025-06-29T16:50:16.786185,7182.0,-5112.0,-425223
2025-06-29T16:50:17.939029,7164.0,-5126.0,-430349
2025-06-29T16:50:19.091816,7146.0,-5119.0,-435468
2025-06-29T16:50:20.248796,7110.0,-5116.0,-440584
2025-06-29T16:50:21.405668,7146.0,-5111.0,-445695
2025-06-29T16:50:22.558528,7146.0,-5140.0,-450835
2025-06-29T16:50:23.711391,7182.0,-5111.0,-455946
2025-06-29T16:50:24.864215,7128.0,-5117.0,-461063
2025-06-29T16:50:26.017110,7218.0,-5103.0,-466166
2025-06-29T16:50:27.173875,7164.0,-5120.0,-471286
2025-06-29T16:50:28.330783,7164.0,-5106.0,-476392
2025-06-29T16:50:29.483649,7164.0,-5122.0,-481514
2025-06-29T16:50:30.636496,7164.0,-5129.0,-486643
2025-06-29T16:50:31.789355,7146.0,-5108.0,-491751
2025-06-29T16:50:32.942217,7164.0,-5106.0,-496857
2025-06-29T16:50:34.099087,7074.0,-5116.0,-501973
2025-06-29T16:50:35.255991,7182.0,-5108.0,-507081
2025-06-29T16:50:36.408824,7128.0,-5109.0,-512190
2025-06-29T16:50:37.561661,7218.0,-5119.0,-517309
2025-06-29T16:50:38.714534,7200.0,-5133.0,-522442
2025-06-29T16:50:39.867362,7182.0,-5111.0,-527553
2025-06-29T16:50:41.024317,7110.0,-5114.0,-532667
2025-06-29T16:50:42.181109,7146.0,-5101.0,-537768
2025-06-29T16:50:43.333948,7200.0,-5103.0,-542871
2025-06-29T16:50:44.486751,7182.0,-5121.0,-547992
2025-06-29T16:50:45.639624,7146.0,-5108.0,-553100
2025-06-29T16:50:46.792481,7200.0,-5129.0,-558229
2025-06-29T16:50:47.945363,7164.0,-5110.0,-563339
2025-06-29T16:50:49.102260,7200.0,-5112.0,-568451
2025-06-29T16:50:50.255097,7146.0,-5114.0,-573565
2025-06-29T16:50:51.407942,7182.0,-5124.0,-578689
2025-06-29T16:50:52.560773,7164.0,-5134.0,-583823
2025-06-29T16:50:53.713618,7200.0,-5115.0,-588938
2025-06-29T16:50:54.866506,7128.0,-5120.0,-594058
2025-06-29T16:50:56.023300,7164.0,-5106.0,-599164
2025-06-29T16:50:57.180173,7218.0,-5106.0,-604270
2025-06-29T16:50:58.333032,7182.0,-5119.0,-609389
2025-06-29T16:50:59.485800,7146.0,-5126.0,-614515
2025-06-29T16:51:00.638814,7128.0,-5137.0,-619652
2025-06-29T16:51:01.791658,7164.0,-5116.0,-624768
2025-06-29T16:51:02.948474,7218.0,-5106.0,-629874
2025-06-29T16:51:04.105386,7146.0,-5111.0,-634985
2025-06-29T16:51:05.258213,7164.0,-5111.0,-640096
2025-06-29T16:51:06.411080,7128.0,-5131.0,-645227
2025-06-29T16:51:07.563937,7200.0,-5115.0,-650342
2025-06-29T16:51:08.716770,7200.0,-5114.0,-655456
2025-06-29T16:51:09.873682,7182.0,-5098.0,-660554
2025-06-29T16:51:11.030583,7164.0,-5127.0,-665681
2025-06-29T16:51:12.183338,7182.0,-5125.0,-670806
2025-06-29T16:51:13.336254,7182.0,-5112.0,-675918
2025-06-29T16:51:14.489140,7182.0,-5127.0,-681045
2025-06-29T16:51:15.641970,7218.0,-5125.0,-686170
2025-06-29T16:51:16.798888,7146.0,-5111.0,-691281
2025-06-29T16:51:17.955653,7164.0,-5117.0,-696398
2025-06-29T16:51:19.108590,7146.0,-5118.0,-701516
2025-06-29T16:51:20.261384,7164.0,-5108.0,-706624
2025-06-29T16:51:21.414218,7164.0,-5111.0,-711735
2025-06-29T16:51:22.567091,7128.0,-5136.0,-716871
2025-06-29T16:51:23.719939,7146.0,-5108.0,-721979
2025-06-29T16:51:24.876829,7218.0,-5119.0,-727098
2025-06-29T16:51:26.029648,7200.0,-5118.0,-732216
2025-06-29T16:51:27.182381,7218.0,-5120.0,-737336
2025-06-29T16:51:28.335332,7182.0,-5131.0,-742467
2025-06-29T16:51:29.488230,7146.0,-5141.0,-747608
2025-06-29T16:51:30.641059,7200.0,-5128.0,-752736
2025-06-29T16:51:31.797968,7146.0,-5120.0,-757856
2025-06-29T16:51:32.954870,7218.0,-5113.0,-762969
2025-06-29T16:51:34.107726,7128.0,-5125.0,-768094
2025-06-29T16:51:35.260642,7200.0,-5114.0,-773208
2025-06-29T16:51:36.413451,7200.0,-5128.0,-778336
2025-06-29T16:51:37.566278,7182.0,-5117.0,-783453
2025-06-29T16:51:38.723050,7146.0,-5124.0,-788577
2025-06-29T16:51:39.879925,7164.0,-5105.0,-793682
2025-06-29T16:51:41.032734,7128.0,-5109.0,-798791
2025-06-29T16:51:42.185599,7164.0,-5119.0,-803910
2025-06-29T16:51:43.338508,7074.0,-5132.0,-809042
2025-06-29T16:51:44.491369,7164.0,-5132.0,-814174
2025-06-29T16:51:45.648315,7110.0,-5138.0,-819312
2025-06-29T16:51:46.805148,7200.0,-5133.0,-824445
2025-06-29T16:51:47.958055,7164.0,-5136.0,-829581
2025-06-29T16:51:49.110860,7110.0,-5108.0,-834689
2025-06-29T16:51:50.263674,7146.0,-5131.0,-839820
2025-06-29T16:51:51.416590,7218.0,-5126.0,-844946
2025-06-29T16:51:52.573378,7110.0,-5130.0,-850076
2025-06-29T16:51:53.730264,7182.0,-5112.0,-855188
2025-06-29T16:51:54.883148,7164.0,-5135.0,-860323
2025-06-29T16:51:56.036086,7146.0,-5140.0,-865463
2025-06-29T16:51:57.188818,7146.0,-5125.0,-870588
2025-06-29T16:51:58.341677,7200.0,-5119.0,-875707
2025-06-29T16:51:59.494529,7164.0,-5128.0,-880835
2025-06-29T16:52:00.651471,7200.0,-5119.0,-885954
2025-06-29T16:52:01.804212,7200.0,-5124.0,-891078
2025-06-29T16:52:02.956976,7128.0,-5105.0,-896183
2025-06-29T16:52:04.109956,7128.0,-5140.0,-901323
2025-06-29T16:52:05.262824,7164.0,-5128.0,-906451
2025-06-29T16:52:06.415693,7110.0,-5120.0,-911571
2025-06-29T16:52:07.572559,7128.0,-5119.0,-916690
2025-06-29T16:52:08.729519,7164.0,-5116.0,-921806
2025-06-29T16:52:09.882368,7218.0,-5121.0,-926927
2025-06-29T16:52:11.035117,7128.0,-5122.0,-932049
2025-06-29T16:52:12.188090,7182.0,-5127.0,-937176
2025-06-29T16:52:13.340902,7164.0,-5136.0,-942312
2025-06-29T16:52:14.497720,7182.0,-5107.0,-947419
2025-06-29T16:52:15.654605,7146.0,-5112.0,-952531
2025-06-29T16:52:16.807392,7164.0,-5130.0,-957661
2025-06-29T16:52:17.960287,7128.0,-5122.0,-962783
2025-06-29T16:52:19.113145,7182.0,-5117.0,-967900
2025-06-29T16:52:20.265992,7164.0,-5133.0,-973033
2025-06-29T16:52:21.422849,7218.0,-5139.0,-978172
2025-06-29T16:52:22.579764,7182.0,-5129.0,-983301
2025-06-29T16:52:23.732523,7200.0,-5133.0,-988434
2025-06-29T16:52:24.885524,7128.0,-5128.0,-993562
2025-06-29T16:52:26.038267,7146.0,-5109.0,-998671
2025-06-29T16:52:27.192192,7146.0,-5151.0,-1003822
2025-06-29T16:52:28.348989,7164.0,-5114.0,-1008936
2025-06-29T16:52:29.505917,7164.0,-5123.0,-1014059
2025-06-29T16:52:30.662833,7200.0,-5114.0,-1019173
2025-06-29T16:52:31.819772,7074.0,-5127.0,-1024300
2025-06-29T16:52:32.976562,7164.0,-5112.0,-1029412
2025-06-29T16:52:34.133437,7146.0,-5137.0,-1034549
2025-06-29T16:52:35.290254,7128.0,-5121.0,-1039670
2025-06-29T16:52:36.447240,7164.0,-5124.0,-1044794
2025-06-29T16:52:37.604089,7146.0,-5115.0,-1049909
2025-06-29T16:52:38.760936,7092.0,-5135.0,-1055044
2025-06-29T16:52:39.917879,7164.0,-5120.0,-1060164
2025-06-29T16:52:41.074838,7146.0,-5133.0,-1065297
2025-06-29T16:52:42.231566,7146.0,-5117.0,-1070414
2025-06-29T16:52:43.388310,7128.0,-5129.0,-1075543
2025-06-29T16:52:44.545356,7182.0,-5129.0,-1080672
2025-06-29T16:52:45.702200,7110.0,-5125.0,-1085797
2025-06-29T16:52:46.859137,7182.0,-5128.0,-1090925
2025-06-29T16:52:48.016008,7146.0,-5156.0,-1096081
2025-06-29T16:52:49.172896,7218.0,-5125.0,-1101206
2025-06-29T16:52:50.329829,7182.0,-5125.0,-1106331
2025-06-29T16:52:51.486691,7164.0,-5128.0,-1111459
2025-06-29T16:52:52.643577,7092.0,-5127.0,-1116586
2025-06-29T16:52:53.800427,7164.0,-5143.0,-1121729
2025-06-29T16:52:54.957273,7110.0,-5139.0,-1126868
2025-06-29T16:52:56.114210,7182.0,-5115.0,-1131983
2025-06-29T16:52:57.270989,7200.0,-5121.0,-1137104
2025-06-29T16:52:58.427885,7218.0,-5112.0,-1142216
2025-06-29T16:52:59.584823,7146.0,-5138.0,-1147354
2025-06-29T16:53:00.741715,7146.0,-5112.0,-1152466
2025-06-29T16:53:01.898558,7218.0,-5112.0,-1157578
2025-06-29T16:53:03.055383,7110.0,-5110.0,-1162688
2025-06-29T16:53:04.212323,7200.0,-5130.0,-1167818
2025-06-29T16:53:05.369200,7218.0,-5103.0,-1172921
2025-06-29T16:53:06.526105,7218.0,-5125.0,-1178046
2025-06-29T16:53:07.683013,7182.0,-5120.0,-1183166
2025-06-29T16:53:08.839882,7146.0,-5121.0,-1188287
2025-06-29T16:53:09.996722,7128.0,-5131.0,-1193418
2025-06-29T16:53:11.153631,7128.0,-5116.0,-1198534
2025-06-29T16:53:12.310375,7218.0,-5117.0,-1203651
2025-06-29T16:53:13.467336,7164.0,-5123.0,-1208774
2025-06-29T16:53:14.624246,7200.0,-5102.0,-1213876
2025-06-29T16:53:15.781136,7182.0,-5132.0,-1219008
2025-06-29T16:53:16.938050,7200.0,-5120.0,-1224128
2025-06-29T16:53:18.094897,7128.0,-5125.0,-1229253
2025-06-29T16:53:19.251718,7128.0,-5109.0,-1234362
2025-06-29T16:53:20.408600,7164.0,-5132.0,-1239494
2025-06-29T16:53:21.565592,7128.0,-5108.0,-1244602
2025-06-29T16:53:22.722429,7200.0,-5107.0,-1249709
2025-06-29T16:53:23.879251,7182.0,-5115.0,-1254824
2025-06-29T16:53:25.036170,7146.0,-5125.0,-1259949
2025-06-29T16:53:26.193035,7146.0,-5109.0,-1265058
2025-06-29T16:53:27.349892,7164.0,-5113.0,-1270171
2025-06-29T16:53:28.506789,7146.0,-5092.0,-1275263
2025-06-29T16:53:29.663687,7146.0,-5101.0,-1280364
2025-06-29T16:53:30.820577,7164.0,-5085.0,-1285449
2025-06-29T16:53:31.977504,7200.0,-5080.0,-1290529
2025-06-29T16:53:33.134271,7218.0,-5080.0,-1295609
2025-06-29T16:53:34.291235,7164.0,-5102.0,-1300711
2025-06-29T16:53:35.448054,7218.0,-5101.0,-1305812
2025-06-29T16:53:36.604970,7182.0,-5074.0,-1310886
2025-06-29T16:53:37.762002,7218.0,-5077.0,-1315963
2025-06-29T16:53:38.918693,7200.0,-5094.0,-1321057
2025-06-29T16:53:40.075611,7146.0,-5072.0,-1326129
2025-06-29T16:53:41.232420,7164.0,-5101.0,-1331230
2025-06-29T16:53:42.389381,7218.0,-5100.0,-1336330
2025-06-29T16:53:43.546214,7146.0,-5086.0,-1341416
2025-06-29T16:53:44.703067,7164.0,-5101.0,-1346517
2025-06-29T16:53:45.859984,7146.0,-5085.0,-1351602
2025-06-29T16:53:47.016987,7110.0,-5083.0,-1356685
2025-06-29T16:53:48.173745,7110.0,-5106.0,-1361791
2025-06-29T16:53:49.330627,7146.0,-5088.0,-1366879
2025-06-29T16:53:50.487555,7128.0,-5104.0,-1371983
2025-06-29T16:53:51.644432,7092.0,-5084.0,-1377067
2025-06-29T16:53:52.801366,7182.0,-5096.0,-1382163
2025-06-29T16:53:53.958148,7146.0,-5124.0,-1387287
2025-06-29T16:53:55.115059,7164.0,-5100.0,-1392387
2025-06-29T16:53:56.271854,7128.0,-5085.0,-1397472
2025-06-29T16:53:57.428733,7074.0,-5103.0,-1402575
2025-06-29T16:53:58.585590,7164.0,-5074.0,-1407649
2025-06-29T16:53:59.742555,7110.0,-5100.0,-1412749
2025-06-29T16:54:00.899425,7182.0,-5109.0,-1417858
2025-06-29T16:54:02.056325,7164.0,-5098.0,-1422956
2025-06-29T16:54:03.213173,7200.0,-5111.0,-1428067
2025-06-29T16:54:04.370048,7128.0,-5110.0,-1433177
2025-06-29T16:54:05.526912,7128.0,-5096.0,-1438273
2025-06-29T16:54:06.683851,7128.0,-5112.0,-1443385
2025-06-29T16:54:07.840786,7218.0,-5099.0,-1448484
2025-06-29T16:54:08.997509,7128.0,-5111.0,-1453595
2025-06-29T16:54:10.154389,7218.0,-5088.0,-1458683
2025-06-29T16:54:11.311349,7146.0,-5111.0,-1463794
2025-06-29T16:54:12.468223,7182.0,-5096.0,-1468890
2025-06-29T16:54:13.625072,7128.0,-5107.0,-1473997
2025-06-29T16:54:14.781964,7146.0,-5100.0,-1479097
2025-06-29T16:54:15.938852,7110.0,-5109.0,-1484206
2025-06-29T16:54:17.095773,7128.0,-5107.0,-1489313
2025-06-29T16:54:18.252667,7146.0,-5110.0,-1494423
2025-06-29T16:54:19.409485,7164.0,-5110.0,-1499533
2025-06-29T16:54:20.566385,7110.0,-5112.0,-1504645
2025-06-29T16:54:21.723266,7200.0,-5103.0,-1509748
2025-06-29T16:54:22.880126,7164.0,-5112.0,-1514860
2025-06-29T16:54:24.036983,7164.0,-5094.0,-1519954
2025-06-29T16:54:25.193976,7128.0,-5099.0,-1525053
2025-06-29T16:54:26.350826,7164.0,-5095.0,-1530148
2025-06-29T16:54:27.507702,7128.0,-5110.0,-1535258
2025-06-29T16:54:28.664476,7182.0,-5097.0,-1540355
2025-06-29T16:54:29.821457,7146.0,-5120.0,-1545475
2025-06-29T16:54:30.978298,7128.0,-5106.0,-1550581
2025-06-29T16:54:32.135202,7218.0,-5108.0,-1555689
2025-06-29T16:54:33.291996,7164.0,-5116.0,-1560805
2025-06-29T16:54:34.448917,7146.0,-5127.0,-1565932
2025-06-29T16:54:35.605851,7074.0,-5131.0,-1571063
2025-06-29T16:54:36.762731,7110.0,-5148.0,-1576211
2025-06-29T16:54:37.919647,7146.0,-5128.0,-1581339
2025-06-29T16:54:39.076446,7182.0,-5132.0,-1586471
2025-06-29T16:54:40.233353,7164.0,-5127.0,-1591598
2025-06-29T16:54:41.390307,7164.0,-5137.0,-1596735
2025-06-29T16:54:42.547046,7182.0,-5131.0,-1601866
2025-06-29T16:54:43.703924,7092.0,-5143.0,-1607009
2025-06-29T16:54:44.860874,7182.0,-5144.0,-1612153
2025-06-29T16:54:46.017774,7164.0,-5137.0,-1617290
2025-06-29T16:54:47.174639,7110.0,-5160.0,-1622450
2025-06-29T16:54:48.331606,7146.0,-5142.0,-1627592
2025-06-29T16:54:49.488367,7182.0,-5151.0,-1632743
2025-06-29T16:54:50.645307,7164.0,-5156.0,-1637899
2025-06-29T16:54:51.802142,7164.0,-5151.0,-1643050
2025-06-29T16:54:52.959074,7128.0,-5153.0,-1648203
2025-06-29T16:54:54.115888,7146.0,-5151.0,-1653354
2025-06-29T16:54:55.272765,7200.0,-5153.0,-1658507
2025-06-29T16:54:56.429706,7146.0,-5181.0,-1663688
2025-06-29T16:54:57.586608,7164.0,-5172.0,-1668860
2025-06-29T16:54:58.743433,7128.0,-5182.0,-1674042
2025-06-29T16:54:59.900267,7074.0,-5152.0,-1679194
2025-06-29T16:55:01.057249,7128.0,-5151.0,-1684345
2025-06-29T16:55:02.213985,7146.0,-5165.0,-1689510
2025-06-29T16:55:03.370861,7110.0,-5184.0,-1694694
2025-06-29T16:55:04.527802,7164.0,-5163.0,-1699857
2025-06-29T16:55:05.684714,7146.0,-5168.0,-1705025
2025-06-29T16:55:06.841604,7146.0,-5179.0,-1710204
2025-06-29T16:55:07.998485,7146.0,-5154.0,-1715358
2025-06-29T16:55:09.155336,7128.0,-5178.0,-1720536
2025-06-29T16:55:10.312088,7164.0,-5189.0,-1725725
2025-06-29T16:55:11.469038,7092.0,-5168.0,-1730893
2025-06-29T16:55:12.625945,7110.0,-5175.0,-1736068
2025-06-29T16:55:13.782740,7110.0,-5173.0,-1741241
2025-06-29T16:55:14.939669,7218.0,-5160.0,-1746401
2025-06-29T16:55:16.096559,7110.0,-5188.0,-1751589
2025-06-29T16:55:17.253546,7128.0,-5155.0,-1756744
2025-06-29T16:55:18.410478,7128.0,-5188.0,-1761932
2025-06-29T16:55:19.567255,7164.0,-5148.0,-1767080
2025-06-29T16:55:20.724150,7146.0,-5185.0,-1772265
2025-06-29T16:55:21.881031,7146.0,-5169.0,-1777434
2025-06-29T16:55:23.037834,7092.0,-5187.0,-1782621
2025-06-29T16:55:24.194662,7146.0,-5192.0,-1787813
2025-06-29T16:55:25.351560,7056.0,-5173.0,-1792986
2025-06-29T16:55:26.508506,7110.0,-5169.0,-1798155
2025-06-29T16:55:27.665432,7128.0,-5175.0,-1803330
2025-06-29T16:55:28.822273,7146.0,-5146.0,-1808476
2025-06-29T16:55:29.979162,7164.0,-5185.0,-1813661
2025-06-29T16:55:31.136078,7146.0,-5190.0,-1818851
2025-06-29T16:55:32.292972,7128.0,-5176.0,-1824027
2025-06-29T16:55:33.449801,7182.0,-5144.0,-1829171
2025-06-29T16:55:34.606660,7056.0,-5156.0,-1834327
2025-06-29T16:55:35.763587,7128.0,-5138.0,-1839465
2025-06-29T16:55:36.920519,7110.0,-5161.0,-1844626
2025-06-29T16:55:38.077253,7128.0,-5143.0,-1849769
2025-06-29T16:55:39.234164,7128.0,-5144.0,-1854913
2025-06-29T16:55:40.391032,7128.0,-5121.0,-1860034
2025-06-29T16:55:41.547953,7164.0,-5120.0,-1865154
2025-06-29T16:55:42.704911,7146.0,-5114.0,-1870268
2025-06-29T16:55:43.861642,7146.0,-5127.0,-1875395
2025-06-29T16:55:45.018535,7146.0,-5114.0,-1880509
2025-06-29T16:55:46.175386,7146.0,-5139.0,-1885648
2025-06-29T16:55:47.332381,7182.0,-5115.0,-1890763
2025-06-29T16:55:48.489186,7146.0,-5115.0,-1895878
2025-06-29T16:55:49.646100,7110.0,-5133.0,-1901011
2025-06-29T16:55:50.802998,7056.0,-5115.0,-1906126
2025-06-29T16:55:51.959921,7110.0,-5123.0,-1911249
2025-06-29T16:55:53.116850,7200.0,-5126.0,-1916375
2025-06-29T16:55:54.273544,7128.0,-5120.0,-1921495
2025-06-29T16:55:55.430523,7110.0,-5125.0,-1926620
2025-06-29T16:55:56.587439,7164.0,-5113.0,-1931733
2025-06-29T16:55:57.744309,7164.0,-5123.0,-1936856
2025-06-29T16:55:58.901087,7110.0,-5115.0,-1941971
2025-06-29T16:56:00.057930,7146.0,-5122.0,-1947093
2025-06-29T16:56:01.214905,7128.0,-5120.0,-1952213
2025-06-29T16:56:02.371732,7056.0,-5120.0,-1957333
2025-06-29T16:56:03.528542,7146.0,-5122.0,-1962455
2025-06-29T16:56:04.685435,7056.0,-5122.0,-1967577
2025-06-29T16:56:05.842431,7110.0,-5107.0,-1972684
2025-06-29T16:56:06.999370,7074.0,-5119.0,-1977803
2025-06-29T16:56:08.156240,7164.0,-5114.0,-1982917
2025-06-29T16:56:09.313031,7110.0,-5117.0,-1988034
2025-06-29T16:56:10.469944,7110.0,-5108.0,-1993142
2025-06-29T16:56:11.626853,7146.0,-5108.0,-1998250
2025-06-29T16:56:12.783742,7128.0,-5105.0,-2003355
2025-06-29T16:56:13.940554,7092.0,-5119.0,-2008474
2025-06-29T16:56:15.097568,7182.0,-5111.0,-2013585
2025-06-29T16:56:16.254364,7128.0,-5117.0,-2018702
2025-06-29T16:56:17.411278,7146.0,-5110.0,-2023812
2025-06-29T16:56:18.568112,7164.0,-5120.0,-2028932
2025-06-29T16:56:19.724966,7110.0,-5112.0,-2034044
2025-06-29T16:56:20.881886,7146.0,-5105.0,-2039149
2025-06-29T16:56:22.038795,7200.0,-5115.0,-2044264
2025-06-29T16:56:23.195687,7128.0,-5109.0,-2049373
2025-06-29T16:56:24.352408,7110.0,-5096.0,-2054469
2025-06-29T16:56:25.509293,7164.0,-5118.0,-2059587
2025-06-29T16:56:26.666222,7146.0,-5100.0,-2064687
2025-06-29T16:56:27.823224,7164.0,-5111.0,-2069798
2025-06-29T16:56:28.980007,7146.0,-5093.0,-2074891
2025-06-29T16:56:30.136878,7092.0,-5098.0,-2079989
2025-06-29T16:56:31.293838,7110.0,-5105.0,-2085094
2025-06-29T16:56:32.450726,7110.0,-5101.0,-2090195
2025-06-29T16:56:33.607400,7092.0,-5111.0,-2095306
2025-06-29T16:56:34.764407,7182.0,-5115.0,-2100421
2025-06-29T16:56:35.921327,7164.0,-5102.0,-2105523
2025-06-29T16:56:37.078192,7110.0,-5101.0,-2110624
2025-06-29T16:56:38.235089,7182.0,-5079.0,-2115703
2025-06-29T16:56:39.391954,7110.0,-5105.0,-2120808
2025-06-29T16:56:40.548800,7146.0,-5090.0,-2125898
2025-06-29T16:56:41.705716,7110.0,-5107.0,-2131005
2025-06-29T16:56:42.862605,7164.0,-5106.0,-2136111
2025-06-29T16:56:44.019442,7146.0,-5121.0,-2141232
2025-06-29T16:56:45.176340,7110.0,-5105.0,-2146337
2025-06-29T16:56:46.333230,7074.0,-5108.0,-2151445
2025-06-29T16:56:47.490129,7164.0,-5094.0,-2156539
2025-06-29T16:56:48.646938,7074.0,-5117.0,-2161656
2025-06-29T16:56:49.803813,7092.0,-5112.0,-2166768
2025-06-29T16:56:50.960773,7182.0,-5120.0,-2171888
2025-06-29T16:56:52.117661,7146.0,-5105.0,-2176993
2025-06-29T16:56:53.274431,7164.0,-5112.0,-2182105
2025-06-29T16:56:54.431366,7164.0,-5117.0,-2187222
2025-06-29T16:56:55.588340,7092.0,-5119.0,-2192341
2025-06-29T16:56:56.745161,7092.0,-5108.0,-2197449
2025-06-29T16:56:57.902059,7128.0,-5113.0,-2202562
2025-06-29T16:56:59.058899,7128.0,-5124.0,-2207686
2025-06-29T16:57:00.215829,7128.0,-5116.0,-2212802
2025-06-29T16:57:01.372618,7182.0,-5116.0,-2217918
2025-06-29T16:57:02.529464,7110.0,-5110.0,-2223028
2025-06-29T16:57:03.686327,7146.0,-5088.0,-2228116
2025-06-29T16:57:04.843116,7056.0,-5121.0,-2233237
2025-06-29T16:57:06.000192,7182.0,-5075.0,-2238312
2025-06-29T16:57:07.157095,7110.0,-5084.0,-2243396
2025-06-29T16:57:08.313984,7110.0,-5075.0,-2248471
2025-06-29T16:57:09.470799,7110.0,-5081.0,-2253552
2025-06-29T16:57:10.627821,7110.0,-5076.0,-2258628
2025-06-29T16:57:11.784595,7146.0,-5081.0,-2263709
2025-06-29T16:57:12.941518,7146.0,-5058.0,-2268767
2025-06-29T16:57:14.098322,7146.0,-5052.0,-2273819
2025-06-29T16:57:15.255179,7128.0,-5058.0,-2278877
2025-06-29T16:57:16.412150,7110.0,-5076.0,-2283953
2025-06-29T16:57:17.568932,7146.0,-5080.0,-2289033
2025-06-29T16:57:18.725822,7092.0,-5113.0,-2294146
2025-06-29T16:57:19.882759,7164.0,-5072.0,-2299218
2025-06-29T16:57:21.039603,7128.0,-5072.0,-2304290
2025-06-29T16:57:22.196570,7128.0,-5062.0,-2309352
2025-06-29T16:57:23.353430,7128.0,-5048.0,-2314400
2025-06-29T16:57:24.510216,7128.0,-5067.0,-2319467
2025-06-29T16:57:25.667005,7038.0,-5050.0,-2324517
2025-06-29T16:57:26.824066,7128.0,-5050.0,-2329567
2025-06-29T16:57:27.980875,7128.0,-5042.0,-2334609
2025-06-29T16:57:29.137693,7128.0,-5048.0,-2339657
2025-06-29T16:57:30.294631,7038.0,-5083.0,-2344740
2025-06-29T16:57:31.451555,7110.0,-5056.0,-2349796
2025-06-29T16:57:32.608357,7110.0,-5050.0,-2354846
2025-06-29T16:57:33.765217,7110.0,-5056.0,-2359902
2025-06-29T16:57:34.922156,7074.0,-5051.0,-2364953
2025-06-29T16:57:36.078884,7146.0,-5046.0,-2369999
2025-06-29T16:57:37.235933,7146.0,-5047.0,-2375046
2025-06-29T16:57:38.392868,7146.0,-5039.0,-2380085
2025-06-29T16:57:39.549641,7128.0,-5042.0,-2385127
2025-06-29T16:57:40.706619,7128.0,-5024.0,-2390151
2025-06-29T16:57:41.863462,7146.0,-5016.0,-2395167
2025-06-29T16:57:43.020410,7128.0,-5007.0,-2400174
2025-06-29T16:57:44.177138,7146.0,-5006.0,-2405180
2025-06-29T16:57:45.334036,7128.0,-5015.0,-2410195
2025-06-29T16:57:46.490907,7092.0,-5024.0,-2415219
2025-06-29T16:57:47.647786,7128.0,-5010.0,-2420229
2025-06-29T16:57:48.804708,7092.0,-5013.0,-2425242
2025-06-29T16:57:49.961642,7146.0,-4963.0,-2430205
2025-06-29T16:57:51.118474,7146.0,-4976.0,-2435181
2025-06-29T16:57:52.275364,7110.0,-4970.0,-2440151
2025-06-29T16:57:53.432328,7074.0,-4972.0,-2445123
2025-06-29T16:57:54.589101,7164.0,-4963.0,-2450086
2025-06-29T16:57:55.745972,7074.0,-4963.0,-2455049
2025-06-29T16:57:56.902889,7110.0,-4967.0,-2460016
2025-06-29T16:57:58.059852,7110.0,-4965.0,-2464981
2025-06-29T16:57:59.216660,7110.0,-4963.0,-2469944
2025-06-29T16:58:00.373497,7056.0,-4973.0,-2474917
2025-06-29T16:58:01.530423,7110.0,-4962.0,-2479879
2025-06-29T16:58:02.687245,7110.0,-4958.0,-2484837
2025-06-29T16:58:03.844135,7110.0,-4952.0,-2489789
2025-06-29T16:58:05.001017,7128.0,-4967.0,-2494756
2025-06-29T16:58:06.157835,7110.0,-4947.0,-2499703
2025-06-29T16:58:07.314819,7092.0,-4940.0,-2504643
2025-06-29T16:58:08.471726,7128.0,-4913.0,-2509556
2025-06-29T16:58:09.628516,7110.0,-4936.0,-2514492
2025-06-29T16:58:10.785443,7146.0,-4940.0,-2519432
2025-06-29T16:58:11.942367,7128.0,-4947.0,-2524379
2025-06-29T16:58:13.099231,7146.0,-4942.0,-2529321
2025-06-29T16:58:14.255995,7092.0,-4919.0,-2534240
2025-06-29T16:58:15.412975,7092.0,-4912.0,-2539152
2025-06-29T16:58:16.569850,7128.0,-4910.0,-2544062
2025-06-29T16:58:17.726658,7164.0,-4899.0,-2548961
2025-06-29T16:58:18.883571,7110.0,-4915.0,-2553876
2025-06-29T16:58:20.040465,7110.0,-4907.0,-2558783
2025-06-29T16:58:21.197382,7110.0,-4916.0,-2563699
2025-06-29T16:58:22.354246,7128.0,-4910.0,-2568609
2025-06-29T16:58:23.511162,7146.0,-4913.0,-2573522
2025-06-29T16:58:24.667974,7092.0,-4887.0,-2578409
2025-06-29T16:58:25.824910,7020.0,-4885.0,-2583294
2025-06-29T16:58:26.981771,7128.0,-4890.0,-2588184
2025-06-29T16:58:28.138720,7146.0,-4887.0,-2593071
2025-06-29T16:58:29.295463,7110.0,-4924.0,-2597995
2025-06-29T16:58:30.452364,7074.0,-4894.0,-2602889
2025-06-29T16:58:31.609269,7128.0,-4900.0,-2607789
2025-06-29T16:58:32.766122,7092.0,-4907.0,-2612696
2025-06-29T16:58:33.923088,7146.0,-4950.0,-2617646
2025-06-29T16:58:35.079872,7074.0,-4970.0,-2622616
2025-06-29T16:58:36.236771,7092.0,-4970.0,-2627586
2025-06-29T16:58:37.393687,7074.0,-4961.0,-2632547
2025-06-29T16:58:38.550595,7146.0,-4950.0,-2637497
2025-06-29T16:58:39.707411,7110.0,-4939.0,-2642436
2025-06-29T16:58:40.864194,7074.0,-4931.0,-2647367
2025-06-29T16:58:42.021177,7146.0,-4909.0,-2652276
2025-06-29T16:58:43.178143,7182.0,-4896.0,-2657172
2025-06-29T16:58:44.334924,7128.0,-4889.0,-2662061
2025-06-29T16:58:45.491788,7164.0,-4872.0,-2666933
2025-06-29T16:58:46.648568,7110.0,-4888.0,-2671821
2025-06-29T16:58:47.805542,7146.0,-4869.0,-2676690
2025-06-29T16:58:48.962493,7074.0,-4890.0,-2681580
2025-06-29T16:58:50.119301,7056.0,-4853.0,-2686433
2025-06-29T16:58:51.276183,7110.0,-4867.0,-2691300
2025-06-29T16:58:52.436268,7128.0,-4845.0,-2696145
2025-06-29T16:58:53.590012,7074.0,-4841.0,-2700986
2025-06-29T16:58:54.746795,7092.0,-4787.0,-2705773
2025-06-29T16:58:55.903824,7092.0,-4830.0,-2710603
2025-06-29T16:58:57.060642,7164.0,-4805.0,-2715408
2025-06-29T16:58:58.217544,7092.0,-4811.0,-2720219
2025-06-29T16:58:59.374336,7146.0,-4796.0,-2725015
2025-06-29T16:59:00.531267,7074.0,-4777.0,-2729792
2025-06-29T16:59:01.688153,7182.0,-4819.0,-2734611
2025-06-29T16:59:02.844959,7128.0,-4818.0,-2739429
2025-06-29T16:59:04.001867,7092.0,-4822.0,-2744251
2025-06-29T16:59:05.158824,7146.0,-4823.0,-2749074
2025-06-29T16:59:06.315687,7146.0,-4790.0,-2753864
2025-06-29T16:59:07.472590,7110.0,-4782.0,-2758646
2025-06-29T16:59:08.629520,7110.0,-4778.0,-2763424
2025-06-29T16:59:09.786288,7110.0,-4796.0,-2768220
2025-06-29T16:59:10.943228,7182.0,-4800.0,-2773020
2025-06-29T16:59:12.100094,7164.0,-4805.0,-2777825
2025-06-29T16:59:13.257024,7146.0,-4807.0,-2782632
2025-06-29T16:59:14.413779,7074.0,-4800.0,-2787432
2025-06-29T16:59:15.570665,7128.0,-4815.0,-2792247
2025-06-29T16:59:16.727600,7110.0,-4831.0,-2797078
2025-06-29T16:59:17.884427,7110.0,-4802.0,-2801880
2025-06-29T16:59:19.041310,7092.0,-4821.0,-2806701
2025-06-29T16:59:20.198141,7092.0,-4819.0,-2811520
2025-06-29T16:59:21.355135,7110.0,-4813.0,-2816333
2025-06-29T16:59:22.512003,7110.0,-4813.0,-2821146
2025-06-29T16:59:23.668907,7110.0,-4815.0,-2825961
2025-06-29T16:59:24.825731,7146.0,-4803.0,-2830764
2025-06-29T16:59:25.982647,7092.0,-4774.0,-2835538
2025-06-29T16:59:27.139578,7128.0,-4786.0,-2840324
2025-06-29T16:59:28.296376,7092.0,-4779.0,-2845103
2025-06-29T16:59:29.453260,7164.0,-4799.0,-2849902
2025-06-29T16:59:30.610150,7074.0,-4779.0,-2854681
2025-06-29T16:59:31.767033,7110.0,-4804.0,-2859485
2025-06-29T16:59:32.923962,7110.0,-4824.0,-2864309
2025-06-29T16:59:34.080871,7128.0,-4837.0,-2869146
2025-06-29T16:59:35.237645,7092.0,-4993.0,-2874139
2025-06-29T16:59:36.394573,7146.0,-5042.0,-2879181
2025-06-29T16:59:37.551487,7092.0,-5045.0,-2884226
2025-06-29T16:59:38.708368,7164.0,-5036.0,-2889262
2025-06-29T16:59:39.865167,7110.0,-5039.0,-2894301
2025-06-29T16:59:41.022061,7128.0,-5068.0,-2899369
2025-06-29T16:59:42.179004,7056.0,-5045.0,-2904414
2025-06-29T16:59:43.335902,7128.0,-5051.0,-2909465
2025-06-29T16:59:44.492685,7110.0,-5046.0,-2914511
2025-06-29T16:59:45.649591,7110.0,-5033.0,-2919544
2025-06-29T16:59:46.806493,7164.0,-5061.0,-2924605
2025-06-29T16:59:47.963421,7110.0,-5029.0,-2929634
2025-06-29T16:59:49.120236,7146.0,-5021.0,-2934655
2025-06-29T16:59:50.277235,7038.0,-5025.0,-2939680
2025-06-29T16:59:51.434011,7092.0,-5036.0,-2944716
2025-06-29T16:59:52.590897,7146.0,-5053.0,-2949769
2025-06-29T16:59:53.747864,7092.0,-5091.0,-2954860
2025-06-29T16:59:54.904621,7128.0,-5064.0,-2959924
2025-06-29T16:59:56.061506,7074.0,-5082.0,-2965006
2025-06-29T16:59:57.218452,7074.0,-5052.0,-2970058
2025-06-29T16:59:58.375339,7110.0,-5066.0,-2975124
2025-06-29T16:59:59.532061,7146.0,-5181.0,-2980305
2025-06-29T17:00:00.689077,7038.0,-5202.0,-2985507
2025-06-29T17:00:01.845942,7110.0,-5195.0,-2990702
2025-06-29T17:00:03.002845,7092.0,-5197.0,-2995899
2025-06-29T17:00:04.159747,7128.0,-5181.0,-3001080
2025-06-29T17:00:05.316575,7038.0,-5186.0,-3006266
2025-06-29T17:00:06.473392,7092.0,-5185.0,-3011451
2025-06-29T17:00:07.630335,7038.0,-5180.0,-3016631
2025-06-29T17:00:08.787144,7092.0,-5179.0,-3021810
2025-06-29T17:00:09.944079,7074.0,-5183.0,-3026993
2025-06-29T17:00:11.101005,7092.0,-5170.0,-3032163
2025-06-29T17:00:12.257906,7038.0,-5178.0,-3037341
2025-06-29T17:00:13.414769,7110.0,-5178.0,-3042519
2025-06-29T17:00:14.571709,7092.0,-5202.0,-3047721
2025-06-29T17:00:15.728529,7146.0,-5174.0,-3052895
2025-06-29T17:00:16.885394,7128.0,-5187.0,-3058082
2025-06-29T17:00:18.042296,7128.0,-5178.0,-3063260
2025-06-29T17:00:19.199121,7038.0,-5172.0,-3068432
2025-06-29T17:00:20.355978,7128.0,-5185.0,-3073617
2025-06-29T17:00:21.512911,7092.0,-5178.0,-3078795
2025-06-29T17:00:22.669816,7074.0,-5184.0,-3083979
2025-06-29T17:00:23.826715,7146.0,-5184.0,-3089163
2025-06-29T17:00:24.983542,7092.0,-5175.0,-3094338
2025-06-29T17:00:26.140440,7038.0,-5164.0,-3099502
2025-06-29T17:00:27.297324,7128.0,-5165.0,-3104667
2025-06-29T17:00:28.454229,7002.0,-5163.0,-3109830
2025-06-29T17:00:29.611028,7056.0,-5173.0,-3115003
2025-06-29T17:00:30.767924,7110.0,-5163.0,-3120166
2025-06-29T17:00:31.924860,7038.0,-5163.0,-3125329
2025-06-29T17:00:33.081669,7074.0,-5156.0,-3130485
2025-06-29T17:00:34.238560,7038.0,-5161.0,-3135646
2025-06-29T17:00:35.395502,7110.0,-5157.0,-3140803
2025-06-29T17:00:36.552361,7074.0,-5151.0,-3145954
2025-06-29T17:00:37.709256,7092.0,-5163.0,-3151117
2025-06-29T17:00:38.866094,7146.0,-5168.0,-3156285
2025-06-29T17:00:40.022976,7056.0,-5166.0,-3161451
2025-06-29T17:00:41.179870,7056.0,-5159.0,-3166610
2025-06-29T17:00:42.336761,7038.0,-5143.0,-3171753
2025-06-29T17:00:43.493751,7092.0,-5150.0,-3176903
2025-06-29T17:00:44.650544,7074.0,-5156.0,-3182059
2025-06-29T17:00:45.807393,7074.0,-5155.0,-3187214
2025-06-29T17:00:46.964309,7020.0,-5136.0,-3192350
2025-06-29T17:00:48.121217,7110.0,-5115.0,-3197465
2025-06-29T17:00:49.277991,7128.0,-5124.0,-3202589
2025-06-29T17:00:50.434936,7056.0,-5120.0,-3207709
2025-06-29T17:00:51.591859,7092.0,-5162.0,-3212871
2025-06-29T17:00:52.748749,7110.0,-5145.0,-3218016
2025-06-29T17:00:53.905641,7092.0,-5112.0,-3223128
2025-06-29T17:00:55.062373,7128.0,-5118.0,-3228246
2025-06-29T17:00:56.219302,7056.0,-5097.0,-3233343
2025-06-29T17:00:57.376212,7092.0,-5090.0,-3238433
2025-06-29T17:00:58.533099,7002.0,-5088.0,-3243521
2025-06-29T17:00:59.689954,7074.0,-5114.0,-3248635
2025-06-29T17:01:00.846870,7092.0,-5136.0,-3253771
2025-06-29T17:01:02.003773,7092.0,-5129.0,-3258900
2025-06-29T17:01:03.160620,7020.0,-5141.0,-3264041
2025-06-29T17:01:04.317491,7074.0,-5113.0,-3269154
2025-06-29T17:01:05.474376,7110.0,-5122.0,-3274276
2025-06-29T17:01:06.631312,7092.0,-5096.0,-3279372
2025-06-29T17:01:07.788211,7092.0,-5091.0,-3284463
2025-06-29T17:01:08.945097,7074.0,-5096.0,-3289559
2025-06-29T17:01:10.101886,7074.0,-5116.0,-3294675
2025-06-29T17:01:11.258831,7092.0,-5103.0,-3299778
2025-06-29T17:01:12.415712,7038.0,-5109.0,-3304887
2025-06-29T17:01:13.572614,7092.0,-5115.0,-3310002
2025-06-29T17:01:14.729407,7074.0,-5085.0,-3315087
2025-06-29T17:01:15.886337,7110.0,-5097.0,-3320184
2025-06-29T17:01:17.043178,7074.0,-5100.0,-3325284
2025-06-29T17:01:18.200100,7038.0,-5092.0,-3330376
2025-06-29T17:01:19.356917,7038.0,-5072.0,-3335448
2025-06-29T17:01:20.513834,7092.0,-5097.0,-3340545
2025-06-29T17:01:21.670778,7038.0,-5092.0,-3345637
2025-06-29T17:01:22.827648,7056.0,-5112.0,-3350749
2025-06-29T17:01:23.984534,7056.0,-5077.0,-3355826
2025-06-29T17:01:25.141386,7110.0,-5073.0,-3360899
2025-06-29T17:01:26.298286,7056.0,-5078.0,-3365977
2025-06-29T17:01:27.455137,7128.0,-5095.0,-3371072
2025-06-29T17:01:28.612055,7074.0,-5081.0,-3376153
2025-06-29T17:01:29.768884,7092.0,-5099.0,-3381252
2025-06-29T17:01:30.925789,7056.0,-5072.0,-3386324
2025-06-29T17:01:32.082698,7146.0,-5106.0,-3391430
2025-06-29T17:01:33.239603,7092.0,-5065.0,-3396495
2025-06-29T17:01:34.396389,7056.0,-5093.0,-3401588
2025-06-29T17:01:35.553275,7128.0,-5092.0,-3406680
2025-06-29T17:01:36.710175,7092.0,-5084.0,-3411764
2025-06-29T17:01:37.867036,7038.0,-5100.0,-3416864
2025-06-29T17:01:39.024003,7092.0,-5085.0,-3421949
2025-06-29T17:01:40.180865,7146.0,-5071.0,-3427020
2025-06-29T17:01:41.337702,7074.0,-5094.0,-3432114
2025-06-29T17:01:42.494641,7110.0,-5080.0,-3437194
2025-06-29T17:01:43.651534,7038.0,-5091.0,-3442285
2025-06-29T17:01:44.808311,7074.0,-5112.0,-3447397
2025-06-29T17:01:45.965275,7056.0,-5094.0,-3452491
2025-06-29T17:01:47.122161,7074.0,-5098.0,-3457589
2025-06-29T17:01:48.279020,7110.0,-5081.0,-3462670
2025-06-29T17:01:49.435835,7110.0,-5061.0,-3467731
2025-06-29T17:01:50.592774,7092.0,-5087.0,-3472818
2025-06-29T17:01:51.749659,7002.0,-5081.0,-3477899
2025-06-29T17:01:52.906465,7038.0,-5075.0,-3482974
2025-06-29T17:01:54.063513,7110.0,-5068.0,-3488042
2025-06-29T17:01:55.220275,7074.0,-5084.0,-3493126
2025-06-29T17:01:56.377176,7128.0,-5079.0,-3498205
2025-06-29T17:01:57.534080,7092.0,-5072.0,-3503277
2025-06-29T17:01:58.691001,7092.0,-5093.0,-3508370
2025-06-29T17:01:59.847811,7074.0,-5078.0,-3513448
2025-06-29T17:02:01.004707,7074.0,-5068.0,-3518516
2025-06-29T17:02:02.161585,7074.0,-5075.0,-3523591
2025-06-29T17:02:03.318528,7056.0,-5084.0,-3528675
2025-06-29T17:02:04.475284,7110.0,-5073.0,-3533748
2025-06-29T17:02:05.632239,7074.0,-5061.0,-3538809
2025-06-29T17:02:06.789127,7110.0,-5066.0,-3543875
2025-06-29T17:02:07.945932,7020.0,-5081.0,-3548956
2025-06-29T17:02:09.102932,7056.0,-5068.0,-3554024
2025-06-29T17:02:10.259781,7074.0,-5069.0,-3559093
2025-06-29T17:02:11.416672,7074.0,-5063.0,-3564156
2025-06-29T17:02:12.573544,7056.0,-5076.0,-3569232
2025-06-29T17:02:13.730413,7146.0,-5080.0,-3574312
2025-06-29T17:02:14.887245,7074.0,-5067.0,-3579379
2025-06-29T17:02:16.044186,7020.0,-5067.0,-3584446
2025-06-29T17:02:17.201091,7038.0,-5063.0,-3589509
2025-06-29T17:02:18.357956,7092.0,-5071.0,-3594580
2025-06-29T17:02:19.514657,7038.0,-5100.0,-3599680
2025-06-29T17:02:20.671694,7056.0,-5070.0,-3604750
2025-06-29T17:02:21.828568,7038.0,-5064.0,-3609814
2025-06-29T17:02:22.985429,7056.0,-5083.0,-3614897
2025-06-29T17:02:24.142351,7038.0,-5069.0,-3619966
2025-06-29T17:02:25.299163,7110.0,-5076.0,-3625042
2025-06-29T17:02:26.456078,7092.0,-5092.0,-3630134
2025-06-29T17:02:27.612998,7128.0,-5077.0,-3635211
2025-06-29T17:02:28.769897,7038.0,-5062.0,-3640273
2025-06-29T17:02:29.926681,7092.0,-5066.0,-3645339
2025-06-29T17:02:31.083635,7074.0,-5076.0,-3650415
2025-06-29T17:02:32.240501,7092.0,-5059.0,-3655474
2025-06-29T17:02:33.397422,7110.0,-5071.0,-3660545
2025-06-29T17:02:34.554226,7110.0,-5075.0,-3665620
2025-06-29T17:02:35.711159,7110.0,-5067.0,-3670687
2025-06-29T17:02:36.868050,7074.0,-5057.0,-3675744
2025-06-29T17:02:38.024878,7020.0,-5058.0,-3680802
2025-06-29T17:02:39.182111,7038.0,-5072.0,-3685874
2025-06-29T17:02:40.340358,7056.0,-5069.0,-3690943
2025-06-29T17:02:41.498583,7074.0,-5068.0,-3696011
2025-06-29T17:02:42.656780,7020.0,-5059.0,-3701070
2025-06-29T17:02:43.814850,7164.0,-5055.0,-3706125
2025-06-29T17:02:44.972721,7056.0,-5055.0,-3711180
2025-06-29T17:02:46.130602,7056.0,-5048.0,-3716228
2025-06-29T17:02:47.288472,7074.0,-5057.0,-3721285
2025-06-29T17:02:48.446095,7092.0,-5042.0,-3726327
2025-06-29T17:02:49.603957,7038.0,-5044.0,-3731371
2025-06-29T17:02:50.761510,7056.0,-5040.0,-3736411
2025-06-29T17:02:51.919051,7092.0,-5046.0,-3741457
2025-06-29T17:02:53.076542,7038.0,-5051.0,-3746508
2025-06-29T17:02:54.234072,7092.0,-5035.0,-3751543
2025-06-29T17:02:55.391352,7074.0,-5053.0,-3756596
2025-06-29T17:02:56.548858,7092.0,-5034.0,-3761630
2025-06-29T17:02:57.706246,7074.0,-5036.0,-3766666
2025-06-29T17:02:58.863591,7074.0,-5047.0,-3771713
2025-06-29T17:03:00.021067,7056.0,-5043.0,-3776756
2025-06-29T17:03:01.178080,7056.0,-5052.0,-3781808
2025-06-29T17:03:02.335332,7056.0,-5036.0,-3786844
2025-06-29T17:03:03.492587,7074.0,-5045.0,-3791889
2025-06-29T17:03:04.649675,7128.0,-5052.0,-3796941
2025-06-29T17:03:05.806850,7056.0,-5049.0,-3801990
2025-06-29T17:03:06.964052,7074.0,-5026.0,-3807016
2025-06-29T17:03:08.148955,7092.0,-5028.0,-3812044
2025-06-29T17:03:09.278409,7074.0,-5018.0,-3817062
2025-06-29T17:03:10.435347,7110.0,-5028.0,-3822090
2025-06-29T17:03:11.592517,7092.0,-5034.0,-3827124
2025-06-29T17:03:12.749488,7074.0,-5034.0,-3832158
2025-06-29T17:03:13.906601,7092.0,-5031.0,-3837189
2025-06-29T17:03:15.063600,7074.0,-5021.0,-3842210
2025-06-29T17:03:16.220575,7092.0,-5018.0,-3847228
2025-06-29T17:03:17.377643,7110.0,-5017.0,-3852245
2025-06-29T17:03:18.534672,7092.0,-5027.0,-3857272
2025-06-29T17:03:19.691679,7092.0,-5015.0,-3862287
2025-06-29T17:03:20.848620,7056.0,-5020.0,-3867307
2025-06-29T17:03:22.005629,7038.0,-5031.0,-3872338
2025-06-29T17:03:23.162606,7038.0,-5014.0,-3877352
2025-06-29T17:03:24.319641,7056.0,-5008.0,-3882360
2025-06-29T17:03:25.476533,7074.0,-5018.0,-3887378
2025-06-29T17:03:26.633467,7002.0,-5037.0,-3892415
2025-06-29T17:03:27.790503,7020.0,-5021.0,-3897436
2025-06-29T17:03:28.947441,7074.0,-5020.0,-3902456
2025-06-29T17:03:30.104244,7074.0,-5019.0,-3907475
2025-06-29T17:03:31.261239,7092.0,-5022.0,-3912497
2025-06-29T17:03:32.418197,7074.0,-5023.0,-3917520
2025-06-29T17:03:33.575169,7074.0,-5036.0,-3922556
2025-06-29T17:03:34.731893,7074.0,-5029.0,-3927585
2025-06-29T17:03:35.888885,7110.0,-5018.0,-3932603
2025-06-29T17:03:37.045911,7092.0,-5025.0,-3937628
2025-06-29T17:03:38.202734,7128.0,-5016.0,-3942644
2025-06-29T17:03:39.359774,7056.0,-5032.0,-3947676
2025-06-29T17:03:40.516613,7056.0,-5021.0,-3952697
2025-06-29T17:03:41.673586,7056.0,-5030.0,-3957727
2025-06-29T17:03:42.830532,7074.0,-5032.0,-3962759
2025-06-29T17:03:43.987437,7020.0,-5036.0,-3967795
2025-06-29T17:03:45.144258,7092.0,-5031.0,-3972826
2025-06-29T17:03:46.301209,7038.0,-5031.0,-3977857
2025-06-29T17:03:47.458091,7038.0,-5025.0,-3982882
2025-06-29T17:03:48.615009,7038.0,-5042.0,-3987924
2025-06-29T17:03:49.771913,7038.0,-5034.0,-3992958
2025-06-29T17:03:50.928827,7128.0,-5051.0,-3998009
2025-06-29T17:03:52.085724,7074.0,-5027.0,-4003036
2025-06-29T17:03:53.242645,7092.0,-5039.0,-4008075
2025-06-29T17:03:54.399565,7056.0,-5061.0,-4013136
2025-06-29T17:03:55.556334,7056.0,-5027.0,-4018163
2025-06-29T17:03:56.713337,7110.0,-5040.0,-4023203
2025-06-29T17:03:57.870140,7092.0,-5025.0,-4028228
2025-06-29T17:03:59.027142,7020.0,-5034.0,-4033262
2025-06-29T17:04:00.183895,7038.0,-5035.0,-4038297
2025-06-29T17:04:01.340750,7038.0,-5026.0,-4043323
2025-06-29T17:04:02.497679,7092.0,-5037.0,-4048360
2025-06-29T17:04:03.654597,7038.0,-5030.0,-4053390
2025-06-29T17:04:04.811417,7092.0,-5026.0,-4058416
2025-06-29T17:04:05.968310,7128.0,-5042.0,-4063458
2025-06-29T17:04:07.125226,7092.0,-5043.0,-4068501
2025-06-29T17:04:08.282071,7074.0,-5013.0,-4073514
2025-06-29T17:04:09.439126,7056.0,-5030.0,-4078544
2025-06-29T17:04:10.595951,7074.0,-5038.0,-4083582
2025-06-29T17:04:11.752861,7110.0,-5047.0,-4088629
2025-06-29T17:04:12.909783,7074.0,-5043.0,-4093672
2025-06-29T17:04:14.066652,7092.0,-5038.0,-4098710
2025-06-29T17:04:15.223484,7038.0,-5047.0,-4103757
2025-06-29T17:04:16.380387,7146.0,-5047.0,-4108804
2025-06-29T17:04:17.537317,7020.0,-5047.0,-4113851
2025-06-29T17:04:18.694167,7092.0,-5032.0,-4118883
2025-06-29T17:04:19.851133,7038.0,-5033.0,-4123916
2025-06-29T17:04:21.007926,7038.0,-5024.0,-4128940
2025-06-29T17:04:22.164811,7038.0,-5048.0,-4133988
2025-06-29T17:04:23.321711,7038.0,-5029.0,-4139017
2025-06-29T17:04:24.478692,7074.0,-5040.0,-4144057
2025-06-29T17:04:25.635479,7092.0,-5036.0,-4149093
2025-06-29T17:04:26.792447,7092.0,-5039.0,-4154132
2025-06-29T17:04:27.949277,7074.0,-5028.0,-4159160
2025-06-29T17:04:29.106167,7146.0,-5027.0,-4164187
2025-06-29T17:04:30.262966,7056.0,-5020.0,-4169207
2025-06-29T17:04:31.419866,7074.0,-5036.0,-4174243
2025-06-29T17:04:32.576805,7056.0,-5020.0,-4179263
2025-06-29T17:04:33.733722,7038.0,-5035.0,-4184298
2025-06-29T17:04:34.890504,7092.0,-5033.0,-4189331
2025-06-29T17:04:36.047355,7056.0,-5025.0,-4194356
2025-06-29T17:04:37.204340,7092.0,-5019.0,-4199375
2025-06-29T17:04:38.361140,7020.0,-5023.0,-4204398
2025-06-29T17:04:39.518157,7056.0,-5025.0,-4209423
2025-06-29T17:04:40.674963,7056.0,-5012.0,-4214435
2025-06-29T17:04:41.831865,7092.0,-5020.0,-4219455
2025-06-29T17:04:42.988762,7056.0,-5028.0,-4224483
2025-06-29T17:04:44.145720,7056.0,-5019.0,-4229502
2025-06-29T17:04:45.302473,7056.0,-5017.0,-4234519
2025-06-29T17:04:46.459404,7056.0,-5016.0,-4239535
2025-06-29T17:04:47.616281,7020.0,-5003.0,-4244538
2025-06-29T17:04:48.773215,7146.0,-4998.0,-4249536
2025-06-29T17:04:49.930081,7056.0,-5025.0,-4254561
2025-06-29T17:04:51.086916,7110.0,-5007.0,-4259568
2025-06-29T17:04:52.243904,7020.0,-5006.0,-4264574
2025-06-29T17:04:53.400705,7056.0,-5005.0,-4269579
2025-06-29T17:04:54.557599,7020.0,-5017.0,-4274596
2025-06-29T17:04:55.714405,7074.0,-4998.0,-4279594
2025-06-29T17:04:56.871324,7020.0,-5016.0,-4284610
2025-06-29T17:04:58.028244,7110.0,-4990.0,-4289600
2025-06-29T17:04:59.185150,7074.0,-5004.0,-4294604
2025-06-29T17:05:00.341914,7074.0,-5007.0,-4299611
2025-06-29T17:05:01.498898,7002.0,-4994.0,-4304605
2025-06-29T17:05:02.655787,7074.0,-5004.0,-4309609
2025-06-29T17:05:03.812722,7074.0,-5000.0,-4314609
2025-06-29T17:05:04.969473,7074.0,-5008.0,-4319617
2025-06-29T17:05:06.126412,7038.0,-5000.0,-4324617
2025-06-29T17:05:07.283296,7092.0,-4980.0,-4329597
2025-06-29T17:05:08.440183,6984.0,-5003.0,-4334600
2025-06-29T17:05:09.597120,7074.0,-4994.0,-4339594
2025-06-29T17:05:10.753963,7092.0,-5002.0,-4344596
2025-06-29T17:05:11.910863,7020.0,-5001.0,-4349597
2025-06-29T17:05:13.067768,7038.0,-4983.0,-4354580
2025-06-29T17:05:14.224608,7020.0,-5020.0,-4359600
2025-06-29T17:05:15.381422,7074.0,-4994.0,-4364594
2025-06-29T17:05:16.538334,7020.0,-4992.0,-4369586
2025-06-29T17:05:17.695243,7038.0,-5012.0,-4374598
2025-06-29T17:05:18.852181,7074.0,-4998.0,-4379596
2025-06-29T17:05:20.009058,7074.0,-5016.0,-4384612
2025-06-29T17:05:21.165881,7056.0,-5005.0,-4389617
2025-06-29T17:05:22.322775,7056.0,-5008.0,-4394625
2025-06-29T17:05:23.479710,7128.0,-5007.0,-4399632
2025-06-29T17:05:24.636602,7038.0,-5035.0,-4404667
2025-06-29T17:05:25.793336,7074.0,-5027.0,-4409694
2025-06-29T17:05:26.950318,7038.0,-5016.0,-4414710
2025-06-29T17:05:28.107128,7056.0,-5014.0,-4419724
2025-06-29T17:05:29.264125,7038.0,-5022.0,-4424746
2025-06-29T17:05:30.420964,7038.0,-5022.0,-4429768
2025-06-29T17:05:31.577885,7056.0,-5038.0,-4434806
2025-06-29T17:05:32.734708,7128.0,-5014.0,-4439820
2025-06-29T17:05:33.891681,7038.0,-5008.0,-4444828
2025-06-29T17:05:35.048506,7002.0,-5018.0,-4449846
2025-06-29T17:05:36.205361,6984.0,-5031.0,-4454877
2025-06-29T17:05:37.362286,7074.0,-5012.0,-4459889
2025-06-29T17:05:38.519208,7056.0,-5024.0,-4464913
2025-06-29T17:05:39.676079,7056.0,-5020.0,-4469933
2025-06-29T17:05:40.832898,7092.0,-5021.0,-4474954
2025-06-29T17:05:41.989800,7110.0,-5024.0,-4479978
2025-06-29T17:05:43.146611,7056.0,-5027.0,-4485005
2025-06-29T17:05:44.303624,7056.0,-5012.0,-4490017
2025-06-29T17:05:45.460395,7056.0,-5032.0,-4495049
2025-06-29T17:05:46.617289,7110.0,-5012.0,-4500061
2025-06-29T17:05:47.774230,7002.0,-5010.0,-4505071
2025-06-29T17:05:48.931206,7002.0,-5016.0,-4510087
2025-06-29T17:05:50.087964,7038.0,-5010.0,-4515097
2025-06-29T17:05:51.244842,7110.0,-5021.0,-4520118
2025-06-29T17:05:52.401769,7056.0,-5015.0,-4525133
2025-06-29T17:05:53.558669,7056.0,-5007.0,-4530140
2025-06-29T17:05:54.715568,7056.0,-5003.0,-4535143
2025-06-29T17:05:55.872324,7074.0,-5023.0,-4540166
2025-06-29T17:05:57.029289,7038.0,-5012.0,-4545178
2025-06-29T17:05:58.186167,7002.0,-5024.0,-4550202
2025-06-29T17:05:59.343155,7038.0,-5022.0,-4555224
2025-06-29T17:06:00.499896,7020.0,-5024.0,-4560248
2025-06-29T17:06:01.656825,6966.0,-5043.0,-4565291
2025-06-29T17:06:02.813728,7074.0,-5025.0,-4570316
2025-06-29T17:06:03.970633,7002.0,-5020.0,-4575336
2025-06-29T17:06:05.127380,7038.0,-5013.0,-4580349
2025-06-29T17:06:06.284321,7002.0,-5017.0,-4585366
2025-06-29T17:06:07.441326,7074.0,-5006.0,-4590372
2025-06-29T17:06:08.598138,7074.0,-5009.0,-4595381
2025-06-29T17:06:09.755090,7074.0,-5000.0,-4600381
2025-06-29T17:06:10.911828,7002.0,-5015.0,-4605396
2025-06-29T17:06:12.068775,7002.0,-5025.0,-4610421
2025-06-29T17:06:13.225641,7002.0,-5003.0,-4615424
2025-06-29T17:06:14.382584,7056.0,-4994.0,-4620418
2025-06-29T17:06:15.539356,7020.0,-4993.0,-4625411
2025-06-29T17:06:16.696396,7038.0,-5021.0,-4630432
2025-06-29T17:06:17.853187,7074.0,-5009.0,-4635441
2025-06-29T17:06:19.010174,7092.0,-5001.0,-4640442
2025-06-29T17:06:20.166929,7002.0,-5010.0,-4645452
2025-06-29T17:06:21.323834,7038.0,-5005.0,-4650457
2025-06-29T17:06:22.480714,7020.0,-5008.0,-4655465
2025-06-29T17:06:23.637679,7128.0,-4997.0,-4660462
2025-06-29T17:06:24.794540,7020.0,-4992.0,-4665454
2025-06-29T17:06:25.951413,7074.0,-4996.0,-4670450
2025-06-29T17:06:27.108267,7038.0,-4998.0,-4675448
2025-06-29T17:06:28.265131,7074.0,-4986.0,-4680434
2025-06-29T17:06:29.422146,6984.0,-4994.0,-4685428
2025-06-29T17:06:30.578914,7056.0,-4991.0,-4690419
2025-06-29T17:06:31.735739,7020.0,-4993.0,-4695412
2025-06-29T17:06:32.892698,7110.0,-4977.0,-4700389
2025-06-29T17:06:34.049590,7002.0,-4988.0,-4705377
2025-06-29T17:06:35.206447,7002.0,-4977.0,-4710354
2025-06-29T17:06:36.363274,7110.0,-5009.0,-4715363
2025-06-29T17:06:37.520235,7056.0,-5022.0,-4720385
2025-06-29T17:06:38.677097,7110.0,-5010.0,-4725395
2025-06-29T17:06:39.834016,7056.0,-5014.0,-4730409
2025-06-29T17:06:40.990784,7074.0,-5033.0,-4735442
2025-06-29T17:06:42.147760,7092.0,-5040.0,-4740482
2025-06-29T17:06:43.304616,7074.0,-5025.0,-4745507
2025-06-29T17:06:44.461496,7038.0,-5047.0,-4750554
2025-06-29T17:06:45.618352,7002.0,-5051.0,-4755605
2025-06-29T17:06:46.775279,7020.0,-5061.0,-4760666
2025-06-29T17:06:47.932178,7020.0,-5052.0,-4765718
2025-06-29T17:06:49.089093,7002.0,-5045.0,-4770763
2025-06-29T17:06:50.245888,7038.0,-5075.0,-4775838
2025-06-29T17:06:51.402859,7056.0,-5055.0,-4780893
2025-06-29T17:06:52.559672,7038.0,-5064.0,-4785957
2025-06-29T17:06:53.716623,7020.0,-5068.0,-4791025
2025-06-29T17:06:54.873546,7038.0,-5064.0,-4796089
2025-06-29T17:06:56.030271,7092.0,-5073.0,-4801162
2025-06-29T17:06:57.187242,7056.0,-5067.0,-4806229
2025-06-29T17:06:58.344064,7056.0,-5067.0,-4811296
2025-06-29T17:06:59.501055,7074.0,-5085.0,-4816381
2025-06-29T17:07:00.657856,7056.0,-5071.0,-4821452
2025-06-29T17:07:01.814805,7038.0,-5092.0,-4826544
2025-06-29T17:07:02.971662,7092.0,-5077.0,-4831621
2025-06-29T17:07:04.128568,7020.0,-5086.0,-4836707
2025-06-29T17:07:05.285537,7020.0,-5072.0,-4841779
2025-06-29T17:07:06.442249,7002.0,-5086.0,-4846865
2025-06-29T17:07:07.599175,7020.0,-5063.0,-4851928
2025-06-29T17:07:08.756054,7074.0,-5057.0,-4856985
2025-06-29T17:07:09.913004,7056.0,-5061.0,-4862046
2025-06-29T17:07:11.069820,7020.0,-5038.0,-4867084
2025-06-29T17:07:12.226699,7020.0,-5054.0,-4872138
2025-06-29T17:07:13.383636,7038.0,-5061.0,-4877199
2025-06-29T17:07:14.540560,7092.0,-5067.0,-4882266
2025-06-29T17:07:15.697384,7020.0,-5064.0,-4887330
2025-06-29T17:07:16.854244,7056.0,-5059.0,-4892389
2025-06-29T17:07:18.011150,7020.0,-5050.0,-4897439
2025-06-29T17:07:19.168014,7002.0,-5067.0,-4902506
2025-06-29T17:07:20.324881,7038.0,-5072.0,-4907578
2025-06-29T17:07:21.481759,7038.0,-5050.0,-4912628
2025-06-29T17:07:22.638686,7038.0,-5062.0,-4917690
2025-06-29T17:07:23.795576,7056.0,-5069.0,-4922759
2025-06-29T17:07:24.952525,7074.0,-5083.0,-4927842
2025-06-29T17:07:26.109301,7020.0,-5070.0,-4932912
2025-06-29T17:07:27.266194,7002.0,-5068.0,-4937980
2025-06-29T17:07:28.423125,7038.0,-5067.0,-4943047
2025-06-29T17:07:29.580032,7038.0,-5067.0,-4948114
2025-06-29T17:07:30.736869,7074.0,-5059.0,-4953173
2025-06-29T17:07:31.893725,7056.0,-5041.0,-4958214
2025-06-29T17:07:33.050626,7056.0,-5032.0,-4963246
2025-06-29T17:07:34.207566,7020.0,-5047.0,-4968293
2025-06-29T17:07:35.364296,7020.0,-5039.0,-4973332
2025-06-29T17:07:36.521250,7038.0,-5042.0,-4978374
2025-06-29T17:07:37.678083,7056.0,-5036.0,-4983410
2025-06-29T17:07:38.835080,7038.0,-5042.0,-4988452
2025-06-29T17:07:39.991993,7002.0,-5032.0,-4993484
2025-06-29T17:07:41.148792,7110.0,-5040.0,-4998524
2025-06-29T17:07:42.305669,7020.0,-5050.0,-5003574
2025-06-29T17:07:43.462591,7074.0,-5053.0,-5008627
2025-06-29T17:07:44.619524,7020.0,-5063.0,-5013690
2025-06-29T17:07:45.776345,7056.0,-5026.0,-5018716
2025-06-29T17:07:46.933260,7074.0,-5035.0,-5023751
2025-06-29T17:07:48.090109,7038.0,-5049.0,-5028800
2025-06-29T17:07:49.247068,7038.0,-5049.0,-5033849
2025-06-29T17:07:50.403822,7038.0,-5044.0,-5038893
2025-06-29T17:07:51.560731,7056.0,-5038.0,-5043931
2025-06-29T17:07:52.717644,7074.0,-5042.0,-5048973
2025-06-29T17:07:53.874579,7056.0,-5049.0,-5054022
2025-06-29T17:07:55.031448,7002.0,-5058.0,-5059080
2025-06-29T17:07:56.188246,7056.0,-5046.0,-5064126
2025-06-29T17:07:57.345154,7020.0,-5051.0,-5069177
2025-06-29T17:07:58.502120,7038.0,-5029.0,-5074206
2025-06-29T17:07:59.658981,7020.0,-5038.0,-5079244
2025-06-29T17:08:00.815789,7020.0,-5022.0,-5084266
2025-06-29T17:08:01.972595,7020.0,-5013.0,-5089279
2025-06-29T17:08:03.129634,7092.0,-5011.0,-5094290
2025-06-29T17:08:04.286501,7002.0,-4980.0,-5099270
2025-06-29T17:08:05.443458,7038.0,-4994.0,-5104264
2025-06-29T17:08:06.600167,7002.0,-5006.0,-5109270
2025-06-29T17:08:07.757118,7056.0,-4985.0,-5114255
2025-06-29T17:08:08.914045,6984.0,-5005.0,-5119260
2025-06-29T17:08:10.070943,7002.0,-5001.0,-5124261
2025-06-29T17:08:11.227770,7002.0,-4981.0,-5129242
2025-06-29T17:08:12.384649,7020.0,-4988.0,-5134230
2025-06-29T17:08:13.541500,7056.0,-4965.0,-5139195
2025-06-29T17:08:14.698466,7074.0,-4983.0,-5144178
2025-06-29T17:08:15.855209,7074.0,-4990.0,-5149168
2025-06-29T17:08:17.012161,7020.0,-4943.0,-5154111
2025-06-29T17:08:18.169043,7038.0,-4949.0,-5159060
2025-06-29T17:08:19.325962,7074.0,-4947.0,-5164007
2025-06-29T17:08:20.482772,7038.0,-4955.0,-5168962
2025-06-29T17:08:21.639704,7020.0,-4950.0,-5173912
2025-06-29T17:08:22.796581,7038.0,-4952.0,-5178864
2025-06-29T17:08:23.953463,7074.0,-4941.0,-5183805
2025-06-29T17:08:25.110390,7038.0,-4951.0,-5188756
2025-06-29T17:08:26.267236,7056.0,-4986.0,-5193742
2025-06-29T17:08:27.424113,7056.0,-4967.0,-5198709
2025-06-29T17:08:28.581018,7038.0,-4965.0,-5203674
2025-06-29T17:08:29.737827,7020.0,-4955.0,-5208629
2025-06-29T17:08:30.894735,7020.0,-4952.0,-5213581
2025-06-29T17:08:32.051603,7020.0,-4949.0,-5218530
2025-06-29T17:08:33.208556,7020.0,-4952.0,-5223482
2025-06-29T17:08:34.365503,7020.0,-4963.0,-5228445
2025-06-29T17:08:35.522233,7056.0,-4982.0,-5233427
2025-06-29T17:08:36.679176,6966.0,-4960.0,-5238387
2025-06-29T17:08:37.836132,7038.0,-4948.0,-5243335
2025-06-29T17:08:38.992982,7056.0,-4966.0,-5248301
2025-06-29T17:08:40.149864,7038.0,-4961.0,-5253262
2025-06-29T17:08:41.306662,7038.0,-4970.0,-5258232
2025-06-29T17:08:42.463563,7056.0,-4972.0,-5263204
2025-06-29T17:08:43.620486,7002.0,-4976.0,-5268180
2025-06-29T17:08:44.777437,7020.0,-4985.0,-5273165
2025-06-29T17:08:45.934081,7002.0,-4991.0,-5278156
2025-06-29T17:08:47.091103,7074.0,-4989.0,-5283145
2025-06-29T17:08:48.247958,7002.0,-4971.0,-5288116
2025-06-29T17:08:49.404948,7002.0,-4968.0,-5293084
2025-06-29T17:08:50.561722,7002.0,-4967.0,-5298051
2025-06-29T17:08:51.718620,7020.0,-4974.0,-5303025
2025-06-29T17:08:52.875548,7038.0,-4972.0,-5307997
2025-06-29T17:08:54.032462,7038.0,-4961.0,-5312958
2025-06-29T17:08:55.189364,7002.0,-4966.0,-5317924
2025-06-29T17:08:56.346141,7020.0,-4945.0,-5322869
2025-06-29T17:08:57.503056,6984.0,-4958.0,-5327827
2025-06-29T17:08:58.660008,7092.0,-4948.0,-5332775
2025-06-29T17:08:59.816924,7092.0,-4970.0,-5337745
2025-06-29T17:09:00.973648,7038.0,-4977.0,-5342722
2025-06-29T17:09:02.130590,7020.0,-4966.0,-5347688
2025-06-29T17:09:03.287391,7038.0,-4985.0,-5352673
2025-06-29T17:09:04.444404,7038.0,-4993.0,-5357666
2025-06-29T17:09:05.601282,7110.0,-4980.0,-5362646
2025-06-29T17:09:06.758151,7038.0,-4984.0,-5367630
2025-06-29T17:09:07.915015,7074.0,-4983.0,-5372613
2025-06-29T17:09:09.071961,7038.0,-4986.0,-5377599
2025-06-29T17:09:10.228837,7002.0,-4972.0,-5382571
2025-06-29T17:09:11.385693,7020.0,-4973.0,-5387544
2025-06-29T17:09:12.542575,7038.0,-5020.0,-5392564
2025-06-29T17:09:13.699498,6984.0,-5023.0,-5397587
2025-06-29T17:09:14.856351,7002.0,-5032.0,-5402619
2025-06-29T17:09:16.013311,7038.0,-5032.0,-5407651
2025-06-29T17:09:17.170117,7002.0,-5037.0,-5412688
2025-06-29T17:09:18.326854,7002.0,-5028.0,-5417716
2025-06-29T17:09:19.483920,7038.0,-5028.0,-5422744
2025-06-29T17:09:20.640726,7038.0,-5043.0,-5427787
2025-06-29T17:09:21.797627,7002.0,-5052.0,-5432839
2025-06-29T17:09:22.954524,7038.0,-5063.0,-5437902
2025-06-29T17:09:24.111465,7038.0,-5061.0,-5442963
2025-06-29T17:09:25.268344,7002.0,-5065.0,-5448028
2025-06-29T17:09:26.425136,7038.0,-5065.0,-5453093
2025-06-29T17:09:27.582074,7002.0,-5072.0,-5458165
2025-06-29T17:09:28.738902,7020.0,-5080.0,-5463245
2025-06-29T17:09:29.895873,7002.0,-5080.0,-5468325
2025-06-29T17:09:31.052691,7038.0,-5075.0,-5473400
2025-06-29T17:09:32.209564,7002.0,-5083.0,-5478483
2025-06-29T17:09:33.366383,7002.0,-5071.0,-5483554
2025-06-29T17:09:34.523372,7002.0,-5078.0,-5488632
2025-06-29T17:09:35.680223,7002.0,-5077.0,-5493709
2025-06-29T17:09:36.837085,7020.0,-5099.0,-5498808
2025-06-29T17:09:37.994028,7020.0,-5084.0,-5503892
2025-06-29T17:09:39.150898,7002.0,-5064.0,-5508956
2025-06-29T17:09:40.307850,7020.0,-5088.0,-5514044
2025-06-29T17:09:41.464614,7038.0,-5102.0,-5519146
2025-06-29T17:09:42.621504,7038.0,-5091.0,-5524237
2025-06-29T17:09:43.778445,7038.0,-5108.0,-5529345
2025-06-29T17:09:44.935341,7020.0,-5105.0,-5534450
2025-06-29T17:09:46.092142,7056.0,-5098.0,-5539548
2025-06-29T17:09:47.249060,7020.0,-5113.0,-5544661
2025-06-29T17:09:48.405858,7020.0,-5118.0,-5549779
2025-06-29T17:09:49.562893,7002.0,-5107.0,-5554886
2025-06-29T17:09:50.719652,7038.0,-5118.0,-5560004
2025-06-29T17:09:51.876453,7002.0,-5110.0,-5565114
2025-06-29T17:09:53.033465,6984.0,-5129.0,-5570243
2025-06-29T17:09:54.190382,7038.0,-5119.0,-5575362
2025-06-29T17:09:55.347311,7038.0,-5130.0,-5580492
2025-06-29T17:09:56.504105,7020.0,-5132.0,-5585624
2025-06-29T17:09:57.660976,7002.0,-5125.0,-5590749
2025-06-29T17:09:58.817876,6984.0,-5122.0,-5595871
2025-06-29T17:09:59.974801,7002.0,-5151.0,-5601022
2025-06-29T17:10:01.131651,7002.0,-5123.0,-5606145
2025-06-29T17:10:02.288559,7038.0,-5162.0,-5611307
2025-06-29T17:10:03.445366,7038.0,-5151.0,-5616458
2025-06-29T17:10:04.602371,7020.0,-5155.0,-5621613
2025-06-29T17:10:05.759156,7020.0,-5146.0,-5626759
2025-06-29T17:10:06.916057,7038.0,-5129.0,-5631888
2025-06-29T17:10:08.073025,7020.0,-5155.0,-5637043
2025-06-29T17:10:09.229853,7056.0,-5125.0,-5642168
2025-06-29T17:10:10.386786,7002.0,-5143.0,-5647311
2025-06-29T17:10:11.543597,7002.0,-5147.0,-5652458
2025-06-29T17:10:12.700498,7020.0,-5154.0,-5657612
2025-06-29T17:10:13.857388,7020.0,-5137.0,-5662749
2025-06-29T17:10:15.014316,7002.0,-5152.0,-5667901
2025-06-29T17:10:16.171110,7002.0,-5180.0,-5673081
2025-06-29T17:10:17.328060,7020.0,-5150.0,-5678231
2025-06-29T17:10:18.484840,7092.0,-5174.0,-5683405
2025-06-29T17:10:19.641819,7056.0,-5157.0,-5688562
2025-06-29T17:10:20.798607,7038.0,-5158.0,-5693720
2025-06-29T17:10:21.955588,7020.0,-5161.0,-5698881
2025-06-29T17:10:23.112453,6984.0,-5167.0,-5704048
2025-06-29T17:10:24.269391,7020.0,-5163.0,-5709211
2025-06-29T17:10:25.426291,7038.0,-5177.0,-5714388
2025-06-29T17:10:26.583043,6948.0,-5184.0,-5719572
2025-06-29T17:10:27.739978,7020.0,-5161.0,-5724733
2025-06-29T17:10:28.896895,7092.0,-5175.0,-5729908
2025-06-29T17:10:30.053803,7092.0,-5153.0,-5735061
2025-06-29T17:10:31.210618,7020.0,-5160.0,-5740221
2025-06-29T17:10:32.368111,6930.0,-5173.0,-5745394
2025-06-29T17:10:33.524342,7038.0,-5167.0,-5750561
2025-06-29T17:10:34.681256,7020.0,-5178.0,-5755739
2025-06-29T17:10:35.838155,7020.0,-5178.0,-5760917
2025-06-29T17:10:36.994965,6984.0,-5185.0,-5766102
2025-06-29T17:10:38.151940,6984.0,-5174.0,-5771276
2025-06-29T17:10:39.308916,7002.0,-5187.0,-5776463
2025-06-29T17:10:40.465773,7002.0,-5176.0,-5781639
2025-06-29T17:10:41.622510,7038.0,-5207.0,-5786846
2025-06-29T17:10:42.779458,7038.0,-5203.0,-5792049
2025-06-29T17:10:43.936371,7002.0,-5180.0,-5797229
2025-06-29T17:10:45.093298,6984.0,-5192.0,-5802421
2025-06-29T17:10:46.250057,7020.0,-5206.0,-5807627
2025-06-29T17:10:47.407032,7038.0,-5203.0,-5812830
2025-06-29T17:10:48.563867,7002.0,-5205.0,-5818035
2025-06-29T17:10:49.720741,7038.0,-5205.0,-5823240
2025-06-29T17:10:50.877541,7056.0,-5200.0,-5828440
2025-06-29T17:10:52.034511,7020.0,-5197.0,-5833637
2025-06-29T17:10:53.191513,7002.0,-5206.0,-5838843
2025-06-29T17:10:54.348345,7002.0,-5197.0,-5844040
2025-06-29T17:10:55.505153,6984.0,-5203.0,-5849243
2025-06-29T17:11:26.526630,3860.0,-5339.0,-5339
2025-06-29T17:11:27.677255,7146.0,-17.0,-5356
2025-06-29T17:11:28.829213,7002.0,-5304.0,-10660
2025-06-29T17:11:30.424976,3900.0,-5274.0,-5274
2025-06-29T17:11:31.575622,7146.0,-16.0,-5290
2025-06-29T17:11:32.727483,7038.0,-5298.0,-10588
2025-06-29T17:11:33.880384,7092.0,-5340.0,-15928
2025-06-29T17:11:35.033199,7092.0,-5267.0,-21195
2025-06-29T17:11:36.186089,7110.0,-5237.0,-26432
2025-06-29T17:11:37.339029,7056.0,-5258.0,-31690
2025-06-29T17:11:38.491765,7056.0,-5270.0,-36960
2025-06-29T17:11:39.644623,7074.0,-5261.0,-42221
2025-06-29T17:11:40.797503,7020.0,-5245.0,-47466
2025-06-29T17:11:41.950402,7038.0,-5272.0,-52738
2025-06-29T17:11:43.103256,7056.0,-5259.0,-57997
2025-06-29T17:11:44.256036,7056.0,-5276.0,-63273
2025-06-29T17:11:45.408924,7056.0,-5236.0,-68509
2025-06-29T17:11:46.561794,7038.0,-5268.0,-73777
2025-06-29T17:11:47.714606,7056.0,-5252.0,-79029
2025-06-29T17:11:48.867472,7002.0,-5267.0,-84296
2025-06-29T17:11:50.020323,7056.0,-5248.0,-89544
2025-06-29T17:11:51.173200,7020.0,-5249.0,-94793
2025-06-29T17:11:52.327084,7038.0,-5257.0,-100050
2025-06-29T17:11:53.479938,7074.0,-5288.0,-105338
2025-06-29T17:11:54.632762,7092.0,-5253.0,-110591
2025-06-29T17:11:55.785585,7110.0,-5276.0,-115867
2025-06-29T17:11:56.938490,7092.0,-5266.0,-121133
2025-06-29T17:11:58.095185,7038.0,-5278.0,-126411
2025-06-29T17:11:59.253772,7056.0,-5290.0,-131701
2025-06-29T17:12:00.401200,7092.0,-5260.0,-136961
2025-06-29T17:12:01.553846,7038.0,-5268.0,-142229
2025-06-29T17:12:02.706715,7002.0,-5279.0,-147508
2025-06-29T17:12:03.859751,7020.0,-5252.0,-152760
2025-06-29T17:12:05.044213,7038.0,-5264.0,-158024
2025-06-29T17:12:06.173380,7020.0,-5239.0,-163263
2025-06-29T17:12:07.326232,7038.0,-5296.0,-168559
2025-06-29T17:12:08.478884,7038.0,-5269.0,-173828
2025-06-29T17:12:09.643589,7002.0,-5249.0,-179077
2025-06-29T17:12:10.793195,7056.0,-5284.0,-184361
2025-06-29T17:12:11.941626,7056.0,-5278.0,-189639
2025-06-29T17:12:13.098484,7110.0,-5266.0,-194905
2025-06-29T17:12:14.251456,7002.0,-5285.0,-200190
2025-06-29T17:12:15.404223,7002.0,-5286.0,-205476
2025-06-29T17:12:16.557108,7020.0,-5288.0,-210764
2025-06-29T17:12:17.709909,7074.0,-5256.0,-216020
2025-06-29T17:12:18.867013,7038.0,-5278.0,-221298
2025-06-29T17:12:20.023759,7020.0,-5282.0,-226580
2025-06-29T17:12:21.176792,7020.0,-5276.0,-231856
2025-06-29T17:12:22.329354,7056.0,-5293.0,-237149
2025-06-29T17:12:23.482334,7002.0,-5274.0,-242423
2025-06-29T17:12:24.635143,7020.0,-5281.0,-247704
2025-06-29T17:12:25.791949,7002.0,-5278.0,-252982
2025-06-29T17:12:26.948789,7002.0,-5266.0,-258248
2025-06-29T17:12:28.101811,7002.0,-5287.0,-263535
2025-06-29T17:12:29.254572,7110.0,-5260.0,-268795
2025-06-29T17:12:30.407380,7056.0,-5287.0,-274082
2025-06-29T17:12:31.560182,7020.0,-5277.0,-279359
2025-06-29T17:12:32.713091,7092.0,-5264.0,-284623
2025-06-29T17:12:33.870022,7056.0,-5265.0,-289888
2025-06-29T17:12:35.022858,7038.0,-5284.0,-295172
2025-06-29T17:12:36.175637,7074.0,-5274.0,-300446
2025-06-29T17:12:37.328533,7056.0,-5267.0,-305713
2025-06-29T17:12:38.481466,7002.0,-5284.0,-310997
2025-06-29T17:12:39.634203,7002.0,-5308.0,-316305
2025-06-29T17:12:40.791051,7056.0,-5275.0,-321580
2025-06-29T17:12:41.948012,7002.0,-5276.0,-326856
2025-06-29T17:12:43.100816,7038.0,-5260.0,-332116
2025-06-29T17:12:44.253759,7038.0,-5270.0,-337386
2025-06-29T17:12:45.406558,7002.0,-5282.0,-342668
2025-06-29T17:12:46.559368,7038.0,-5295.0,-347963
2025-06-29T17:12:47.716255,7002.0,-5281.0,-353244
2025-06-29T17:12:48.873234,7002.0,-5295.0,-358539
2025-06-29T17:12:50.026063,7020.0,-5272.0,-363811
2025-06-29T17:12:51.181099,7056.0,-5261.0,-369072
2025-06-29T17:12:52.331768,7110.0,-5267.0,-374339
2025-06-29T17:12:53.484579,7038.0,-5271.0,-379610
2025-06-29T17:12:54.641533,7038.0,-5247.0,-384857
2025-06-29T17:12:55.798324,7038.0,-5289.0,-390146
2025-06-29T17:12:56.951156,7092.0,-5271.0,-395417
2025-06-29T17:12:58.104118,7002.0,-5280.0,-400697
2025-06-29T17:12:59.256785,7020.0,-5281.0,-405978
2025-06-29T17:13:00.409662,7020.0,-5278.0,-411256
2025-06-29T17:13:01.562683,7020.0,-5267.0,-416523
2025-06-29T17:13:02.719391,7002.0,-5290.0,-421813
2025-06-29T17:13:03.872298,7038.0,-5278.0,-427091
2025-06-29T17:13:05.025164,7002.0,-5291.0,-432382
2025-06-29T17:13:06.178038,7056.0,-5274.0,-437656
2025-06-29T17:13:07.330867,7002.0,-5295.0,-442951
2025-06-29T17:13:08.483690,7038.0,-5270.0,-448221
2025-06-29T17:13:09.640658,7038.0,-5269.0,-453490
2025-06-29T17:13:10.797440,7038.0,-5271.0,-458761
2025-06-29T17:13:11.950361,7002.0,-5288.0,-464049
2025-06-29T17:13:13.103248,7038.0,-5286.0,-469335
2025-06-29T17:13:14.256113,7002.0,-5297.0,-474632
2025-06-29T17:13:15.408998,7056.0,-5269.0,-479901
2025-06-29T17:13:16.565800,7002.0,-5279.0,-485180
2025-06-29T17:13:17.722639,7074.0,-5273.0,-490453
2025-06-29T17:13:18.875545,7038.0,-5330.0,-495783
2025-06-29T17:13:20.028316,7056.0,-5277.0,-501060
2025-06-29T17:13:21.181218,7002.0,-5303.0,-506363
2025-06-29T17:13:22.333894,7056.0,-5283.0,-511646
2025-06-29T17:13:23.490929,7038.0,-5261.0,-516907
2025-06-29T17:13:24.647824,7020.0,-5259.0,-522166
2025-06-29T17:13:25.800621,7002.0,-5285.0,-527451
2025-06-29T17:13:26.953643,7002.0,-5289.0,-532740
2025-06-29T17:13:28.106441,7002.0,-5282.0,-538022
2025-06-29T17:13:29.259218,7020.0,-5288.0,-543310
2025-06-29T17:13:30.416160,7020.0,-5293.0,-548603
2025-06-29T17:13:31.573006,7038.0,-5297.0,-553900
2025-06-29T17:13:32.725745,7074.0,-5296.0,-559196
2025-06-29T17:13:33.878628,7056.0,-5292.0,-564488
2025-06-29T17:13:35.031628,7002.0,-5311.0,-569799
2025-06-29T17:13:36.184367,7002.0,-5287.0,-575086
2025-06-29T17:13:37.337254,7002.0,-5282.0,-580368
2025-06-29T17:13:38.494126,7074.0,-5271.0,-585639
2025-06-29T17:13:39.646927,7056.0,-5254.0,-590893
2025-06-29T17:13:40.799794,7020.0,-5277.0,-596170
2025-06-29T17:13:41.952729,7038.0,-5272.0,-601442
2025-06-29T17:13:43.105556,7038.0,-5277.0,-606719
2025-06-29T17:13:44.258387,6966.0,-5318.0,-612037
2025-06-29T17:13:45.415291,7056.0,-5275.0,-617312
2025-06-29T17:13:46.572166,7002.0,-5263.0,-622575
2025-06-29T17:13:47.724973,7056.0,-5281.0,-627856
2025-06-29T17:13:48.877881,7020.0,-5267.0,-633123
2025-06-29T17:13:50.030767,7020.0,-5303.0,-638426
2025-06-29T17:13:51.183638,7020.0,-5320.0,-643746
2025-06-29T17:13:52.340432,7020.0,-5267.0,-649013
2025-06-29T17:13:53.497376,7002.0,-5300.0,-654313
2025-06-29T17:13:54.650039,7020.0,-5281.0,-659594
2025-06-29T17:13:55.803034,7002.0,-5268.0,-664862
2025-06-29T17:13:56.955889,7038.0,-5266.0,-670128
2025-06-29T17:13:58.108843,7002.0,-5279.0,-675407
2025-06-29T17:13:59.265642,7038.0,-5286.0,-680693
2025-06-29T17:14:00.422570,7056.0,-5330.0,-686023
2025-06-29T17:14:01.575290,7056.0,-5292.0,-691315
2025-06-29T17:14:02.728129,7056.0,-5287.0,-696602
2025-06-29T17:14:03.881072,7056.0,-5290.0,-701892
2025-06-29T17:14:05.034011,7020.0,-5261.0,-707153
2025-06-29T17:14:06.190819,7038.0,-5282.0,-712435
2025-06-29T17:14:07.347659,7020.0,-5287.0,-717722
2025-06-29T17:14:08.500423,7002.0,-5289.0,-723011
2025-06-29T17:14:09.653227,7056.0,-5347.0,-728358
2025-06-29T17:14:10.806194,7056.0,-5287.0,-733645
2025-06-29T17:14:11.959087,7038.0,-5269.0,-738914
2025-06-29T17:14:13.111897,7002.0,-5283.0,-744197
2025-06-29T17:14:14.268795,7020.0,-5271.0,-749468
2025-06-29T17:14:15.421646,7020.0,-5304.0,-754772
2025-06-29T17:14:16.574529,7020.0,-5322.0,-760094
2025-06-29T17:14:17.727287,7056.0,-5285.0,-765379
2025-06-29T17:14:18.880242,7002.0,-5247.0,-770626
2025-06-29T17:14:20.033071,7020.0,-5283.0,-775909
2025-06-29T17:14:21.190059,7038.0,-5341.0,-781250
2025-06-29T17:14:22.346914,7002.0,-5293.0,-786543
2025-06-29T17:14:23.499715,7020.0,-5279.0,-791822
2025-06-29T17:14:24.652598,7020.0,-5284.0,-797106
2025-06-29T17:14:25.805449,7038.0,-5306.0,-802412
2025-06-29T17:14:26.958307,7038.0,-5295.0,-807707
2025-06-29T17:14:28.115102,7002.0,-5322.0,-813029
2025-06-29T17:14:29.272009,6948.0,-5280.0,-818309
2025-06-29T17:14:30.424683,7020.0,-5260.0,-823569
2025-06-29T17:14:31.577747,7038.0,-5310.0,-828879
2025-06-29T17:14:32.730439,7002.0,-5330.0,-834209
2025-06-29T17:14:33.883378,7020.0,-5303.0,-839512
2025-06-29T17:14:35.040396,7056.0,-5247.0,-844759
2025-06-29T17:14:36.197214,7038.0,-5311.0,-850070
2025-06-29T17:14:37.350096,7038.0,-5332.0,-855402
2025-06-29T17:14:38.502897,7020.0,-5296.0,-860698
2025-06-29T17:14:39.655769,7020.0,-5277.0,-865975
2025-06-29T17:14:40.808682,7002.0,-5297.0,-871272
2025-06-29T17:14:41.965468,7002.0,-5272.0,-876544
2025-06-29T17:14:43.122373,7020.0,-5295.0,-881839
2025-06-29T17:14:44.275196,7056.0,-5366.0,-887205
2025-06-29T17:14:45.428034,7056.0,-5313.0,-892518
2025-06-29T17:14:46.580879,7038.0,-5267.0,-897785
2025-06-29T17:14:47.733663,7038.0,-5288.0,-903073
2025-06-29T17:14:48.886569,7002.0,-5275.0,-908348
2025-06-29T17:14:50.043497,7038.0,-5291.0,-913639
2025-06-29T17:14:51.196359,7056.0,-5348.0,-918987
2025-06-29T17:14:52.349228,7038.0,-5314.0,-924301
2025-06-29T17:14:53.502042,6984.0,-5342.0,-929643
2025-06-29T17:14:54.654916,7020.0,-5294.0,-934937
2025-06-29T17:14:55.807746,7056.0,-5281.0,-940218
2025-06-29T17:14:56.964705,7002.0,-5287.0,-945505
2025-06-29T17:14:58.121587,7020.0,-5254.0,-950759
2025-06-29T17:14:59.274448,7056.0,-5309.0,-956068
2025-06-29T17:15:00.427269,7002.0,-5280.0,-961348
2025-06-29T17:15:01.580180,7038.0,-5308.0,-966656
2025-06-29T17:15:02.732898,7002.0,-5315.0,-971971
2025-06-29T17:15:03.889747,6966.0,-5293.0,-977264
2025-06-29T17:15:05.046640,7002.0,-5303.0,-982567
2025-06-29T17:15:06.199628,7074.0,-5313.0,-987880
2025-06-29T17:15:07.352389,7038.0,-5308.0,-993188
2025-06-29T17:15:08.505232,7020.0,-5308.0,-998496
2025-06-29T17:15:09.659186,7020.0,-5301.0,-1003797
2025-06-29T17:15:10.815967,7002.0,-5298.0,-1009095
2025-06-29T17:15:11.972954,6948.0,-5291.0,-1014386
2025-06-29T17:15:13.129746,7038.0,-5298.0,-1019684
2025-06-29T17:15:14.286683,7056.0,-5287.0,-1024971
2025-06-29T17:15:15.443547,7020.0,-5305.0,-1030276
2025-06-29T17:15:16.600456,7002.0,-5248.0,-1035524
2025-06-29T17:15:17.757218,7056.0,-5287.0,-1040811
2025-06-29T17:15:18.914157,7020.0,-5230.0,-1046041
2025-06-29T17:15:20.071083,7002.0,-5297.0,-1051338
2025-06-29T17:15:21.228020,7038.0,-5371.0,-1056709
2025-06-29T17:15:22.384888,7002.0,-5296.0,-1062005
2025-06-29T17:15:23.541732,7002.0,-5289.0,-1067294
2025-06-29T17:15:24.698659,7002.0,-5305.0,-1072599
2025-06-29T17:15:25.855531,7074.0,-5240.0,-1077839
2025-06-29T17:15:27.012372,7002.0,-5315.0,-1083154
2025-06-29T17:15:28.169231,7002.0,-5393.0,-1088547
2025-06-29T17:15:29.326145,7020.0,-5310.0,-1093857
2025-06-29T17:15:30.483092,6948.0,-5290.0,-1099147
2025-06-29T17:15:31.639936,7002.0,-5299.0,-1104446
2025-06-29T17:15:32.796676,7002.0,-5229.0,-1109675
2025-06-29T17:15:33.953661,6948.0,-5302.0,-1114977
2025-06-29T17:15:35.110472,7002.0,-5363.0,-1120340
2025-06-29T17:15:36.267484,7002.0,-5300.0,-1125640
2025-06-29T17:15:37.424377,7020.0,-5257.0,-1130897
2025-06-29T17:15:38.581215,7056.0,-5293.0,-1136190
2025-06-29T17:15:39.738109,7002.0,-5380.0,-1141570
2025-06-29T17:15:40.895002,6948.0,-5317.0,-1146887
2025-06-29T17:15:42.051861,6984.0,-5277.0,-1152164
2025-06-29T17:15:43.208691,7002.0,-5308.0,-1157472
2025-06-29T17:15:44.365584,7020.0,-5402.0,-1162874
2025-06-29T17:15:45.522511,7056.0,-5287.0,-1168161
2025-06-29T17:15:46.679395,7002.0,-5285.0,-1173446
2025-06-29T17:15:47.836155,7020.0,-5290.0,-1178736
2025-06-29T17:15:48.993150,7020.0,-5412.0,-1184148
2025-06-29T17:15:50.150085,7056.0,-5313.0,-1189461
2025-06-29T17:15:51.306964,7002.0,-5291.0,-1194752
2025-06-29T17:15:52.463850,7002.0,-5301.0,-1200053
2025-06-29T17:15:53.620620,6984.0,-5377.0,-1205430
2025-06-29T17:15:54.777547,7038.0,-5298.0,-1210728
2025-06-29T17:15:55.934431,7002.0,-5245.0,-1215973
2025-06-29T17:15:57.091351,7038.0,-5307.0,-1221280
2025-06-29T17:15:58.248153,6984.0,-5270.0,-1226550
2025-06-29T17:15:59.405113,7002.0,-5297.0,-1231847
2025-06-29T17:16:00.561940,7002.0,-5277.0,-1237124
2025-06-29T17:16:01.718836,7002.0,-5295.0,-1242419
2025-06-29T17:16:02.875666,7002.0,-5244.0,-1247663
2025-06-29T17:16:04.032623,7038.0,-5306.0,-1252969
2025-06-29T17:16:05.189519,7038.0,-5325.0,-1258294
2025-06-29T17:16:06.346438,6984.0,-5306.0,-1263600
2025-06-29T17:16:07.503352,7020.0,-5352.0,-1268952
2025-06-29T17:16:08.660066,7038.0,-5300.0,-1274252
2025-06-29T17:16:09.817069,7002.0,-5284.0,-1279536
2025-06-29T17:16:10.973900,7002.0,-5306.0,-1284842
2025-06-29T17:16:12.130822,6966.0,-5284.0,-1290126
2025-06-29T17:16:13.287674,7020.0,-5295.0,-1295421
2025-06-29T17:16:14.444501,6984.0,-5348.0,-1300769
2025-06-29T17:16:15.601405,7002.0,-5310.0,-1306079
2025-06-29T17:16:16.758359,6984.0,-5291.0,-1311370
2025-06-29T17:16:17.915169,7074.0,-5315.0,-1316685
2025-06-29T17:16:19.072089,7038.0,-5276.0,-1321961
2025-06-29T17:16:20.228951,7002.0,-5302.0,-1327263
2025-06-29T17:16:21.385867,6984.0,-5393.0,-1332656
2025-06-29T17:16:22.542788,7002.0,-5292.0,-1337948
2025-06-29T17:16:23.699615,7002.0,-5341.0,-1343289
2025-06-29T17:16:24.856547,7038.0,-5315.0,-1348604
2025-06-29T17:16:26.013371,7002.0,-5304.0,-1353908
2025-06-29T17:16:27.170328,7002.0,-5315.0,-1359223
2025-06-29T17:16:28.327098,7056.0,-5271.0,-1364494
2025-06-29T17:16:29.483995,7038.0,-5322.0,-1369816
2025-06-29T17:16:30.640916,7002.0,-5307.0,-1375123
2025-06-29T17:16:31.797857,7020.0,-5298.0,-1380421
2025-06-29T17:16:32.954663,7020.0,-5357.0,-1385778
2025-06-29T17:16:34.111529,7056.0,-5324.0,-1391102
2025-06-29T17:16:35.268457,7002.0,-5284.0,-1396386
2025-06-29T17:16:36.425344,7002.0,-5308.0,-1401694
2025-06-29T17:16:37.582321,7002.0,-5326.0,-1407020
2025-06-29T17:16:38.739090,7056.0,-5316.0,-1412336
2025-06-29T17:16:39.895920,7002.0,-5335.0,-1417671
2025-06-29T17:16:41.052860,7002.0,-5308.0,-1422979
2025-06-29T17:16:42.209837,7038.0,-5249.0,-1428228
2025-06-29T17:16:43.366587,7020.0,-5304.0,-1433532
2025-06-29T17:16:44.523503,6966.0,-5359.0,-1438891
2025-06-29T17:16:45.680441,7038.0,-5304.0,-1444195
2025-06-29T17:16:46.837330,7002.0,-5270.0,-1449465
2025-06-29T17:16:47.994120,6984.0,-5313.0,-1454778
2025-06-29T17:16:49.150989,6984.0,-5403.0,-1460181
2025-06-29T17:16:50.307932,6966.0,-5311.0,-1465492
2025-06-29T17:16:51.464916,6984.0,-5297.0,-1470789
2025-06-29T17:16:52.621646,7002.0,-5316.0,-1476105
2025-06-29T17:16:53.778492,7002.0,-5332.0,-1481437
2025-06-29T17:16:54.935395,7074.0,-5313.0,-1486750
2025-06-29T17:16:56.092274,7002.0,-5313.0,-1492063
2025-06-29T17:16:57.249286,7092.0,-5316.0,-1497379
2025-06-29T17:16:58.406072,7002.0,-5341.0,-1502720
2025-06-29T17:16:59.562928,6948.0,-5296.0,-1508016
2025-06-29T17:17:00.719937,6948.0,-5297.0,-1513313
2025-06-29T17:17:01.876920,7002.0,-5313.0,-1518626
2025-06-29T17:17:03.033589,7002.0,-5361.0,-1523987
2025-06-29T17:17:04.190498,7002.0,-5307.0,-1529294
2025-06-29T17:17:05.347363,7002.0,-5273.0,-1534567
2025-06-29T17:17:06.504314,7020.0,-5310.0,-1539877
2025-06-29T17:17:07.661298,7002.0,-5323.0,-1545200
2025-06-29T17:17:08.817970,7020.0,-5321.0,-1550521
2025-06-29T17:17:09.975015,6966.0,-5336.0,-1555857
2025-06-29T17:17:11.131884,6966.0,-5314.0,-1561171
2025-06-29T17:17:12.288732,7020.0,-5270.0,-1566441
2025-06-29T17:17:13.445508,7002.0,-5304.0,-1571745
2025-06-29T17:17:14.602420,7020.0,-5321.0,-1577066
2025-06-29T17:17:15.759204,7002.0,-5320.0,-1582386
2025-06-29T17:17:16.916280,7002.0,-5374.0,-1587760
2025-06-29T17:17:18.073190,7002.0,-5302.0,-1593062
2025-06-29T17:17:19.230012,7002.0,-5282.0,-1598344
2025-06-29T17:17:20.386810,7038.0,-5309.0,-1603653
2025-06-29T17:17:21.543732,7002.0,-5320.0,-1608973
2025-06-29T17:17:22.700731,7002.0,-5326.0,-1614299
2025-06-29T17:17:23.857507,7020.0,-5366.0,-1619665
2025-06-29T17:17:25.014458,7002.0,-5337.0,-1625002
2025-06-29T17:17:26.171221,7020.0,-5331.0,-1630333
2025-06-29T17:17:27.328208,6930.0,-5321.0,-1635654
2025-06-29T17:17:28.485027,6948.0,-5284.0,-1640938
2025-06-29T17:17:29.641940,6966.0,-5321.0,-1646259
2025-06-29T17:17:30.798881,6984.0,-5338.0,-1651597
2025-06-29T17:17:31.955710,6966.0,-5331.0,-1656928
2025-06-29T17:17:33.112488,6984.0,-5378.0,-1662306
2025-06-29T17:17:34.269339,7020.0,-5323.0,-1667629
2025-06-29T17:17:35.426226,7002.0,-5329.0,-1672958
2025-06-29T17:17:36.583266,7002.0,-5316.0,-1678274
2025-06-29T17:17:37.740154,6948.0,-5288.0,-1683562
2025-06-29T17:17:38.896945,7020.0,-5317.0,-1688879
2025-06-29T17:17:40.053897,7002.0,-5313.0,-1694192
2025-06-29T17:17:41.210749,7002.0,-5309.0,-1699501
2025-06-29T17:17:42.367595,7002.0,-5324.0,-1704825
2025-06-29T17:17:43.524515,7020.0,-5349.0,-1710174
2025-06-29T17:17:44.681431,7002.0,-5347.0,-1715521
2025-06-29T17:17:45.838318,7002.0,-5313.0,-1720834
2025-06-29T17:17:46.995181,6984.0,-5370.0,-1726204
2025-06-29T17:17:48.152166,7002.0,-5331.0,-1731535
2025-06-29T17:17:49.308909,6966.0,-5370.0,-1736905
2025-06-29T17:17:50.465765,6984.0,-5320.0,-1742225
2025-06-29T17:17:51.622736,7002.0,-5356.0,-1747581
2025-06-29T17:17:52.779595,7038.0,-5336.0,-1752917
2025-06-29T17:17:53.936438,7002.0,-5336.0,-1758253
2025-06-29T17:17:55.093333,7056.0,-5310.0,-1763563
2025-06-29T17:17:56.250240,7002.0,-5328.0,-1768891
2025-06-29T17:17:57.407185,7038.0,-5320.0,-1774211
2025-06-29T17:17:58.563948,6966.0,-5321.0,-1779532
2025-06-29T17:17:59.720864,6966.0,-5321.0,-1784853
2025-06-29T17:18:00.877760,6984.0,-5337.0,-1790190
2025-06-29T17:18:02.034644,7002.0,-5300.0,-1795490
2025-06-29T17:18:03.136307,7002.0,-5319.0,-1800809
2025-06-29T17:18:04.293084,7056.0,-5308.0,-1806117
2025-06-29T17:18:05.450036,6966.0,-5342.0,-1811459
2025-06-29T17:18:06.607008,7002.0,-5318.0,-1816777
2025-06-29T17:18:07.763889,7020.0,-5307.0,-1822084
2025-06-29T17:18:08.920646,6966.0,-5304.0,-1827388
2025-06-29T17:18:10.077547,7020.0,-5339.0,-1832727
2025-06-29T17:18:11.234499,7074.0,-5311.0,-1838038
2025-06-29T17:18:12.391424,6948.0,-5333.0,-1843371
2025-06-29T17:18:13.548142,7002.0,-5298.0,-1848669
2025-06-29T17:18:14.705102,7002.0,-5318.0,-1853987
2025-06-29T17:18:15.862041,6966.0,-5322.0,-1859309
2025-06-29T17:18:17.018910,6984.0,-5332.0,-1864641
2025-06-29T17:18:18.175773,7020.0,-5330.0,-1869971
2025-06-29T17:18:19.332597,7002.0,-5312.0,-1875283
2025-06-29T17:18:20.489566,7002.0,-5299.0,-1880582
2025-06-29T17:18:21.646415,6948.0,-5334.0,-1885916
2025-06-29T17:18:22.803135,7002.0,-5332.0,-1891248
2025-06-29T17:18:23.960028,7002.0,-5325.0,-1896573
2025-06-29T17:18:25.116973,7002.0,-5296.0,-1901869
2025-06-29T17:18:26.273859,6984.0,-5327.0,-1907196
2025-06-29T17:18:27.430761,7038.0,-5303.0,-1912499
2025-06-29T17:18:28.587603,7074.0,-5340.0,-1917839
2025-06-29T17:18:29.744500,6984.0,-5331.0,-1923170
2025-06-29T17:18:30.901395,7020.0,-5327.0,-1928497
2025-06-29T17:18:32.058211,7002.0,-5333.0,-1933830
2025-06-29T17:18:33.215057,7002.0,-5321.0,-1939151
2025-06-29T17:18:34.371936,7020.0,-5335.0,-1944486
2025-06-29T17:18:35.528879,6948.0,-5334.0,-1949820
2025-06-29T17:18:36.685790,6984.0,-5332.0,-1955152
2025-06-29T17:18:37.842536,6984.0,-5309.0,-1960461
2025-06-29T17:18:38.999465,7002.0,-5313.0,-1965774
2025-06-29T17:18:40.156329,7002.0,-5362.0,-1971136
2025-06-29T17:18:41.313209,7056.0,-5323.0,-1976459
2025-06-29T17:18:42.470142,6948.0,-5326.0,-1981785
2025-06-29T17:18:43.626971,6984.0,-5318.0,-1987103
2025-06-29T17:18:44.783814,6966.0,-5306.0,-1992409
2025-06-29T17:18:45.940731,7002.0,-5325.0,-1997734
2025-06-29T17:18:47.097590,6984.0,-5333.0,-2003067
2025-06-29T17:18:48.254567,7038.0,-5309.0,-2008376
2025-06-29T17:18:49.411344,7038.0,-5322.0,-2013698
2025-06-29T17:18:50.568214,7002.0,-5326.0,-2019024
2025-06-29T17:18:51.725052,6930.0,-5351.0,-2024375
2025-06-29T17:18:52.881973,6984.0,-5309.0,-2029684
2025-06-29T17:18:54.038829,6948.0,-5322.0,-2035006
2025-06-29T17:18:55.195722,7020.0,-5319.0,-2040325
2025-06-29T17:18:56.352628,7002.0,-5326.0,-2045651
2025-06-29T17:18:57.509472,7002.0,-5327.0,-2050978
2025-06-29T17:18:58.666283,7002.0,-5313.0,-2056291
2025-06-29T17:18:59.823160,7020.0,-5308.0,-2061599
2025-06-29T17:19:00.980052,6984.0,-5348.0,-2066947
2025-06-29T17:19:02.137060,6966.0,-5309.0,-2072256
2025-06-29T17:19:03.293793,7002.0,-5321.0,-2077577
2025-06-29T17:19:04.450682,7056.0,-5328.0,-2082905
2025-06-29T17:19:05.607610,6984.0,-5312.0,-2088217
2025-06-29T17:19:06.764450,7038.0,-5335.0,-2093552
2025-06-29T17:19:07.921301,7020.0,-5340.0,-2098892
2025-06-29T17:19:09.078135,6930.0,-5300.0,-2104192
2025-06-29T17:19:10.235032,6912.0,-5335.0,-2109527
2025-06-29T17:19:11.391976,6984.0,-5321.0,-2114848
2025-06-29T17:19:12.548900,7002.0,-5328.0,-2120176
2025-06-29T17:19:13.705669,6984.0,-5326.0,-2125502
2025-06-29T17:19:14.862531,7002.0,-5313.0,-2130815
2025-06-29T17:19:16.019470,7002.0,-5333.0,-2136148
2025-06-29T17:19:17.176382,7020.0,-5344.0,-2141492
2025-06-29T17:19:18.333140,6984.0,-5305.0,-2146797
2025-06-29T17:19:19.490022,6948.0,-5336.0,-2152133
2025-06-29T17:19:20.646951,7020.0,-5325.0,-2157458
2025-06-29T17:19:21.803845,6966.0,-5332.0,-2162790
2025-06-29T17:19:22.960671,6966.0,-5323.0,-2168113
2025-06-29T17:19:24.117568,7002.0,-5319.0,-2173432
2025-06-29T17:19:25.274457,7020.0,-5324.0,-2178756
2025-06-29T17:19:26.431330,7002.0,-5326.0,-2184082
2025-06-29T17:19:27.588186,6966.0,-5314.0,-2189396
2025-06-29T17:19:28.745054,6948.0,-5335.0,-2194731
2025-06-29T17:19:29.902005,6966.0,-5327.0,-2200058
2025-06-29T17:19:31.066205,6948.0,-5326.0,-2205384
2025-06-29T17:19:32.215724,6948.0,-5320.0,-2210704
2025-06-29T17:19:33.372484,7002.0,-5333.0,-2216037
2025-06-29T17:19:34.529376,7002.0,-5326.0,-2221363
2025-06-29T17:19:35.686295,7002.0,-5330.0,-2226693
2025-06-29T17:19:36.843216,7038.0,-5312.0,-2232005
2025-06-29T17:19:38.000060,6948.0,-5331.0,-2237336
2025-06-29T17:19:39.156922,7002.0,-5314.0,-2242650
2025-06-29T17:19:40.313703,6984.0,-5336.0,-2247986
2025-06-29T17:19:41.470717,7056.0,-5327.0,-2253313
2025-06-29T17:19:42.627599,6930.0,-5337.0,-2258650
2025-06-29T17:19:43.784370,7020.0,-5342.0,-2263992
2025-06-29T17:19:44.941239,7002.0,-5324.0,-2269316
2025-06-29T17:19:46.098190,7002.0,-5312.0,-2274628
2025-06-29T17:19:47.255093,6930.0,-5329.0,-2279957
2025-06-29T17:19:48.411927,7002.0,-5325.0,-2285282
2025-06-29T17:19:49.568769,6966.0,-5323.0,-2290605
2025-06-29T17:19:50.725774,6984.0,-5334.0,-2295939
2025-06-29T17:19:51.882489,7002.0,-5323.0,-2301262
2025-06-29T17:19:53.039413,6966.0,-5321.0,-2306583
2025-06-29T17:19:54.196232,6966.0,-5347.0,-2311930
2025-06-29T17:19:55.353217,7020.0,-5320.0,-2317250
2025-06-29T17:19:56.510066,6984.0,-5327.0,-2322577
2025-06-29T17:19:57.666998,6984.0,-5308.0,-2327885
2025-06-29T17:19:58.823687,6984.0,-5330.0,-2333215
2025-06-29T17:19:59.980634,6948.0,-5325.0,-2338540
2025-06-29T17:20:01.137516,6948.0,-5322.0,-2343862
2025-06-29T17:20:02.294435,6984.0,-5330.0,-2349192
2025-06-29T17:20:03.451257,7002.0,-5328.0,-2354520
2025-06-29T17:20:04.608132,7002.0,-5316.0,-2359836
2025-06-29T17:20:05.765048,6984.0,-5330.0,-2365166
2025-06-29T17:20:06.921945,7002.0,-5322.0,-2370488
2025-06-29T17:20:08.078804,6966.0,-5324.0,-2375812
2025-06-29T17:20:09.235637,7002.0,-5333.0,-2381145
2025-06-29T17:20:10.392466,6984.0,-5339.0,-2386484
2025-06-29T17:20:11.549376,6984.0,-5314.0,-2391798
2025-06-29T17:20:12.707401,6930.0,-5320.0,-2397118
2025-06-29T17:20:13.863144,7002.0,-5318.0,-2402436
2025-06-29T17:20:15.020105,6984.0,-5315.0,-2407751
2025-06-29T17:20:16.176876,6930.0,-5317.0,-2413068
2025-06-29T17:20:17.333805,6930.0,-5323.0,-2418391
2025-06-29T17:20:18.490737,7002.0,-5329.0,-2423720
2025-06-29T17:20:19.647529,6948.0,-5351.0,-2429071
2025-06-29T17:20:20.804382,7020.0,-5316.0,-2434387
2025-06-29T17:20:21.961288,7002.0,-5344.0,-2439731
2025-06-29T17:20:23.118212,6984.0,-5319.0,-2445050
2025-06-29T17:20:24.274963,7020.0,-5324.0,-2450374
2025-06-29T17:20:25.431880,7002.0,-5337.0,-2455711
2025-06-29T17:20:26.588804,7002.0,-5324.0,-2461035
2025-06-29T17:20:27.745618,7056.0,-5315.0,-2466350
2025-06-29T17:20:28.902500,6966.0,-5328.0,-2471678
2025-06-29T17:20:30.059330,6984.0,-5320.0,-2476998
2025-06-29T17:20:31.216293,6966.0,-5329.0,-2482327
2025-06-29T17:20:32.373128,7002.0,-5320.0,-2487647
2025-06-29T17:20:33.529959,7002.0,-5320.0,-2492967
2025-06-29T17:20:34.686848,7002.0,-5326.0,-2498293
2025-06-29T17:20:35.843675,6948.0,-5327.0,-2503620
2025-06-29T17:20:37.000639,7002.0,-5329.0,-2508949
2025-06-29T17:20:38.157485,6948.0,-5334.0,-2514283
2025-06-29T17:20:39.314306,7002.0,-5328.0,-2519611
2025-06-29T17:20:40.471339,7002.0,-5315.0,-2524926
2025-06-29T17:20:41.628081,7002.0,-5312.0,-2530238
2025-06-29T17:20:42.785057,6984.0,-5322.0,-2535560
2025-06-29T17:20:43.941814,6948.0,-5324.0,-2540884
2025-06-29T17:20:45.098739,6984.0,-5341.0,-2546225
2025-06-29T17:20:46.255688,7002.0,-5328.0,-2551553
2025-06-29T17:20:47.412497,6930.0,-5326.0,-2556879
2025-06-29T17:20:48.569374,7020.0,-5323.0,-2562202
2025-06-29T17:20:49.726242,6966.0,-5325.0,-2567527
2025-06-29T17:20:50.883146,6984.0,-5317.0,-2572844
2025-06-29T17:20:52.039978,7002.0,-5332.0,-2578176
2025-06-29T17:20:53.196924,6894.0,-5326.0,-2583502
2025-06-29T17:20:54.353732,6984.0,-5321.0,-2588823
2025-06-29T17:20:55.510615,7002.0,-5322.0,-2594145
2025-06-29T17:20:56.667514,6948.0,-5347.0,-2599492
2025-06-29T17:20:57.824372,6984.0,-5318.0,-2604810
2025-06-29T17:20:58.981207,6984.0,-5358.0,-2610168
2025-06-29T17:21:00.138102,6966.0,-5316.0,-2615484
2025-06-29T17:21:01.295018,6948.0,-5343.0,-2620827
2025-06-29T17:21:02.451903,6984.0,-5327.0,-2626154
2025-06-29T17:21:03.608788,6966.0,-5333.0,-2631487
2025-06-29T17:21:04.765631,6984.0,-5324.0,-2636811
2025-06-29T17:21:05.922527,6912.0,-5317.0,-2642128
2025-06-29T17:21:07.079422,6948.0,-5324.0,-2647452
2025-06-29T17:21:08.236328,6948.0,-5331.0,-2652783
2025-06-29T17:21:09.393102,7020.0,-5328.0,-2658111
2025-06-29T17:21:10.550001,6912.0,-5354.0,-2663465
2025-06-29T17:21:11.706858,7002.0,-5319.0,-2668784
2025-06-29T17:21:12.863772,6984.0,-5338.0,-2674122
2025-06-29T17:21:14.020586,6984.0,-5317.0,-2679439
2025-06-29T17:21:15.177486,6948.0,-5316.0,-2684755
2025-06-29T17:21:16.334401,7056.0,-5334.0,-2690089
2025-06-29T17:21:17.491280,6966.0,-5321.0,-2695410
2025-06-29T17:21:18.648075,6966.0,-5331.0,-2700741
2025-06-29T17:21:19.804950,7002.0,-5325.0,-2706066
2025-06-29T17:21:20.961840,6984.0,-5325.0,-2711391
2025-06-29T17:21:22.118778,6984.0,-5321.0,-2716712
2025-06-29T17:21:23.275622,7002.0,-5340.0,-2722052
2025-06-29T17:21:24.432454,6912.0,-5318.0,-2727370
2025-06-29T17:21:25.589426,6984.0,-5328.0,-2732698
2025-06-29T17:21:26.746269,6984.0,-5316.0,-2738014
2025-06-29T17:21:27.903063,6948.0,-5317.0,-2743331
2025-06-29T17:21:29.059999,6966.0,-5309.0,-2748640
2025-06-29T17:21:30.216851,7002.0,-5323.0,-2753963
2025-06-29T17:21:31.374670,6984.0,-5327.0,-2759290
2025-06-29T17:21:32.530635,6966.0,-5315.0,-2764605
2025-06-29T17:21:33.687483,6948.0,-5347.0,-2769952
2025-06-29T17:21:34.844369,6948.0,-5336.0,-2775288
2025-06-29T17:21:36.001214,6984.0,-5338.0,-2780626
2025-06-29T17:21:37.158124,6930.0,-5324.0,-2785950
2025-06-29T17:21:38.315068,7002.0,-5323.0,-2791273
2025-06-29T17:21:39.471760,6948.0,-5311.0,-2796584
2025-06-29T17:21:40.628789,6966.0,-5336.0,-2801920
2025-06-29T17:21:41.785697,6984.0,-5326.0,-2807246
2025-06-29T17:21:42.942456,6912.0,-5335.0,-2812581
2025-06-29T17:21:44.099307,6984.0,-5321.0,-2817902
2025-06-29T17:21:45.256187,6930.0,-5322.0,-2823224
2025-06-29T17:21:46.413092,7002.0,-5318.0,-2828542
2025-06-29T17:21:47.570000,6966.0,-5330.0,-2833872
2025-06-29T17:21:48.726813,7002.0,-5331.0,-2839203
2025-06-29T17:21:49.883796,7020.0,-5324.0,-2844527
2025-06-29T17:21:51.040627,6930.0,-5329.0,-2849856
2025-06-29T17:21:52.197484,6966.0,-5313.0,-2855169
2025-06-29T17:21:53.354416,7002.0,-5333.0,-2860502
2025-06-29T17:21:54.511171,6876.0,-5342.0,-2865844
2025-06-29T17:21:55.668132,6984.0,-5326.0,-2871170
2025-06-29T17:21:56.824951,7002.0,-5327.0,-2876497
2025-06-29T17:21:57.981874,6948.0,-5307.0,-2881804
2025-06-29T17:21:59.138722,6984.0,-5346.0,-2887150
2025-06-29T17:22:00.295511,6966.0,-5330.0,-2892480
2025-06-29T17:22:01.452504,6966.0,-5313.0,-2897793
2025-06-29T17:22:02.609325,6984.0,-5336.0,-2903129
2025-06-29T17:22:03.766257,6930.0,-5350.0,-2908479
2025-06-29T17:22:04.923050,6966.0,-5329.0,-2913808
2025-06-29T17:22:06.079940,6948.0,-5324.0,-2919132
2025-06-29T17:22:07.236893,6966.0,-5312.0,-2924444
2025-06-29T17:22:08.393787,7002.0,-5331.0,-2929775
2025-06-29T17:22:09.550591,6966.0,-5335.0,-2935110
2025-06-29T17:22:10.707515,6948.0,-5323.0,-2940433
2025-06-29T17:22:11.864332,7020.0,-5316.0,-2945749
2025-06-29T17:22:13.021285,6966.0,-5342.0,-2951091
2025-06-29T17:22:14.178084,6966.0,-5328.0,-2956419
2025-06-29T17:22:15.334991,6984.0,-5319.0,-2961738
2025-06-29T17:22:16.491799,6966.0,-5326.0,-2967064
2025-06-29T17:22:17.648761,6984.0,-5322.0,-2972386
2025-06-29T17:22:18.805567,6948.0,-5339.0,-2977725
2025-06-29T17:22:19.962410,7002.0,-5339.0,-2983064
2025-06-29T17:22:21.119323,6930.0,-5314.0,-2988378
2025-06-29T17:22:22.276167,6930.0,-5337.0,-2993715
2025-06-29T17:22:23.433122,7020.0,-5320.0,-2999035
2025-06-29T17:22:24.589918,6948.0,-5329.0,-3004364
2025-06-29T17:22:25.746835,7002.0,-5331.0,-3009695
2025-06-29T17:22:26.903721,7002.0,-5340.0,-3015035
2025-06-29T17:22:28.060737,6966.0,-5316.0,-3020351
2025-06-29T17:22:29.217451,6912.0,-5328.0,-3025679
2025-06-29T17:22:30.374311,7002.0,-5347.0,-3031026
2025-06-29T17:22:31.531221,6912.0,-5318.0,-3036344
2025-06-29T17:22:32.688125,7020.0,-5334.0,-3041678
2025-06-29T17:22:33.845011,6948.0,-5364.0,-3047042
2025-06-29T17:22:35.001832,6966.0,-5330.0,-3052372
2025-06-29T17:22:36.158595,6948.0,-5340.0,-3057712
2025-06-29T17:22:37.315642,6984.0,-5332.0,-3063044
2025-06-29T17:22:38.472432,6984.0,-5333.0,-3068377
2025-06-29T17:22:39.629285,6930.0,-5337.0,-3073714
2025-06-29T17:22:40.786238,7002.0,-5346.0,-3079060
2025-06-29T17:22:41.943136,6966.0,-5334.0,-3084394
2025-06-29T17:22:43.099977,7002.0,-5322.0,-3089716
2025-06-29T17:22:44.256938,6966.0,-5348.0,-3095064
2025-06-29T17:22:45.413682,6912.0,-5342.0,-3100406
2025-06-29T17:22:46.570593,6984.0,-5337.0,-3105743
2025-06-29T17:22:47.727533,6948.0,-5337.0,-3111080
2025-06-29T17:22:48.884312,6930.0,-5341.0,-3116421
2025-06-29T17:22:50.041161,6948.0,-5341.0,-3121762
2025-06-29T17:22:51.198073,6966.0,-5336.0,-3127098
2025-06-29T17:22:52.354997,6912.0,-5342.0,-3132440
2025-06-29T17:22:53.511910,6966.0,-5331.0,-3137771
2025-06-29T17:22:54.668682,6984.0,-5355.0,-3143126
2025-06-29T17:22:55.825480,6948.0,-5340.0,-3148466
2025-06-29T17:22:56.982477,7002.0,-5320.0,-3153786
2025-06-29T17:22:58.139878,6912.0,-5331.0,-3159117
2025-06-29T17:22:59.296144,6966.0,-5339.0,-3164456
2025-06-29T17:23:00.453103,6948.0,-5325.0,-3169781
2025-06-29T17:23:01.609931,6984.0,-5367.0,-3175148
2025-06-29T17:23:02.766887,6966.0,-5343.0,-3180491
2025-06-29T17:23:03.923741,7002.0,-5323.0,-3185814
2025-06-29T17:23:05.080544,6966.0,-5343.0,-3191157
2025-06-29T17:23:06.237484,6948.0,-5328.0,-3196485
2025-06-29T17:23:07.394362,6948.0,-5319.0,-3201804
2025-06-29T17:23:08.551186,6894.0,-5353.0,-3207157
2025-06-29T17:23:09.708041,6948.0,-5327.0,-3212484
2025-06-29T17:23:10.864849,6948.0,-5335.0,-3217819
2025-06-29T17:23:12.021864,7002.0,-5339.0,-3223158
2025-06-29T17:23:13.178677,6930.0,-5348.0,-3228506
2025-06-29T17:23:14.335556,6930.0,-5335.0,-3233841
2025-06-29T17:23:15.492405,6948.0,-5343.0,-3239184
2025-06-29T17:23:16.649355,7002.0,-5336.0,-3244520
2025-06-29T17:23:17.806204,6912.0,-5321.0,-3249841
2025-06-29T17:23:18.963013,6966.0,-5330.0,-3255171
2025-06-29T17:23:20.119900,6948.0,-5329.0,-3260500
2025-06-29T17:23:21.276875,7002.0,-5330.0,-3265830
2025-06-29T17:23:22.433720,6984.0,-5343.0,-3271173
2025-06-29T17:23:23.590657,6984.0,-5320.0,-3276493
2025-06-29T17:23:24.747415,6912.0,-5339.0,-3281832
2025-06-29T17:23:25.904291,7002.0,-5333.0,-3287165
2025-06-29T17:23:27.061240,6984.0,-5318.0,-3292483
2025-06-29T17:23:28.218013,6966.0,-5340.0,-3297823
2025-06-29T17:23:29.374858,6930.0,-5353.0,-3303176
2025-06-29T17:23:30.531809,6984.0,-5332.0,-3308508
2025-06-29T17:23:31.688761,6930.0,-5363.0,-3313871
2025-06-29T17:23:32.845564,6984.0,-5329.0,-3319200
2025-06-29T17:23:34.002440,7002.0,-5353.0,-3324553
2025-06-29T17:23:35.159282,6948.0,-5328.0,-3329881
2025-06-29T17:23:36.316229,6930.0,-5349.0,-3335230
2025-06-29T17:23:37.473087,6966.0,-5320.0,-3340550
2025-06-29T17:23:38.629979,6966.0,-5337.0,-3345887
2025-06-29T17:23:39.786811,6966.0,-5340.0,-3351227
2025-06-29T17:23:40.943664,6984.0,-5327.0,-3356554
2025-06-29T17:23:42.100616,6984.0,-5333.0,-3361887
2025-06-29T17:23:43.257361,6966.0,-5319.0,-3367206
2025-06-29T17:23:44.414256,6948.0,-5334.0,-3372540
2025-06-29T17:23:45.571190,6966.0,-5347.0,-3377887
2025-06-29T17:23:46.728139,6948.0,-5324.0,-3383211
2025-06-29T17:23:47.884985,6912.0,-5356.0,-3388567
2025-06-29T17:23:49.041721,6930.0,-5338.0,-3393905
2025-06-29T17:23:50.198708,6966.0,-5345.0,-3399250
2025-06-29T17:23:51.355625,6984.0,-5330.0,-3404580
2025-06-29T17:23:52.512449,6948.0,-5341.0,-3409921
2025-06-29T17:23:53.669349,6984.0,-5329.0,-3415250
2025-06-29T17:23:54.826116,6948.0,-5336.0,-3420586
2025-06-29T17:23:55.983099,6930.0,-5328.0,-3425914
2025-06-29T17:23:57.139952,6912.0,-5344.0,-3431258
2025-06-29T17:23:58.296785,6912.0,-5312.0,-3436570
2025-06-29T17:23:59.453691,6984.0,-5331.0,-3441901
2025-06-29T17:24:00.610580,6948.0,-5332.0,-3447233
2025-06-29T17:24:01.767440,6930.0,-5330.0,-3452563
2025-06-29T17:24:02.924316,6912.0,-5322.0,-3457885
2025-06-29T17:24:04.081154,7002.0,-5333.0,-3463218
2025-06-29T17:24:05.238059,6948.0,-5333.0,-3468551
2025-06-29T17:24:06.394971,6966.0,-5317.0,-3473868
2025-06-29T17:24:07.551854,6948.0,-5338.0,-3479206
2025-06-29T17:24:08.708664,7002.0,-5334.0,-3484540
2025-06-29T17:24:09.865577,6966.0,-5330.0,-3489870
2025-06-29T17:24:11.022427,6984.0,-5337.0,-3495207
2025-06-29T17:24:12.179335,6948.0,-5320.0,-3500527
2025-06-29T17:24:13.336161,7002.0,-5332.0,-3505859
2025-06-29T17:24:14.493071,6966.0,-5298.0,-3511157
2025-06-29T17:24:15.649974,6984.0,-5344.0,-3516501
2025-06-29T17:24:16.806808,6966.0,-5325.0,-3521826
2025-06-29T17:24:17.963671,6894.0,-5344.0,-3527170
2025-06-29T17:24:19.120622,7002.0,-5332.0,-3532502
2025-06-29T17:24:20.277348,6912.0,-5344.0,-3537846
2025-06-29T17:24:21.434331,6966.0,-5330.0,-3543176
2025-06-29T17:24:22.806543,1.0,1.0,1
2025-06-29T17:24:24.253114,1.0,1.0,1
2025-06-29T17:24:25.700729,1.0,1.0,1
2025-06-29T17:24:27.147347,1.0,1.0,1
2025-06-29T17:24:28.595000,1.0,1.0,1
2025-06-29T17:24:30.041549,1.0,1.0,1
2025-06-29T17:24:31.488302,1.0,1.0,1
2025-06-29T17:24:32.935864,1.0,1.0,1
2025-06-29T17:24:34.382378,1.0,1.0,1
2025-06-29T17:24:35.829973,1.0,1.0,1
2025-06-29T17:24:37.276652,1.0,1.0,1
2025-06-29T17:24:38.724261,1.0,1.0,1
2025-06-29T17:24:40.170860,1.0,1.0,1
2025-06-29T17:24:41.618462,1.0,1.0,1
2025-06-29T17:24:43.065131,1.0,1.0,1
2025-06-29T17:24:44.512698,1.0,1.0,1
2025-06-29T17:24:45.959290,1.0,1.0,1
2025-06-29T17:24:47.406848,1.0,1.0,1
2025-06-29T17:24:48.853580,1.0,1.0,1
2025-06-29T17:24:50.301050,1.0,1.0,1
2025-06-29T17:24:51.747852,1.0,1.0,1
2025-06-29T17:24:53.195326,1.0,1.0,1
2025-06-29T17:24:54.641957,1.0,1.0,1
2025-06-29T17:24:56.089655,1.0,1.0,1
2025-06-29T17:24:57.536269,1.0,1.0,1
2025-06-29T17:24:58.983853,1.0,1.0,1
2025-06-29T17:25:00.430483,1.0,1.0,1
2025-06-29T17:25:01.878029,1.0,1.0,1
2025-06-29T17:25:03.324625,1.0,1.0,1
2025-06-29T17:25:04.772324,1.0,1.0,1
2025-06-29T17:25:06.218903,1.0,1.0,1
2025-06-29T17:25:07.666515,1.0,1.0,1
2025-06-29T17:25:09.113217,1.0,1.0,1
2025-06-29T17:25:10.560834,1.0,1.0,1
2025-06-29T17:25:12.007302,1.0,1.0,1
2025-06-29T17:25:13.454925,1.0,1.0,1
2025-06-29T17:25:14.901641,1.0,1.0,1
2025-06-29T17:25:16.349229,1.0,1.0,1
2025-06-29T17:25:17.795793,1.0,1.0,1
2025-06-29T17:25:19.243419,1.0,1.0,1
2025-06-29T17:25:20.690054,1.0,1.0,1
2025-06-29T17:25:22.137660,1.0,1.0,1
2025-06-29T17:25:23.584242,1.0,1.0,1
2025-06-29T17:25:25.031876,1.0,1.0,1
2025-06-29T17:25:26.478530,1.0,1.0,1
2025-06-29T17:25:27.926128,1.0,1.0,1
2025-06-29T17:25:29.372651,1.0,1.0,1
2025-06-29T17:25:30.820306,1.0,1.0,1
2025-06-29T17:25:32.270962,1.0,1.0,1
2025-06-29T17:25:33.718508,1.0,1.0,1
2025-06-29T17:25:35.169135,1.0,1.0,1
2025-06-29T17:25:36.616758,1.0,1.0,1
2025-06-29T17:25:38.063435,1.0,1.0,1
2025-06-29T17:25:39.509952,1.0,1.0,1
2025-06-29T17:25:40.957533,1.0,1.0,1
2025-06-29T17:25:42.404297,1.0,1.0,1
2025-06-29T17:25:43.851854,1.0,1.0,1
2025-06-29T17:25:45.298460,1.0,1.0,1
2025-06-29T17:25:46.746083,1.0,1.0,1
2025-06-29T17:25:48.192655,1.0,1.0,1
2025-06-29T17:25:49.640371,1.0,1.0,1
2025-06-29T17:25:51.086980,1.0,1.0,1
2025-06-29T17:25:52.534538,1.0,1.0,1
2025-06-29T17:25:53.981131,1.0,1.0,1
2025-06-29T17:25:55.428733,1.0,1.0,1
2025-06-29T17:25:56.875386,1.0,1.0,1
2025-06-29T17:25:58.323059,1.0,1.0,1
2025-06-29T17:25:59.769569,1.0,1.0,1
2025-06-29T17:26:01.217146,1.0,1.0,1
2025-06-29T17:26:02.663833,1.0,1.0,1
2025-06-29T17:26:04.111483,1.0,1.0,1
2025-06-29T17:26:05.557988,1.0,1.0,1
2025-06-29T17:26:07.005673,1.0,1.0,1
2025-06-29T17:26:08.452270,1.0,1.0,1
2025-06-29T17:26:09.899997,1.0,1.0,1
2025-06-29T17:26:11.346494,1.0,1.0,1
2025-06-29T17:26:12.794087,1.0,1.0,1
2025-06-29T17:26:14.240765,1.0,1.0,1
2025-06-29T17:26:15.688417,1.0,1.0,1
2025-06-29T17:26:17.134910,1.0,1.0,1
2025-06-29T17:26:18.582553,1.0,1.0,1
2025-06-29T17:26:20.029164,1.0,1.0,1
2025-06-29T17:26:21.476846,1.0,1.0,1
2025-06-29T17:26:22.923486,1.0,1.0,1
2025-06-29T17:26:24.371098,1.0,1.0,1
2025-06-29T17:26:25.817638,1.0,1.0,1
2025-06-29T17:26:27.265247,1.0,1.0,1
2025-06-29T17:26:28.711903,1.0,1.0,1
2025-06-29T17:26:30.159389,1.0,1.0,1
2025-06-29T17:26:31.606046,1.0,1.0,1
2025-06-29T17:26:33.053675,1.0,1.0,1
2025-06-29T17:26:34.500404,1.0,1.0,1
2025-06-29T17:26:35.947954,1.0,1.0,1
2025-06-29T17:26:37.394568,1.0,1.0,1
2025-06-29T17:26:38.842100,1.0,1.0,1
2025-06-29T17:26:40.292643,1.0,1.0,1
2025-06-29T17:26:41.740480,1.0,1.0,1
2025-06-29T17:26:43.190992,1.0,1.0,1
2025-06-29T17:26:44.638578,1.0,1.0,1
2025-06-29T17:26:46.085304,1.0,1.0,1
2025-06-29T17:26:47.531802,1.0,1.0,1
2025-06-29T17:26:48.979391,1.0,1.0,1
2025-06-29T17:26:50.426149,1.0,1.0,1
2025-06-29T17:26:51.873718,1.0,1.0,1
2025-06-29T17:26:53.320279,1.0,1.0,1
2025-06-29T17:26:54.767846,1.0,1.0,1
2025-06-29T17:26:56.214516,1.0,1.0,1
2025-06-29T17:26:57.662137,1.0,1.0,1
2025-06-29T17:26:59.108681,1.0,1.0,1
2025-06-29T17:27:00.556318,1.0,1.0,1
2025-06-29T17:27:02.002977,1.0,1.0,1
2025-06-29T17:27:03.450495,1.0,1.0,1
2025-06-29T17:27:04.897232,1.0,1.0,1
2025-06-29T17:27:06.344799,1.0,1.0,1
2025-06-29T17:27:07.791399,1.0,1.0,1
2025-06-29T17:27:09.239002,1.0,1.0,1
2025-06-29T17:27:10.685742,1.0,1.0,1
2025-06-29T17:27:12.133325,1.0,1.0,1
2025-06-29T17:27:13.579799,1.0,1.0,1
2025-06-29T17:27:15.027507,1.0,1.0,1
2025-06-29T17:27:16.474107,1.0,1.0,1
2025-06-29T17:27:17.921768,1.0,1.0,1
2025-06-29T17:27:19.368339,1.0,1.0,1
2025-06-29T17:27:20.815948,1.0,1.0,1
2025-06-29T17:27:22.262584,1.0,1.0,1
2025-06-29T17:27:23.710174,1.0,1.0,1
2025-06-29T17:27:25.156746,1.0,1.0,1
2025-06-29T17:27:26.604347,1.0,1.0,1
2025-06-29T17:27:28.051099,1.0,1.0,1
2025-06-29T17:27:29.498683,1.0,1.0,1
2025-06-29T17:27:30.945182,1.0,1.0,1
2025-06-29T17:27:32.392821,1.0,1.0,1
2025-06-29T17:27:33.839470,1.0,1.0,1
2025-06-29T17:27:35.287058,1.0,1.0,1
2025-06-29T17:27:36.733666,1.0,1.0,1
2025-06-29T17:27:38.181310,1.0,1.0,1
2025-06-29T17:27:39.627944,1.0,1.0,1
2025-06-29T17:27:41.075520,1.0,1.0,1
2025-06-29T17:27:42.522116,1.0,1.0,1
2025-06-29T17:27:43.969744,1.0,1.0,1
2025-06-29T17:27:45.416386,1.0,1.0,1
2025-06-29T17:27:46.863944,1.0,1.0,1
2025-06-29T17:27:48.314609,1.0,1.0,1
2025-06-29T17:27:49.762190,1.0,1.0,1
2025-06-29T17:27:51.212805,1.0,1.0,1
2025-06-29T17:27:52.660403,1.0,1.0,1
2025-06-29T17:27:54.106978,1.0,1.0,1
2025-06-29T17:27:55.553721,1.0,1.0,1
2025-06-29T17:27:57.001296,1.0,1.0,1
2025-06-29T17:27:58.447880,1.0,1.0,1
2025-06-29T17:27:59.895515,1.0,1.0,1
2025-06-29T17:28:01.342101,1.0,1.0,1
2025-06-29T17:28:02.789749,1.0,1.0,1
2025-06-29T17:28:04.236383,1.0,1.0,1
2025-06-29T17:28:05.683973,1.0,1.0,1
2025-06-29T17:28:07.130531,1.0,1.0,1
2025-06-29T17:28:08.578092,1.0,1.0,1
2025-06-29T17:28:10.024813,1.0,1.0,1
2025-06-29T17:28:11.472411,1.0,1.0,1
2025-06-29T17:28:12.919001,1.0,1.0,1
2025-06-29T17:28:14.366600,1.0,1.0,1
2025-06-29T17:28:15.813154,1.0,1.0,1
2025-06-29T17:28:17.260893,1.0,1.0,1
2025-06-29T17:28:18.707420,1.0,1.0,1
2025-06-29T17:28:20.155082,1.0,1.0,1
2025-06-29T17:28:21.601728,1.0,1.0,1
2025-06-29T17:28:23.049375,1.0,1.0,1
2025-06-29T17:28:24.495862,1.0,1.0,1
2025-06-29T17:28:25.943508,1.0,1.0,1
2025-06-29T17:28:27.390189,1.0,1.0,1
2025-06-29T17:28:28.837795,1.0,1.0,1
2025-06-29T17:28:30.284180,1.0,1.0,1
2025-06-29T17:28:31.731981,1.0,1.0,1
2025-06-29T17:28:33.178571,1.0,1.0,1
2025-06-29T17:28:34.626197,1.0,1.0,1
2025-06-29T17:28:36.072818,1.0,1.0,1
2025-06-29T17:28:37.520532,1.0,1.0,1
2025-06-29T17:28:38.967106,1.0,1.0,1
2025-06-29T17:28:40.414664,1.0,1.0,1
2025-06-29T17:28:41.861373,1.0,1.0,1
2025-06-29T17:28:43.308935,1.0,1.0,1
2025-06-29T17:28:44.755594,1.0,1.0,1
2025-06-29T17:28:46.203099,1.0,1.0,1
2025-06-29T17:28:47.649747,1.0,1.0,1
2025-06-29T17:28:49.097472,1.0,1.0,1
2025-06-29T17:28:50.543933,1.0,1.0,1
2025-06-29T17:28:51.991528,1.0,1.0,1
2025-06-29T17:28:53.438287,1.0,1.0,1
2025-06-29T17:28:54.885850,1.0,1.0,1
2025-06-29T17:28:56.336480,1.0,1.0,1
2025-06-29T17:28:57.784061,1.0,1.0,1
2025-06-29T17:28:59.234584,1.0,1.0,1
2025-06-29T17:29:00.682288,1.0,1.0,1
2025-06-29T17:29:02.128887,1.0,1.0,1
2025-06-29T17:29:03.575429,1.0,1.0,1
2025-06-29T17:29:05.023131,1.0,1.0,1
2025-06-29T17:29:06.469708,1.0,1.0,1
2025-06-29T17:29:07.917362,1.0,1.0,1
2025-06-29T17:29:09.363961,1.0,1.0,1
2025-06-29T17:29:10.811506,1.0,1.0,1
2025-06-29T17:29:12.258187,1.0,1.0,1
2025-06-29T17:29:13.705661,1.0,1.0,1
2025-06-29T17:29:15.152451,1.0,1.0,1
2025-06-29T17:29:16.600185,1.0,1.0,1
2025-06-29T17:29:18.046649,1.0,1.0,1
2025-06-29T17:29:19.494196,1.0,1.0,1
2025-06-29T17:29:20.940804,1.0,1.0,1
2025-06-29T17:29:22.388497,1.0,1.0,1
2025-06-29T17:29:23.835205,1.0,1.0,1
2025-06-29T17:29:25.282704,1.0,1.0,1
2025-06-29T17:29:26.729255,1.0,1.0,1
2025-06-29T17:29:28.176931,1.0,1.0,1
2025-06-29T17:29:29.623567,1.0,1.0,1
2025-06-29T17:29:31.071154,1.0,1.0,1
2025-06-29T17:29:32.517716,1.0,1.0,1
2025-06-29T17:29:33.965343,1.0,1.0,1
2025-06-29T17:29:35.412001,1.0,1.0,1
2025-06-29T17:29:36.859621,1.0,1.0,1
2025-06-29T17:29:38.306183,1.0,1.0,1
2025-06-29T17:29:39.753807,1.0,1.0,1
2025-06-29T17:29:41.200447,1.0,1.0,1
2025-06-29T17:29:42.648057,1.0,1.0,1
2025-06-29T17:29:44.094648,1.0,1.0,1
2025-06-29T17:29:45.542219,1.0,1.0,1
2025-06-29T17:29:46.988871,1.0,1.0,1
2025-06-29T17:29:48.436539,1.0,1.0,1
2025-06-29T17:29:49.883119,1.0,1.0,1
2025-06-29T17:29:51.330673,1.0,1.0,1
2025-06-29T17:29:52.777356,1.0,1.0,1
2025-06-29T17:29:54.224945,1.0,1.0,1
2025-06-29T17:29:55.671533,1.0,1.0,1
2025-06-29T17:29:57.119167,1.0,1.0,1
2025-06-29T17:29:58.565806,1.0,1.0,1
2025-06-29T17:30:00.013670,1.0,1.0,1
2025-06-29T17:30:01.459964,1.0,1.0,1
2025-06-29T17:30:02.907662,1.0,1.0,1
2025-06-29T17:30:04.358158,1.0,1.0,1
2025-06-29T17:30:05.805913,1.0,1.0,1
2025-06-29T17:30:07.256431,1.0,1.0,1
2025-06-29T17:30:08.704046,1.0,1.0,1
2025-06-29T17:30:10.150681,1.0,1.0,1
2025-06-29T17:30:11.597317,1.0,1.0,1
2025-06-29T17:30:13.044958,1.0,1.0,1
2025-06-29T17:30:14.491506,1.0,1.0,1
2025-06-29T17:30:15.939109,1.0,1.0,1
2025-06-29T17:30:17.385837,1.0,1.0,1
2025-06-29T17:30:18.833311,1.0,1.0,1
2025-06-29T17:30:20.279890,1.0,1.0,1
2025-06-29T17:30:21.727618,1.0,1.0,1
2025-06-29T17:30:23.174176,1.0,1.0,1
2025-06-29T17:30:24.621909,1.0,1.0,1
2025-06-29T17:30:26.068423,1.0,1.0,1
2025-06-29T17:30:27.516070,1.0,1.0,1
2025-06-29T17:30:28.962701,1.0,1.0,1
2025-06-29T17:30:30.410371,1.0,1.0,1
2025-06-29T17:30:31.856856,1.0,1.0,1
2025-06-29T17:30:33.304498,1.0,1.0,1
2025-06-29T17:30:34.751124,1.0,1.0,1
2025-06-29T17:30:36.198710,1.0,1.0,1
2025-06-29T17:30:37.645352,1.0,1.0,1
2025-06-29T17:30:39.092934,1.0,1.0,1
2025-06-29T17:30:40.539614,1.0,1.0,1
2025-06-29T17:30:41.987207,1.0,1.0,1
2025-06-29T17:30:43.433740,1.0,1.0,1
2025-06-29T17:30:44.881407,1.0,1.0,1
2025-06-29T17:30:46.328097,1.0,1.0,1
2025-06-29T17:30:47.775665,1.0,1.0,1
2025-06-29T17:30:49.222216,1.0,1.0,1
2025-06-29T17:30:50.669935,1.0,1.0,1
2025-06-29T17:30:52.116463,1.0,1.0,1
2025-06-29T17:30:53.564086,1.0,1.0,1
2025-06-29T17:30:55.010756,1.0,1.0,1
2025-06-29T17:30:56.458319,1.0,1.0,1
2025-06-29T17:30:57.904942,1.0,1.0,1
2025-06-29T17:30:59.352537,1.0,1.0,1
2025-06-29T17:31:00.799238,1.0,1.0,1
2025-06-29T17:31:02.246781,1.0,1.0,1
2025-06-29T17:31:03.693390,1.0,1.0,1
2025-06-29T17:31:05.140942,1.0,1.0,1
2025-06-29T17:31:06.587655,1.0,1.0,1
2025-06-29T17:31:08.035254,1.0,1.0,1
2025-06-29T17:31:09.481790,1.0,1.0,1
2025-06-29T17:31:10.929399,1.0,1.0,1
2025-06-29T17:31:12.380037,1.0,1.0,1
2025-06-29T17:31:13.827581,1.0,1.0,1
2025-06-29T17:31:15.278269,1.0,1.0,1
2025-06-29T17:31:16.725888,1.0,1.0,1
2025-06-29T17:31:18.172520,1.0,1.0,1
2025-06-29T17:31:19.619131,1.0,1.0,1
2025-06-29T17:31:21.066621,1.0,1.0,1
2025-06-29T17:31:22.513394,1.0,1.0,1
2025-06-29T17:31:23.961044,1.0,1.0,1
2025-06-29T17:31:25.407527,1.0,1.0,1
2025-06-29T17:31:26.855208,1.0,1.0,1
2025-06-29T17:31:28.301851,1.0,1.0,1
2025-06-29T17:31:29.749425,1.0,1.0,1
2025-06-29T17:31:31.196099,1.0,1.0,1
2025-06-29T17:31:32.643574,1.0,1.0,1
2025-06-29T17:31:34.090286,1.0,1.0,1
2025-06-29T17:31:35.537866,1.0,1.0,1
2025-06-29T17:31:36.984593,1.0,1.0,1
2025-06-29T17:31:38.432159,1.0,1.0,1
2025-06-29T17:31:39.878734,1.0,1.0,1
2025-06-29T17:31:41.685867,3793.0,-17.0,-17
2025-06-29T17:31:42.834594,7290.0,-16.0,-33
2025-06-29T17:31:43.983317,7200.0,-16.0,-49
2025-06-29T17:31:45.132504,7110.0,-17.0,-66
2025-06-29T17:31:46.281088,7092.0,-17.0,-83
2025-06-29T17:31:47.429877,7056.0,-16.0,-99
