Timestamp,Tension,Corriente,totalizado
2025-06-29T19:53:05.402513,6948.0,-16.0,-177
2025-06-29T19:53:06.551258,6912.0,-16.0,-193
2025-06-29T19:53:07.700133,6948.0,-16.0,-209
2025-06-29T19:53:08.848825,6966.0,-16.0,-225
2025-06-29T19:53:09.997577,6894.0,-16.0,-241
2025-06-29T19:53:11.149501,6822.0,-4736.0,-4977
2025-06-29T19:53:12.303386,6822.0,-5372.0,-10349
2025-06-29T19:53:13.456147,6840.0,-5375.0,-15724
2025-06-29T19:53:14.608904,6804.0,-5382.0,-21106
2025-06-29T19:53:15.761777,6858.0,-5397.0,-26503
2025-06-29T19:53:16.914576,6804.0,-5364.0,-31867
2025-06-29T19:53:18.067384,6840.0,-5386.0,-37253
2025-06-29T19:53:19.220203,6786.0,-5394.0,-42647
2025-06-29T19:53:20.373080,6876.0,-5378.0,-48025
2025-06-29T19:53:21.525921,6804.0,-5379.0,-53404
2025-06-29T19:53:22.678721,6840.0,-5378.0,-58782
2025-06-29T19:53:23.831520,6786.0,-5392.0,-64174
2025-06-29T19:53:24.984303,6858.0,-5381.0,-69555
2025-06-29T19:53:26.137200,6822.0,-5377.0,-74932
2025-06-29T19:53:27.289958,6858.0,-5398.0,-80330
2025-06-29T19:53:28.442821,6786.0,-5409.0,-85739
2025-06-29T19:53:29.595748,6858.0,-5387.0,-91126
2025-06-29T19:53:30.748533,6822.0,-5390.0,-96516
2025-06-29T19:53:31.902389,6804.0,-5396.0,-101912
2025-06-29T19:53:33.059102,6750.0,-5386.0,-107298
2025-06-29T19:53:34.211916,6840.0,-5411.0,-112709
2025-06-29T19:53:35.364927,6786.0,-5403.0,-118112
2025-06-29T19:53:36.517745,6858.0,-5396.0,-123508
2025-06-29T19:53:37.670546,6804.0,-5392.0,-128900
2025-06-29T19:53:38.823460,6786.0,-5396.0,-134296
2025-06-29T19:53:39.980190,6822.0,-5412.0,-139708
2025-06-29T19:53:41.132962,6822.0,-5404.0,-145112
2025-06-29T19:53:42.285824,6786.0,-5400.0,-150512
2025-06-29T19:53:43.438665,6786.0,-5400.0,-155912
2025-06-29T19:53:44.591485,6786.0,-5389.0,-161301
2025-06-29T19:53:45.744316,6786.0,-5405.0,-166706
2025-06-29T19:53:46.901331,6786.0,-5401.0,-172107
2025-06-29T19:53:48.057998,6822.0,-5398.0,-177505
2025-06-29T19:53:49.211041,6804.0,-5413.0,-182918
2025-06-29T19:53:50.363833,6786.0,-5413.0,-188331
2025-06-29T19:53:51.516722,6786.0,-5418.0,-193749
2025-06-29T19:53:52.669383,6822.0,-5400.0,-199149
2025-06-29T19:53:53.826394,6786.0,-5396.0,-204545
2025-06-29T19:53:54.983114,6822.0,-5406.0,-209951
2025-06-29T19:53:56.136022,6822.0,-5412.0,-215363
2025-06-29T19:53:57.288776,6858.0,-5409.0,-220772
2025-06-29T19:53:58.441724,6786.0,-5426.0,-226198
2025-06-29T19:53:59.594621,6804.0,-5420.0,-231618
2025-06-29T19:54:00.751532,6786.0,-5397.0,-237015
2025-06-29T19:54:01.908263,6768.0,-5401.0,-242416
2025-06-29T19:54:03.061308,6768.0,-5395.0,-247811
2025-06-29T19:54:04.214074,6786.0,-5409.0,-253220
2025-06-29T19:54:05.366808,6804.0,-5411.0,-258631
2025-06-29T19:54:06.519803,6768.0,-5410.0,-264041
2025-06-29T19:54:07.676594,6732.0,-5401.0,-269442
2025-06-29T19:54:08.833445,6786.0,-5399.0,-274841
2025-06-29T19:54:09.984239,6858.0,-15.0,-274856
2025-06-29T19:54:11.137042,6840.0,-16.0,-274872
2025-06-29T19:54:12.265702,6894.0,-17.0,-274889
2025-06-29T19:54:13.394350,6876.0,-16.0,-274905
2025-06-29T19:54:14.522922,6840.0,-16.0,-274921
2025-06-29T19:54:15.651617,6912.0,-16.0,-274937
2025-06-29T19:54:16.780275,6876.0,-16.0,-274953
2025-06-29T19:54:17.908800,6876.0,-16.0,-274969
2025-06-29T19:54:19.041571,6858.0,-16.0,-274985
2025-06-29T19:54:20.174363,6930.0,-16.0,-275001
2025-06-29T19:54:21.306998,6858.0,-16.0,-275017
2025-06-29T19:54:22.439594,6840.0,-17.0,-275034
2025-06-29T19:54:23.572395,6822.0,-16.0,-275050
2025-06-29T19:54:24.704963,6912.0,-16.0,-275066
2025-06-29T19:54:25.833714,6858.0,-16.0,-275082
2025-06-29T19:54:26.966453,6894.0,-16.0,-275098
2025-06-29T19:54:28.095024,6840.0,-16.0,-275114
2025-06-29T19:54:29.223698,6894.0,-16.0,-275130
2025-06-29T19:54:30.352230,6858.0,-16.0,-275146
2025-06-29T19:54:31.481022,6912.0,-16.0,-275162
2025-06-29T19:54:32.609620,6786.0,-16.0,-275178
2025-06-29T19:54:33.738271,6894.0,-16.0,-275194
2025-06-29T19:54:34.866901,6822.0,-16.0,-275210
2025-06-29T19:54:35.995554,6912.0,-16.0,-275226
2025-06-29T19:54:37.124223,6858.0,-15.0,-275241
2025-06-29T19:54:38.252948,6948.0,-16.0,-275257
2025-06-29T19:54:39.381586,6858.0,-16.0,-275273
2025-06-29T19:54:40.510158,6858.0,-16.0,-275289
2025-06-29T19:54:41.638959,6858.0,-17.0,-275306
2025-06-29T19:54:42.767496,6894.0,-16.0,-275322
2025-06-29T19:54:43.896229,6894.0,-16.0,-275338
2025-06-29T19:54:45.024883,6876.0,-16.0,-275354
2025-06-29T19:54:46.153478,6840.0,-16.0,-275370
2025-06-29T19:54:47.282217,6912.0,-16.0,-275386
2025-06-29T19:54:48.410712,6840.0,-17.0,-275403
2025-06-29T19:54:49.539535,6930.0,-16.0,-275419
2025-06-29T19:54:50.674391,6822.0,-16.0,-275435
2025-06-29T19:54:51.796720,6912.0,-16.0,-275451
2025-06-29T19:54:52.929517,6894.0,-16.0,-275467
2025-06-29T19:54:54.062070,6876.0,-16.0,-275483
2025-06-29T19:54:55.194781,6894.0,-16.0,-275499
2025-06-29T19:54:56.327433,6894.0,-16.0,-275515
2025-06-29T19:54:57.460162,6858.0,-16.0,-275531
2025-06-29T19:54:58.592906,6930.0,-16.0,-275547
2025-06-29T19:54:59.725550,6876.0,-17.0,-275564
2025-06-29T19:55:00.854300,6912.0,-16.0,-275580
2025-06-29T19:55:01.986903,6894.0,-16.0,-275596
2025-06-29T19:55:03.115556,6948.0,-16.0,-275612
2025-06-29T19:55:04.244290,6894.0,-16.0,-275628
2025-06-29T19:55:05.372885,6930.0,-16.0,-275644
2025-06-29T19:55:06.501453,6894.0,-16.0,-275660
2025-06-29T19:55:07.630198,6912.0,-16.0,-275676
2025-06-29T19:55:08.758837,6894.0,-17.0,-275693
2025-06-29T19:55:09.887454,6894.0,-16.0,-275709
2025-06-29T19:55:11.016188,6912.0,-16.0,-275725
2025-06-29T19:55:12.144765,6930.0,-16.0,-275741
2025-06-29T19:55:13.273345,6912.0,-16.0,-275757
2025-06-29T19:55:14.402069,6930.0,-17.0,-275774
2025-06-29T19:55:15.530763,6876.0,-17.0,-275791
2025-06-29T19:55:16.659494,6912.0,-16.0,-275807
2025-06-29T19:55:17.787942,6912.0,-16.0,-275823
2025-06-29T19:55:18.916758,6930.0,-16.0,-275839
2025-06-29T19:55:20.045327,6858.0,-16.0,-275855
2025-06-29T19:55:21.173953,6984.0,-16.0,-275871
2025-06-29T19:55:22.302661,6894.0,-16.0,-275887
2025-06-29T19:55:23.431269,6912.0,-16.0,-275903
2025-06-29T19:55:24.560047,6858.0,-16.0,-275919
2025-06-29T19:55:25.688597,6912.0,-16.0,-275935
2025-06-29T19:55:26.817187,6912.0,-16.0,-275951
2025-06-29T19:55:27.945959,6948.0,-16.0,-275967
2025-06-29T19:55:29.078536,6966.0,-17.0,-275984
2025-06-29T19:55:30.211221,6894.0,-16.0,-276000
2025-06-29T19:55:31.343986,6858.0,-16.0,-276016
2025-06-29T19:55:32.476670,6876.0,-16.0,-276032
2025-06-29T19:55:33.605301,6894.0,-17.0,-276049
2025-06-29T19:55:34.738007,6912.0,-16.0,-276065
2025-06-29T19:55:35.866642,6912.0,-16.0,-276081
2025-06-29T19:55:36.995299,6876.0,-17.0,-276098
2025-06-29T19:55:38.123914,6912.0,-16.0,-276114
2025-06-29T19:55:39.252579,6876.0,-16.0,-276130
2025-06-29T19:55:40.381233,6912.0,-16.0,-276146
2025-06-29T19:55:41.509890,6912.0,-16.0,-276162
2025-06-29T19:55:42.638683,6876.0,-17.0,-276179
2025-06-29T19:55:43.768169,6966.0,-16.0,-276195
2025-06-29T19:55:44.895834,6876.0,-16.0,-276211
2025-06-29T19:55:46.024630,6930.0,-16.0,-276227
2025-06-29T19:55:47.153139,6948.0,-16.0,-276243
2025-06-29T19:55:48.281946,6912.0,-16.0,-276259
2025-06-29T19:55:49.410554,6948.0,-16.0,-276275
2025-06-29T19:55:50.539157,6930.0,-16.0,-276291
2025-06-29T19:55:51.667856,6930.0,-16.0,-276307
2025-06-29T19:55:52.796561,6948.0,-16.0,-276323
2025-06-29T19:55:53.925253,6858.0,-16.0,-276339
2025-06-29T19:55:55.053787,6912.0,-16.0,-276355
2025-06-29T19:55:56.182433,6894.0,-16.0,-276371
2025-06-29T19:55:57.311128,6930.0,-17.0,-276388
2025-06-29T19:55:58.439706,6876.0,-16.0,-276404
2025-06-29T19:55:59.568193,6948.0,-16.0,-276420
2025-06-29T19:56:00.697016,6930.0,-16.0,-276436
2025-06-29T19:56:01.829733,6912.0,-16.0,-276452
2025-06-29T19:56:02.962401,6858.0,-16.0,-276468
2025-06-29T19:56:04.095073,6912.0,-16.0,-276484
2025-06-29T19:56:05.227745,6894.0,-16.0,-276500
2025-06-29T19:56:06.356334,6930.0,-16.0,-276516
2025-06-29T19:56:07.489128,6894.0,-16.0,-276532
2025-06-29T19:56:08.617700,6894.0,-16.0,-276548
2025-06-29T19:56:09.746354,6930.0,-16.0,-276564
2025-06-29T19:56:10.875043,6912.0,-16.0,-276580
2025-06-29T19:56:12.003523,6894.0,-16.0,-276596
2025-06-29T19:56:13.132303,6912.0,-16.0,-276612
2025-06-29T19:56:14.260949,6894.0,-16.0,-276628
2025-06-29T19:56:15.389598,6894.0,-16.0,-276644
2025-06-29T19:56:16.518533,6894.0,-16.0,-276660
2025-06-29T19:56:17.646916,6930.0,-16.0,-276676
2025-06-29T19:56:18.775636,6912.0,-17.0,-276693
2025-06-29T19:56:19.904223,6912.0,-16.0,-276709
2025-06-29T19:56:21.033035,6948.0,-16.0,-276725
2025-06-29T19:56:22.161588,6894.0,-16.0,-276741
2025-06-29T19:56:23.290123,6894.0,-16.0,-276757
2025-06-29T19:56:24.418957,6858.0,-16.0,-276773
2025-06-29T19:56:25.547564,6912.0,-17.0,-276790
2025-06-29T19:56:26.676121,6912.0,-16.0,-276806
2025-06-29T19:56:27.804900,6876.0,-16.0,-276822
2025-06-29T19:56:28.933515,6930.0,-16.0,-276838
2025-06-29T19:56:30.062242,6894.0,-17.0,-276855
2025-06-29T19:56:31.190806,6930.0,-16.0,-276871
2025-06-29T19:56:32.319317,6840.0,-16.0,-276887
2025-06-29T19:56:33.448139,6948.0,-16.0,-276903
2025-06-29T19:56:34.580808,6894.0,-16.0,-276919
2025-06-29T19:56:35.713424,6948.0,-16.0,-276935
2025-06-29T19:56:36.846185,6912.0,-17.0,-276952
2025-06-29T19:56:37.978860,6930.0,-16.0,-276968
2025-06-29T19:56:39.107574,6876.0,-16.0,-276984
2025-06-29T19:56:40.240210,6948.0,-16.0,-277000
2025-06-29T19:56:41.368898,6840.0,-16.0,-277016
2025-06-29T19:56:42.497572,6858.0,-16.0,-277032
2025-06-29T19:56:43.625994,6894.0,-16.0,-277048
2025-06-29T19:56:44.754745,6876.0,-16.0,-277064
2025-06-29T19:56:45.883507,6894.0,-16.0,-277080
2025-06-29T19:56:47.012108,6912.0,-16.0,-277096
2025-06-29T19:56:48.140775,6912.0,-16.0,-277112
2025-06-29T19:56:49.269367,6984.0,-16.0,-277128
2025-06-29T19:56:50.397959,6840.0,-16.0,-277144
2025-06-29T19:56:51.526758,6948.0,-16.0,-277160
2025-06-29T19:56:52.655258,6930.0,-17.0,-277177
2025-06-29T19:56:53.784030,6912.0,-16.0,-277193
2025-06-29T19:56:54.912656,6912.0,-17.0,-277210
2025-06-29T19:56:56.041344,6894.0,-16.0,-277226
2025-06-29T19:56:57.170029,6822.0,-16.0,-277242
2025-06-29T19:56:58.298671,6948.0,-16.0,-277258
2025-06-29T19:56:59.427417,6894.0,-16.0,-277274
2025-06-29T19:57:00.555965,6930.0,-16.0,-277290
2025-06-29T19:57:01.684500,6930.0,-16.0,-277306
2025-06-29T19:57:02.813194,6948.0,-16.0,-277322
2025-06-29T19:57:03.941819,6894.0,-16.0,-277338
2025-06-29T19:57:05.070844,6948.0,-16.0,-277354
2025-06-29T19:57:06.199252,6858.0,-16.0,-277370
2025-06-29T19:57:07.331907,6948.0,-16.0,-277386
2025-06-29T19:57:08.464483,6912.0,-16.0,-277402
2025-06-29T19:57:09.597262,6948.0,-16.0,-277418
2025-06-29T19:57:10.729920,6876.0,-16.0,-277434
2025-06-29T19:57:11.858651,6930.0,-16.0,-277450
2025-06-29T19:57:12.991268,6948.0,-16.0,-277466
2025-06-29T19:57:14.119900,6912.0,-17.0,-277483
2025-06-29T19:57:15.248636,6894.0,-16.0,-277499
2025-06-29T19:57:16.377191,6966.0,-16.0,-277515
2025-06-29T19:57:17.505928,6948.0,-17.0,-277532
2025-06-29T19:57:18.634598,6930.0,-16.0,-277548
2025-06-29T19:57:19.763129,6912.0,-16.0,-277564
2025-06-29T19:57:20.891892,6948.0,-16.0,-277580
2025-06-29T19:57:22.020414,6948.0,-16.0,-277596
2025-06-29T19:57:23.149084,6966.0,-17.0,-277613
2025-06-29T19:57:24.277837,6948.0,-16.0,-277629
2025-06-29T19:57:25.406472,7002.0,-16.0,-277645
2025-06-29T19:57:26.535207,6876.0,-16.0,-277661
2025-06-29T19:57:27.663791,6894.0,-16.0,-277677
2025-06-29T19:57:28.792422,6948.0,-16.0,-277693
2025-06-29T19:57:29.921046,6894.0,-16.0,-277709
2025-06-29T19:57:31.049733,6912.0,-16.0,-277725
2025-06-29T19:57:32.178475,6948.0,-16.0,-277741
2025-06-29T19:57:33.307013,6930.0,-17.0,-277758
2025-06-29T19:57:34.435698,6930.0,-16.0,-277774
2025-06-29T19:57:35.564322,6912.0,-16.0,-277790
2025-06-29T19:57:36.693018,6912.0,-16.0,-277806
2025-06-29T19:57:37.821663,6930.0,-16.0,-277822
2025-06-29T19:57:38.950236,6966.0,-16.0,-277838
2025-06-29T19:57:40.082954,6876.0,-16.0,-277854
2025-06-29T19:57:41.215700,6984.0,-16.0,-277870
2025-06-29T19:57:42.348361,6930.0,-16.0,-277886
2025-06-29T19:57:43.480859,6984.0,-16.0,-277902
2025-06-29T19:57:44.609641,6894.0,-16.0,-277918
2025-06-29T19:57:45.742347,6894.0,-16.0,-277934
2025-06-29T19:57:46.870963,6858.0,-16.0,-277950
2025-06-29T19:57:47.999735,6930.0,-17.0,-277967
2025-06-29T19:57:49.128333,6984.0,-16.0,-277983
2025-06-29T19:57:50.257135,6948.0,-16.0,-277999
2025-06-29T19:57:51.385563,6876.0,-16.0,-278015
2025-06-29T19:57:52.514213,6948.0,-16.0,-278031
2025-06-29T19:57:53.643030,6948.0,-16.0,-278047
2025-06-29T19:57:54.771518,7002.0,-16.0,-278063
2025-06-29T19:57:55.900197,6894.0,-16.0,-278079
2025-06-29T19:57:57.028843,6912.0,-16.0,-278095
2025-06-29T19:57:58.157514,6930.0,-17.0,-278112
2025-06-29T19:57:59.286132,6966.0,-17.0,-278129
2025-06-29T19:58:00.414802,6948.0,-16.0,-278145
2025-06-29T19:58:01.543487,6966.0,-16.0,-278161
2025-06-29T19:58:02.672204,6876.0,-16.0,-278177
2025-06-29T19:58:03.800822,6984.0,-17.0,-278194
2025-06-29T19:58:04.929534,6930.0,-17.0,-278211
2025-06-29T19:58:06.058145,6966.0,-17.0,-278228
2025-06-29T19:58:07.186715,6966.0,-16.0,-278244
2025-06-29T19:58:08.315434,6966.0,-16.0,-278260
2025-06-29T19:58:09.444079,6894.0,-16.0,-278276
2025-06-29T19:58:10.572662,6948.0,-16.0,-278292
2025-06-29T19:58:11.701436,6894.0,-16.0,-278308
2025-06-29T19:58:12.834078,6930.0,-16.0,-278324
2025-06-29T19:58:13.966743,6894.0,-16.0,-278340
2025-06-29T19:58:15.099353,6984.0,-16.0,-278356
2025-06-29T19:58:16.232015,6912.0,-17.0,-278373
2025-06-29T19:58:17.360781,6966.0,-16.0,-278389
2025-06-29T19:58:18.493371,6930.0,-16.0,-278405
2025-06-29T19:58:19.621986,6984.0,-16.0,-278421
2025-06-29T19:58:20.750797,6948.0,-16.0,-278437
2025-06-29T19:58:21.879322,6876.0,-16.0,-278453
2025-06-29T19:58:23.007953,6876.0,-16.0,-278469
2025-06-29T19:58:24.136689,6876.0,-16.0,-278485
2025-06-29T19:58:25.265195,6912.0,-17.0,-278502
2025-06-29T19:58:26.394071,6876.0,-16.0,-278518
2025-06-29T19:58:27.522523,6876.0,-16.0,-278534
2025-06-29T19:58:28.651263,6948.0,-16.0,-278550
2025-06-29T19:58:29.779945,6912.0,-16.0,-278566
2025-06-29T19:58:30.908592,6894.0,-16.0,-278582
2025-06-29T19:58:32.037502,6948.0,-16.0,-278598
2025-06-29T19:58:33.165868,6930.0,-16.0,-278614
2025-06-29T19:58:34.294568,6894.0,-17.0,-278631
2025-06-29T19:58:42.133745,3966.0,-5391.0,-5391
2025-06-29T19:58:43.283919,6966.0,-16.0,-5407
2025-06-29T19:58:44.432778,6930.0,-16.0,-5423
2025-06-29T19:58:45.581504,6966.0,-16.0,-5439
2025-06-29T19:58:46.730398,6912.0,-17.0,-5456
2025-06-29T19:58:47.883250,6966.0,-16.0,-5472
2025-06-29T19:58:49.031907,6930.0,-16.0,-5488
2025-06-29T19:58:50.180646,6894.0,-16.0,-5504
2025-06-29T19:58:51.329572,6894.0,-16.0,-5520
2025-06-29T19:58:52.478453,6966.0,-16.0,-5536
2025-06-29T19:58:53.627159,6894.0,-16.0,-5552
2025-06-29T19:58:54.776011,6948.0,-16.0,-5568
2025-06-29T19:58:55.924893,6894.0,-16.0,-5584
2025-06-29T19:58:57.073647,6966.0,-16.0,-5600
2025-06-29T19:58:58.226482,6894.0,-16.0,-5616
2025-06-29T19:58:59.375375,6966.0,-16.0,-5632
2025-06-29T19:59:00.524106,6930.0,-16.0,-5648
2025-06-29T19:59:01.672856,6912.0,-16.0,-5664
2025-06-29T19:59:02.821654,6912.0,-16.0,-5680
2025-06-29T19:59:03.970473,6948.0,-16.0,-5696
2025-06-29T19:59:05.119226,6894.0,-16.0,-5712
2025-06-29T19:59:06.272229,6948.0,-16.0,-5728
2025-06-29T19:59:07.425017,6948.0,-16.0,-5744
2025-06-29T19:59:08.573753,6894.0,-16.0,-5760
2025-06-29T19:59:09.722401,6894.0,-16.0,-5776
2025-06-29T19:59:10.871436,6876.0,-16.0,-5792
2025-06-29T19:59:12.020079,6966.0,-16.0,-5808
2025-06-29T19:59:13.168866,6930.0,-16.0,-5824
2025-06-29T19:59:14.317765,6912.0,-16.0,-5840
2025-06-29T19:59:15.470578,6930.0,-16.0,-5856
2025-06-29T19:59:16.619461,6948.0,-16.0,-5872
2025-06-29T19:59:17.768353,6912.0,-16.0,-5888
2025-06-29T19:59:18.917041,6948.0,-17.0,-5905
2025-06-29T19:59:20.065857,6930.0,-16.0,-5921
2025-06-29T19:59:21.214706,6948.0,-16.0,-5937
2025-06-29T19:59:22.363581,6984.0,-16.0,-5953
2025-06-29T19:59:23.512354,6894.0,-16.0,-5969
2025-06-29T19:59:24.665164,6948.0,-16.0,-5985
2025-06-29T19:59:25.813967,6894.0,-16.0,-6001
2025-06-29T19:59:26.962734,6858.0,-16.0,-6017
2025-06-29T19:59:28.111642,6912.0,-16.0,-6033
2025-06-29T19:59:29.260394,6948.0,-16.0,-6049
2025-06-29T19:59:30.409130,6912.0,-16.0,-6065
2025-06-29T19:59:31.557912,6984.0,-16.0,-6081
2025-06-29T19:59:32.706621,6876.0,-16.0,-6097
2025-06-29T19:59:33.855612,6930.0,-17.0,-6114
2025-06-29T19:59:35.008321,6930.0,-16.0,-6130
2025-06-29T19:59:36.157188,6930.0,-16.0,-6146
2025-06-29T19:59:37.305985,6876.0,-16.0,-6162
2025-06-29T19:59:38.454774,6930.0,-16.0,-6178
2025-06-29T19:59:39.603692,6966.0,-17.0,-6195
2025-06-29T19:59:40.752434,6912.0,-16.0,-6211
2025-06-29T19:59:41.901303,6858.0,-16.0,-6227
2025-06-29T19:59:43.049970,6912.0,-16.0,-6243
2025-06-29T19:59:44.202878,6894.0,-16.0,-6259
2025-06-29T19:59:45.351752,6876.0,-16.0,-6275
2025-06-29T19:59:46.500553,6966.0,-16.0,-6291
2025-06-29T19:59:47.649362,6948.0,-16.0,-6307
2025-06-29T19:59:48.798020,6894.0,-16.0,-6323
2025-06-29T19:59:49.946997,6966.0,-16.0,-6339
2025-06-29T19:59:51.095754,6966.0,-16.0,-6355
2025-06-29T19:59:52.248543,6966.0,-16.0,-6371
2025-06-29T19:59:59.321534,3986.0,-5378.0,-5378
2025-06-29T20:00:00.471917,6876.0,-16.0,-5394
2025-06-29T20:00:01.620772,6894.0,-16.0,-5410
2025-06-29T20:00:02.769458,6966.0,-16.0,-5426
2025-06-29T20:00:03.918170,6894.0,-16.0,-5442
2025-06-29T20:00:05.066772,6930.0,-16.0,-5458
2025-06-29T20:00:06.215411,6912.0,-16.0,-5474
2025-06-29T20:00:07.364026,6912.0,-16.0,-5490
2025-06-29T20:00:08.513743,6930.0,-16.0,-5506
2025-06-29T20:00:09.662444,6966.0,-16.0,-5522
2025-06-29T20:00:10.811064,6840.0,-16.0,-5538
2025-06-29T20:00:11.959738,6948.0,-16.0,-5554
2025-06-29T20:00:13.108442,6876.0,-16.0,-5570
2025-06-29T20:00:14.257177,6948.0,-16.0,-5586
2025-06-29T20:00:15.405748,6948.0,-16.0,-5602
2025-06-29T20:00:16.554454,6894.0,-16.0,-5618
2025-06-29T20:00:17.704270,6930.0,-16.0,-5634
2025-06-29T20:00:18.852887,6930.0,-16.0,-5650
2025-06-29T20:00:20.001612,6930.0,-16.0,-5666
2025-06-29T20:00:21.150261,6984.0,-16.0,-5682
2025-06-29T20:00:22.299295,6930.0,-17.0,-5699
2025-06-29T20:00:23.447504,6930.0,-16.0,-5715
2025-06-29T20:00:24.596194,6876.0,-16.0,-5731
2025-06-29T20:00:25.745182,6912.0,-16.0,-5747
2025-06-29T20:00:26.893622,6912.0,-16.0,-5763
2025-06-29T20:00:28.043252,6966.0,-16.0,-5779
2025-06-29T20:00:29.191985,6966.0,-16.0,-5795
2025-06-29T20:00:30.340719,6930.0,-16.0,-5811
2025-06-29T20:00:31.489394,6930.0,-16.0,-5827
2025-06-29T20:00:32.638343,6966.0,-16.0,-5843
2025-06-29T20:00:33.786782,6912.0,-17.0,-5860
2025-06-29T20:00:34.935579,6966.0,-16.0,-5876
2025-06-29T20:00:36.084060,6930.0,-16.0,-5892
2025-06-29T20:00:37.233826,6984.0,-16.0,-5908
2025-06-29T20:00:38.382446,6984.0,-16.0,-5924
2025-06-29T20:00:39.531160,6948.0,-16.0,-5940
2025-06-29T20:00:40.679813,6912.0,-16.0,-5956
2025-06-29T20:00:41.828528,6894.0,-16.0,-5972
2025-06-29T20:00:42.977256,6966.0,-16.0,-5988
2025-06-29T20:00:44.125890,6984.0,-16.0,-6004
2025-06-29T20:00:45.274624,6912.0,-16.0,-6020
2025-06-29T20:00:46.424296,6930.0,-16.0,-6036
2025-06-29T20:00:47.573039,6912.0,-16.0,-6052
2025-06-29T20:00:48.721640,6948.0,-16.0,-6068
2025-06-29T20:00:49.870397,6912.0,-16.0,-6084
2025-06-29T20:00:51.019001,6966.0,-16.0,-6100
2025-06-29T20:00:52.167738,6894.0,-17.0,-6117
2025-06-29T20:00:53.316372,6930.0,-16.0,-6133
2025-06-29T20:00:54.465169,6912.0,-17.0,-6150
2025-06-29T20:00:55.613828,6966.0,-16.0,-6166
2025-06-29T20:00:57.496757,3966.0,-5396.0,-5396
2025-06-29T20:00:58.647148,7002.0,-17.0,-5413
2025-06-29T20:00:59.795814,6894.0,-16.0,-5429
2025-06-29T20:01:00.944462,6966.0,-17.0,-5446
2025-06-29T20:01:02.093142,6948.0,-16.0,-5462
2025-06-29T20:01:03.241858,7002.0,-16.0,-5478
2025-06-29T20:01:04.390452,6930.0,-16.0,-5494
2025-06-29T20:01:05.539060,6966.0,-17.0,-5511
2025-06-29T20:01:06.688894,6894.0,-16.0,-5527
2025-06-29T20:01:07.837478,6930.0,-16.0,-5543
2025-06-29T20:01:08.986289,6966.0,-16.0,-5559
2025-06-29T20:01:10.134956,6912.0,-17.0,-5576
2025-06-29T20:01:11.283644,6948.0,-16.0,-5592
2025-06-29T20:01:12.432349,6966.0,-16.0,-5608
2025-06-29T20:01:13.580978,6930.0,-17.0,-5625
2025-06-29T20:01:14.729682,6930.0,-16.0,-5641
2025-06-29T20:01:15.879400,6876.0,-16.0,-5657
2025-06-29T20:01:17.028060,6984.0,-16.0,-5673
2025-06-29T20:01:18.176708,6912.0,-16.0,-5689
2025-06-29T20:01:19.325473,6930.0,-16.0,-5705
2025-06-29T20:01:20.474014,6912.0,-16.0,-5721
2025-06-29T20:01:21.622729,6930.0,-16.0,-5737
2025-06-29T20:01:22.771379,6930.0,-17.0,-5754
2025-06-29T20:01:23.920264,6912.0,-16.0,-5770
2025-06-29T20:01:25.068919,6858.0,-16.0,-5786
2025-06-29T20:01:26.218556,6930.0,-16.0,-5802
2025-06-29T20:01:27.367214,6912.0,-16.0,-5818
2025-06-29T20:01:28.515927,6948.0,-16.0,-5834
2025-06-29T20:01:29.664568,6948.0,-16.0,-5850
2025-06-29T20:01:30.813352,6930.0,-16.0,-5866
2025-06-29T20:01:31.961989,6894.0,-16.0,-5882
2025-06-29T20:01:33.110690,6912.0,-16.0,-5898
2025-06-29T20:01:34.259383,6912.0,-16.0,-5914
2025-06-29T20:01:35.408950,6966.0,-16.0,-5930
2025-06-29T20:01:36.557937,6930.0,-16.0,-5946
2025-06-29T20:01:37.706465,6930.0,-16.0,-5962
2025-06-29T20:01:38.854960,6930.0,-16.0,-5978
2025-06-29T20:01:40.003752,6894.0,-17.0,-5995
2025-06-29T20:01:47.687076,3953.0,-5358.0,-5358
2025-06-29T20:01:48.837712,6894.0,-16.0,-5374
2025-06-29T20:01:49.993168,6804.0,-5372.0,-10746
2025-06-29T20:01:51.145907,6840.0,-5371.0,-16117
2025-06-29T20:01:52.298354,6858.0,-5378.0,-21495
2025-06-29T20:01:53.451300,6858.0,-5371.0,-26866
2025-06-29T20:01:54.603853,6858.0,-5372.0,-32238
2025-06-29T20:01:55.757558,6840.0,-5372.0,-37610
2025-06-29T20:01:56.910279,6822.0,-5383.0,-42993
2025-06-29T20:01:58.063053,6822.0,-5370.0,-48363
2025-06-29T20:01:59.215678,6804.0,-5364.0,-53727
2025-06-29T20:02:00.368317,6822.0,-5382.0,-59109
2025-06-29T20:02:01.520948,6786.0,-5373.0,-64482
2025-06-29T20:02:02.674676,6822.0,-5370.0,-69852
2025-06-29T20:02:03.827359,6858.0,-5368.0,-75220
2025-06-29T20:02:04.980114,6840.0,-5371.0,-80591
2025-06-29T20:02:06.132764,6786.0,-5360.0,-85951
2025-06-29T20:02:07.285381,6840.0,-5386.0,-91337
2025-06-29T20:02:08.438105,6804.0,-5384.0,-96721
2025-06-29T20:02:09.591987,6840.0,-5373.0,-102094
2025-06-29T20:02:10.745587,6786.0,-5382.0,-107476
2025-06-29T20:02:11.898221,6858.0,-5392.0,-112868
2025-06-29T20:02:13.050951,6822.0,-5377.0,-118245
2025-06-29T20:02:14.203586,6840.0,-5379.0,-123624
2025-06-29T20:02:15.356326,6804.0,-5375.0,-128999
2025-06-29T20:02:16.508968,6804.0,-5383.0,-134382
2025-06-29T20:02:17.662715,6822.0,-5376.0,-139758
2025-06-29T20:02:18.815343,6786.0,-5382.0,-145140
2025-06-29T20:02:19.968069,6840.0,-5390.0,-150530
2025-06-29T20:02:21.120678,6804.0,-5378.0,-155908
2025-06-29T20:02:22.273337,6786.0,-5376.0,-161284
2025-06-29T20:02:23.426042,6822.0,-5382.0,-166666
2025-06-29T20:02:24.578819,6804.0,-5387.0,-172053
2025-06-29T20:02:25.732485,6786.0,-5388.0,-177441
2025-06-29T20:02:26.885123,6768.0,-5392.0,-182833
2025-06-29T20:02:28.037810,6786.0,-5392.0,-188225
2025-06-29T20:02:29.190544,6822.0,-5391.0,-193616
2025-06-29T20:02:30.343149,6840.0,-5380.0,-198996
2025-06-29T20:02:31.495917,6768.0,-5377.0,-204373
2025-06-29T20:02:32.649591,6840.0,-5382.0,-209755
2025-06-29T20:02:33.802196,6786.0,-5391.0,-215146
2025-06-29T20:02:34.955010,6840.0,-5379.0,-220525
2025-06-29T20:02:36.107626,6768.0,-5393.0,-225918
2025-06-29T20:02:37.260305,6876.0,-5376.0,-231294
2025-06-29T20:02:38.413070,6822.0,-5369.0,-236663
2025-06-29T20:02:39.565677,6804.0,-5398.0,-242061
2025-06-29T20:02:40.719400,6804.0,-5380.0,-247441
2025-06-29T20:02:41.872071,6840.0,-5379.0,-252820
2025-06-29T20:02:43.024708,6822.0,-5389.0,-258209
2025-06-29T20:02:44.177365,6804.0,-5398.0,-263607
2025-06-29T20:02:45.330094,6804.0,-5393.0,-269000
2025-06-29T20:02:46.482911,6840.0,-5385.0,-274385
2025-06-29T20:02:47.635515,6786.0,-5387.0,-279772
2025-06-29T20:02:48.789230,6840.0,-5396.0,-285168
2025-06-29T20:02:49.941841,6804.0,-5409.0,-290577
2025-06-29T20:02:51.094583,6822.0,-5400.0,-295977
2025-06-29T20:02:52.247200,6786.0,-5383.0,-301360
2025-06-29T20:02:53.399944,6858.0,-5379.0,-306739
2025-06-29T20:02:54.552579,6786.0,-5385.0,-312124
2025-06-29T20:02:55.706282,6786.0,-5370.0,-317494
2025-06-29T20:02:56.858967,6804.0,-5391.0,-322885
2025-06-29T20:02:58.011615,6858.0,-5397.0,-328282
2025-06-29T20:02:59.164365,6786.0,-5386.0,-333668
2025-06-29T20:03:00.317072,6822.0,-5389.0,-339057
2025-06-29T20:03:01.469710,6804.0,-5366.0,-344423
2025-06-29T20:03:02.622471,6876.0,-5396.0,-349819
2025-06-29T20:03:03.776156,6786.0,-5385.0,-355204
2025-06-29T20:03:04.928718,6876.0,-5404.0,-360608
2025-06-29T20:03:06.081405,6768.0,-5398.0,-366006
2025-06-29T20:03:07.234100,6786.0,-5369.0,-371375
2025-06-29T20:03:08.386832,6822.0,-5396.0,-376771
2025-06-29T20:03:09.539483,6786.0,-5394.0,-382165
2025-06-29T20:03:10.693240,6840.0,-5378.0,-387543
2025-06-29T20:03:11.845883,6804.0,-5398.0,-392941
2025-06-29T20:03:12.998577,6804.0,-5399.0,-398340
2025-06-29T20:03:14.151233,6768.0,-5374.0,-403714
2025-06-29T20:03:15.303940,6768.0,-5381.0,-409095
2025-06-29T20:03:16.456609,6822.0,-5371.0,-414466
2025-06-29T20:03:17.609346,6840.0,-5391.0,-419857
2025-06-29T20:03:18.762998,6822.0,-5389.0,-425246
2025-06-29T20:03:19.915754,6786.0,-5417.0,-430663
2025-06-29T20:03:21.068479,6804.0,-5404.0,-436067
2025-06-29T20:03:22.221097,6750.0,-5386.0,-441453
2025-06-29T20:03:23.373730,6822.0,-5404.0,-446857
2025-06-29T20:03:24.526447,6804.0,-5386.0,-452243
2025-06-29T20:03:25.679068,6822.0,-5372.0,-457615
2025-06-29T20:03:26.832730,6768.0,-5382.0,-462997
2025-06-29T20:03:27.985393,6822.0,-5429.0,-468426
2025-06-29T20:03:29.138078,6804.0,-5381.0,-473807
2025-06-29T20:03:30.290865,6804.0,-5369.0,-479176
2025-06-29T20:03:31.443591,6786.0,-5392.0,-484568
2025-06-29T20:03:32.596209,6804.0,-5388.0,-489956
2025-06-29T20:03:33.749893,6804.0,-5375.0,-495331
2025-06-29T20:03:34.902656,6768.0,-5373.0,-500704
2025-06-29T20:03:36.055254,6768.0,-5377.0,-506081
2025-06-29T20:03:37.208046,6786.0,-5401.0,-511482
2025-06-29T20:03:38.360615,6804.0,-5387.0,-516869
2025-06-29T20:03:39.513397,6786.0,-5420.0,-522289
2025-06-29T20:03:40.666194,6786.0,-5379.0,-527668
2025-06-29T20:03:41.820018,6822.0,-5366.0,-533034
2025-06-29T20:03:42.972704,6786.0,-5389.0,-538423
2025-06-29T20:03:44.125588,6840.0,-5387.0,-543810
2025-06-29T20:03:45.278323,6786.0,-5392.0,-549202
2025-06-29T20:03:46.431153,6822.0,-5402.0,-554604
2025-06-29T20:03:47.583855,6786.0,-5388.0,-559992
2025-06-29T20:03:48.737520,6786.0,-5423.0,-565415
2025-06-29T20:03:49.890299,6768.0,-5385.0,-570800
2025-06-29T20:03:51.043140,6804.0,-5415.0,-576215
2025-06-29T20:03:52.195872,6804.0,-5400.0,-581615
2025-06-29T20:03:53.348641,6822.0,-5353.0,-586968
2025-06-29T20:03:54.501318,6786.0,-5404.0,-592372
2025-06-29T20:03:55.653978,6804.0,-5368.0,-597740
2025-06-29T20:03:56.807788,6822.0,-5389.0,-603129
2025-06-29T20:03:57.960459,6804.0,-5389.0,-608518
2025-06-29T20:03:59.113270,6786.0,-5403.0,-613921
2025-06-29T20:04:00.265916,6804.0,-5387.0,-619308
2025-06-29T20:04:01.418673,6786.0,-5393.0,-624701
2025-06-29T20:04:02.571417,6804.0,-5380.0,-630081
2025-06-29T20:04:03.725128,6750.0,-5376.0,-635457
2025-06-29T20:04:04.877801,6786.0,-5393.0,-640850
2025-06-29T20:04:06.030542,6750.0,-5402.0,-646252
2025-06-29T20:04:07.183203,6786.0,-5389.0,-651641
2025-06-29T20:04:08.335937,6768.0,-5392.0,-657033
2025-06-29T20:04:09.488662,6804.0,-5376.0,-662409
2025-06-29T20:04:10.641283,6768.0,-5406.0,-667815
2025-06-29T20:04:11.795015,6786.0,-5367.0,-673182
2025-06-29T20:04:12.947696,6786.0,-5392.0,-678574
2025-06-29T20:04:14.100410,6804.0,-5370.0,-683944
2025-06-29T20:04:15.253137,6804.0,-5387.0,-689331
2025-06-29T20:04:16.405780,6804.0,-5418.0,-694749
2025-06-29T20:04:17.558630,6786.0,-5381.0,-700130
2025-06-29T20:04:18.711174,6804.0,-5394.0,-705524
2025-06-29T20:04:19.864900,6768.0,-5396.0,-710920
2025-06-29T20:04:21.017607,6786.0,-5380.0,-716300
2025-06-29T20:04:22.170403,6768.0,-5404.0,-721704
2025-06-29T20:04:23.323015,6786.0,-5361.0,-727065
2025-06-29T20:04:24.475703,6786.0,-5379.0,-732444
2025-06-29T20:04:25.628305,6804.0,-5381.0,-737825
2025-06-29T20:04:26.782064,6786.0,-5397.0,-743222
2025-06-29T20:04:27.934776,6876.0,-5417.0,-748639
2025-06-29T20:04:29.087427,6786.0,-5395.0,-754034
2025-06-29T20:04:30.240015,6804.0,-5414.0,-759448
2025-06-29T20:04:31.392771,6768.0,-5397.0,-764845
2025-06-29T20:04:32.545488,6822.0,-5396.0,-770241
2025-06-29T20:04:33.698324,6768.0,-5389.0,-775630
2025-06-29T20:04:34.851857,6822.0,-5368.0,-780998
2025-06-29T20:04:36.004544,6786.0,-5391.0,-786389
2025-06-29T20:04:37.157339,6768.0,-5385.0,-791774
2025-06-29T20:04:38.309940,6732.0,-5381.0,-797155
2025-06-29T20:04:39.462687,6786.0,-5400.0,-802555
2025-06-29T20:04:40.615292,6786.0,-5393.0,-807948
2025-06-29T20:04:41.769105,6786.0,-5401.0,-813349
2025-06-29T20:04:42.921683,6786.0,-5408.0,-818757
2025-06-29T20:04:44.074477,6804.0,-5422.0,-824179
2025-06-29T20:04:45.227053,6732.0,-5392.0,-829571
2025-06-29T20:04:46.379835,6804.0,-5415.0,-834986
2025-06-29T20:04:47.532450,6768.0,-5382.0,-840368
2025-06-29T20:04:48.685224,6840.0,-5409.0,-845777
2025-06-29T20:04:49.838823,6732.0,-5391.0,-851168
2025-06-29T20:04:50.991491,6750.0,-5409.0,-856577
2025-06-29T20:04:52.144265,6768.0,-5392.0,-861969
2025-06-29T20:04:53.296983,6786.0,-5385.0,-867354
2025-06-29T20:04:54.449629,6768.0,-5387.0,-872741
2025-06-29T20:04:55.602274,6804.0,-5387.0,-878128
2025-06-29T20:04:56.756028,6786.0,-5395.0,-883523
2025-06-29T20:04:57.908623,6786.0,-5431.0,-888954
2025-06-29T20:04:59.061437,6768.0,-5394.0,-894348
2025-06-29T20:05:00.214013,6822.0,-5395.0,-899743
2025-06-29T20:05:01.366754,6768.0,-5390.0,-905133
2025-06-29T20:05:02.519443,6804.0,-5384.0,-910517
2025-06-29T20:05:03.672064,6768.0,-5402.0,-915919
2025-06-29T20:05:04.825751,6768.0,-5381.0,-921300
2025-06-29T20:05:05.978495,6822.0,-5388.0,-926688
2025-06-29T20:05:07.131169,6822.0,-5399.0,-932087
2025-06-29T20:05:08.283863,6786.0,-5393.0,-937480
2025-06-29T20:05:09.436461,6750.0,-5418.0,-942898
2025-06-29T20:05:10.589135,6786.0,-5388.0,-948286
2025-06-29T20:05:11.741987,6786.0,-5403.0,-953689
2025-06-29T20:05:12.895648,6768.0,-5379.0,-959068
2025-06-29T20:05:14.048270,6804.0,-5388.0,-964456
2025-06-29T20:05:15.200987,6750.0,-5399.0,-969855
2025-06-29T20:05:16.353632,6786.0,-5443.0,-975298
2025-06-29T20:05:17.506395,6768.0,-5406.0,-980704
2025-06-29T20:05:18.658911,6786.0,-5409.0,-986113
2025-06-29T20:05:19.812691,6786.0,-5389.0,-991502
2025-06-29T20:05:20.965411,6750.0,-5382.0,-996884
2025-06-29T20:05:22.119080,6786.0,-5401.0,-1002285
2025-06-29T20:05:23.275769,6768.0,-5370.0,-1007655
2025-06-29T20:05:24.432469,6750.0,-5400.0,-1013055
2025-06-29T20:05:25.585099,6750.0,-5404.0,-1018459
2025-06-29T20:05:26.738821,6786.0,-5385.0,-1023844
2025-06-29T20:05:27.895551,6786.0,-5383.0,-1029227
2025-06-29T20:05:29.052237,6750.0,-5390.0,-1034617
2025-06-29T20:05:30.208910,6750.0,-5367.0,-1039984
2025-06-29T20:05:31.365616,6732.0,-5403.0,-1045387
2025-06-29T20:05:32.518343,6786.0,-5433.0,-1050820
2025-06-29T20:05:33.676003,6750.0,-5399.0,-1056219
2025-06-29T20:05:34.832653,6804.0,-5417.0,-1061636
2025-06-29T20:05:35.989333,6768.0,-5387.0,-1067023
2025-06-29T20:05:37.146020,6786.0,-5419.0,-1072442
2025-06-29T20:05:38.302662,6786.0,-5395.0,-1077837
2025-06-29T20:05:39.455405,6786.0,-5425.0,-1083262
2025-06-29T20:05:40.609049,6786.0,-5392.0,-1088654
2025-06-29T20:05:41.765795,6768.0,-5397.0,-1094051
2025-06-29T20:05:42.922430,6750.0,-5391.0,-1099442
2025-06-29T20:05:44.079182,6804.0,-5404.0,-1104846
2025-06-29T20:05:45.235844,6714.0,-5388.0,-1110234
2025-06-29T20:05:46.389485,6768.0,-5381.0,-1115615
2025-06-29T20:05:47.546237,6750.0,-5398.0,-1121013
2025-06-29T20:05:48.702921,6804.0,-5381.0,-1126394
2025-06-29T20:05:49.859569,6750.0,-5386.0,-1131780
2025-06-29T20:05:51.016329,6786.0,-5385.0,-1137165
2025-06-29T20:05:52.168968,6732.0,-5382.0,-1142547
2025-06-29T20:05:53.326632,6822.0,-5381.0,-1147928
2025-06-29T20:05:54.483335,6786.0,-5391.0,-1153319
2025-06-29T20:05:55.639924,6822.0,-5381.0,-1158700
2025-06-29T20:05:56.796671,6786.0,-5393.0,-1164093
2025-06-29T20:05:57.953329,6732.0,-5386.0,-1169479
2025-06-29T20:05:59.105965,6750.0,-5406.0,-1174885
2025-06-29T20:06:00.259733,6786.0,-5379.0,-1180264
2025-06-29T20:06:01.416426,6786.0,-5393.0,-1185657
2025-06-29T20:06:02.573232,6786.0,-5375.0,-1191032
2025-06-29T20:06:03.729859,6768.0,-5387.0,-1196419
2025-06-29T20:06:04.886563,6768.0,-5387.0,-1201806
2025-06-29T20:06:06.040157,6786.0,-5389.0,-1207195
2025-06-29T20:06:07.196876,6786.0,-5421.0,-1212616
2025-06-29T20:06:08.353481,6768.0,-5410.0,-1218026
2025-06-29T20:06:09.510271,6822.0,-5410.0,-1223436
2025-06-29T20:06:10.666836,6786.0,-5392.0,-1228828
2025-06-29T20:06:11.819631,6804.0,-5366.0,-1234194
2025-06-29T20:06:12.977244,6678.0,-5402.0,-1239596
2025-06-29T20:06:14.133989,6750.0,-5417.0,-1245013
2025-06-29T20:06:15.290679,6768.0,-5388.0,-1250401
2025-06-29T20:06:16.447323,6786.0,-5401.0,-1255802
2025-06-29T20:06:17.603932,6786.0,-5391.0,-1261193
2025-06-29T20:06:18.756813,6750.0,-5387.0,-1266580
2025-06-29T20:06:19.910534,6750.0,-5394.0,-1271974
2025-06-29T20:06:21.067098,6786.0,-5410.0,-1277384
2025-06-29T20:06:22.223768,6768.0,-5396.0,-1282780
2025-06-29T20:06:23.380577,6804.0,-5400.0,-1288180
2025-06-29T20:06:24.537273,6786.0,-5406.0,-1293586
2025-06-29T20:06:25.690783,6786.0,-5369.0,-1298955
2025-06-29T20:06:26.847518,6750.0,-5390.0,-1304345
2025-06-29T20:06:28.004163,6786.0,-5387.0,-1309732
2025-06-29T20:06:29.160854,6750.0,-5400.0,-1315132
2025-06-29T20:06:30.317586,6804.0,-5364.0,-1320496
2025-06-29T20:06:31.470331,6714.0,-5392.0,-1325888
2025-06-29T20:06:32.627934,6714.0,-5425.0,-1331313
2025-06-29T20:06:33.784596,6750.0,-5406.0,-1336719
2025-06-29T20:06:34.941337,6786.0,-5418.0,-1342137
2025-06-29T20:06:36.097974,6732.0,-5409.0,-1347546
2025-06-29T20:06:37.254629,6786.0,-5385.0,-1352931
2025-06-29T20:06:38.407423,6786.0,-5403.0,-1358334
2025-06-29T20:06:39.561048,6786.0,-5405.0,-1363739
2025-06-29T20:06:40.717704,6768.0,-5395.0,-1369134
2025-06-29T20:06:41.874459,6732.0,-5406.0,-1374540
2025-06-29T20:06:43.031154,6750.0,-5394.0,-1379934
2025-06-29T20:06:44.187823,6786.0,-5393.0,-1385327
2025-06-29T20:06:45.341522,6786.0,-5393.0,-1390720
2025-06-29T20:06:46.498180,6768.0,-5380.0,-1396100
2025-06-29T20:06:47.654795,6768.0,-5388.0,-1401488
2025-06-29T20:06:48.811548,6786.0,-5401.0,-1406889
2025-06-29T20:06:49.968253,6732.0,-5398.0,-1412287
2025-06-29T20:06:51.120979,6750.0,-5384.0,-1417671
2025-06-29T20:06:52.278563,6750.0,-5404.0,-1423075
2025-06-29T20:06:53.435265,6786.0,-5371.0,-1428446
2025-06-29T20:06:54.591951,6786.0,-5403.0,-1433849
2025-06-29T20:06:55.748535,6786.0,-5414.0,-1439263
2025-06-29T20:06:56.905272,6768.0,-5391.0,-1444654
2025-06-29T20:06:58.058051,6786.0,-5398.0,-1450052
2025-06-29T20:06:59.211702,6768.0,-5397.0,-1455449
2025-06-29T20:07:00.368330,6750.0,-5422.0,-1460871
2025-06-29T20:07:01.525103,6714.0,-5398.0,-1466269
2025-06-29T20:07:02.681782,6786.0,-5407.0,-1471676
2025-06-29T20:07:03.838508,6732.0,-5393.0,-1477069
2025-06-29T20:07:04.992198,6750.0,-5377.0,-1482446
2025-06-29T20:07:06.148836,6786.0,-5393.0,-1487839
2025-06-29T20:07:07.305485,6768.0,-5413.0,-1493252
2025-06-29T20:07:08.462218,6732.0,-5401.0,-1498653
2025-06-29T20:07:09.618844,6768.0,-5377.0,-1504030
2025-06-29T20:07:10.771501,6768.0,-5388.0,-1509418
2025-06-29T20:07:11.929240,6858.0,-5366.0,-1514784
2025-06-29T20:07:13.085965,6714.0,-5393.0,-1520177
2025-06-29T20:07:14.242574,6786.0,-5431.0,-1525608
2025-06-29T20:07:15.399288,6732.0,-5389.0,-1530997
2025-06-29T20:07:16.555924,6768.0,-5393.0,-1536390
2025-06-29T20:07:17.708686,6714.0,-5396.0,-1541786
2025-06-29T20:07:18.862440,6786.0,-5426.0,-1547212
2025-06-29T20:07:20.019076,6768.0,-5403.0,-1552615
2025-06-29T20:07:21.175757,6768.0,-5395.0,-1558010
2025-06-29T20:07:22.332427,6768.0,-5410.0,-1563420
2025-06-29T20:07:23.489097,6804.0,-5427.0,-1568847
2025-06-29T20:07:24.642823,6750.0,-5410.0,-1574257
2025-06-29T20:07:25.799373,6786.0,-5379.0,-1579636
2025-06-29T20:07:26.956146,6732.0,-5405.0,-1585041
2025-06-29T20:07:28.112860,6786.0,-5407.0,-1590448
2025-06-29T20:07:29.269528,6786.0,-5402.0,-1595850
2025-06-29T20:07:30.422382,6786.0,-5368.0,-1601218
2025-06-29T20:07:31.579860,6768.0,-5393.0,-1606611
2025-06-29T20:07:32.736549,6768.0,-5424.0,-1612035
2025-06-29T20:07:33.893262,6750.0,-5401.0,-1617436
2025-06-29T20:07:35.049922,6822.0,-5375.0,-1622811
2025-06-29T20:07:36.206614,6732.0,-5393.0,-1628204
2025-06-29T20:07:37.359428,6786.0,-5405.0,-1633609
2025-06-29T20:07:38.513038,6804.0,-5409.0,-1639018
2025-06-29T20:07:39.669694,6786.0,-5383.0,-1644401
2025-06-29T20:07:40.826339,6786.0,-5413.0,-1649814
2025-06-29T20:07:41.983010,6768.0,-5439.0,-1655253
2025-06-29T20:07:43.139790,6750.0,-5407.0,-1660660
2025-06-29T20:07:44.293418,6768.0,-5411.0,-1666071
2025-06-29T20:07:45.450144,6768.0,-5400.0,-1671471
2025-06-29T20:07:46.606802,6786.0,-5394.0,-1676865
2025-06-29T20:07:47.763524,6732.0,-5405.0,-1682270
2025-06-29T20:07:48.920223,6768.0,-5392.0,-1687662
2025-06-29T20:07:50.072862,6768.0,-5398.0,-1693060
2025-06-29T20:07:51.230435,6750.0,-5433.0,-1698493
2025-06-29T20:07:52.387196,6768.0,-5406.0,-1703899
2025-06-29T20:07:53.543907,6732.0,-5398.0,-1709297
2025-06-29T20:07:54.700610,6750.0,-5381.0,-1714678
2025-06-29T20:07:55.857164,6786.0,-5379.0,-1720057
2025-06-29T20:07:57.010004,6714.0,-5392.0,-1725449
2025-06-29T20:07:58.163728,6786.0,-5422.0,-1730871
2025-06-29T20:07:59.320373,6750.0,-5397.0,-1736268
2025-06-29T20:08:00.477039,6786.0,-5385.0,-1741653
2025-06-29T20:08:01.633748,6714.0,-5400.0,-1747053
2025-06-29T20:08:02.790400,6732.0,-5368.0,-1752421
2025-06-29T20:08:03.944124,6768.0,-5400.0,-1757821
2025-06-29T20:08:05.100741,6804.0,-5413.0,-1763234
2025-06-29T20:08:06.257474,6786.0,-5394.0,-1768628
2025-06-29T20:08:07.414133,6714.0,-5407.0,-1774035
2025-06-29T20:08:08.570827,6732.0,-5393.0,-1779428
2025-06-29T20:08:09.723576,6750.0,-5396.0,-1784824
2025-06-29T20:08:10.881158,6750.0,-5399.0,-1790223
2025-06-29T20:08:12.037857,6768.0,-5428.0,-1795651
2025-06-29T20:08:13.194588,6732.0,-5406.0,-1801057
2025-06-29T20:08:14.351291,6714.0,-5392.0,-1806449
2025-06-29T20:08:15.507978,6750.0,-5396.0,-1811845
2025-06-29T20:08:16.660663,6786.0,-5372.0,-1817217
2025-06-29T20:08:17.814360,6768.0,-5421.0,-1822638
2025-06-29T20:08:18.971067,6786.0,-5437.0,-1828075
2025-06-29T20:08:20.127700,6714.0,-5392.0,-1833467
2025-06-29T20:08:21.284389,6732.0,-5406.0,-1838873
2025-06-29T20:08:22.441094,6768.0,-5395.0,-1844268
2025-06-29T20:08:23.594744,6732.0,-5383.0,-1849651
2025-06-29T20:08:24.751452,6768.0,-5397.0,-1855048
2025-06-29T20:08:25.908083,6804.0,-5437.0,-1860485
2025-06-29T20:08:27.064826,6696.0,-5404.0,-1865889
2025-06-29T20:08:28.221476,6786.0,-5409.0,-1871298
2025-06-29T20:08:29.374218,6696.0,-5420.0,-1876718
2025-06-29T20:08:30.531882,6786.0,-5390.0,-1882108
2025-06-29T20:08:31.688417,6768.0,-5396.0,-1887504
2025-06-29T20:08:32.845229,6786.0,-5377.0,-1892881
2025-06-29T20:08:34.001992,6750.0,-5396.0,-1898277
2025-06-29T20:08:35.158577,6768.0,-5380.0,-1903657
2025-06-29T20:08:36.311357,6750.0,-5391.0,-1909048
2025-06-29T20:08:37.464993,6750.0,-5449.0,-1914497
2025-06-29T20:08:38.621642,6732.0,-5405.0,-1919902
2025-06-29T20:08:39.778375,6786.0,-5400.0,-1925302
2025-06-29T20:08:40.934974,6768.0,-5402.0,-1930704
2025-06-29T20:08:42.091746,6786.0,-5363.0,-1936067
2025-06-29T20:08:43.245453,6768.0,-5421.0,-1941488
2025-06-29T20:08:44.402128,6768.0,-5417.0,-1946905
2025-06-29T20:08:45.558788,6768.0,-5398.0,-1952303
2025-06-29T20:08:46.715441,6732.0,-5406.0,-1957709
2025-06-29T20:08:47.872144,6768.0,-5395.0,-1963104
2025-06-29T20:08:49.024909,6750.0,-5389.0,-1968493
2025-06-29T20:08:50.182526,6696.0,-5392.0,-1973885
2025-06-29T20:08:51.339217,6768.0,-5374.0,-1979259
2025-06-29T20:08:52.495902,6768.0,-5394.0,-1984653
2025-06-29T20:08:53.652540,6768.0,-5413.0,-1990066
2025-06-29T20:08:54.809241,6678.0,-5400.0,-1995466
2025-06-29T20:08:55.962101,6732.0,-5416.0,-2000882
2025-06-29T20:08:57.115646,6768.0,-5417.0,-2006299
2025-06-29T20:08:58.272385,6768.0,-5389.0,-2011688
2025-06-29T20:08:59.429057,6768.0,-5401.0,-2017089
2025-06-29T20:09:00.585676,6732.0,-5377.0,-2022466
2025-06-29T20:09:01.742395,6732.0,-5407.0,-2027873
2025-06-29T20:09:02.896096,6750.0,-5435.0,-2033308
2025-06-29T20:09:04.052808,6732.0,-5397.0,-2038705
2025-06-29T20:09:05.209433,6786.0,-5404.0,-2044109
2025-06-29T20:09:06.366117,6714.0,-5384.0,-2049493
2025-06-29T20:09:07.522828,6768.0,-5384.0,-2054877
2025-06-29T20:09:08.675546,6696.0,-5412.0,-2060289
2025-06-29T20:09:09.833175,6732.0,-5360.0,-2065649
2025-06-29T20:09:10.989909,6732.0,-5388.0,-2071037
2025-06-29T20:09:12.146507,6750.0,-5402.0,-2076439
2025-06-29T20:09:13.303222,6732.0,-5396.0,-2081835
2025-06-29T20:09:14.459894,6768.0,-5418.0,-2087253
2025-06-29T20:09:15.612662,6714.0,-5396.0,-2092649
2025-06-29T20:09:16.766321,6786.0,-5419.0,-2098068
2025-06-29T20:09:17.923050,6750.0,-5401.0,-2103469
2025-06-29T20:09:19.079791,6714.0,-5405.0,-2108874
2025-06-29T20:09:20.236357,6768.0,-5393.0,-2114267
2025-06-29T20:09:21.393056,6750.0,-5385.0,-2119652
2025-06-29T20:09:22.546732,6714.0,-5407.0,-2125059
2025-06-29T20:09:23.703393,6768.0,-5409.0,-2130468
2025-06-29T20:09:24.860258,6696.0,-5400.0,-2135868
2025-06-29T20:09:26.016743,6732.0,-5374.0,-2141242
2025-06-29T20:09:27.173361,6750.0,-5394.0,-2146636
2025-06-29T20:09:28.326192,6786.0,-5417.0,-2152053
2025-06-29T20:09:29.483748,6750.0,-5390.0,-2157443
2025-06-29T20:09:30.640539,6786.0,-5375.0,-2162818
2025-06-29T20:09:31.797216,6750.0,-5391.0,-2168209
2025-06-29T20:09:32.953874,6714.0,-5422.0,-2173631
2025-06-29T20:09:34.110551,6714.0,-5389.0,-2179020
2025-06-29T20:09:35.263260,6750.0,-5409.0,-2184429
2025-06-29T20:09:36.416939,6732.0,-5408.0,-2189837
2025-06-29T20:09:37.573667,6696.0,-5377.0,-2195214
2025-06-29T20:09:38.730354,6714.0,-5396.0,-2200610
2025-06-29T20:09:39.887015,6750.0,-5376.0,-2205986
2025-06-29T20:09:41.043701,6750.0,-5378.0,-2211364
2025-06-29T20:09:42.197419,6696.0,-5396.0,-2216760
2025-06-29T20:09:43.354051,6768.0,-5397.0,-2222157
2025-06-29T20:09:44.510794,6786.0,-5430.0,-2227587
2025-06-29T20:09:45.667440,6732.0,-5388.0,-2232975
2025-06-29T20:09:46.824159,6678.0,-5418.0,-2238393
2025-06-29T20:09:47.976795,6660.0,-5410.0,-2243803
2025-06-29T20:09:49.134494,6732.0,-5425.0,-2249228
2025-06-29T20:09:50.291220,6732.0,-5414.0,-2254642
2025-06-29T20:09:51.447833,6786.0,-5379.0,-2260021
2025-06-29T20:09:52.604525,6732.0,-5388.0,-2265409
2025-06-29T20:09:53.761214,6786.0,-5402.0,-2270811
2025-06-29T20:09:54.913987,6696.0,-5404.0,-2276215
2025-06-29T20:09:56.067653,6750.0,-5423.0,-2281638
2025-06-29T20:09:57.224299,6696.0,-5391.0,-2287029
2025-06-29T20:09:58.381016,6750.0,-5404.0,-2292433
2025-06-29T20:09:59.541469,6750.0,-5393.0,-2297826
2025-06-29T20:10:00.694487,6732.0,-5375.0,-2303201
2025-06-29T20:10:01.848084,6678.0,-5396.0,-2308597
2025-06-29T20:10:03.004583,6714.0,-5425.0,-2314022
2025-06-29T20:10:04.161483,6750.0,-5385.0,-2319407
2025-06-29T20:10:05.318007,6714.0,-5390.0,-2324797
2025-06-29T20:10:06.474712,6750.0,-5399.0,-2330196
2025-06-29T20:10:07.627387,6786.0,-5388.0,-2335584
2025-06-29T20:10:08.785164,6732.0,-5404.0,-2340988
2025-06-29T20:10:09.941692,6768.0,-5407.0,-2346395
2025-06-29T20:10:11.098336,6750.0,-5397.0,-2351792
2025-06-29T20:10:12.255220,6768.0,-5393.0,-2357185
2025-06-29T20:10:13.412446,6768.0,-5408.0,-2362593
2025-06-29T20:10:14.564529,6696.0,-5433.0,-2368026
2025-06-29T20:10:15.718281,6786.0,-5390.0,-2373416
2025-06-29T20:10:16.874812,6768.0,-5387.0,-2378803
2025-06-29T20:10:18.031558,6732.0,-5374.0,-2384177
2025-06-29T20:10:19.188266,6786.0,-5394.0,-2389571
2025-06-29T20:10:20.344825,6732.0,-5399.0,-2394970
2025-06-29T20:10:21.498670,6696.0,-5407.0,-2400377
2025-06-29T20:10:22.655424,6714.0,-5376.0,-2405753
2025-06-29T20:10:23.811939,6696.0,-5408.0,-2411161
2025-06-29T20:10:24.968775,6750.0,-5406.0,-2416567
2025-06-29T20:10:26.125416,6732.0,-5387.0,-2421954
2025-06-29T20:10:27.277966,6660.0,-5395.0,-2427349
2025-06-29T20:10:28.435712,6732.0,-5388.0,-2432737
2025-06-29T20:10:29.592305,6714.0,-5367.0,-2438104
2025-06-29T20:10:30.749143,6714.0,-5401.0,-2443505
2025-06-29T20:10:31.905733,6696.0,-5395.0,-2448900
2025-06-29T20:10:33.062440,6786.0,-5413.0,-2454313
2025-06-29T20:10:34.215236,6732.0,-5387.0,-2459700
2025-06-29T20:10:35.368979,6750.0,-5393.0,-2465093
2025-06-29T20:10:36.525757,6732.0,-5386.0,-2470479
2025-06-29T20:10:37.682120,6768.0,-5376.0,-2475855
2025-06-29T20:10:38.838919,6732.0,-5418.0,-2481273
2025-06-29T20:10:39.995518,6750.0,-5394.0,-2486667
2025-06-29T20:10:41.149189,6714.0,-5412.0,-2492079
2025-06-29T20:10:42.306441,6750.0,-5396.0,-2497475
2025-06-29T20:10:43.462665,6696.0,-5377.0,-2502852
2025-06-29T20:10:44.619284,6786.0,-5406.0,-2508258
2025-06-29T20:10:45.775890,6768.0,-5372.0,-2513630
2025-06-29T20:10:46.928676,6732.0,-5403.0,-2519033
2025-06-29T20:10:48.086261,6660.0,-5407.0,-2524440
2025-06-29T20:10:49.242985,6750.0,-5383.0,-2529823
2025-06-29T20:10:50.399697,6696.0,-5401.0,-2535224
2025-06-29T20:10:51.556249,6750.0,-5390.0,-2540614
2025-06-29T20:10:52.713016,6696.0,-5402.0,-2546016
2025-06-29T20:10:53.865759,6750.0,-5404.0,-2551420
2025-06-29T20:10:55.019443,6714.0,-5403.0,-2556823
2025-06-29T20:10:56.176219,6750.0,-5401.0,-2562224
2025-06-29T20:10:57.332757,6732.0,-5393.0,-2567617
2025-06-29T20:10:58.489468,6732.0,-5393.0,-2573010
2025-06-29T20:10:59.646172,6786.0,-5371.0,-2578381
2025-06-29T20:11:00.799784,6750.0,-5404.0,-2583785
2025-06-29T20:11:01.956586,6732.0,-5385.0,-2589170
2025-06-29T20:11:03.113174,6786.0,-5396.0,-2594566
2025-06-29T20:11:04.269812,6696.0,-5371.0,-2599937
2025-06-29T20:11:05.426571,6696.0,-5371.0,-2605308
2025-06-29T20:11:06.579433,6768.0,-5391.0,-2610699
2025-06-29T20:11:07.736979,6750.0,-5395.0,-2616094
2025-06-29T20:11:08.893617,6732.0,-5387.0,-2621481
2025-06-29T20:11:10.050292,6750.0,-5383.0,-2626864
2025-06-29T20:11:11.206957,6714.0,-5397.0,-2632261
2025-06-29T20:11:12.363668,6732.0,-5392.0,-2637653
2025-06-29T20:11:13.516425,6678.0,-5400.0,-2643053
2025-06-29T20:11:14.670017,6768.0,-5397.0,-2648450
2025-06-29T20:11:15.827016,6732.0,-5388.0,-2653838
2025-06-29T20:11:16.983405,6750.0,-5381.0,-2659219
2025-06-29T20:11:18.140274,6678.0,-5400.0,-2664619
2025-06-29T20:11:19.296852,6732.0,-5388.0,-2670007
2025-06-29T20:11:20.450410,6732.0,-5397.0,-2675404
2025-06-29T20:11:21.607119,6714.0,-5364.0,-2680768
2025-06-29T20:11:22.763828,6714.0,-5372.0,-2686140
2025-06-29T20:11:23.920679,6768.0,-5370.0,-2691510
2025-06-29T20:11:25.077262,6714.0,-5372.0,-2696882
2025-06-29T20:11:26.229951,6750.0,-5377.0,-2702259
2025-06-29T20:11:27.387600,6714.0,-5375.0,-2707634
2025-06-29T20:11:28.544254,6750.0,-5366.0,-2713000
2025-06-29T20:11:29.700940,6642.0,-5375.0,-2718375
2025-06-29T20:11:30.857627,6768.0,-5366.0,-2723741
2025-06-29T20:11:32.014361,6714.0,-5358.0,-2729099
2025-06-29T20:11:33.167043,6714.0,-5356.0,-2734455
2025-06-29T20:11:34.320733,6732.0,-5390.0,-2739845
2025-06-29T20:11:35.477437,6750.0,-5370.0,-2745215
2025-06-29T20:11:36.634098,6714.0,-5366.0,-2750581
2025-06-29T20:11:37.790797,6714.0,-5353.0,-2755934
2025-06-29T20:11:38.947467,6678.0,-5353.0,-2761287
2025-06-29T20:11:40.101172,6768.0,-5390.0,-2766677
2025-06-29T20:11:41.257818,6714.0,-5363.0,-2772040
2025-06-29T20:11:42.414496,6696.0,-5366.0,-2777406
2025-06-29T20:11:43.571033,6678.0,-5372.0,-2782778
2025-06-29T20:11:44.727888,6696.0,-5370.0,-2788148
2025-06-29T20:11:45.880599,6696.0,-5373.0,-2793521
2025-06-29T20:11:47.038242,6768.0,-5347.0,-2798868
2025-06-29T20:11:48.194898,6714.0,-5357.0,-2804225
2025-06-29T20:11:49.351599,6768.0,-5353.0,-2809578
2025-06-29T20:11:50.508263,6678.0,-5350.0,-2814928
2025-06-29T20:11:51.664968,6804.0,-5350.0,-2820278
2025-06-29T20:11:52.817751,6660.0,-5360.0,-2825638
2025-06-29T20:11:53.971361,6732.0,-5356.0,-2830994
2025-06-29T20:11:55.128052,6732.0,-5345.0,-2836339
2025-06-29T20:11:56.284776,6714.0,-5340.0,-2841679
2025-06-29T20:11:57.441394,6714.0,-5333.0,-2847012
2025-06-29T20:11:58.598163,6750.0,-5328.0,-2852340
2025-06-29T20:11:59.751772,6714.0,-5360.0,-2857700
2025-06-29T20:12:00.908463,6696.0,-5335.0,-2863035
2025-06-29T20:12:02.065137,6786.0,-5334.0,-2868369
2025-06-29T20:12:03.221834,6714.0,-5334.0,-2873703
2025-06-29T20:12:04.378544,6714.0,-5330.0,-2879033
2025-06-29T20:12:05.531282,6696.0,-5351.0,-2884384
2025-06-29T20:12:06.688858,6696.0,-5332.0,-2889716
2025-06-29T20:12:07.845565,6732.0,-5348.0,-2895064
2025-06-29T20:12:09.002233,6732.0,-5330.0,-2900394
2025-06-29T20:12:10.158938,6768.0,-5322.0,-2905716
2025-06-29T20:12:11.315601,6678.0,-5334.0,-2911050
2025-06-29T20:12:12.468339,6678.0,-5338.0,-2916388
2025-06-29T20:12:13.622012,6642.0,-5345.0,-2921733
2025-06-29T20:12:14.778714,6750.0,-5347.0,-2927080
2025-06-29T20:12:15.935234,6696.0,-5343.0,-2932423
2025-06-29T20:12:17.092044,6678.0,-5342.0,-2937765
2025-06-29T20:12:18.248717,6714.0,-5327.0,-2943092
2025-06-29T20:12:19.402381,6732.0,-5351.0,-2948443
2025-06-29T20:12:20.559069,6696.0,-5330.0,-2953773
2025-06-29T20:12:21.715781,6714.0,-5348.0,-2959121
2025-06-29T20:12:22.872563,6696.0,-5335.0,-2964456
2025-06-29T20:12:24.029106,6768.0,-5333.0,-2969789
2025-06-29T20:12:25.181882,6750.0,-5323.0,-2975112
2025-06-29T20:12:26.339494,6732.0,-5343.0,-2980455
2025-06-29T20:12:27.496205,6714.0,-5326.0,-2985781
2025-06-29T20:12:28.652828,6786.0,-5329.0,-2991110
2025-06-29T20:12:29.809527,6714.0,-5348.0,-2996458
2025-06-29T20:12:30.966120,6732.0,-5335.0,-3001793
2025-06-29T20:12:32.118928,6732.0,-5354.0,-3007147
2025-06-29T20:12:33.272629,6732.0,-5365.0,-3012512
2025-06-29T20:12:34.429335,6750.0,-5318.0,-3017830
2025-06-29T20:12:35.585959,6750.0,-5335.0,-3023165
2025-06-29T20:12:36.742657,6696.0,-5332.0,-3028497
2025-06-29T20:12:37.899447,6714.0,-5320.0,-3033817
2025-06-29T20:12:39.053022,6660.0,-5328.0,-3039145
2025-06-29T20:12:40.209693,6696.0,-5345.0,-3044490
2025-06-29T20:12:41.366513,6732.0,-5337.0,-3049827
2025-06-29T20:12:42.523084,6714.0,-5343.0,-3055170
2025-06-29T20:12:43.679806,6696.0,-5315.0,-3060485
2025-06-29T20:12:44.832516,6714.0,-5342.0,-3065827
2025-06-29T20:12:45.990058,6714.0,-5327.0,-3071154
2025-06-29T20:12:47.146851,6714.0,-5330.0,-3076484
2025-06-29T20:12:48.303633,6696.0,-5323.0,-3081807
2025-06-29T20:12:49.460197,6714.0,-5333.0,-3087140
2025-06-29T20:12:50.616876,6696.0,-5328.0,-3092468
2025-06-29T20:12:51.769575,6696.0,-5360.0,-3097828
2025-06-29T20:12:52.923335,6696.0,-5339.0,-3103167
2025-06-29T20:12:54.079901,6786.0,-5323.0,-3108490
2025-06-29T20:12:55.236668,6714.0,-5325.0,-3113815
2025-06-29T20:12:56.393310,6768.0,-5323.0,-3119138
2025-06-29T20:12:57.549975,6696.0,-5331.0,-3124469
2025-06-29T20:12:58.703681,6768.0,-5327.0,-3129796
2025-06-29T20:12:59.860372,6714.0,-5326.0,-3135122
2025-06-29T20:13:01.016967,6732.0,-5327.0,-3140449
2025-06-29T20:13:02.173718,6714.0,-5328.0,-3145777
2025-06-29T20:13:03.330457,6732.0,-5323.0,-3151100
2025-06-29T20:13:04.483114,6696.0,-5343.0,-3156443
2025-06-29T20:13:05.640843,6732.0,-5323.0,-3161766
2025-06-29T20:13:06.797521,6732.0,-5316.0,-3167082
2025-06-29T20:13:07.954197,6714.0,-5326.0,-3172408
2025-06-29T20:13:09.110834,6696.0,-5326.0,-3177734
2025-06-29T20:13:10.267502,6714.0,-5323.0,-3183057
2025-06-29T20:13:11.420280,6660.0,-5323.0,-3188380
2025-06-29T20:13:12.573945,6714.0,-5335.0,-3193715
2025-06-29T20:13:13.730631,6714.0,-5335.0,-3199050
2025-06-29T20:13:14.887283,6714.0,-5331.0,-3204381
2025-06-29T20:13:16.043882,6696.0,-5321.0,-3209702
2025-06-29T20:13:17.200641,6714.0,-5320.0,-3215022
2025-06-29T20:13:18.354317,6660.0,-5355.0,-3220377
2025-06-29T20:13:19.511034,6714.0,-5319.0,-3225696
2025-06-29T20:13:20.667678,6678.0,-5314.0,-3231010
2025-06-29T20:13:21.824398,6714.0,-5333.0,-3236343
2025-06-29T20:13:22.980973,6732.0,-5334.0,-3241677
2025-06-29T20:13:24.133872,6660.0,-5336.0,-3247013
2025-06-29T20:13:25.291407,6750.0,-5325.0,-3252338
2025-06-29T20:13:26.448132,6714.0,-5309.0,-3257647
2025-06-29T20:13:27.604801,6714.0,-5326.0,-3262973
2025-06-29T20:13:28.761427,6750.0,-5325.0,-3268298
2025-06-29T20:13:29.918108,6696.0,-5328.0,-3273626
2025-06-29T20:13:31.070699,6714.0,-5336.0,-3278962
2025-06-29T20:13:32.224541,6714.0,-5346.0,-3284308
2025-06-29T20:13:33.381262,6732.0,-5336.0,-3289644
2025-06-29T20:13:34.537988,6696.0,-5324.0,-3294968
2025-06-29T20:13:35.694615,6696.0,-5321.0,-3300289
2025-06-29T20:13:36.851298,6714.0,-5316.0,-3305605
2025-06-29T20:13:38.004929,6732.0,-5330.0,-3310935
2025-06-29T20:13:39.161496,6678.0,-5331.0,-3316266
2025-06-29T20:13:40.318217,6750.0,-5337.0,-3321603
2025-06-29T20:13:41.474934,6678.0,-5312.0,-3326915
2025-06-29T20:13:42.631876,6714.0,-5318.0,-3332233
2025-06-29T20:13:43.792695,6714.0,-5315.0,-3337548
2025-06-29T20:13:44.942229,6786.0,-5333.0,-3342881
2025-06-29T20:13:46.098691,6678.0,-5323.0,-3348204
2025-06-29T20:13:47.255417,6732.0,-5325.0,-3353529
2025-06-29T20:13:48.412009,6696.0,-5327.0,-3358856
2025-06-29T20:13:49.568628,6732.0,-5328.0,-3364184
2025-06-29T20:13:50.721451,6678.0,-5335.0,-3369519
2025-06-29T20:13:51.875091,6732.0,-5353.0,-3374872
2025-06-29T20:13:53.031820,6696.0,-5306.0,-3380178
2025-06-29T20:13:54.188488,6732.0,-5318.0,-3385496
2025-06-29T20:13:55.345250,6696.0,-5318.0,-3390814
2025-06-29T20:13:56.502106,6714.0,-5335.0,-3396149
2025-06-29T20:13:57.655472,6660.0,-5305.0,-3401454
2025-06-29T20:13:58.812345,6750.0,-5328.0,-3406782
2025-06-29T20:13:59.968977,6732.0,-5315.0,-3412097
2025-06-29T20:14:01.125631,6732.0,-5325.0,-3417422
2025-06-29T20:14:02.282419,6678.0,-5310.0,-3422732
2025-06-29T20:14:03.435061,6696.0,-5333.0,-3428065
2025-06-29T20:14:04.592666,6678.0,-5319.0,-3433384
2025-06-29T20:14:05.749329,6678.0,-5333.0,-3438717
2025-06-29T20:14:06.905944,6714.0,-5313.0,-3444030
2025-06-29T20:14:08.062670,6714.0,-5315.0,-3449345
2025-06-29T20:14:09.219416,6696.0,-5314.0,-3454659
2025-06-29T20:14:10.372029,6714.0,-5334.0,-3459993
2025-06-29T20:14:11.525816,6678.0,-5334.0,-3465327
2025-06-29T20:14:12.682476,6696.0,-5322.0,-3470649
2025-06-29T20:14:13.839117,6678.0,-5311.0,-3475960
2025-06-29T20:14:14.995928,6732.0,-5316.0,-3481276
2025-06-29T20:14:16.152499,6696.0,-5329.0,-3486605
2025-06-29T20:14:17.306152,6696.0,-5320.0,-3491925
2025-06-29T20:14:18.462874,6696.0,-5312.0,-3497237
2025-06-29T20:14:19.619592,6750.0,-5306.0,-3502543
2025-06-29T20:14:20.776201,6696.0,-5309.0,-3507852
2025-06-29T20:14:21.932923,6696.0,-5310.0,-3513162
2025-06-29T20:14:23.085735,6714.0,-5326.0,-3518488
2025-06-29T20:14:24.243338,6732.0,-5327.0,-3523815
2025-06-29T20:14:25.400004,6732.0,-5331.0,-3529146
2025-06-29T20:14:26.556710,6750.0,-5320.0,-3534466
2025-06-29T20:14:27.713332,6696.0,-5306.0,-3539772
2025-06-29T20:14:28.869926,6732.0,-5324.0,-3545096
2025-06-29T20:14:30.022629,6696.0,-5337.0,-3550433
2025-06-29T20:14:31.176411,6768.0,-5311.0,-3555744
2025-06-29T20:14:32.333100,6678.0,-5313.0,-3561057
2025-06-29T20:14:33.489812,6696.0,-5318.0,-3566375
2025-06-29T20:14:34.646848,6696.0,-5319.0,-3571694
2025-06-29T20:14:35.803141,6660.0,-5324.0,-3577018
2025-06-29T20:14:36.956880,6696.0,-5342.0,-3582360
2025-06-29T20:14:38.113569,6696.0,-5338.0,-3587698
2025-06-29T20:14:39.270237,6696.0,-5337.0,-3593035
2025-06-29T20:14:40.426921,6696.0,-5330.0,-3598365
2025-06-29T20:14:41.584194,6678.0,-5323.0,-3603688
2025-06-29T20:14:42.736423,6768.0,-5329.0,-3609017
2025-06-29T20:14:43.893914,6696.0,-5312.0,-3614329
2025-06-29T20:14:45.050549,6732.0,-5301.0,-3619630
2025-06-29T20:14:46.207260,6660.0,-5304.0,-3624934
2025-06-29T20:14:47.363904,6786.0,-5319.0,-3630253
2025-06-29T20:14:48.520643,6696.0,-5313.0,-3635566
2025-06-29T20:14:49.673308,6714.0,-5321.0,-3640887
2025-06-29T20:14:50.827752,6714.0,-5322.0,-3646209
2025-06-29T20:14:51.984089,6696.0,-5319.0,-3651528
2025-06-29T20:14:53.140354,6678.0,-5317.0,-3656845
2025-06-29T20:14:54.297060,6714.0,-5308.0,-3662153
2025-06-29T20:14:55.453736,6624.0,-5305.0,-3667458
2025-06-29T20:14:56.607426,6714.0,-5335.0,-3672793
2025-06-29T20:14:57.764049,6660.0,-5310.0,-3678103
2025-06-29T20:14:58.920758,6714.0,-5315.0,-3683418
2025-06-29T20:15:00.077338,6714.0,-5313.0,-3688731
2025-06-29T20:15:01.234134,6678.0,-5322.0,-3694053
2025-06-29T20:15:02.386822,6732.0,-5328.0,-3699381
2025-06-29T20:15:03.544943,6750.0,-5327.0,-3704708
2025-06-29T20:15:04.701184,6678.0,-5308.0,-3710016
2025-06-29T20:15:05.857951,6750.0,-5322.0,-3715338
2025-06-29T20:15:07.014539,6714.0,-5307.0,-3720645
2025-06-29T20:15:08.171156,6696.0,-5316.0,-3725961
2025-06-29T20:15:09.323922,6678.0,-5320.0,-3731281
2025-06-29T20:15:10.477749,6732.0,-5319.0,-3736600
2025-06-29T20:15:11.634297,6696.0,-5305.0,-3741905
2025-06-29T20:15:12.790978,6696.0,-5301.0,-3747206
2025-06-29T20:15:13.947771,6660.0,-5327.0,-3752533
2025-06-29T20:15:15.104404,6678.0,-5321.0,-3757854
2025-06-29T20:15:16.258072,6678.0,-5330.0,-3763184
2025-06-29T20:15:17.414825,6678.0,-5309.0,-3768493
2025-06-29T20:15:18.571668,6732.0,-5312.0,-3773805
2025-06-29T20:15:19.728119,6732.0,-5317.0,-3779122
2025-06-29T20:15:20.884804,6678.0,-5301.0,-3784423
2025-06-29T20:15:22.037437,6750.0,-5312.0,-3789735
2025-06-29T20:15:23.195159,6696.0,-5302.0,-3795037
2025-06-29T20:15:24.351854,6678.0,-5323.0,-3800360
2025-06-29T20:15:25.508590,6678.0,-5300.0,-3805660
2025-06-29T20:15:26.665134,6732.0,-5315.0,-3810975
2025-06-29T20:15:27.821881,6696.0,-5320.0,-3816295
2025-06-29T20:15:28.974524,6732.0,-5320.0,-3821615
2025-06-29T20:15:30.128219,6642.0,-5321.0,-3826936
2025-06-29T20:15:31.284989,6696.0,-5304.0,-3832240
2025-06-29T20:15:32.441683,6660.0,-5306.0,-3837546
2025-06-29T20:15:33.599987,6678.0,-5331.0,-3842877
2025-06-29T20:15:34.755601,6678.0,-5307.0,-3848184
2025-06-29T20:15:35.908773,6714.0,-5311.0,-3853495
2025-06-29T20:15:37.065299,6696.0,-5295.0,-3858790
2025-06-29T20:15:38.222090,6696.0,-5314.0,-3864104
2025-06-29T20:15:39.378759,6678.0,-5318.0,-3869422
2025-06-29T20:15:40.535342,6660.0,-5313.0,-3874735
2025-06-29T20:15:41.688240,6678.0,-5296.0,-3880031
2025-06-29T20:15:42.845710,6768.0,-5300.0,-3885331
2025-06-29T20:15:44.002352,6642.0,-5305.0,-3890636
2025-06-29T20:15:45.159133,6678.0,-5307.0,-3895943
2025-06-29T20:15:46.315855,6678.0,-5312.0,-3901255
2025-06-29T20:15:47.472446,6678.0,-5298.0,-3906553
2025-06-29T20:15:48.625159,6696.0,-5330.0,-3911883
2025-06-29T20:15:49.778802,6732.0,-5337.0,-3917220
2025-06-29T20:15:50.935628,6696.0,-5302.0,-3922522
2025-06-29T20:15:52.092382,6714.0,-5320.0,-3927842
2025-06-29T20:15:53.249008,6678.0,-5310.0,-3933152
2025-06-29T20:15:54.405586,6732.0,-5297.0,-3938449
2025-06-29T20:15:55.559502,6660.0,-5305.0,-3943754
2025-06-29T20:15:56.715935,6696.0,-5307.0,-3949061
2025-06-29T20:15:57.872696,6660.0,-5301.0,-3954362
2025-06-29T20:15:59.029519,6714.0,-5294.0,-3959656
2025-06-29T20:16:00.185959,6696.0,-5326.0,-3964982
2025-06-29T20:16:01.338782,6660.0,-5309.0,-3970291
2025-06-29T20:16:02.496361,6696.0,-5302.0,-3975593
2025-06-29T20:16:03.652992,6696.0,-5307.0,-3980900
2025-06-29T20:16:04.809718,6642.0,-5302.0,-3986202
2025-06-29T20:16:05.966366,6696.0,-5303.0,-3991505
2025-06-29T20:16:07.123060,6678.0,-5300.0,-3996805
2025-06-29T20:16:08.275898,6660.0,-5315.0,-4002120
2025-06-29T20:16:09.429567,6696.0,-5316.0,-4007436
2025-06-29T20:16:10.586783,6696.0,-5317.0,-4012753
2025-06-29T20:16:11.742826,6660.0,-5299.0,-4018052
2025-06-29T20:16:12.899609,6714.0,-5303.0,-4023355
2025-06-29T20:16:14.056324,6696.0,-5304.0,-4028659
2025-06-29T20:16:15.210006,6660.0,-5308.0,-4033967
2025-06-29T20:16:16.366690,6642.0,-5304.0,-4039271
2025-06-29T20:16:17.523445,6714.0,-5292.0,-4044563
2025-06-29T20:16:18.679969,6678.0,-5307.0,-4049870
2025-06-29T20:16:19.836656,6750.0,-5302.0,-4055172
2025-06-29T20:16:20.989459,6660.0,-5310.0,-4060482
2025-06-29T20:16:22.147112,6660.0,-5301.0,-4065783
2025-06-29T20:16:23.303700,6660.0,-5310.0,-4071093
2025-06-29T20:16:24.460474,6714.0,-5312.0,-4076405
2025-06-29T20:16:25.616989,6660.0,-5294.0,-4081699
2025-06-29T20:16:26.773872,6678.0,-5304.0,-4087003
2025-06-29T20:16:27.927016,6624.0,-5320.0,-4092323
2025-06-29T20:16:29.080250,6696.0,-5308.0,-4097631
2025-06-29T20:16:30.236730,6660.0,-5303.0,-4102934
2025-06-29T20:16:31.393591,6714.0,-5294.0,-4108228
2025-06-29T20:16:32.550147,6696.0,-5296.0,-4113524
2025-06-29T20:16:33.706799,6714.0,-5311.0,-4118835
2025-06-29T20:16:34.860429,6660.0,-5305.0,-4124140
2025-06-29T20:16:36.019905,6732.0,-5295.0,-4129435
2025-06-29T20:16:37.173934,6660.0,-5300.0,-4134735
2025-06-29T20:16:38.330558,6660.0,-5308.0,-4140043
2025-06-29T20:16:39.487287,6642.0,-5310.0,-4145353
2025-06-29T20:16:40.640145,6696.0,-5324.0,-4150677
2025-06-29T20:16:41.797815,6714.0,-5301.0,-4155978
2025-06-29T20:16:42.954612,6750.0,-5307.0,-4161285
2025-06-29T20:16:44.110963,6660.0,-5299.0,-4166584
2025-06-29T20:16:45.267760,6696.0,-5304.0,-4171888
2025-06-29T20:16:46.424441,6678.0,-5305.0,-4177193
2025-06-29T20:16:47.577174,6678.0,-5337.0,-4182530
2025-06-29T20:16:48.730758,6678.0,-5317.0,-4187847
2025-06-29T20:16:49.887471,6642.0,-5314.0,-4193161
2025-06-29T20:16:51.044200,6696.0,-5304.0,-4198465
2025-06-29T20:16:52.200726,6696.0,-5302.0,-4203767
2025-06-29T20:16:53.357523,6642.0,-5307.0,-4209074
2025-06-29T20:16:54.511188,6696.0,-5316.0,-4214390
2025-06-29T20:16:55.667823,6660.0,-5300.0,-4219690
2025-06-29T20:16:56.825172,6696.0,-5295.0,-4224985
2025-06-29T20:16:57.981397,6678.0,-5302.0,-4230287
2025-06-29T20:16:59.137867,6732.0,-5308.0,-4235595
2025-06-29T20:17:00.290662,6660.0,-5315.0,-4240910
2025-06-29T20:17:01.448704,6660.0,-5293.0,-4246203
2025-06-29T20:17:02.604884,6678.0,-5299.0,-4251502
2025-06-29T20:17:03.761661,6714.0,-5304.0,-4256806
2025-06-29T20:17:04.918277,6660.0,-5301.0,-4262107
2025-06-29T20:17:06.075009,6732.0,-5299.0,-4267406
2025-06-29T20:17:07.227868,6678.0,-5326.0,-4272732
2025-06-29T20:17:08.381947,6678.0,-5315.0,-4278047
2025-06-29T20:17:09.538125,6678.0,-5292.0,-4283339
2025-06-29T20:17:10.694696,6642.0,-5312.0,-4288651
2025-06-29T20:17:11.851467,6624.0,-5301.0,-4293952
2025-06-29T20:17:13.008387,6678.0,-5304.0,-4299256
2025-06-29T20:17:14.161801,6714.0,-5296.0,-4304552
2025-06-29T20:17:15.318557,6714.0,-5297.0,-4309849
2025-06-29T20:17:16.475146,6678.0,-5314.0,-4315163
2025-06-29T20:17:17.631863,6732.0,-5300.0,-4320463
2025-06-29T20:17:18.788536,6660.0,-5305.0,-4325768
2025-06-29T20:17:19.941216,6624.0,-5299.0,-4331067
2025-06-29T20:17:21.098838,6714.0,-5296.0,-4336363
2025-06-29T20:17:22.255877,6696.0,-5305.0,-4341668
2025-06-29T20:17:23.412222,6678.0,-5303.0,-4346971
2025-06-29T20:17:24.568846,6696.0,-5309.0,-4352280
2025-06-29T20:17:25.725664,6660.0,-5296.0,-4357576
2025-06-29T20:17:26.878483,6732.0,-5312.0,-4362888
2025-06-29T20:17:28.031909,6660.0,-5322.0,-4368210
2025-06-29T20:17:29.188675,6696.0,-5289.0,-4373499
2025-06-29T20:17:30.345462,6624.0,-5304.0,-4378803
2025-06-29T20:17:31.502053,6714.0,-5299.0,-4384102
2025-06-29T20:17:32.658718,6660.0,-5315.0,-4389417
2025-06-29T20:17:33.812356,6678.0,-5318.0,-4394735
2025-06-29T20:17:34.969149,6696.0,-5291.0,-4400026
2025-06-29T20:17:36.125819,6696.0,-5313.0,-4405339
2025-06-29T20:17:37.282523,6642.0,-5299.0,-4410638
2025-06-29T20:17:38.439196,6660.0,-5290.0,-4415928
2025-06-29T20:17:39.591942,6660.0,-5301.0,-4421229
2025-06-29T20:17:40.749401,6660.0,-5311.0,-4426540
2025-06-29T20:17:41.906181,6714.0,-5292.0,-4431832
2025-06-29T20:17:43.062962,6624.0,-5300.0,-4437132
2025-06-29T20:17:44.219491,6660.0,-5296.0,-4442428
2025-06-29T20:17:45.376205,6678.0,-5306.0,-4447734
2025-06-29T20:17:46.529028,6678.0,-5308.0,-4453042
2025-06-29T20:17:47.682720,6714.0,-5319.0,-4458361
2025-06-29T20:17:48.839257,6642.0,-5281.0,-4463642
2025-06-29T20:17:49.996025,6660.0,-5302.0,-4468944
2025-06-29T20:17:51.152646,6660.0,-5302.0,-4474246
2025-06-29T20:17:52.309352,6678.0,-5312.0,-4479558
2025-06-29T20:17:53.463005,6678.0,-5328.0,-4484886
2025-06-29T20:17:54.619616,6696.0,-5296.0,-4490182
2025-06-29T20:17:55.776401,6660.0,-5297.0,-4495479
2025-06-29T20:17:56.933119,6660.0,-5306.0,-4500785
2025-06-29T20:17:58.089840,6660.0,-5296.0,-4506081
2025-06-29T20:17:59.242382,6696.0,-5300.0,-4511381
2025-06-29T20:18:00.400118,6660.0,-5294.0,-4516675
2025-06-29T20:18:01.556727,6660.0,-5299.0,-4521974
2025-06-29T20:18:02.713525,6696.0,-5309.0,-4527283
2025-06-29T20:18:03.870323,6642.0,-5288.0,-4532571
2025-06-29T20:18:05.026821,6642.0,-5293.0,-4537864
2025-06-29T20:18:06.179475,6696.0,-5292.0,-4543156
2025-06-29T20:18:07.333284,6624.0,-5333.0,-4548489
2025-06-29T20:18:08.489981,6660.0,-5318.0,-4553807
2025-06-29T20:18:09.646663,6642.0,-5309.0,-4559116
2025-06-29T20:18:10.803340,6696.0,-5300.0,-4564416
2025-06-29T20:18:11.959870,6606.0,-5296.0,-4569712
2025-06-29T20:18:13.113693,6642.0,-5334.0,-4575046
2025-06-29T20:18:14.270374,6660.0,-5299.0,-4580345
2025-06-29T20:18:15.427048,6660.0,-5294.0,-4585639
2025-06-29T20:18:16.583584,6660.0,-5291.0,-4590930
2025-06-29T20:18:17.740461,6696.0,-5303.0,-4596233
2025-06-29T20:18:18.893145,6678.0,-5313.0,-4601546
2025-06-29T20:18:20.050756,6714.0,-5302.0,-4606848
2025-06-29T20:18:21.207384,6570.0,-5289.0,-4612137
2025-06-29T20:18:22.364118,6642.0,-5301.0,-4617438
2025-06-29T20:18:23.521316,6678.0,-5299.0,-4622737
2025-06-29T20:18:24.677572,6678.0,-5294.0,-4628031
2025-06-29T20:18:25.830174,6642.0,-5292.0,-4633323
2025-06-29T20:18:26.983939,6678.0,-5315.0,-4638638
2025-06-29T20:18:28.140649,6678.0,-5316.0,-4643954
2025-06-29T20:18:29.297195,6660.0,-5304.0,-4649258
2025-06-29T20:18:30.453949,6624.0,-5309.0,-4654567
2025-06-29T20:18:31.610567,6660.0,-5316.0,-4659883
2025-06-29T20:18:32.764197,6696.0,-5311.0,-4665194
2025-06-29T20:18:33.920925,6660.0,-5292.0,-4670486
2025-06-29T20:18:35.077847,6660.0,-5309.0,-4675795
2025-06-29T20:18:36.234166,6678.0,-5297.0,-4681092
2025-06-29T20:18:37.390908,6642.0,-5286.0,-4686378
2025-06-29T20:18:38.543609,6678.0,-5305.0,-4691683
2025-06-29T20:18:39.701439,6624.0,-5293.0,-4696976
2025-06-29T20:18:40.860343,6678.0,-5298.0,-4702274
2025-06-29T20:18:42.014627,6660.0,-5308.0,-4707582
2025-06-29T20:18:43.171299,6642.0,-5293.0,-4712875
2025-06-29T20:18:44.328209,6606.0,-5298.0,-4718173
2025-06-29T20:18:45.483342,6696.0,-5307.0,-4723480
2025-06-29T20:18:46.639523,6624.0,-5314.0,-4728794
2025-06-29T20:18:47.798260,6678.0,-5297.0,-4734091
2025-06-29T20:18:48.956868,6660.0,-5297.0,-4739388
2025-06-29T20:18:50.115319,6696.0,-5304.0,-4744692
2025-06-29T20:18:51.273926,6624.0,-5308.0,-4750000
2025-06-29T20:18:52.429324,6642.0,-5307.0,-4755307
2025-06-29T20:18:53.587270,6678.0,-5297.0,-4760604
2025-06-29T20:18:54.745297,6642.0,-5284.0,-4765888
2025-06-29T20:18:55.903241,6678.0,-5288.0,-4771176
2025-06-29T20:18:57.061235,6732.0,-5292.0,-4776468
2025-06-29T20:18:58.214989,6624.0,-5308.0,-4781776
2025-06-29T20:18:59.373774,6732.0,-5304.0,-4787080
2025-06-29T20:19:00.531281,6642.0,-5299.0,-4792379
2025-06-29T20:19:01.689011,6624.0,-5300.0,-4797679
2025-06-29T20:19:02.846477,6678.0,-5291.0,-4802970
2025-06-29T20:19:04.003807,6678.0,-5291.0,-4808261
2025-06-29T20:19:05.157613,6642.0,-5287.0,-4813548
2025-06-29T20:19:06.311605,6642.0,-5308.0,-4818856
2025-06-29T20:19:07.468959,6678.0,-5292.0,-4824148
2025-06-29T20:19:08.626105,6678.0,-5296.0,-4829444
2025-06-29T20:19:09.783439,6660.0,-5277.0,-4834721
2025-06-29T20:19:10.940649,6714.0,-5287.0,-4840008
2025-06-29T20:19:12.094575,6642.0,-5294.0,-4845302
2025-06-29T20:19:13.251745,6624.0,-5301.0,-4850603
2025-06-29T20:19:14.408853,6660.0,-5287.0,-4855890
2025-06-29T20:19:15.565995,6696.0,-5300.0,-4861190
2025-06-29T20:19:16.722950,6660.0,-5314.0,-4866504
2025-06-29T20:19:17.876036,6696.0,-5303.0,-4871807
2025-06-29T20:19:19.033871,6678.0,-5293.0,-4877100
2025-06-29T20:19:20.190771,6660.0,-5304.0,-4882404
2025-06-29T20:19:21.347772,6588.0,-5298.0,-4887702
2025-06-29T20:19:22.504663,6696.0,-5292.0,-4892994
2025-06-29T20:19:23.661657,6606.0,-5284.0,-4898278
2025-06-29T20:19:24.814605,6624.0,-5310.0,-4903588
2025-06-29T20:19:25.968383,6624.0,-5295.0,-4908883
2025-06-29T20:19:27.125312,6624.0,-5297.0,-4914180
2025-06-29T20:19:28.282086,6678.0,-5299.0,-4919479
2025-06-29T20:19:29.439047,6642.0,-5291.0,-4924770
2025-06-29T20:19:30.595835,6678.0,-5288.0,-4930058
2025-06-29T20:19:31.749559,6660.0,-5304.0,-4935362
2025-06-29T20:19:32.906424,6660.0,-5299.0,-4940661
2025-06-29T20:19:34.063072,6624.0,-5280.0,-4945941
2025-06-29T20:19:35.220056,6624.0,-5298.0,-4951239
2025-06-29T20:19:36.376733,6660.0,-5295.0,-4956534
2025-06-29T20:19:37.529640,6624.0,-5321.0,-4961855
2025-06-29T20:19:38.687260,6678.0,-5313.0,-4967168
2025-06-29T20:19:39.844120,6660.0,-5301.0,-4972469
2025-06-29T20:19:41.000829,6642.0,-5303.0,-4977772
2025-06-29T20:19:42.157530,6678.0,-5307.0,-4983079
2025-06-29T20:19:43.314384,6678.0,-5304.0,-4988383
2025-06-29T20:19:44.467032,6642.0,-5322.0,-4993705
2025-06-29T20:19:45.620851,6660.0,-5285.0,-4998990
2025-06-29T20:19:46.777632,6732.0,-5289.0,-5004279
2025-06-29T20:19:47.934302,6642.0,-5298.0,-5009577
2025-06-29T20:19:49.091020,6660.0,-5283.0,-5014860
2025-06-29T20:19:50.247762,6660.0,-5283.0,-5020143
2025-06-29T20:19:51.401568,6642.0,-5324.0,-5025467
2025-06-29T20:19:52.558344,6678.0,-5289.0,-5030756
2025-06-29T20:19:53.714915,6660.0,-5294.0,-5036050
2025-06-29T20:19:54.871727,6624.0,-5308.0,-5041358
2025-06-29T20:19:56.028351,6624.0,-5287.0,-5046645
2025-06-29T20:19:57.181042,6696.0,-5290.0,-5051935
2025-06-29T20:19:58.338684,6678.0,-5299.0,-5057234
2025-06-29T20:19:59.495477,6588.0,-5305.0,-5062539
2025-06-29T20:20:00.652201,6606.0,-5298.0,-5067837
2025-06-29T20:20:01.808954,6660.0,-5297.0,-5073134
2025-06-29T20:20:02.965520,6660.0,-5291.0,-5078425
2025-06-29T20:20:04.118466,6714.0,-5308.0,-5083733
2025-06-29T20:20:05.271948,6660.0,-5299.0,-5089032
2025-06-29T20:20:06.428779,6696.0,-5284.0,-5094316
2025-06-29T20:20:07.585438,6624.0,-5294.0,-5099610
2025-06-29T20:20:08.742065,6642.0,-5301.0,-5104911
2025-06-29T20:20:09.898926,6660.0,-5288.0,-5110199
2025-06-29T20:20:11.052478,6642.0,-5306.0,-5115505
2025-06-29T20:20:12.209255,6624.0,-5303.0,-5120808
2025-06-29T20:20:13.365974,6642.0,-5294.0,-5126102
2025-06-29T20:20:14.522499,6624.0,-5290.0,-5131392
2025-06-29T20:20:15.679348,6660.0,-5293.0,-5136685
2025-06-29T20:20:16.832065,6624.0,-5306.0,-5141991
2025-06-29T20:20:17.989669,6660.0,-5293.0,-5147284
2025-06-29T20:20:19.146373,6606.0,-5288.0,-5152572
2025-06-29T20:20:20.303129,6624.0,-5303.0,-5157875
2025-06-29T20:20:21.459662,6624.0,-5304.0,-5163179
2025-06-29T20:20:22.616432,6624.0,-5289.0,-5168468
2025-06-29T20:20:23.769113,6660.0,-5287.0,-5173755
2025-06-29T20:20:24.922801,6714.0,-5304.0,-5179059
2025-06-29T20:20:26.079516,6570.0,-5296.0,-5184355
2025-06-29T20:20:27.236181,6642.0,-5290.0,-5189645
2025-06-29T20:20:28.392876,6660.0,-5301.0,-5194946
2025-06-29T20:20:29.549728,6660.0,-5296.0,-5200242
2025-06-29T20:20:30.703379,6606.0,-5308.0,-5205550
2025-06-29T20:20:31.860075,6624.0,-5298.0,-5210848
2025-06-29T20:20:33.016743,6624.0,-5289.0,-5216137
2025-06-29T20:20:34.173316,6660.0,-5305.0,-5221442
2025-06-29T20:20:35.329994,6624.0,-5303.0,-5226745
2025-06-29T20:20:36.482875,6660.0,-5280.0,-5232025
2025-06-29T20:20:37.640426,6624.0,-5288.0,-5237313
2025-06-29T20:20:38.797072,6714.0,-5310.0,-5242623
2025-06-29T20:20:39.953760,6642.0,-5286.0,-5247909
2025-06-29T20:20:41.110460,6642.0,-5295.0,-5253204
2025-06-29T20:20:42.267158,6660.0,-5296.0,-5258500
2025-06-29T20:20:43.419833,6678.0,-5306.0,-5263806
2025-06-29T20:20:44.573617,6642.0,-5299.0,-5269105
2025-06-29T20:20:45.730217,6678.0,-5287.0,-5274392
2025-06-29T20:20:46.886915,6624.0,-5287.0,-5279679
2025-06-29T20:20:48.043598,6660.0,-5297.0,-5284976
2025-06-29T20:20:49.200332,6642.0,-5310.0,-5290286
2025-06-29T20:20:50.354018,6624.0,-5295.0,-5295581
2025-06-29T20:20:51.510749,6660.0,-5288.0,-5300869
2025-06-29T20:20:52.667451,6660.0,-5290.0,-5306159
2025-06-29T20:20:53.824052,6678.0,-5292.0,-5311451
2025-06-29T20:20:54.980713,6624.0,-5299.0,-5316750
2025-06-29T20:20:56.133561,6642.0,-5303.0,-5322053
2025-06-29T20:20:57.291208,6678.0,-5301.0,-5327354
2025-06-29T20:20:58.447915,6570.0,-5299.0,-5332653
2025-06-29T20:20:59.604538,6696.0,-5288.0,-5337941
2025-06-29T20:21:00.761237,6624.0,-5286.0,-5343227
2025-06-29T20:21:01.917863,6606.0,-5304.0,-5348531
2025-06-29T20:21:03.070586,6678.0,-5307.0,-5353838
2025-06-29T20:21:04.224323,6624.0,-5276.0,-5359114
2025-06-29T20:21:05.380955,6660.0,-5284.0,-5364398
2025-06-29T20:21:06.537954,6624.0,-5292.0,-5369690
2025-06-29T20:21:07.694648,6660.0,-5292.0,-5374982
2025-06-29T20:21:08.851106,6660.0,-5280.0,-5380262
2025-06-29T20:21:10.004772,6606.0,-5305.0,-5385567
2025-06-29T20:21:11.161381,6696.0,-5310.0,-5390877
2025-06-29T20:21:12.318091,6642.0,-5305.0,-5396182
2025-06-29T20:21:13.474785,6660.0,-5310.0,-5401492
2025-06-29T20:21:14.631534,6660.0,-5302.0,-5406794
2025-06-29T20:21:15.784961,6714.0,-5308.0,-5412102
2025-06-29T20:21:16.941917,6624.0,-5287.0,-5417389
2025-06-29T20:21:18.098491,6678.0,-5291.0,-5422680
2025-06-29T20:21:19.255220,6606.0,-5277.0,-5427957
2025-06-29T20:21:20.411922,6660.0,-5298.0,-5433255
2025-06-29T20:21:21.568564,6606.0,-5280.0,-5438535
2025-06-29T20:21:22.721328,6660.0,-5303.0,-5443838
2025-06-29T20:21:23.875079,6642.0,-5303.0,-5449141
2025-06-29T20:21:25.031705,6678.0,-5280.0,-5454421
2025-06-29T20:21:26.188419,6624.0,-5274.0,-5459695
2025-06-29T20:21:27.345071,6660.0,-5280.0,-5464975
2025-06-29T20:21:28.501741,6624.0,-5291.0,-5470266
2025-06-29T20:21:29.655429,6642.0,-5302.0,-5475568
2025-06-29T20:21:30.812119,6624.0,-5294.0,-5480862
2025-06-29T20:21:31.968743,6660.0,-5280.0,-5486142
2025-06-29T20:21:33.125583,6606.0,-5289.0,-5491431
2025-06-29T20:21:34.282304,6642.0,-5287.0,-5496718
2025-06-29T20:21:35.435019,6660.0,-5295.0,-5502013
2025-06-29T20:21:36.592558,6642.0,-5287.0,-5507300
2025-06-29T20:21:37.749236,6588.0,-5297.0,-5512597
2025-06-29T20:21:38.906015,6714.0,-5281.0,-5517878
2025-06-29T20:21:40.062739,6606.0,-5267.0,-5523145
2025-06-29T20:21:41.219384,6660.0,-5291.0,-5528436
2025-06-29T20:21:42.372177,6660.0,-5301.0,-5533737
2025-06-29T20:21:43.526224,6678.0,-5304.0,-5539041
2025-06-29T20:21:44.682485,6588.0,-5298.0,-5544339
2025-06-29T20:21:45.839188,6606.0,-5295.0,-5549634
2025-06-29T20:21:46.995905,6678.0,-5283.0,-5554917
2025-06-29T20:21:48.152592,6660.0,-5291.0,-5560208
2025-06-29T20:21:49.306293,6642.0,-5289.0,-5565497
2025-06-29T20:21:50.462979,6660.0,-5301.0,-5570798
2025-06-29T20:21:51.619470,6678.0,-5292.0,-5576090
2025-06-29T20:21:52.776314,6642.0,-5289.0,-5581379
2025-06-29T20:21:53.933088,6624.0,-5277.0,-5586656
2025-06-29T20:21:55.085663,6642.0,-5302.0,-5591958
2025-06-29T20:21:56.245642,6642.0,-5300.0,-5597258
2025-06-29T20:21:57.399918,6678.0,-5299.0,-5602557
2025-06-29T20:21:58.556749,6588.0,-5276.0,-5607833
2025-06-29T20:21:59.713338,6714.0,-5284.0,-5613117
2025-06-29T20:22:00.870064,6606.0,-5288.0,-5618405
2025-06-29T20:22:02.022851,6678.0,-5306.0,-5623711
2025-06-29T20:22:03.176517,6606.0,-5298.0,-5629009
2025-06-29T20:22:04.333154,6642.0,-5277.0,-5634286
2025-06-29T20:22:05.489748,6606.0,-5283.0,-5639569
2025-06-29T20:22:06.646477,6624.0,-5291.0,-5644860
2025-06-29T20:22:07.803104,6642.0,-5279.0,-5650139
2025-06-29T20:22:08.957324,6678.0,-5296.0,-5655435
2025-06-29T20:22:10.113614,6624.0,-5311.0,-5660746
2025-06-29T20:22:11.270207,6642.0,-5295.0,-5666041
2025-06-29T20:22:12.426973,6588.0,-5302.0,-5671343
2025-06-29T20:22:13.583744,6678.0,-5292.0,-5676635
2025-06-29T20:22:14.741354,6624.0,-5295.0,-5681930
2025-06-29T20:22:15.894044,6678.0,-5275.0,-5687205
2025-06-29T20:22:17.050690,6660.0,-5284.0,-5692489
2025-06-29T20:22:18.207409,6696.0,-5286.0,-5697775
2025-06-29T20:22:19.363953,6606.0,-5282.0,-5703057
2025-06-29T20:22:20.520663,6678.0,-5301.0,-5708358
2025-06-29T20:22:21.673520,6624.0,-5293.0,-5713651
2025-06-29T20:22:22.827148,6660.0,-5304.0,-5718955
2025-06-29T20:22:23.983948,6660.0,-5292.0,-5724247
2025-06-29T20:22:25.140579,6606.0,-5287.0,-5729534
2025-06-29T20:22:26.297218,6660.0,-5309.0,-5734843
2025-06-29T20:22:27.453915,6642.0,-5302.0,-5740145
2025-06-29T20:22:28.608014,6570.0,-5281.0,-5745426
2025-06-29T20:22:29.764275,6642.0,-5282.0,-5750708
2025-06-29T20:22:30.920989,6624.0,-5291.0,-5755999
2025-06-29T20:22:32.077735,6732.0,-5291.0,-5761290
2025-06-29T20:22:33.234321,6642.0,-5283.0,-5766573
2025-06-29T20:22:34.387112,6606.0,-5295.0,-5771868
2025-06-29T20:22:35.544812,6624.0,-5282.0,-5777150
2025-06-29T20:22:36.701337,6678.0,-5291.0,-5782441
2025-06-29T20:22:37.858163,6624.0,-5296.0,-5787737
2025-06-29T20:22:39.014801,6660.0,-5295.0,-5793032
2025-06-29T20:22:40.171449,6588.0,-5295.0,-5798327
2025-06-29T20:22:41.324205,6642.0,-5310.0,-5803637
2025-06-29T20:22:42.477978,6606.0,-5284.0,-5808921
2025-06-29T20:22:43.634621,6678.0,-5297.0,-5814218
2025-06-29T20:22:44.791728,6660.0,-5298.0,-5819516
2025-06-29T20:22:45.947987,6660.0,-5307.0,-5824823
2025-06-29T20:22:47.104689,6642.0,-5284.0,-5830107
2025-06-29T20:22:48.258588,6606.0,-5299.0,-5835406
2025-06-29T20:22:49.415029,6624.0,-5277.0,-5840683
2025-06-29T20:22:50.572397,6606.0,-5301.0,-5845984
2025-06-29T20:22:51.728318,6624.0,-5292.0,-5851276
2025-06-29T20:22:52.884993,6624.0,-5289.0,-5856565
2025-06-29T20:22:54.037880,6660.0,-5321.0,-5861886
2025-06-29T20:22:55.195403,6588.0,-5284.0,-5867170
2025-06-29T20:22:56.352211,6606.0,-5289.0,-5872459
2025-06-29T20:22:57.508725,6624.0,-5294.0,-5877753
2025-06-29T20:22:58.665429,6642.0,-5282.0,-5883035
2025-06-29T20:22:59.822296,6660.0,-5277.0,-5888312
2025-06-29T20:23:00.974898,6624.0,-5283.0,-5893595
2025-06-29T20:23:02.128564,6606.0,-5306.0,-5898901
2025-06-29T20:23:03.285373,6624.0,-5298.0,-5904199
2025-06-29T20:23:04.442047,6678.0,-5292.0,-5909491
2025-06-29T20:23:05.598836,6642.0,-5293.0,-5914784
2025-06-29T20:23:06.755388,6642.0,-5302.0,-5920086
2025-06-29T20:23:07.909110,6606.0,-5313.0,-5925399
2025-06-29T20:23:09.065823,6606.0,-5289.0,-5930688
2025-06-29T20:23:10.222407,6588.0,-5290.0,-5935978
2025-06-29T20:23:11.379109,6642.0,-5272.0,-5941250
2025-06-29T20:23:12.535667,6588.0,-5291.0,-5946541
2025-06-29T20:23:13.688404,6660.0,-5291.0,-5951832
2025-06-29T20:23:14.846135,6624.0,-5283.0,-5957115
2025-06-29T20:23:16.002829,6606.0,-5290.0,-5962405
2025-06-29T20:23:17.159566,6642.0,-5292.0,-5967697
2025-06-29T20:23:18.316258,6642.0,-5285.0,-5972982
2025-06-29T20:23:19.472790,6642.0,-5284.0,-5978266
2025-06-29T20:23:20.625544,6660.0,-5310.0,-5983576
2025-06-29T20:23:21.779234,6606.0,-5271.0,-5988847
2025-06-29T20:23:22.935914,6696.0,-5282.0,-5994129
2025-06-29T20:23:24.092638,6642.0,-5290.0,-5999419
2025-06-29T20:23:25.249857,6624.0,-5303.0,-6004722
2025-06-29T20:23:26.405986,6570.0,-5281.0,-6010003
2025-06-29T20:23:27.559814,6696.0,-5286.0,-6015289
2025-06-29T20:23:28.716307,6678.0,-5285.0,-6020574
2025-06-29T20:23:29.873037,6624.0,-5296.0,-6025870
2025-06-29T20:23:31.029693,6588.0,-5282.0,-6031152
2025-06-29T20:23:32.186355,6624.0,-5277.0,-6036429
2025-06-29T20:23:33.339138,6606.0,-5307.0,-6041736
2025-06-29T20:23:34.496786,6660.0,-5294.0,-6047030
2025-06-29T20:23:35.653396,6570.0,-5284.0,-6052314
2025-06-29T20:23:36.810307,6606.0,-5299.0,-6057613
2025-06-29T20:23:37.967215,6606.0,-5283.0,-6062896
2025-06-29T20:23:39.123599,6624.0,-5285.0,-6068181
2025-06-29T20:23:40.276300,6624.0,-5277.0,-6073458
2025-06-29T20:23:41.429889,6678.0,-5302.0,-6078760
2025-06-29T20:23:42.586505,6606.0,-5302.0,-6084062
2025-06-29T20:23:43.743358,6624.0,-5286.0,-6089348
2025-06-29T20:23:44.899945,6624.0,-5290.0,-6094638
2025-06-29T20:23:46.056701,6606.0,-5310.0,-6099948
2025-06-29T20:23:47.210358,6588.0,-5287.0,-6105235
2025-06-29T20:23:48.366933,6660.0,-5301.0,-6110536
2025-06-29T20:23:49.523726,6588.0,-5290.0,-6115826
2025-06-29T20:23:50.680332,6588.0,-5279.0,-6121105
2025-06-29T20:23:51.837142,6660.0,-5307.0,-6126412
2025-06-29T20:23:52.989783,6642.0,-5291.0,-6131703
2025-06-29T20:23:54.147489,6606.0,-5281.0,-6136984
2025-06-29T20:23:55.304113,6660.0,-5289.0,-6142273
2025-06-29T20:23:56.460843,6624.0,-5288.0,-6147561
2025-06-29T20:23:57.617390,6642.0,-5279.0,-6152840
2025-06-29T20:23:58.774106,6588.0,-5293.0,-6158133
2025-06-29T20:23:59.926972,6642.0,-5306.0,-6163439
2025-06-29T20:24:01.080565,6588.0,-5296.0,-6168735
2025-06-29T20:24:02.237184,6660.0,-5270.0,-6174005
2025-06-29T20:24:03.393932,6606.0,-5287.0,-6179292
2025-06-29T20:24:04.550526,6642.0,-5279.0,-6184571
2025-06-29T20:24:05.707320,6642.0,-5275.0,-6189846
2025-06-29T20:24:06.860927,6642.0,-5292.0,-6195138
2025-06-29T20:24:08.017597,6642.0,-5301.0,-6200439
2025-06-29T20:24:09.174327,6678.0,-5287.0,-6205726
2025-06-29T20:24:10.330944,6588.0,-5297.0,-6211023
2025-06-29T20:24:11.487630,6624.0,-5304.0,-6216327
2025-06-29T20:24:12.640390,6678.0,-5288.0,-6221615
2025-06-29T20:24:13.798114,6606.0,-5289.0,-6226904
2025-06-29T20:24:14.954699,6606.0,-5285.0,-6232189
2025-06-29T20:24:16.111377,6642.0,-5291.0,-6237480
2025-06-29T20:24:17.268026,6606.0,-5277.0,-6242757
2025-06-29T20:24:18.424825,6606.0,-5285.0,-6248042
2025-06-29T20:24:19.577427,6660.0,-5300.0,-6253342
2025-06-29T20:24:20.731136,6660.0,-5301.0,-6258643
2025-06-29T20:24:21.887812,6570.0,-5286.0,-6263929
2025-06-29T20:24:23.044587,6678.0,-5292.0,-6269221
2025-06-29T20:24:24.201156,6624.0,-5282.0,-6274503
2025-06-29T20:24:25.357987,6570.0,-5275.0,-6279778
2025-06-29T20:24:26.511569,6588.0,-5276.0,-6285054
2025-06-29T20:24:27.668249,6624.0,-5290.0,-6290344
2025-06-29T20:24:28.824922,6588.0,-5278.0,-6295622
2025-06-29T20:24:29.981682,6606.0,-5288.0,-6300910
2025-06-29T20:24:31.138263,6606.0,-5286.0,-6306196
2025-06-29T20:24:32.291053,6642.0,-5284.0,-6311480
2025-06-29T20:24:33.448836,6588.0,-5301.0,-6316781
2025-06-29T20:24:34.605342,6606.0,-5298.0,-6322079
2025-06-29T20:24:35.762011,6606.0,-5292.0,-6327371
2025-06-29T20:24:36.918769,6678.0,-5293.0,-6332664
2025-06-29T20:24:38.075494,6606.0,-5301.0,-6337965
2025-06-29T20:24:39.228142,6624.0,-5299.0,-6343264
2025-06-29T20:24:40.381827,6588.0,-5295.0,-6348559
2025-06-29T20:24:41.538505,6606.0,-5295.0,-6353854
2025-06-29T20:24:42.695143,6642.0,-5278.0,-6359132
2025-06-29T20:24:43.851861,6588.0,-5281.0,-6364413
2025-06-29T20:24:45.008587,6642.0,-5279.0,-6369692
2025-06-29T20:24:46.162244,6606.0,-5305.0,-6374997
2025-06-29T20:24:47.318932,6642.0,-5280.0,-6380277
2025-06-29T20:24:48.475586,6588.0,-5276.0,-6385553
2025-06-29T20:24:49.632275,6624.0,-5297.0,-6390850
2025-06-29T20:24:50.789008,6714.0,-5296.0,-6396146
2025-06-29T20:24:51.941680,6588.0,-5277.0,-6401423
2025-06-29T20:24:53.099281,6660.0,-5291.0,-6406714
2025-06-29T20:24:54.256128,6570.0,-5289.0,-6412003
2025-06-29T20:24:55.412841,6678.0,-5287.0,-6417290
2025-06-29T20:24:56.569321,6606.0,-5301.0,-6422591
2025-06-29T20:24:57.726191,6624.0,-5288.0,-6427879
2025-06-29T20:24:58.878839,6624.0,-5295.0,-6433174
2025-06-29T20:25:00.032428,6678.0,-5296.0,-6438470
2025-06-29T20:25:01.189107,6570.0,-5289.0,-6443759
2025-06-29T20:25:02.345885,6642.0,-5289.0,-6449048
2025-06-29T20:25:03.503946,6570.0,-5282.0,-6454330
2025-06-29T20:25:04.659271,6660.0,-5296.0,-6459626
2025-06-29T20:25:05.812968,6624.0,-5304.0,-6464930
2025-06-29T20:25:06.969648,6606.0,-5287.0,-6470217
2025-06-29T20:25:08.126317,6606.0,-5281.0,-6475498
2025-06-29T20:25:09.283094,6624.0,-5302.0,-6480800
2025-06-29T20:25:10.439626,6624.0,-5281.0,-6486081
2025-06-29T20:25:11.592376,6606.0,-5298.0,-6491379
2025-06-29T20:25:12.749964,6642.0,-5303.0,-6496682
2025-06-29T20:25:13.906685,6660.0,-5279.0,-6501961
2025-06-29T20:25:15.063358,6570.0,-5289.0,-6507250
2025-06-29T20:25:16.220068,6588.0,-5292.0,-6512542
2025-06-29T20:25:17.376799,6552.0,-5283.0,-6517825
2025-06-29T20:25:18.529413,6642.0,-5291.0,-6523116
2025-06-29T20:25:19.683083,6624.0,-5299.0,-6528415
2025-06-29T20:25:20.839923,6660.0,-5293.0,-6533708
2025-06-29T20:25:21.996777,6624.0,-5292.0,-6539000
2025-06-29T20:25:23.153139,6588.0,-5290.0,-6544290
2025-06-29T20:25:24.309947,6588.0,-5281.0,-6549571
2025-06-29T20:25:25.463841,6588.0,-5302.0,-6554873
2025-06-29T20:25:26.620162,6570.0,-5292.0,-6560165
2025-06-29T20:25:27.776889,6624.0,-5292.0,-6565457
2025-06-29T20:25:28.933619,6570.0,-5293.0,-6570750
2025-06-29T20:25:30.093555,6588.0,-5301.0,-6576051
2025-06-29T20:25:31.245128,6552.0,-5292.0,-6581343
2025-06-29T20:25:32.400590,6642.0,-5292.0,-6586635
2025-06-29T20:25:33.557387,6606.0,-5286.0,-6591921
2025-06-29T20:25:34.713994,6642.0,-5293.0,-6597214
2025-06-29T20:25:35.870649,6570.0,-5280.0,-6602494
2025-06-29T20:25:37.027425,6660.0,-5290.0,-6607784
2025-06-29T20:25:38.180109,6606.0,-5296.0,-6613080
2025-06-29T20:25:39.333723,6642.0,-5311.0,-6618391
2025-06-29T20:25:40.490465,6642.0,-5282.0,-6623673
2025-06-29T20:25:41.647164,6588.0,-5292.0,-6628965
2025-06-29T20:25:42.803886,6642.0,-5299.0,-6634264
2025-06-29T20:25:43.960444,6642.0,-5283.0,-6639547
2025-06-29T20:25:45.114212,6588.0,-5283.0,-6644830
2025-06-29T20:25:46.270899,6660.0,-5277.0,-6650107
2025-06-29T20:25:47.427676,6624.0,-5302.0,-6655409
2025-06-29T20:25:48.584184,6678.0,-5282.0,-6660691
2025-06-29T20:25:49.740983,6588.0,-5280.0,-6665971
2025-06-29T20:25:50.893748,6606.0,-5283.0,-6671254
2025-06-29T20:25:52.051195,6570.0,-5286.0,-6676540
2025-06-29T20:25:53.208054,6606.0,-5281.0,-6681821
2025-06-29T20:25:54.364707,6606.0,-5293.0,-6687114
2025-06-29T20:25:55.521225,6642.0,-5283.0,-6692397
2025-06-29T20:25:56.678082,6624.0,-5269.0,-6697666
2025-06-29T20:25:57.830772,6606.0,-5297.0,-6702963
2025-06-29T20:25:58.984341,6552.0,-5288.0,-6708251
2025-06-29T20:26:00.142109,6624.0,-5297.0,-6713548
2025-06-29T20:26:01.298001,6588.0,-5290.0,-6718838
2025-06-29T20:26:02.454447,6606.0,-5283.0,-6724121
2025-06-29T20:26:03.611175,6606.0,-5286.0,-6729407
2025-06-29T20:26:04.764763,6606.0,-5288.0,-6734695
2025-06-29T20:26:05.921502,6570.0,-5281.0,-6739976
2025-06-29T20:26:07.078193,6624.0,-5291.0,-6745267
2025-06-29T20:26:08.234754,6588.0,-5278.0,-6750545
2025-06-29T20:26:09.391829,6642.0,-5284.0,-6755829
2025-06-29T20:26:10.544318,6588.0,-5293.0,-6761122
2025-06-29T20:26:11.701847,6660.0,-5295.0,-6766417
2025-06-29T20:26:12.859043,6570.0,-5298.0,-6771715
2025-06-29T20:26:14.015292,6588.0,-5294.0,-6777009
2025-06-29T20:26:15.171927,6588.0,-5273.0,-6782282
2025-06-29T20:26:16.328605,6660.0,-5287.0,-6787569
2025-06-29T20:26:17.488824,6606.0,-5287.0,-6792856
2025-06-29T20:26:18.635084,6696.0,-5285.0,-6798141
2025-06-29T20:26:19.791684,6624.0,-5298.0,-6803439
2025-06-29T20:26:20.948409,6624.0,-5274.0,-6808713
2025-06-29T20:26:22.105509,6588.0,-5265.0,-6813978
2025-06-29T20:26:23.261954,6606.0,-5293.0,-6819271
2025-06-29T20:26:24.415423,6588.0,-5307.0,-6824578
2025-06-29T20:26:25.572006,6624.0,-5291.0,-6829869
2025-06-29T20:26:26.728748,6642.0,-5289.0,-6835158
2025-06-29T20:26:27.885513,6624.0,-5290.0,-6840448
2025-06-29T20:26:29.042241,6570.0,-5283.0,-6845731
2025-06-29T20:26:30.194832,6660.0,-5299.0,-6851030
2025-06-29T20:26:31.352553,6606.0,-5274.0,-6856304
2025-06-29T20:26:32.509247,6624.0,-5294.0,-6861598
2025-06-29T20:26:33.665839,6570.0,-5283.0,-6866881
2025-06-29T20:26:34.822475,6660.0,-5289.0,-6872170
2025-06-29T20:26:35.979208,6588.0,-5278.0,-6877448
2025-06-29T20:26:37.131977,6588.0,-5298.0,-6882746
2025-06-29T20:26:38.285526,6606.0,-5309.0,-6888055
2025-06-29T20:26:39.442432,6606.0,-5299.0,-6893354
2025-06-29T20:26:40.599028,6588.0,-5296.0,-6898650
2025-06-29T20:26:41.755728,6588.0,-5280.0,-6903930
2025-06-29T20:26:42.912383,6624.0,-5288.0,-6909218
2025-06-29T20:26:44.065923,6606.0,-5287.0,-6914505
2025-06-29T20:26:45.222752,6642.0,-5279.0,-6919784
2025-06-29T20:26:46.379463,6624.0,-5291.0,-6925075
2025-06-29T20:26:47.535995,6588.0,-5291.0,-6930366
2025-06-29T20:26:48.692720,6642.0,-5283.0,-6935649
2025-06-29T20:26:49.845426,6570.0,-5300.0,-6940949
2025-06-29T20:26:51.003014,6624.0,-5284.0,-6946233
2025-06-29T20:26:52.159708,6588.0,-5302.0,-6951535
2025-06-29T20:26:53.316366,6624.0,-5276.0,-6956811
2025-06-29T20:26:54.473155,6588.0,-5286.0,-6962097
2025-06-29T20:26:55.629712,6570.0,-5285.0,-6967382
2025-06-29T20:26:56.782470,6570.0,-5306.0,-6972688
2025-06-29T20:26:57.936176,6660.0,-5288.0,-6977976
2025-06-29T20:26:59.092869,6588.0,-5285.0,-6983261
2025-06-29T20:27:00.249696,6606.0,-5277.0,-6988538
2025-06-29T20:27:01.406326,6588.0,-5296.0,-6993834
2025-06-29T20:27:02.562935,6588.0,-5299.0,-6999133
2025-06-29T20:27:03.716704,6606.0,-5285.0,-7004418
2025-06-29T20:27:04.873351,6570.0,-5307.0,-7009725
2025-06-29T20:27:06.030521,6606.0,-5298.0,-7015023
2025-06-29T20:27:07.186796,6624.0,-5292.0,-7020315
2025-06-29T20:27:08.343384,6624.0,-5293.0,-7025608
2025-06-29T20:27:09.496124,6570.0,-5251.0,-7030859
2025-06-29T20:27:10.653709,6606.0,-5288.0,-7036147
2025-06-29T20:27:11.810462,6570.0,-5263.0,-7041410
2025-06-29T20:27:12.967070,6588.0,-5281.0,-7046691
2025-06-29T20:27:14.123768,6660.0,-5286.0,-7051977
2025-06-29T20:27:15.280409,6660.0,-5297.0,-7057274
2025-06-29T20:27:16.433173,6624.0,-5271.0,-7062545
2025-06-29T20:27:17.586831,6588.0,-5286.0,-7067831
2025-06-29T20:27:18.743492,6606.0,-5270.0,-7073101
2025-06-29T20:27:19.900156,6606.0,-5290.0,-7078391
2025-06-29T20:27:21.056843,6588.0,-5265.0,-7083656
2025-06-29T20:27:22.213577,6624.0,-5293.0,-7088949
2025-06-29T20:27:23.367280,6606.0,-5260.0,-7094209
2025-06-29T20:27:24.523964,6534.0,-5295.0,-7099504
2025-06-29T20:27:25.680571,6660.0,-5292.0,-7104796
2025-06-29T20:27:26.837355,6606.0,-5291.0,-7110087
2025-06-29T20:27:27.993921,6588.0,-5293.0,-7115380
2025-06-29T20:27:29.146680,6570.0,-5302.0,-7120682
2025-06-29T20:27:30.304375,6570.0,-5293.0,-7125975
2025-06-29T20:27:31.460984,6588.0,-5280.0,-7131255
2025-06-29T20:27:32.617721,6588.0,-5308.0,-7136563
2025-06-29T20:27:33.774502,6570.0,-5305.0,-7141868
2025-06-29T20:27:34.931016,6642.0,-5298.0,-7147166
2025-06-29T20:27:36.083767,6570.0,-5305.0,-7152471
2025-06-29T20:27:37.237495,6588.0,-5312.0,-7157783
2025-06-29T20:27:38.394132,6624.0,-5293.0,-7163076
2025-06-29T20:27:39.550820,6588.0,-5279.0,-7168355
2025-06-29T20:27:40.707659,6588.0,-5298.0,-7173653
2025-06-29T20:27:41.864394,6606.0,-5288.0,-7178941
2025-06-29T20:27:43.017974,6624.0,-5316.0,-7184257
2025-06-29T20:27:44.182501,6624.0,-5266.0,-7189523
2025-06-29T20:27:45.335862,6570.0,-5292.0,-7194815
2025-06-29T20:27:46.488531,6570.0,-5299.0,-7200114
2025-06-29T20:27:47.644570,6624.0,-5292.0,-7205406
2025-06-29T20:27:48.797443,6570.0,-5311.0,-7210717
2025-06-29T20:27:49.954947,6606.0,-5307.0,-7216024
2025-06-29T20:27:51.111615,6570.0,-5328.0,-7221352
2025-06-29T20:27:52.268336,6570.0,-5295.0,-7226647
2025-06-29T20:27:53.425018,6660.0,-5293.0,-7231940
2025-06-29T20:27:54.581827,6588.0,-5287.0,-7237227
2025-06-29T20:27:55.734621,6624.0,-5285.0,-7242512
2025-06-29T20:27:56.888141,6624.0,-5309.0,-7247821
2025-06-29T20:27:58.044785,6642.0,-5322.0,-7253143
2025-06-29T20:27:59.201489,6660.0,-5308.0,-7258451
2025-06-29T20:28:00.358251,6642.0,-5295.0,-7263746
2025-06-29T20:28:01.515066,6570.0,-5291.0,-7269037
2025-06-29T20:28:02.668501,6606.0,-5309.0,-7274346
2025-06-29T20:28:03.825218,6588.0,-5303.0,-7279649
2025-06-29T20:28:04.981974,6606.0,-5314.0,-7284963
2025-06-29T20:28:06.138590,6624.0,-5287.0,-7290250
2025-06-29T20:28:07.295332,6588.0,-5268.0,-7295518
2025-06-29T20:28:08.447970,6624.0,-5302.0,-7300820
2025-06-29T20:28:09.605612,6606.0,-5280.0,-7306100
2025-06-29T20:28:10.762269,6588.0,-5295.0,-7311395
2025-06-29T20:28:11.919060,6570.0,-5288.0,-7316683
2025-06-29T20:28:13.075620,6642.0,-5299.0,-7321982
2025-06-29T20:28:14.232344,6642.0,-5313.0,-7327295
2025-06-29T20:28:15.385118,6552.0,-5297.0,-7332592
2025-06-29T20:28:16.538769,6570.0,-5331.0,-7337923
2025-06-29T20:28:17.695422,6570.0,-5306.0,-7343229
2025-06-29T20:28:18.852095,6642.0,-5294.0,-7348523
2025-06-29T20:28:20.008801,6588.0,-5287.0,-7353810
2025-06-29T20:28:21.165481,6606.0,-5320.0,-7359130
2025-06-29T20:28:22.319133,6570.0,-5320.0,-7364450
2025-06-29T20:28:23.475979,6642.0,-5276.0,-7369726
2025-06-29T20:28:24.632556,6570.0,-5298.0,-7375024
2025-06-29T20:28:25.789255,6588.0,-5295.0,-7380319
2025-06-29T20:28:26.945916,6642.0,-5298.0,-7385617
2025-06-29T20:28:28.098607,6660.0,-5315.0,-7390932
2025-06-29T20:28:29.256301,6570.0,-5294.0,-7396226
2025-06-29T20:28:30.412989,6606.0,-5326.0,-7401552
2025-06-29T20:28:31.569655,6570.0,-5296.0,-7406848
2025-06-29T20:28:32.726342,6624.0,-5275.0,-7412123
2025-06-29T20:28:33.882984,6588.0,-5303.0,-7417426
2025-06-29T20:28:35.035719,6606.0,-5296.0,-7422722
2025-06-29T20:28:36.189450,6588.0,-5308.0,-7428030
2025-06-29T20:28:37.346080,6570.0,-5324.0,-7433354
2025-06-29T20:28:38.502769,6588.0,-5300.0,-7438654
2025-06-29T20:28:39.659512,6624.0,-5290.0,-7443944
2025-06-29T20:28:40.816113,6606.0,-5293.0,-7449237
2025-06-29T20:28:41.969831,6606.0,-5273.0,-7454510
2025-06-29T20:28:43.126511,6588.0,-5287.0,-7459797
2025-06-29T20:28:44.283305,6642.0,-5278.0,-7465075
2025-06-29T20:28:45.440134,6624.0,-5294.0,-7470369
2025-06-29T20:28:46.596692,6624.0,-5323.0,-7475692
2025-06-29T20:28:47.749314,6588.0,-5300.0,-7480992
2025-06-29T20:28:48.906927,6606.0,-5285.0,-7486277
2025-06-29T20:28:50.063602,6570.0,-5300.0,-7491577
2025-06-29T20:28:51.220275,6624.0,-5268.0,-7496845
2025-06-29T20:28:52.377122,6534.0,-5284.0,-7502129
2025-06-29T20:28:53.533662,6642.0,-5282.0,-7507411
2025-06-29T20:28:54.686459,6588.0,-5287.0,-7512698
2025-06-29T20:28:55.840111,6588.0,-5301.0,-7517999
2025-06-29T20:28:56.996753,6552.0,-5293.0,-7523292
2025-06-29T20:28:58.153421,6642.0,-5342.0,-7528634
2025-06-29T20:28:59.310175,6570.0,-5294.0,-7533928
2025-06-29T20:29:00.466856,6660.0,-5307.0,-7539235
2025-06-29T20:29:01.620514,6570.0,-5304.0,-7544539
2025-06-29T20:29:02.777677,6606.0,-5293.0,-7549832
2025-06-29T20:29:03.933815,6624.0,-5303.0,-7555135
2025-06-29T20:29:05.090576,6588.0,-5278.0,-7560413
2025-06-29T20:29:06.260794,6606.0,-5287.0,-7565700
2025-06-29T20:29:07.399967,6606.0,-5323.0,-7571023
2025-06-29T20:29:08.557601,6588.0,-5289.0,-7576312
2025-06-29T20:29:09.714329,6606.0,-5310.0,-7581622
2025-06-29T20:29:10.871053,6570.0,-5293.0,-7586915
2025-06-29T20:29:12.027703,6606.0,-5297.0,-7592212
2025-06-29T20:29:13.184386,6570.0,-5308.0,-7597520
2025-06-29T20:29:14.337130,6606.0,-5292.0,-7602812
2025-06-29T20:29:15.490861,6570.0,-5313.0,-7608125
2025-06-29T20:29:16.647443,6606.0,-5279.0,-7613404
2025-06-29T20:29:17.804111,6570.0,-5303.0,-7618707
2025-06-29T20:29:18.960850,6588.0,-5293.0,-7624000
2025-06-29T20:29:20.117471,6588.0,-5301.0,-7629301
2025-06-29T20:29:21.271187,6606.0,-5295.0,-7634596
2025-06-29T20:29:22.427810,6624.0,-5305.0,-7639901
2025-06-29T20:29:23.584490,6606.0,-5286.0,-7645187
2025-06-29T20:29:24.741248,6570.0,-5298.0,-7650485
2025-06-29T20:29:25.897976,6624.0,-5277.0,-7655762
2025-06-29T20:29:27.050608,6570.0,-5296.0,-7661058
2025-06-29T20:29:28.208393,6588.0,-5281.0,-7666339
2025-06-29T20:29:29.365009,6588.0,-5288.0,-7671627
2025-06-29T20:29:30.521662,6588.0,-5301.0,-7676928
2025-06-29T20:29:31.678280,6570.0,-5310.0,-7682238
2025-06-29T20:29:32.835066,6624.0,-5279.0,-7687517
2025-06-29T20:29:33.987703,6606.0,-5309.0,-7692826
2025-06-29T20:29:35.147031,6606.0,-5320.0,-7698146
2025-06-29T20:29:36.298131,6606.0,-5293.0,-7703439
2025-06-29T20:29:37.454769,6588.0,-5291.0,-7708730
2025-06-29T20:29:38.611492,6552.0,-5296.0,-7714026
2025-06-29T20:29:39.768290,6570.0,-5278.0,-7719304
2025-06-29T20:29:40.921860,6624.0,-5305.0,-7724609
2025-06-29T20:29:42.078518,6588.0,-5326.0,-7729935
2025-06-29T20:29:43.235223,6516.0,-5285.0,-7735220
2025-06-29T20:29:44.391914,6624.0,-5293.0,-7740513
2025-06-29T20:29:45.548567,6552.0,-5283.0,-7745796
2025-06-29T20:29:46.701262,6588.0,-5284.0,-7751080
2025-06-29T20:29:47.858992,6552.0,-5285.0,-7756365
2025-06-29T20:29:49.016046,6588.0,-5311.0,-7761676
2025-06-29T20:29:50.172329,6588.0,-5312.0,-7766988
2025-06-29T20:29:51.328995,6606.0,-5287.0,-7772275
2025-06-29T20:29:52.485747,6606.0,-5301.0,-7777576
2025-06-29T20:29:53.638405,6606.0,-5324.0,-7782900
2025-06-29T20:29:54.792110,6570.0,-5300.0,-7788200
2025-06-29T20:29:55.948830,6588.0,-5288.0,-7793488
2025-06-29T20:29:57.105462,6588.0,-5288.0,-7798776
2025-06-29T20:29:58.262133,6642.0,-5304.0,-7804080
2025-06-29T20:29:59.418834,6552.0,-5289.0,-7809369
2025-06-29T20:30:00.572583,6588.0,-5313.0,-7814682
2025-06-29T20:30:01.729159,6552.0,-5301.0,-7819983
2025-06-29T20:30:02.885818,6570.0,-5299.0,-7825282
2025-06-29T20:30:04.042597,6552.0,-5307.0,-7830589
2025-06-29T20:30:05.199199,6588.0,-5272.0,-7835861
2025-06-29T20:30:06.351953,6570.0,-5297.0,-7841158
2025-06-29T20:30:07.509691,6570.0,-5301.0,-7846459
2025-06-29T20:30:08.666350,6570.0,-5295.0,-7851754
2025-06-29T20:30:09.823037,6624.0,-5276.0,-7857030
2025-06-29T20:30:10.979869,6570.0,-5296.0,-7862326
2025-06-29T20:30:12.136325,6606.0,-5299.0,-7867625
2025-06-29T20:30:13.289125,6534.0,-5298.0,-7872923
2025-06-29T20:30:14.442856,6588.0,-5318.0,-7878241
2025-06-29T20:30:15.599425,6552.0,-5297.0,-7883538
2025-06-29T20:30:16.756168,6588.0,-5288.0,-7888826
2025-06-29T20:30:17.912789,6570.0,-5303.0,-7894129
2025-06-29T20:30:19.069559,6642.0,-5310.0,-7899439
2025-06-29T20:30:20.223199,6606.0,-5304.0,-7904743
2025-06-29T20:30:21.379974,6570.0,-5319.0,-7910062
2025-06-29T20:30:22.536485,6570.0,-5294.0,-7915356
2025-06-29T20:30:23.693306,6570.0,-5269.0,-7920625
2025-06-29T20:30:24.849995,6588.0,-5302.0,-7925927
2025-06-29T20:30:26.002640,6552.0,-5310.0,-7931237
2025-06-29T20:30:27.160383,6570.0,-5294.0,-7936531
2025-06-29T20:30:28.316938,6606.0,-5277.0,-7941808
2025-06-29T20:30:29.473740,6570.0,-5291.0,-7947099
2025-06-29T20:30:30.630895,6588.0,-5282.0,-7952381
2025-06-29T20:30:31.787027,6516.0,-5295.0,-7957676
2025-06-29T20:30:32.939767,6642.0,-5300.0,-7962976
2025-06-29T20:30:34.093434,6570.0,-5309.0,-7968285
2025-06-29T20:30:35.250168,6606.0,-5332.0,-7973617
2025-06-29T20:30:36.406780,6606.0,-5290.0,-7978907
2025-06-29T20:30:37.563595,6588.0,-5269.0,-7984176
2025-06-29T20:30:38.720366,6570.0,-5287.0,-7989463
2025-06-29T20:30:39.874013,6588.0,-5304.0,-7994767
2025-06-29T20:30:41.030923,6588.0,-5293.0,-8000060
2025-06-29T20:30:42.187243,6570.0,-5286.0,-8005346
2025-06-29T20:30:43.344021,6570.0,-5305.0,-8010651
2025-06-29T20:30:44.500571,6552.0,-5293.0,-8015944
2025-06-29T20:30:45.653466,6570.0,-5309.0,-8021253
2025-06-29T20:30:46.810959,6606.0,-5301.0,-8026554
2025-06-29T20:30:47.967851,6588.0,-5286.0,-8031840
2025-06-29T20:30:49.124393,6570.0,-5295.0,-8037135
2025-06-29T20:30:50.281024,6552.0,-5296.0,-8042431
2025-06-29T20:30:51.437767,6624.0,-5289.0,-8047720
2025-06-29T20:30:52.590405,6588.0,-5299.0,-8053019
2025-06-29T20:30:53.744182,6588.0,-5339.0,-8058358
2025-06-29T20:30:54.900747,6570.0,-5291.0,-8063649
2025-06-29T20:30:56.057505,6642.0,-5279.0,-8068928
2025-06-29T20:30:57.214421,6588.0,-5290.0,-8074218
2025-06-29T20:30:58.370841,6606.0,-5312.0,-8079530
2025-06-29T20:30:59.524721,6570.0,-5304.0,-8084834
2025-06-29T20:31:00.681177,6606.0,-5284.0,-8090118
2025-06-29T20:31:01.837875,6570.0,-5288.0,-8095406
2025-06-29T20:31:02.994584,6606.0,-5286.0,-8100692
2025-06-29T20:31:04.151283,6570.0,-5307.0,-8105999
2025-06-29T20:31:05.304074,6570.0,-5326.0,-8111325
2025-06-29T20:31:06.461642,6570.0,-5295.0,-8116620
2025-06-29T20:31:07.618292,6606.0,-5256.0,-8121876
2025-06-29T20:31:08.774963,6570.0,-5296.0,-8127172
2025-06-29T20:31:09.931656,6570.0,-5272.0,-8132444
2025-06-29T20:31:11.088348,6570.0,-5290.0,-8137734
2025-06-29T20:31:12.241158,6570.0,-5278.0,-8143012
2025-06-29T20:31:13.394756,6570.0,-5306.0,-8148318
2025-06-29T20:31:14.551499,6588.0,-5273.0,-8153591
2025-06-29T20:31:15.708145,6570.0,-5293.0,-8158884
2025-06-29T20:31:16.864860,6624.0,-5287.0,-8164171
2025-06-29T20:31:18.021673,6570.0,-5305.0,-8169476
2025-06-29T20:31:19.175240,6570.0,-5299.0,-8174775
2025-06-29T20:31:20.331949,6570.0,-5287.0,-8180062
2025-06-29T20:31:21.489089,6570.0,-5320.0,-8185382
2025-06-29T20:31:22.645364,6534.0,-5308.0,-8190690
2025-06-29T20:31:23.802090,6570.0,-5305.0,-8195995
2025-06-29T20:31:24.954782,6570.0,-5303.0,-8201298
2025-06-29T20:31:26.112448,6570.0,-5292.0,-8206590
2025-06-29T20:31:27.268989,6552.0,-5289.0,-8211879
2025-06-29T20:31:28.425718,6570.0,-5289.0,-8217168
2025-06-29T20:31:29.582340,6498.0,-5284.0,-8222452
2025-06-29T20:31:30.739315,6606.0,-5289.0,-8227741
2025-06-29T20:31:31.891736,6570.0,-5316.0,-8233057
2025-06-29T20:31:33.045494,6624.0,-5292.0,-8238349
2025-06-29T20:31:34.202228,6570.0,-5307.0,-8243656
2025-06-29T20:31:35.358868,6624.0,-5290.0,-8248946
2025-06-29T20:31:36.515503,6570.0,-5300.0,-8254246
2025-06-29T20:31:37.672238,6570.0,-5275.0,-8259521
2025-06-29T20:31:38.825857,6570.0,-5287.0,-8264808
2025-06-29T20:31:39.982565,6606.0,-5305.0,-8270113
2025-06-29T20:31:41.139260,6534.0,-5289.0,-8275402
2025-06-29T20:31:42.296057,6606.0,-5320.0,-8280722
2025-06-29T20:31:43.452595,6570.0,-5294.0,-8286016
2025-06-29T20:31:44.605355,6606.0,-5318.0,-8291334
2025-06-29T20:31:45.763150,6588.0,-5297.0,-8296631
2025-06-29T20:31:46.919747,6570.0,-5309.0,-8301940
2025-06-29T20:31:48.076319,6552.0,-5299.0,-8307239
2025-06-29T20:31:49.233038,6570.0,-5321.0,-8312560
2025-06-29T20:31:50.389760,6570.0,-5292.0,-8317852
2025-06-29T20:31:51.542581,6570.0,-5328.0,-8323180
2025-06-29T20:31:52.696265,6570.0,-5290.0,-8328470
2025-06-29T20:31:53.852816,6570.0,-5287.0,-8333757
2025-06-29T20:31:55.009515,6570.0,-5287.0,-8339044
2025-06-29T20:31:56.166185,6606.0,-5289.0,-8344333
2025-06-29T20:31:57.322986,6552.0,-5281.0,-8349614
2025-06-29T20:31:58.476556,6588.0,-5295.0,-8354909
2025-06-29T20:31:59.633240,6534.0,-5291.0,-8360200
2025-06-29T20:32:00.789919,6570.0,-5304.0,-8365504
2025-06-29T20:32:01.946678,6570.0,-5273.0,-8370777
2025-06-29T20:32:03.103383,6570.0,-5309.0,-8376086
2025-06-29T20:32:04.256108,6570.0,-5280.0,-8381366
2025-06-29T20:32:05.414672,6624.0,-5281.0,-8386647
2025-06-29T20:32:06.570350,6606.0,-5297.0,-8391944
2025-06-29T20:32:07.727042,6588.0,-5314.0,-8397258
2025-06-29T20:32:08.883790,6552.0,-5280.0,-8402538
2025-06-29T20:32:10.040506,6570.0,-5301.0,-8407839
2025-06-29T20:32:11.193150,6588.0,-5279.0,-8413118
2025-06-29T20:32:12.347050,6570.0,-5295.0,-8418413
2025-06-29T20:32:13.503555,6570.0,-5288.0,-8423701
2025-06-29T20:32:14.660263,6570.0,-5271.0,-8428972
2025-06-29T20:32:15.816962,6516.0,-5278.0,-8434250
2025-06-29T20:32:16.973551,6570.0,-5274.0,-8439524
2025-06-29T20:32:18.127269,6570.0,-5297.0,-8444821
2025-06-29T20:32:19.283979,6570.0,-5288.0,-8450109
2025-06-29T20:32:20.440686,6552.0,-5298.0,-8455407
2025-06-29T20:32:21.597432,6588.0,-5277.0,-8460684
2025-06-29T20:32:22.754850,6570.0,-5288.0,-8465972
2025-06-29T20:32:23.906838,6570.0,-5309.0,-8471281
2025-06-29T20:32:25.064431,6552.0,-5281.0,-8476562
2025-06-29T20:32:26.221132,6552.0,-5277.0,-8481839
2025-06-29T20:32:27.377703,6570.0,-5297.0,-8487136
2025-06-29T20:32:28.534443,6570.0,-5308.0,-8492444
2025-06-29T20:32:29.691141,6552.0,-5289.0,-8497733
2025-06-29T20:32:30.843918,6588.0,-5287.0,-8503020
2025-06-29T20:32:31.997641,6570.0,-5301.0,-8508321
2025-06-29T20:32:33.154176,6570.0,-5299.0,-8513620
2025-06-29T20:32:34.310862,6516.0,-5290.0,-8518910
2025-06-29T20:32:35.467633,6624.0,-5292.0,-8524202
2025-06-29T20:32:36.624340,6570.0,-5290.0,-8529492
2025-06-29T20:32:37.777938,6570.0,-5319.0,-8534811
2025-06-29T20:32:38.934674,6552.0,-5279.0,-8540090
2025-06-29T20:32:40.091320,6570.0,-5286.0,-8545376
2025-06-29T20:32:41.248053,6606.0,-5279.0,-8550655
2025-06-29T20:32:42.404741,6570.0,-5338.0,-8555993
2025-06-29T20:32:43.557443,6570.0,-5301.0,-8561294
2025-06-29T20:32:44.715268,6570.0,-5286.0,-8566580
2025-06-29T20:32:45.871716,6534.0,-5275.0,-8571855
2025-06-29T20:32:47.028472,6606.0,-5280.0,-8577135
2025-06-29T20:32:48.185125,6588.0,-5305.0,-8582440
2025-06-29T20:32:49.341816,6606.0,-5328.0,-8587768
2025-06-29T20:32:50.494652,6552.0,-5316.0,-8593084
2025-06-29T20:32:51.648281,6606.0,-5294.0,-8598378
2025-06-29T20:32:52.804950,6624.0,-5300.0,-8603678
2025-06-29T20:32:53.961691,6570.0,-5307.0,-8608985
2025-06-29T20:32:55.118312,6516.0,-5274.0,-8614259
2025-06-29T20:32:56.275004,6570.0,-5286.0,-8619545
2025-06-29T20:32:57.428790,6570.0,-5300.0,-8624845
2025-06-29T20:32:58.585360,6570.0,-5307.0,-8630152
2025-06-29T20:32:59.742144,6588.0,-5290.0,-8635442
2025-06-29T20:33:00.898695,6570.0,-5275.0,-8640717
2025-06-29T20:33:02.055457,6534.0,-5291.0,-8646008
2025-06-29T20:33:03.208978,6570.0,-5277.0,-8651285
2025-06-29T20:33:04.365777,6570.0,-5284.0,-8656569
2025-06-29T20:33:05.522481,6570.0,-5299.0,-8661868
2025-06-29T20:33:06.679152,6570.0,-5286.0,-8667154
2025-06-29T20:33:07.835859,6624.0,-5278.0,-8672432
2025-06-29T20:33:08.992583,6552.0,-5313.0,-8677745
2025-06-29T20:33:10.145439,6570.0,-5280.0,-8683025
2025-06-29T20:33:11.298898,6570.0,-5299.0,-8688324
2025-06-29T20:33:12.455566,6588.0,-5290.0,-8693614
2025-06-29T20:33:13.612344,6570.0,-5298.0,-8698912
2025-06-29T20:33:14.769080,6606.0,-5295.0,-8704207
2025-06-29T20:33:15.925772,6570.0,-5280.0,-8709487
2025-06-29T20:33:17.079515,6570.0,-5322.0,-8714809
2025-06-29T20:33:18.236100,6570.0,-5322.0,-8720131
2025-06-29T20:33:19.392781,6552.0,-5269.0,-8725400
2025-06-29T20:33:20.549483,6570.0,-5291.0,-8730691
2025-06-29T20:33:21.706176,6570.0,-5296.0,-8735987
2025-06-29T20:33:22.858937,6588.0,-5306.0,-8741293
2025-06-29T20:33:24.016506,6570.0,-5305.0,-8746598
2025-06-29T20:33:25.173249,6534.0,-5312.0,-8751910
2025-06-29T20:33:26.329907,6588.0,-5300.0,-8757210
2025-06-29T20:33:27.486578,6588.0,-5284.0,-8762494
2025-06-29T20:33:28.643219,6552.0,-5299.0,-8767793
2025-06-29T20:33:29.795999,6570.0,-5307.0,-8773100
2025-06-29T20:33:30.949538,6570.0,-5313.0,-8778413
2025-06-29T20:33:32.106626,6498.0,-5302.0,-8783715
2025-06-29T20:33:33.263030,6552.0,-5294.0,-8789009
2025-06-29T20:33:34.419691,6570.0,-5287.0,-8794296
2025-06-29T20:33:35.576327,6570.0,-5269.0,-8799565
2025-06-29T20:33:36.730254,6534.0,-5301.0,-8804866
2025-06-29T20:33:37.899414,6552.0,-5279.0,-8810145
2025-06-29T20:33:39.043449,6516.0,-5274.0,-8815419
2025-06-29T20:33:40.200124,6570.0,-5290.0,-8820709
2025-06-29T20:33:41.356788,6498.0,-5297.0,-8826006
2025-06-29T20:33:42.509469,6552.0,-5295.0,-8831301
2025-06-29T20:33:43.667243,6552.0,-5284.0,-8836585
2025-06-29T20:33:44.823899,6570.0,-5296.0,-8841881
2025-06-29T20:33:45.980641,6516.0,-5297.0,-8847178
2025-06-29T20:33:47.137178,6624.0,-5280.0,-8852458
2025-06-29T20:33:48.293866,6570.0,-5304.0,-8857762
2025-06-29T20:33:49.446742,6570.0,-5304.0,-8863066
2025-06-29T20:33:50.600250,6552.0,-5292.0,-8868358
2025-06-29T20:33:51.757047,6588.0,-5313.0,-8873671
2025-06-29T20:33:52.913788,6570.0,-5299.0,-8878970
2025-06-29T20:33:54.070451,6588.0,-5293.0,-8884263
2025-06-29T20:33:55.227117,6552.0,-5288.0,-8889551
2025-06-29T20:33:56.380741,6624.0,-5300.0,-8894851
2025-06-29T20:33:57.537376,6570.0,-5277.0,-8900128
2025-06-29T20:33:58.693989,6588.0,-5315.0,-8905443
2025-06-29T20:33:59.850866,6570.0,-5285.0,-8910728
2025-06-29T20:34:01.007495,6570.0,-5290.0,-8916018
2025-06-29T20:34:02.160319,6570.0,-5304.0,-8921322
2025-06-29T20:34:03.318004,6534.0,-5305.0,-8926627
2025-06-29T20:34:04.474558,6552.0,-5281.0,-8931908
2025-06-29T20:34:05.631186,6552.0,-5278.0,-8937186
2025-06-29T20:34:06.787930,6570.0,-5291.0,-8942477
2025-06-29T20:34:07.944490,6534.0,-5299.0,-8947776
2025-06-29T20:34:09.097315,6516.0,-5302.0,-8953078
2025-06-29T20:34:10.251098,6570.0,-5324.0,-8958402
2025-06-29T20:34:11.407656,6516.0,-5299.0,-8963701
2025-06-29T20:34:12.564270,6552.0,-5286.0,-8968987
2025-06-29T20:34:13.721191,6570.0,-5305.0,-8974292
2025-06-29T20:34:14.877691,6570.0,-5284.0,-8979576
2025-06-29T20:34:16.031548,6552.0,-5294.0,-8984870
2025-06-29T20:34:17.188258,6552.0,-5278.0,-8990148
2025-06-29T20:34:18.344863,6570.0,-5296.0,-8995444
2025-06-29T20:34:19.501471,6570.0,-5310.0,-9000754
2025-06-29T20:34:20.658122,6552.0,-5296.0,-9006050
2025-06-29T20:34:21.810939,6588.0,-5325.0,-9011375
2025-06-29T20:34:22.968450,6570.0,-5303.0,-9016678
2025-06-29T20:34:24.125268,6570.0,-5272.0,-9021950
2025-06-29T20:34:25.281907,6552.0,-5281.0,-9027231
2025-06-29T20:34:26.438657,6570.0,-5307.0,-9032538
2025-06-29T20:34:27.595192,6606.0,-5288.0,-9037826
2025-06-29T20:34:28.748032,6570.0,-5294.0,-9043120
2025-06-29T20:34:29.901583,6570.0,-5292.0,-9048412
2025-06-29T20:34:31.058419,6534.0,-5279.0,-9053691
2025-06-29T20:34:32.214987,6552.0,-5313.0,-9059004
2025-06-29T20:34:33.371761,6588.0,-5297.0,-9064301
2025-06-29T20:34:34.528521,6570.0,-5271.0,-9069572
2025-06-29T20:34:35.682050,6570.0,-5281.0,-9074853
2025-06-29T20:34:36.838823,6570.0,-5313.0,-9080166
2025-06-29T20:34:37.995543,6534.0,-5276.0,-9085442
2025-06-29T20:34:39.152217,6570.0,-5280.0,-9090722
2025-06-29T20:34:40.308866,6570.0,-5294.0,-9096016
2025-06-29T20:34:41.461630,6570.0,-5312.0,-9101328
2025-06-29T20:34:42.619265,6516.0,-5313.0,-9106641
2025-06-29T20:34:43.775969,6516.0,-5296.0,-9111937
2025-06-29T20:34:44.932712,6534.0,-5277.0,-9117214
2025-06-29T20:34:46.089296,6570.0,-5279.0,-9122493
2025-06-29T20:34:47.246041,6516.0,-5284.0,-9127777
2025-06-29T20:34:48.398705,6534.0,-5316.0,-9133093
2025-06-29T20:34:49.552268,6570.0,-5323.0,-9138416
2025-06-29T20:34:50.709050,6516.0,-5278.0,-9143694
2025-06-29T20:34:51.865646,6570.0,-5300.0,-9148994
2025-06-29T20:34:53.022478,6552.0,-5296.0,-9154290
2025-06-29T20:34:54.179119,6570.0,-5301.0,-9159591
2025-06-29T20:34:55.332885,6498.0,-5302.0,-9164893
2025-06-29T20:34:56.489521,6534.0,-5295.0,-9170188
2025-06-29T20:34:57.646253,6570.0,-5302.0,-9175490
2025-06-29T20:34:58.802820,6534.0,-5307.0,-9180797
2025-06-29T20:34:59.959575,6570.0,-5286.0,-9186083
2025-06-29T20:35:01.112312,6570.0,-5306.0,-9191389
2025-06-29T20:35:02.269942,6552.0,-5280.0,-9196669
2025-06-29T20:35:03.426561,6534.0,-5303.0,-9201972
2025-06-29T20:35:04.583203,6498.0,-5295.0,-9207267
2025-06-29T20:35:05.739933,6570.0,-5289.0,-9212556
2025-06-29T20:35:06.896749,6498.0,-5309.0,-9217865
2025-06-29T20:35:08.049345,6588.0,-5301.0,-9223166
2025-06-29T20:35:09.203010,6552.0,-5299.0,-9228465
2025-06-29T20:35:10.359826,6552.0,-5294.0,-9233759
2025-06-29T20:35:11.516450,6534.0,-5304.0,-9239063
2025-06-29T20:35:12.673164,6516.0,-5290.0,-9244353
2025-06-29T20:35:13.829751,6516.0,-5287.0,-9249640
2025-06-29T20:35:14.983475,6552.0,-5288.0,-9254928
2025-06-29T20:35:16.140139,6498.0,-5293.0,-9260221
2025-06-29T20:35:17.296780,6516.0,-5274.0,-9265495
2025-06-29T20:35:18.453563,6480.0,-5272.0,-9270767
2025-06-29T20:35:19.610203,6570.0,-5292.0,-9276059
2025-06-29T20:35:20.762974,6480.0,-5289.0,-9281348
2025-06-29T20:35:21.920644,6624.0,-5289.0,-9286637
2025-06-29T20:35:23.077219,6552.0,-5283.0,-9291920
2025-06-29T20:35:24.233925,6570.0,-5286.0,-9297206
2025-06-29T20:35:25.390865,6480.0,-5286.0,-9302492
2025-06-29T20:35:26.550252,6570.0,-5289.0,-9307781
2025-06-29T20:35:27.700090,6534.0,-5295.0,-9313076
2025-06-29T20:35:28.853739,6516.0,-5311.0,-9318387
2025-06-29T20:35:30.010558,6534.0,-5306.0,-9323693
2025-06-29T20:35:31.167107,6570.0,-5298.0,-9328991
2025-06-29T20:35:32.323792,6516.0,-5288.0,-9334279
2025-06-29T20:35:33.480507,6552.0,-5293.0,-9339572
2025-06-29T20:35:34.634223,6534.0,-5308.0,-9344880
2025-06-29T20:35:35.790879,6624.0,-5284.0,-9350164
2025-06-29T20:35:36.947589,6570.0,-5294.0,-9355458
2025-06-29T20:35:38.104235,6552.0,-5311.0,-9360769
2025-06-29T20:35:39.260989,6552.0,-5286.0,-9366055
2025-06-29T20:35:40.413697,6570.0,-5293.0,-9371348
2025-06-29T20:35:41.571337,6570.0,-5309.0,-9376657
2025-06-29T20:35:42.727871,6570.0,-5287.0,-9381944
2025-06-29T20:35:43.884556,6552.0,-5305.0,-9387249
2025-06-29T20:35:45.041475,6570.0,-5292.0,-9392541
2025-06-29T20:35:46.198057,6570.0,-5304.0,-9397845
2025-06-29T20:35:47.350767,6552.0,-5331.0,-9403176
2025-06-29T20:35:48.504467,6570.0,-5294.0,-9408470
2025-06-29T20:35:49.661098,6570.0,-5278.0,-9413748
2025-06-29T20:35:50.817819,6534.0,-5289.0,-9419037
2025-06-29T20:35:51.974572,6552.0,-5287.0,-9424324
2025-06-29T20:35:53.131174,6516.0,-5283.0,-9429607
2025-06-29T20:35:54.284941,6570.0,-5292.0,-9434899
2025-06-29T20:35:55.441476,6534.0,-5286.0,-9440185
2025-06-29T20:35:56.598245,6552.0,-5279.0,-9445464
2025-06-29T20:35:57.754999,6480.0,-5283.0,-9450747
2025-06-29T20:35:58.911596,6552.0,-5283.0,-9456030
2025-06-29T20:36:00.064314,6516.0,-5296.0,-9461326
2025-06-29T20:36:01.221923,6606.0,-5290.0,-9466616
2025-06-29T20:36:02.378670,6534.0,-5306.0,-9471922
2025-06-29T20:36:03.535408,6462.0,-5269.0,-9477191
2025-06-29T20:36:04.692061,6516.0,-5292.0,-9482483
2025-06-29T20:36:05.848609,6570.0,-5287.0,-9487770
2025-06-29T20:36:07.001470,6570.0,-5281.0,-9493051
2025-06-29T20:36:08.155177,6534.0,-5293.0,-9498344
2025-06-29T20:36:09.311864,6498.0,-5278.0,-9503622
2025-06-29T20:36:10.468586,6552.0,-5289.0,-9508911
2025-06-29T20:36:11.625221,6498.0,-5311.0,-9514222
2025-06-29T20:36:12.781851,6570.0,-5305.0,-9519527
2025-06-29T20:36:13.935526,6534.0,-5289.0,-9524816
2025-06-29T20:36:15.092181,6534.0,-5295.0,-9530111
2025-06-29T20:36:16.248896,6570.0,-5277.0,-9535388
2025-06-29T20:36:17.405701,6570.0,-5312.0,-9540700
2025-06-29T20:36:18.562666,6480.0,-5301.0,-9546001
2025-06-29T20:36:19.715072,6570.0,-5315.0,-9551316
2025-06-29T20:36:20.872707,6534.0,-5290.0,-9556606
2025-06-29T20:36:22.029368,6552.0,-5297.0,-9561903
2025-06-29T20:36:23.186081,6534.0,-5292.0,-9567195
2025-06-29T20:36:24.342755,6534.0,-5281.0,-9572476
2025-06-29T20:36:25.499341,6534.0,-5300.0,-9577776
2025-06-29T20:36:26.652257,6588.0,-5292.0,-9583068
2025-06-29T20:36:27.805929,6534.0,-5284.0,-9588352
2025-06-29T20:36:28.962564,6570.0,-5282.0,-9593634
2025-06-29T20:36:30.119068,6570.0,-5305.0,-9598939
2025-06-29T20:36:31.275826,6534.0,-5287.0,-9604226
2025-06-29T20:36:32.432495,6534.0,-5291.0,-9609517
2025-06-29T20:36:33.586309,6570.0,-5298.0,-9614815
2025-06-29T20:36:34.742995,6516.0,-5298.0,-9620113
2025-06-29T20:36:35.899608,6516.0,-5268.0,-9625381
2025-06-29T20:36:37.056235,6516.0,-5280.0,-9630661
2025-06-29T20:36:38.213010,6516.0,-5304.0,-9635965
2025-06-29T20:36:39.365769,6516.0,-5262.0,-9641227
2025-06-29T20:36:40.523436,6570.0,-5302.0,-9646529
2025-06-29T20:36:41.680020,6516.0,-5277.0,-9651806
2025-06-29T20:36:42.836723,6534.0,-5266.0,-9657072
2025-06-29T20:36:43.993440,6552.0,-5291.0,-9662363
2025-06-29T20:36:45.150176,6552.0,-5285.0,-9667648
2025-06-29T20:36:46.302895,6588.0,-5298.0,-9672946
2025-06-29T20:36:47.456457,6462.0,-5320.0,-9678266
2025-06-29T20:36:48.613174,6516.0,-5304.0,-9683570
2025-06-29T20:36:49.769881,6570.0,-5315.0,-9688885
2025-06-29T20:36:50.926502,6534.0,-5298.0,-9694183
2025-06-29T20:36:52.083155,6552.0,-5294.0,-9699477
2025-06-29T20:36:53.236997,6570.0,-5312.0,-9704789
2025-06-29T20:36:54.393622,6516.0,-5292.0,-9710081
2025-06-29T20:36:55.550397,6516.0,-5308.0,-9715389
2025-06-29T20:36:56.707022,6534.0,-5311.0,-9720700
2025-06-29T20:36:57.863681,6552.0,-5280.0,-9725980
2025-06-29T20:36:59.016431,6570.0,-5330.0,-9731310
2025-06-29T20:37:00.173953,6444.0,-5280.0,-9736590
2025-06-29T20:37:01.330764,6534.0,-5298.0,-9741888
2025-06-29T20:37:02.487386,6498.0,-5270.0,-9747158
2025-06-29T20:37:03.644197,6552.0,-5310.0,-9752468
2025-06-29T20:37:04.800757,6534.0,-5275.0,-9757743
2025-06-29T20:37:05.953555,6534.0,-5325.0,-9763068
2025-06-29T20:37:07.107177,6570.0,-5283.0,-9768351
2025-06-29T20:37:08.263863,6498.0,-5298.0,-9773649
2025-06-29T20:37:09.420625,6462.0,-5282.0,-9778931
2025-06-29T20:37:10.577272,6498.0,-5279.0,-9784210
2025-06-29T20:37:11.734013,6534.0,-5294.0,-9789504
2025-06-29T20:37:12.887643,6498.0,-5272.0,-9794776
2025-06-29T20:37:14.044424,6498.0,-5269.0,-9800045
2025-06-29T20:37:15.201069,6570.0,-5275.0,-9805320
2025-06-29T20:37:16.357684,6516.0,-5281.0,-9810601
2025-06-29T20:37:17.514287,6552.0,-5283.0,-9815884
2025-06-29T20:37:18.667102,6480.0,-5279.0,-9821163
2025-06-29T20:37:19.824815,6534.0,-5304.0,-9826467
2025-06-29T20:37:20.981420,6516.0,-5266.0,-9831733
2025-06-29T20:37:22.138060,6552.0,-5286.0,-9837019
2025-06-29T20:37:23.294871,6498.0,-5305.0,-9842324
2025-06-29T20:37:24.451500,6516.0,-5282.0,-9847606
2025-06-29T20:37:25.604490,6570.0,-5292.0,-9852898
2025-06-29T20:37:26.757854,6570.0,-5318.0,-9858216
2025-06-29T20:37:27.914621,6480.0,-5310.0,-9863526
2025-06-29T20:37:29.071234,6498.0,-5306.0,-9868832
2025-06-29T20:37:30.227987,6516.0,-5303.0,-9874135
2025-06-29T20:37:31.384706,6534.0,-5296.0,-9879431
2025-06-29T20:37:32.538281,6534.0,-5316.0,-9884747
2025-06-29T20:37:33.695076,6570.0,-5297.0,-9890044
2025-06-29T20:37:34.851754,6534.0,-5283.0,-9895327
2025-06-29T20:37:36.008466,6516.0,-5308.0,-9900635
2025-06-29T20:37:37.165079,6498.0,-5272.0,-9905907
2025-06-29T20:37:38.317959,6516.0,-5310.0,-9911217
2025-06-29T20:37:39.475399,6516.0,-5269.0,-9916486
2025-06-29T20:37:40.632164,6570.0,-5297.0,-9921783
2025-06-29T20:37:41.788857,6480.0,-5268.0,-9927051
2025-06-29T20:37:42.945565,6552.0,-5284.0,-9932335
2025-06-29T20:37:44.102160,6516.0,-5309.0,-9937644
2025-06-29T20:37:45.255384,6516.0,-5304.0,-9942948
2025-06-29T20:37:46.408608,6516.0,-5298.0,-9948246
2025-06-29T20:37:47.565188,6570.0,-5296.0,-9953542
2025-06-29T20:37:48.722065,6498.0,-5303.0,-9958845
2025-06-29T20:37:49.878685,6534.0,-5295.0,-9964140
2025-06-29T20:37:51.035368,6534.0,-5294.0,-9969434
2025-06-29T20:37:52.188997,6534.0,-5285.0,-9974719
2025-06-29T20:37:53.345712,6498.0,-5270.0,-9979989
2025-06-29T20:37:54.502467,6516.0,-5271.0,-9985260
2025-06-29T20:37:55.659035,6516.0,-5268.0,-9990528
2025-06-29T20:37:56.815709,6534.0,-5295.0,-9995823
2025-06-29T20:37:57.969513,6498.0,-5293.0,-10001116
2025-06-29T20:37:59.127201,6552.0,-5290.0,-10006406
2025-06-29T20:38:00.283827,6552.0,-5307.0,-10011713
2025-06-29T20:38:01.440527,6570.0,-5277.0,-10016990
2025-06-29T20:38:02.597179,6516.0,-5292.0,-10022282
2025-06-29T20:38:03.753853,6534.0,-5292.0,-10027574
2025-06-29T20:38:04.911635,6552.0,-5284.0,-10032858
2025-06-29T20:38:06.068338,6534.0,-5306.0,-10038164
2025-06-29T20:38:07.224961,6516.0,-5305.0,-10043469
2025-06-29T20:38:08.381876,6570.0,-5308.0,-10048777
2025-06-29T20:38:09.538373,6480.0,-5296.0,-10054073
2025-06-29T20:38:10.695011,6516.0,-5273.0,-10059346
2025-06-29T20:38:11.852847,6498.0,-5282.0,-10064628
2025-06-29T20:38:13.009537,6552.0,-5283.0,-10069911
2025-06-29T20:38:14.166215,6552.0,-5271.0,-10075182
2025-06-29T20:38:15.322892,6534.0,-5298.0,-10080480
2025-06-29T20:38:16.479601,6534.0,-5285.0,-10085765
2025-06-29T20:38:17.637189,6534.0,-5280.0,-10091045
2025-06-29T20:38:18.793990,6516.0,-5309.0,-10096354
2025-06-29T20:38:19.950537,6516.0,-5290.0,-10101644
2025-06-29T20:38:21.107316,6516.0,-5282.0,-10106926
2025-06-29T20:38:22.263974,6534.0,-5291.0,-10112217
2025-06-29T20:38:23.420549,6498.0,-5284.0,-10117501
2025-06-29T20:38:24.578426,6570.0,-5284.0,-10122785
2025-06-29T20:38:25.735050,6498.0,-5295.0,-10128080
2025-06-29T20:38:26.891774,6534.0,-5281.0,-10133361
2025-06-29T20:38:28.048320,6480.0,-5284.0,-10138645
2025-06-29T20:38:29.205171,6480.0,-5287.0,-10143932
2025-06-29T20:38:30.362844,6516.0,-5297.0,-10149229
2025-06-29T20:38:31.519392,6534.0,-5287.0,-10154516
2025-06-29T20:38:32.676160,6498.0,-5290.0,-10159806
2025-06-29T20:38:33.832834,6516.0,-5290.0,-10165096
2025-06-29T20:38:34.989434,6570.0,-5280.0,-10170376
2025-06-29T20:38:36.146444,6552.0,-5293.0,-10175669
2025-06-29T20:38:37.303921,6498.0,-5271.0,-10180940
2025-06-29T20:38:38.460549,6570.0,-5293.0,-10186233
2025-06-29T20:38:39.617304,6516.0,-5286.0,-10191519
2025-06-29T20:38:40.773984,6534.0,-5302.0,-10196821
2025-06-29T20:38:41.930637,6480.0,-5312.0,-10202133
2025-06-29T20:38:43.088349,6480.0,-5303.0,-10207436
2025-06-29T20:38:44.245111,6516.0,-5277.0,-10212713
2025-06-29T20:38:45.401869,6534.0,-5289.0,-10218002
2025-06-29T20:38:46.558500,6480.0,-5283.0,-10223285
2025-06-29T20:38:47.715244,6534.0,-5282.0,-10228567
2025-06-29T20:38:48.872848,6462.0,-5297.0,-10233864
2025-06-29T20:38:50.029441,6534.0,-5288.0,-10239152
2025-06-29T20:38:51.186101,6498.0,-5274.0,-10244426
2025-06-29T20:38:52.342982,6534.0,-5290.0,-10249716
2025-06-29T20:38:53.499564,6480.0,-5282.0,-10254998
2025-06-29T20:38:54.656112,6570.0,-5286.0,-10260284
2025-06-29T20:38:55.813925,6552.0,-5300.0,-10265584
2025-06-29T20:38:56.970989,6552.0,-5302.0,-10270886
2025-06-29T20:38:58.127343,6498.0,-5299.0,-10276185
2025-06-29T20:38:59.284032,6552.0,-5301.0,-10281486
2025-06-29T20:39:00.440727,6516.0,-5299.0,-10286785
2025-06-29T20:39:01.598283,6570.0,-5307.0,-10292092
2025-06-29T20:39:02.755102,6498.0,-5287.0,-10297379
2025-06-29T20:39:03.911769,6498.0,-5293.0,-10302672
2025-06-29T20:39:05.068489,6516.0,-5300.0,-10307972
2025-06-29T20:39:06.225211,6534.0,-5287.0,-10313259
2025-06-29T20:39:07.381781,6462.0,-5284.0,-10318543
2025-06-29T20:39:08.539677,6552.0,-5290.0,-10323833
2025-06-29T20:39:09.696175,6462.0,-5288.0,-10329121
2025-06-29T20:39:10.852888,6498.0,-5304.0,-10334425
2025-06-29T20:39:12.009611,6480.0,-5284.0,-10339709
2025-06-29T20:39:13.166290,6534.0,-5289.0,-10344998
2025-06-29T20:39:14.323991,6480.0,-5283.0,-10350281
2025-06-29T20:39:15.480583,6516.0,-5275.0,-10355556
2025-06-29T20:39:16.637330,6444.0,-5290.0,-10360846
2025-06-29T20:39:17.793978,6534.0,-5291.0,-10366137
2025-06-29T20:39:18.950796,6534.0,-5294.0,-10371431
2025-06-29T20:39:20.107354,6516.0,-5299.0,-10376730
2025-06-29T20:39:21.265107,6480.0,-5305.0,-10382035
2025-06-29T20:39:22.421879,6534.0,-5288.0,-10387323
2025-06-29T20:39:23.578404,6480.0,-5308.0,-10392631
2025-06-29T20:39:24.735166,6570.0,-5288.0,-10397919
2025-06-29T20:39:25.891910,6516.0,-5301.0,-10403220
2025-06-29T20:39:27.049539,6498.0,-5286.0,-10408506
2025-06-29T20:39:28.206225,6516.0,-5280.0,-10413786
2025-06-29T20:39:29.362901,6516.0,-5300.0,-10419086
2025-06-29T20:39:30.519494,6480.0,-5276.0,-10424362
2025-06-29T20:39:31.676255,6516.0,-5287.0,-10429649
2025-06-29T20:39:32.832916,6534.0,-5285.0,-10434934
2025-06-29T20:39:33.990620,6462.0,-5280.0,-10440214
2025-06-29T20:39:35.147706,6516.0,-5296.0,-10445510
2025-06-29T20:39:36.304088,6516.0,-5296.0,-10450806
2025-06-29T20:39:37.460842,6462.0,-5291.0,-10456097
2025-06-29T20:39:38.617483,6462.0,-5300.0,-10461397
2025-06-29T20:39:39.775140,6480.0,-5302.0,-10466699
2025-06-29T20:39:40.931603,6570.0,-5294.0,-10471993
2025-06-29T20:39:42.088359,6462.0,-5307.0,-10477300
2025-06-29T20:39:43.245098,6552.0,-5296.0,-10482596
2025-06-29T20:39:44.401882,6480.0,-5292.0,-10487888
2025-06-29T20:39:45.559431,6516.0,-5307.0,-10493195
2025-06-29T20:39:46.716247,6462.0,-5283.0,-10498478
2025-06-29T20:39:47.872940,6516.0,-5303.0,-10503781
2025-06-29T20:39:49.029523,6534.0,-5297.0,-10509078
2025-06-29T20:39:50.186392,6480.0,-5294.0,-10514372
2025-06-29T20:39:51.343114,6480.0,-5299.0,-10519671
2025-06-29T20:39:52.500671,6534.0,-5278.0,-10524949
2025-06-29T20:39:53.657353,6444.0,-5304.0,-10530253
2025-06-29T20:39:54.814086,6534.0,-5291.0,-10535544
2025-06-29T20:39:55.970670,6480.0,-5274.0,-10540818
2025-06-29T20:39:57.127433,6498.0,-5296.0,-10546114
2025-06-29T20:39:58.285034,6498.0,-5276.0,-10551390
2025-06-29T20:39:59.441693,6552.0,-5300.0,-10556690
2025-06-29T20:40:00.598538,6480.0,-5305.0,-10561995
2025-06-29T20:40:01.755161,6516.0,-5289.0,-10567284
2025-06-29T20:40:02.911863,6516.0,-5301.0,-10572585
2025-06-29T20:40:04.068580,6498.0,-5291.0,-10577876
2025-06-29T20:40:05.226218,6498.0,-5289.0,-10583165
2025-06-29T20:40:06.382959,6498.0,-5297.0,-10588462
2025-06-29T20:40:07.539730,6516.0,-5282.0,-10593744
2025-06-29T20:40:08.696429,6552.0,-5285.0,-10599029
2025-06-29T20:40:09.853085,6534.0,-5285.0,-10604314
2025-06-29T20:40:11.010622,6516.0,-5288.0,-10609602
2025-06-29T20:40:12.167368,6498.0,-5304.0,-10614906
2025-06-29T20:40:13.323943,6498.0,-5289.0,-10620195
2025-06-29T20:40:14.480617,6480.0,-5287.0,-10625482
2025-06-29T20:40:15.637638,6480.0,-5297.0,-10630779
2025-06-29T20:40:16.794129,6516.0,-5298.0,-10636077
2025-06-29T20:40:17.951873,6480.0,-5282.0,-10641359
2025-06-29T20:40:19.108476,6480.0,-5301.0,-10646660
2025-06-29T20:40:20.265254,6534.0,-5311.0,-10651971
2025-06-29T20:40:21.421911,6498.0,-5307.0,-10657278
2025-06-29T20:40:22.578558,6534.0,-5280.0,-10662558
2025-06-29T20:40:23.736240,6444.0,-5286.0,-10667844
2025-06-29T20:40:24.892816,6480.0,-5291.0,-10673135
2025-06-29T20:40:26.049515,6516.0,-5289.0,-10678424
2025-06-29T20:40:27.206189,6534.0,-5294.0,-10683718
2025-06-29T20:40:28.363010,6534.0,-5283.0,-10689001
2025-06-29T20:40:29.520806,6498.0,-5303.0,-10694304
2025-06-29T20:40:30.677455,6498.0,-5287.0,-10699591
2025-06-29T20:40:31.834096,6498.0,-5291.0,-10704882
2025-06-29T20:40:32.990769,6534.0,-5293.0,-10710175
2025-06-29T20:40:34.147440,6462.0,-5296.0,-10715471
2025-06-29T20:40:35.304096,6480.0,-5297.0,-10720768
2025-06-29T20:40:36.462006,6462.0,-5289.0,-10726057
2025-06-29T20:40:37.618463,6516.0,-5289.0,-10731346
2025-06-29T20:40:38.775252,6516.0,-5315.0,-10736661
2025-06-29T20:40:39.932104,6534.0,-5295.0,-10741956
2025-06-29T20:40:41.088552,6480.0,-5291.0,-10747247
2025-06-29T20:40:42.246187,6462.0,-5300.0,-10752547
2025-06-29T20:40:43.402960,6480.0,-5294.0,-10757841
2025-06-29T20:40:44.559622,6480.0,-5300.0,-10763141
2025-06-29T20:40:45.716291,6498.0,-5286.0,-10768427
2025-06-29T20:40:46.872951,6462.0,-5284.0,-10773711
2025-06-29T20:40:48.029632,6480.0,-5304.0,-10779015
2025-06-29T20:40:49.187453,6462.0,-5275.0,-10784290
2025-06-29T20:40:50.343993,6534.0,-5288.0,-10789578
2025-06-29T20:40:51.501692,6426.0,-5284.0,-10794862
2025-06-29T20:40:52.657552,6516.0,-5300.0,-10800162
2025-06-29T20:40:53.814045,6516.0,-5296.0,-10805458
2025-06-29T20:40:54.971908,6462.0,-5292.0,-10810750
2025-06-29T20:40:56.128547,6408.0,-5293.0,-10816043
2025-06-29T20:40:57.285224,6498.0,-5306.0,-10821349
2025-06-29T20:40:58.441911,6480.0,-5298.0,-10826647
2025-06-29T20:40:59.598559,6498.0,-5299.0,-10831946
2025-06-29T20:41:00.755292,6498.0,-5299.0,-10837245
2025-06-29T20:41:01.912947,6462.0,-5288.0,-10842533
2025-06-29T20:41:03.069644,6480.0,-5290.0,-10847823
2025-06-29T20:41:04.226327,6516.0,-5282.0,-10853105
2025-06-29T20:41:05.383149,6480.0,-5303.0,-10858408
2025-06-29T20:41:06.539632,6534.0,-5287.0,-10863695
2025-06-29T20:41:07.697320,6444.0,-5291.0,-10868986
2025-06-29T20:41:08.854181,6480.0,-5291.0,-10874277
2025-06-29T20:41:10.010689,6444.0,-5278.0,-10879555
2025-06-29T20:41:11.167512,6498.0,-5288.0,-10884843
2025-06-29T20:41:12.324098,6498.0,-5300.0,-10890143
2025-06-29T20:41:13.481868,6480.0,-5290.0,-10895433
2025-06-29T20:41:14.638407,6498.0,-5296.0,-10900729
2025-06-29T20:41:15.795146,6480.0,-5301.0,-10906030
2025-06-29T20:41:16.951898,6480.0,-5300.0,-10911330
2025-06-29T20:41:18.108588,6516.0,-5288.0,-10916618
2025-06-29T20:41:19.265240,6462.0,-5300.0,-10921918
2025-06-29T20:41:20.423032,6390.0,-5298.0,-10927216
2025-06-29T20:41:21.579728,6498.0,-5286.0,-10932502
2025-06-29T20:41:22.736287,6462.0,-5282.0,-10937784
2025-06-29T20:41:23.893072,6462.0,-5287.0,-10943071
2025-06-29T20:41:25.049757,6480.0,-5289.0,-10948360
2025-06-29T20:41:26.207437,6498.0,-5282.0,-10953642
2025-06-29T20:41:27.364103,6498.0,-5292.0,-10958934
2025-06-29T20:41:28.520767,6444.0,-5286.0,-10964220
2025-06-29T20:41:29.677435,6534.0,-5297.0,-10969517
2025-06-29T20:41:30.834129,6462.0,-5306.0,-10974823
2025-06-29T20:41:31.990982,6480.0,-5290.0,-10980113
2025-06-29T20:41:33.148536,6480.0,-5288.0,-10985401
2025-06-29T20:41:34.305264,6516.0,-5299.0,-10990700
2025-06-29T20:41:35.461907,6426.0,-5294.0,-10995994
2025-06-29T20:41:36.618501,6516.0,-5294.0,-11001288
2025-06-29T20:41:37.775219,6444.0,-5292.0,-11006580
2025-06-29T20:41:38.933060,6534.0,-5292.0,-11011872
2025-06-29T20:41:40.089702,6444.0,-5298.0,-11017170
2025-06-29T20:41:41.246385,6462.0,-5295.0,-11022465
2025-06-29T20:41:42.402915,6444.0,-5293.0,-11027758
2025-06-29T20:41:43.559636,6462.0,-5290.0,-11033048
2025-06-29T20:41:44.716323,6480.0,-5288.0,-11038336
2025-06-29T20:41:45.874137,6516.0,-5288.0,-11043624
2025-06-29T20:41:47.030686,6498.0,-5300.0,-11048924
2025-06-29T20:41:48.187454,6498.0,-5291.0,-11054215
2025-06-29T20:41:49.344070,6498.0,-5290.0,-11059505
2025-06-29T20:41:50.500854,6498.0,-5293.0,-11064798
2025-06-29T20:41:51.658599,6516.0,-5288.0,-11070086
2025-06-29T20:41:52.815135,6516.0,-5294.0,-11075380
2025-06-29T20:41:53.971937,6390.0,-5299.0,-11080679
2025-06-29T20:41:55.128592,6552.0,-5302.0,-11085981
2025-06-29T20:41:56.285261,6462.0,-5291.0,-11091272
2025-06-29T20:41:57.442057,6480.0,-5288.0,-11096560
2025-06-29T20:41:58.599800,6480.0,-5288.0,-11101848
2025-06-29T20:41:59.756345,6480.0,-5310.0,-11107158
2025-06-29T20:42:00.913097,6480.0,-5315.0,-11112473
2025-06-29T20:42:02.069791,6498.0,-5307.0,-11117780
2025-06-29T20:42:03.226497,6480.0,-5308.0,-11123088
2025-06-29T20:42:04.383962,6516.0,-5303.0,-11128391
2025-06-29T20:42:05.540881,6480.0,-5284.0,-11133675
2025-06-29T20:42:06.697387,6480.0,-5299.0,-11138974
2025-06-29T20:42:07.854212,6372.0,-5294.0,-11144268
2025-06-29T20:42:09.010775,6408.0,-5293.0,-11149561
2025-06-29T20:42:10.169008,6444.0,-5294.0,-11154855
2025-06-29T20:42:11.325200,6480.0,-5296.0,-11160151
2025-06-29T20:42:12.481897,6426.0,-5279.0,-11165430
2025-06-29T20:42:13.638513,6462.0,-5299.0,-11170729
2025-06-29T20:42:14.795320,6480.0,-5295.0,-11176024
2025-06-29T20:42:15.952056,6516.0,-5290.0,-11181314
2025-06-29T20:42:17.109697,6444.0,-5292.0,-11186606
2025-06-29T20:42:18.266400,6480.0,-5295.0,-11191901
2025-06-29T20:42:19.423075,6372.0,-5309.0,-11197210
2025-06-29T20:42:20.579701,6480.0,-5297.0,-11202507
2025-06-29T20:42:21.736485,6462.0,-5296.0,-11207803
2025-06-29T20:42:22.894264,6498.0,-5307.0,-11213110
2025-06-29T20:42:24.050828,6480.0,-5285.0,-11218395
2025-06-29T20:42:25.207394,6498.0,-5285.0,-11223680
2025-06-29T20:42:26.364055,6426.0,-5301.0,-11228981
2025-06-29T20:42:27.520822,6426.0,-5306.0,-11234287
2025-06-29T20:42:28.677577,6462.0,-5295.0,-11239582
2025-06-29T20:42:29.835352,6444.0,-5286.0,-11244868
2025-06-29T20:42:30.992010,6480.0,-5287.0,-11250155
2025-06-29T20:42:32.148713,6462.0,-5292.0,-11255447
2025-06-29T20:42:33.305413,6426.0,-5299.0,-11260746
2025-06-29T20:42:34.462062,6480.0,-5299.0,-11266045
2025-06-29T20:42:35.619674,6426.0,-5292.0,-11271337
2025-06-29T20:42:36.776442,6480.0,-5303.0,-11276640
2025-06-29T20:42:37.932986,6408.0,-5279.0,-11281919
2025-06-29T20:42:39.089741,6498.0,-5293.0,-11287212
2025-06-29T20:42:40.246315,6426.0,-5291.0,-11292503
2025-06-29T20:42:41.403230,6498.0,-5297.0,-11297800
2025-06-29T20:42:42.560785,6444.0,-5294.0,-11303094
2025-06-29T20:42:43.717566,6480.0,-5296.0,-11308390
2025-06-29T20:42:44.874169,6408.0,-5282.0,-11313672
2025-06-29T20:42:46.030769,6480.0,-5306.0,-11318978
2025-06-29T20:42:47.187624,6444.0,-5287.0,-11324265
2025-06-29T20:42:48.345297,6498.0,-5285.0,-11329550
2025-06-29T20:42:49.502011,6480.0,-5287.0,-11334837
2025-06-29T20:42:50.658642,6426.0,-5295.0,-11340132
2025-06-29T20:42:51.815434,6426.0,-5291.0,-11345423
2025-06-29T20:42:52.972060,6444.0,-5289.0,-11350712
2025-06-29T20:42:54.129660,6480.0,-5292.0,-11356004
2025-06-29T20:42:55.286315,6534.0,-5302.0,-11361306
2025-06-29T20:42:56.443113,6462.0,-5291.0,-11366597
2025-06-29T20:42:57.599692,6498.0,-5296.0,-11371893
2025-06-29T20:42:58.756498,6426.0,-5302.0,-11377195
2025-06-29T20:42:59.913087,6480.0,-5293.0,-11382488
2025-06-29T20:43:01.070862,6426.0,-5295.0,-11387783
2025-06-29T20:43:02.227575,6444.0,-5294.0,-11393077
2025-06-29T20:43:03.384262,6444.0,-5296.0,-11398373
2025-06-29T20:43:04.540829,6462.0,-5294.0,-11403667
2025-06-29T20:43:05.697630,6498.0,-5288.0,-11408955
2025-06-29T20:43:06.855154,6462.0,-5295.0,-11414250
2025-06-29T20:43:08.011825,6444.0,-5300.0,-11419550
2025-06-29T20:43:09.168539,6444.0,-5295.0,-11424845
2025-06-29T20:43:10.325219,6408.0,-5293.0,-11430138
2025-06-29T20:43:11.482142,6480.0,-5292.0,-11435430
2025-06-29T20:43:12.638639,6444.0,-5290.0,-11440720
2025-06-29T20:43:13.796327,6480.0,-5301.0,-11446021
2025-06-29T20:43:14.953142,6408.0,-5290.0,-11451311
2025-06-29T20:43:16.109789,6462.0,-5297.0,-11456608
2025-06-29T20:43:17.266404,6444.0,-5307.0,-11461915
2025-06-29T20:43:18.423291,6480.0,-5291.0,-11467206
2025-06-29T20:43:19.580937,6408.0,-5295.0,-11472501
2025-06-29T20:43:20.737530,6408.0,-5292.0,-11477793
2025-06-29T20:43:21.894275,6480.0,-5293.0,-11483086
2025-06-29T20:43:23.050903,6462.0,-5305.0,-11488391
2025-06-29T20:43:24.207649,6408.0,-5297.0,-11493688
2025-06-29T20:43:25.364292,6444.0,-5295.0,-11498983
2025-06-29T20:43:26.521974,6408.0,-5297.0,-11504280
2025-06-29T20:43:27.678708,6444.0,-5293.0,-11509573
2025-06-29T20:43:28.835238,6444.0,-5279.0,-11514852
2025-06-29T20:43:29.991958,6462.0,-5292.0,-11520144
2025-06-29T20:43:31.148643,6462.0,-5287.0,-11525431
2025-06-29T20:43:32.306705,6462.0,-5289.0,-11530720
2025-06-29T20:43:33.463104,6426.0,-5294.0,-11536014
2025-06-29T20:43:34.619864,6462.0,-5293.0,-11541307
2025-06-29T20:43:35.776489,6426.0,-5295.0,-11546602
2025-06-29T20:43:36.933142,6444.0,-5292.0,-11551894
2025-06-29T20:43:38.090879,6462.0,-5284.0,-11557178
2025-06-29T20:43:39.247638,6408.0,-5285.0,-11562463
2025-06-29T20:43:40.404194,6444.0,-5295.0,-11567758
2025-06-29T20:43:41.560971,6462.0,-5299.0,-11573057
2025-06-29T20:43:42.717609,6444.0,-5293.0,-11578350
2025-06-29T20:43:43.874296,6480.0,-5308.0,-11583658
2025-06-29T20:43:45.031937,6408.0,-5306.0,-11588964
2025-06-29T20:43:46.188694,6444.0,-5283.0,-11594247
2025-06-29T20:43:47.345300,6426.0,-5285.0,-11599532
2025-06-29T20:43:48.502027,6444.0,-5285.0,-11604817
2025-06-29T20:43:49.658872,6390.0,-5306.0,-11610123
2025-06-29T20:43:50.816425,6462.0,-5281.0,-11615404
2025-06-29T20:43:51.973037,6426.0,-5286.0,-11620690
2025-06-29T20:43:53.129722,6498.0,-5299.0,-11625989
2025-06-29T20:43:54.286499,6426.0,-5284.0,-11631273
2025-06-29T20:43:55.443194,6480.0,-5282.0,-11636555
2025-06-29T20:43:56.599854,6390.0,-5286.0,-11641841
2025-06-29T20:43:57.757503,6444.0,-5287.0,-11647128
2025-06-29T20:43:58.914211,6462.0,-5302.0,-11652430
2025-06-29T20:44:00.070862,6462.0,-5293.0,-11657723
2025-06-29T20:44:01.227686,6390.0,-5284.0,-11663007
2025-06-29T20:44:02.384225,6498.0,-5291.0,-11668298
2025-06-29T20:44:03.542064,6408.0,-5285.0,-11673583
2025-06-29T20:44:04.698725,6480.0,-5301.0,-11678884
2025-06-29T20:44:05.855346,6408.0,-5297.0,-11684181
2025-06-29T20:44:07.011994,6462.0,-5285.0,-11689466
2025-06-29T20:44:08.168791,6390.0,-5295.0,-11694761
2025-06-29T20:44:09.325500,6444.0,-5294.0,-11700055
2025-06-29T20:44:10.483227,6408.0,-5292.0,-11705347
2025-06-29T20:44:11.639894,6390.0,-5299.0,-11710646
2025-06-29T20:44:12.796454,6444.0,-5281.0,-11715927
2025-06-29T20:44:13.953212,6426.0,-5279.0,-11721206
2025-06-29T20:44:15.109912,6426.0,-5292.0,-11726498
2025-06-29T20:44:16.267428,6444.0,-5285.0,-11731783
2025-06-29T20:44:17.424190,6408.0,-5297.0,-11737080
2025-06-29T20:44:18.580921,6426.0,-5286.0,-11742366
2025-06-29T20:44:19.737683,6354.0,-5273.0,-11747639
2025-06-29T20:44:20.894301,6462.0,-5294.0,-11752933
2025-06-29T20:44:22.050897,6426.0,-5279.0,-11758212
2025-06-29T20:44:23.208677,6408.0,-5281.0,-11763493
2025-06-29T20:44:24.365443,6390.0,-5293.0,-11768786
2025-06-29T20:44:25.522055,6480.0,-5278.0,-11774064
2025-06-29T20:44:26.678873,6408.0,-5284.0,-11779348
2025-06-29T20:44:27.835437,6426.0,-5286.0,-11784634
2025-06-29T20:44:28.993043,6444.0,-5291.0,-11789925
2025-06-29T20:44:30.149731,6426.0,-5295.0,-11795220
2025-06-29T20:44:31.306470,6408.0,-5285.0,-11800505
2025-06-29T20:44:32.463039,6462.0,-5292.0,-11805797
2025-06-29T20:44:33.619914,6408.0,-5285.0,-11811082
2025-06-29T20:44:34.777581,6444.0,-5280.0,-11816362
2025-06-29T20:44:35.934270,6426.0,-5295.0,-11821657
2025-06-29T20:44:37.090995,6444.0,-5281.0,-11826938
2025-06-29T20:44:38.247554,6444.0,-5312.0,-11832250
2025-06-29T20:44:39.404348,6426.0,-5283.0,-11837533
2025-06-29T20:44:40.561182,6444.0,-5296.0,-11842829
2025-06-29T20:44:41.718779,6480.0,-5296.0,-11848125
2025-06-29T20:44:42.875405,6408.0,-5292.0,-11853417
2025-06-29T20:44:44.032168,6462.0,-5288.0,-11858705
2025-06-29T20:44:45.188841,6444.0,-5288.0,-11863993
2025-06-29T20:44:46.345436,6408.0,-5287.0,-11869280
2025-06-29T20:44:47.503146,6354.0,-5286.0,-11874566
2025-06-29T20:44:48.659762,6462.0,-5279.0,-11879845
2025-06-29T20:44:49.816544,6354.0,-5286.0,-11885131
2025-06-29T20:44:50.973234,6426.0,-5288.0,-11890419
2025-06-29T20:44:52.129870,6372.0,-5286.0,-11895705
2025-06-29T20:44:53.286638,6426.0,-5278.0,-11900983
2025-06-29T20:44:54.444300,6372.0,-5304.0,-11906287
2025-06-29T20:44:55.601050,6462.0,-5286.0,-11911573
2025-06-29T20:44:56.757668,6390.0,-5296.0,-11916869
2025-06-29T20:44:57.914458,6408.0,-5290.0,-11922159
2025-06-29T20:44:59.071000,6408.0,-5298.0,-11927457
2025-06-29T20:45:00.228838,6426.0,-5307.0,-11932764
2025-06-29T20:45:01.385390,6390.0,-5283.0,-11938047
2025-06-29T20:45:02.542106,6444.0,-5290.0,-11943337
2025-06-29T20:45:03.698786,6390.0,-5285.0,-11948622
2025-06-29T20:45:04.855703,6426.0,-5300.0,-11953922
2025-06-29T20:45:06.012155,6426.0,-5276.0,-11959198
2025-06-29T20:45:07.169825,6444.0,-5288.0,-11964486
2025-06-29T20:45:08.326444,6390.0,-5278.0,-11969764
2025-06-29T20:45:09.483183,6462.0,-5287.0,-11975051
2025-06-29T20:45:10.639803,6390.0,-5287.0,-11980338
2025-06-29T20:45:11.796481,6408.0,-5290.0,-11985628
2025-06-29T20:45:12.954364,6426.0,-5289.0,-11990917
2025-06-29T20:45:14.111062,6408.0,-5288.0,-11996205
2025-06-29T20:45:15.267767,6390.0,-5295.0,-12001500
2025-06-29T20:45:16.424323,6408.0,-5301.0,-12006801
2025-06-29T20:45:17.581130,6408.0,-5274.0,-12012075
2025-06-29T20:45:18.738750,6390.0,-5312.0,-12017387
2025-06-29T20:45:19.895445,6408.0,-5294.0,-12022681
2025-06-29T20:45:21.052054,6462.0,-5288.0,-12027969
2025-06-29T20:45:22.208764,6390.0,-5274.0,-12033243
2025-06-29T20:45:23.365513,6390.0,-5278.0,-12038521
2025-06-29T20:45:24.522125,6390.0,-5295.0,-12043816
2025-06-29T20:45:25.679872,6372.0,-5300.0,-12049116
2025-06-29T20:45:26.836737,6390.0,-5291.0,-12054407
2025-06-29T20:45:27.993268,6444.0,-5288.0,-12059695
2025-06-29T20:45:29.149941,6408.0,-5285.0,-12064980
2025-06-29T20:45:30.306594,6372.0,-5285.0,-12070265
2025-06-29T20:45:31.464365,6372.0,-5296.0,-12075561
2025-06-29T20:45:32.620963,6444.0,-5280.0,-12080841
2025-06-29T20:45:33.777771,6372.0,-5320.0,-12086161
2025-06-29T20:45:34.934532,6444.0,-5266.0,-12091427
2025-06-29T20:45:36.091063,6408.0,-5285.0,-12096712
2025-06-29T20:45:37.247792,6426.0,-5289.0,-12102001
2025-06-29T20:45:38.405516,6354.0,-5288.0,-12107289
2025-06-29T20:45:39.562175,6390.0,-5284.0,-12112573
2025-06-29T20:45:40.718846,6372.0,-5289.0,-12117862
2025-06-29T20:45:41.875447,6372.0,-5290.0,-12123152
2025-06-29T20:45:43.032138,6354.0,-5283.0,-12128435
2025-06-29T20:45:44.189981,6426.0,-5271.0,-12133706
2025-06-29T20:45:45.346627,6300.0,-5297.0,-12139003
2025-06-29T20:45:46.503133,6408.0,-5300.0,-12144303
2025-06-29T20:45:47.659877,6390.0,-5305.0,-12149608
2025-06-29T20:45:48.816540,6390.0,-5283.0,-12154891
2025-06-29T20:45:49.973225,6390.0,-5275.0,-12160166
2025-06-29T20:45:51.130994,6354.0,-5290.0,-12165456
2025-06-29T20:45:52.287500,6354.0,-5283.0,-12170739
2025-06-29T20:45:53.444307,6408.0,-5287.0,-12176026
2025-06-29T20:45:54.600900,6354.0,-5301.0,-12181327
2025-06-29T20:45:55.757717,6372.0,-5280.0,-12186607
2025-06-29T20:45:56.915324,6390.0,-5280.0,-12191887
2025-06-29T20:45:58.072080,6354.0,-5286.0,-12197173
2025-06-29T20:45:59.228677,6354.0,-5295.0,-12202468
2025-06-29T20:46:00.385433,6354.0,-5311.0,-12207779
2025-06-29T20:46:01.542153,6426.0,-5302.0,-12213081
2025-06-29T20:46:02.699918,6390.0,-5295.0,-12218376
2025-06-29T20:46:03.856550,6408.0,-5293.0,-12223669
2025-06-29T20:46:05.013167,6408.0,-5265.0,-12228934
2025-06-29T20:46:06.169968,6372.0,-5293.0,-12234227
2025-06-29T20:46:07.326662,6408.0,-5282.0,-12239509
2025-06-29T20:46:08.483287,6354.0,-5278.0,-12244787
2025-06-29T20:46:09.640866,6390.0,-5299.0,-12250086
2025-06-29T20:46:10.797638,6354.0,-5294.0,-12255380
2025-06-29T20:46:11.954405,6426.0,-5270.0,-12260650
2025-06-29T20:46:13.110925,6390.0,-5303.0,-12265953
2025-06-29T20:46:14.267744,6372.0,-5284.0,-12271237
2025-06-29T20:46:15.425335,6354.0,-5289.0,-12276526
2025-06-29T20:46:16.582028,6372.0,-5288.0,-12281814
2025-06-29T20:46:17.738795,6318.0,-5291.0,-12287105
2025-06-29T20:46:18.895555,6372.0,-5289.0,-12292394
2025-06-29T20:46:20.052261,6390.0,-5293.0,-12297687
2025-06-29T20:46:21.208819,6372.0,-5269.0,-12302956
2025-06-29T20:46:22.366696,6354.0,-5299.0,-12308255
2025-06-29T20:46:23.523334,6354.0,-5266.0,-12313521
2025-06-29T20:46:24.679894,6354.0,-5298.0,-12318819
2025-06-29T20:46:25.836605,6444.0,-5262.0,-12324081
2025-06-29T20:46:26.993320,6354.0,-5295.0,-12329376
2025-06-29T20:46:28.150861,6408.0,-5281.0,-12334657
2025-06-29T20:46:29.307583,6354.0,-5285.0,-12339942
2025-06-29T20:46:30.464300,6372.0,-5260.0,-12345202
2025-06-29T20:46:31.621029,6354.0,-5290.0,-12350492
2025-06-29T20:46:32.777660,6372.0,-5273.0,-12355765
2025-06-29T20:46:33.934343,6390.0,-5288.0,-12361053
2025-06-29T20:46:35.092178,6390.0,-5280.0,-12366333
2025-06-29T20:46:36.248857,6354.0,-5287.0,-12371620
2025-06-29T20:46:37.405593,6390.0,-5267.0,-12376887
2025-06-29T20:46:38.562131,6354.0,-5280.0,-12382167
2025-06-29T20:46:39.718885,6354.0,-5278.0,-12387445
2025-06-29T20:46:40.876489,6354.0,-5285.0,-12392730
2025-06-29T20:46:42.033279,6354.0,-5279.0,-12398009
2025-06-29T20:46:43.189981,6354.0,-5291.0,-12403300
2025-06-29T20:46:44.346543,6390.0,-5276.0,-12408576
2025-06-29T20:46:45.503360,6390.0,-5284.0,-12413860
2025-06-29T20:46:46.659916,6372.0,-5279.0,-12419139
2025-06-29T20:46:47.817743,6372.0,-5278.0,-12424417
2025-06-29T20:46:48.974379,6462.0,-5267.0,-12429684
2025-06-29T20:46:50.131157,6336.0,-5274.0,-12434958
2025-06-29T20:46:51.287723,6372.0,-5276.0,-12440234
2025-06-29T20:46:52.444425,6354.0,-5299.0,-12445533
2025-06-29T20:46:53.602134,6372.0,-5301.0,-12450834
2025-06-29T20:46:54.758964,6354.0,-5298.0,-12456132
2025-06-29T20:46:55.915476,6372.0,-5320.0,-12461452
2025-06-29T20:46:57.072226,6318.0,-5290.0,-12466742
2025-06-29T20:46:58.228853,6372.0,-5309.0,-12472051
2025-06-29T20:46:59.386488,6354.0,-5306.0,-12477357
2025-06-29T20:47:00.543136,6372.0,-5277.0,-12482634
2025-06-29T20:47:01.699992,6354.0,-5280.0,-12487914
2025-06-29T20:47:02.856518,6354.0,-5263.0,-12493177
2025-06-29T20:47:04.013316,6390.0,-5300.0,-12498477
2025-06-29T20:47:05.169997,6354.0,-5294.0,-12503771
2025-06-29T20:47:06.327682,6354.0,-5283.0,-12509054
2025-06-29T20:47:07.484328,6372.0,-5299.0,-12514353
2025-06-29T20:47:08.641043,6372.0,-5307.0,-12519660
2025-06-29T20:47:09.797700,6390.0,-5277.0,-12524937
2025-06-29T20:47:10.954477,6354.0,-5295.0,-12530232
2025-06-29T20:47:12.111996,6372.0,-5295.0,-12535527
2025-06-29T20:47:13.268733,6354.0,-5299.0,-12540826
2025-06-29T20:47:14.425403,6336.0,-5287.0,-12546113
2025-06-29T20:47:15.582091,6354.0,-5294.0,-12551407
2025-06-29T20:47:16.739016,6354.0,-5274.0,-12556681
2025-06-29T20:47:17.895539,6372.0,-5285.0,-12561966
2025-06-29T20:47:19.054456,6354.0,-5316.0,-12567282
2025-06-29T20:47:20.209981,6354.0,-5307.0,-12572589
2025-06-29T20:47:21.366654,6354.0,-5285.0,-12577874
2025-06-29T20:47:22.523354,6336.0,-5290.0,-12583164
2025-06-29T20:47:23.679942,6354.0,-5281.0,-12588445
2025-06-29T20:47:24.837784,6354.0,-5275.0,-12593720
2025-06-29T20:47:25.994391,6354.0,-5301.0,-12599021
2025-06-29T20:47:27.151019,6354.0,-5303.0,-12604324
2025-06-29T20:47:28.307770,6354.0,-5290.0,-12609614
2025-06-29T20:47:29.464500,6318.0,-5303.0,-12614917
2025-06-29T20:47:30.621149,6354.0,-5262.0,-12620179
2025-06-29T20:47:31.778675,6336.0,-5282.0,-12625461
2025-06-29T20:47:32.935570,6390.0,-5305.0,-12630766
2025-06-29T20:47:34.092123,6336.0,-5301.0,-12636067
2025-06-29T20:47:35.248714,6354.0,-5284.0,-12641351
2025-06-29T20:47:36.405531,6282.0,-5300.0,-12646651
2025-06-29T20:47:37.563316,6372.0,-5297.0,-12651948
2025-06-29T20:47:38.719927,6318.0,-5306.0,-12657254
2025-06-29T20:47:39.876689,6354.0,-5286.0,-12662540
2025-06-29T20:47:41.033254,6336.0,-5293.0,-12667833
2025-06-29T20:47:42.189974,6408.0,-5298.0,-12673131
2025-06-29T20:47:43.347770,6354.0,-5286.0,-12678417
2025-06-29T20:47:44.504422,6336.0,-5303.0,-12683720
2025-06-29T20:47:45.661250,6282.0,-5295.0,-12689015
2025-06-29T20:47:46.817819,6354.0,-5280.0,-12694295
2025-06-29T20:47:47.974550,6318.0,-5302.0,-12699597
2025-06-29T20:47:49.131202,6336.0,-5296.0,-12704893
2025-06-29T20:47:50.288852,6282.0,-5279.0,-12710172
2025-06-29T20:47:51.445550,6354.0,-5313.0,-12715485
2025-06-29T20:47:52.602191,6354.0,-5297.0,-12720782
2025-06-29T20:47:53.758802,6372.0,-5283.0,-12726065
2025-06-29T20:47:54.915582,6354.0,-5296.0,-12731361
2025-06-29T20:47:56.073325,6354.0,-5278.0,-12736639
2025-06-29T20:47:57.229957,6354.0,-5292.0,-12741931
2025-06-29T20:47:58.386625,6336.0,-5293.0,-12747224
2025-06-29T20:47:59.543394,6336.0,-5289.0,-12752513
2025-06-29T20:48:00.699985,6354.0,-5266.0,-12757779
2025-06-29T20:48:01.856736,6318.0,-5291.0,-12763070
2025-06-29T20:48:03.014300,6336.0,-5324.0,-12768394
2025-06-29T20:48:04.170930,6318.0,-5304.0,-12773698
2025-06-29T20:48:05.327705,6354.0,-5272.0,-12778970
2025-06-29T20:48:06.485858,6318.0,-5284.0,-12784254
2025-06-29T20:48:07.641060,6354.0,-5297.0,-12789551
2025-06-29T20:48:08.798736,6318.0,-5296.0,-12794847
2025-06-29T20:48:09.955494,6336.0,-5291.0,-12800138
2025-06-29T20:48:11.112180,6336.0,-5285.0,-12805423
2025-06-29T20:48:12.268850,6372.0,-5286.0,-12810709
2025-06-29T20:48:13.425581,6282.0,-5292.0,-12816001
2025-06-29T20:48:14.582176,6354.0,-5283.0,-12821284
2025-06-29T20:48:15.739958,6318.0,-5290.0,-12826574
2025-06-29T20:48:16.896594,6354.0,-5271.0,-12831845
2025-06-29T20:48:18.053396,6318.0,-5286.0,-12837131
2025-06-29T20:48:19.209962,6318.0,-5305.0,-12842436
2025-06-29T20:48:20.366804,6300.0,-5300.0,-12847736
2025-06-29T20:48:21.524468,6372.0,-5300.0,-12853036
2025-06-29T20:48:22.681091,6318.0,-5292.0,-12858328
2025-06-29T20:48:23.837721,6354.0,-5306.0,-12863634
2025-06-29T20:48:24.994390,6300.0,-5291.0,-12868925
2025-06-29T20:48:26.151151,6282.0,-5311.0,-12874236
2025-06-29T20:48:27.308994,6336.0,-5288.0,-12879524
2025-06-29T20:48:28.465508,6390.0,-5320.0,-12884844
2025-06-29T20:48:29.622186,6318.0,-5283.0,-12890127
2025-06-29T20:48:30.778967,6354.0,-5294.0,-12895421
2025-06-29T20:48:31.935656,6282.0,-5289.0,-12900710
2025-06-29T20:48:33.092340,6300.0,-5272.0,-12905982
2025-06-29T20:48:34.249916,6318.0,-5284.0,-12911266
2025-06-29T20:48:35.406490,6318.0,-5288.0,-12916554
2025-06-29T20:48:36.563274,6318.0,-5296.0,-12921850
2025-06-29T20:48:37.720037,6336.0,-5308.0,-12927158
2025-06-29T20:48:38.876670,6300.0,-5285.0,-12932443
2025-06-29T20:48:40.034493,6318.0,-5273.0,-12937716
2025-06-29T20:48:41.191038,6282.0,-5293.0,-12943009
2025-06-29T20:48:42.347700,6318.0,-5273.0,-12948282
2025-06-29T20:48:43.504591,6300.0,-5276.0,-12953558
2025-06-29T20:48:44.661198,6354.0,-5284.0,-12958842
2025-06-29T20:48:45.817861,6246.0,-5308.0,-12964150
2025-06-29T20:48:46.975624,6300.0,-5298.0,-12969448
2025-06-29T20:48:48.132239,6282.0,-5291.0,-12974739
2025-06-29T20:48:49.288960,6318.0,-5312.0,-12980051
2025-06-29T20:48:50.445569,6336.0,-5304.0,-12985355
2025-06-29T20:48:51.602365,6318.0,-5290.0,-12990645
2025-06-29T20:48:52.759857,6282.0,-5297.0,-12995942
2025-06-29T20:48:53.916559,6318.0,-5277.0,-13001219
2025-06-29T20:48:55.073389,6300.0,-5288.0,-13006507
2025-06-29T20:48:56.230010,6300.0,-5275.0,-13011782
2025-06-29T20:48:57.386631,6246.0,-5308.0,-13017090
2025-06-29T20:48:58.543394,6336.0,-5295.0,-13022385
2025-06-29T20:48:59.701153,6300.0,-5285.0,-13027670
2025-06-29T20:49:00.857842,6300.0,-5300.0,-13032970
2025-06-29T20:49:02.014533,6246.0,-5293.0,-13038263
2025-06-29T20:49:03.171201,6264.0,-5299.0,-13043562
2025-06-29T20:49:04.327963,6300.0,-5293.0,-13048855
2025-06-29T20:49:05.486486,6300.0,-5284.0,-13054139
2025-06-29T20:49:06.645873,6264.0,-5294.0,-13059433
2025-06-29T20:49:07.805054,6300.0,-5281.0,-13064714
2025-06-29T20:49:08.964118,6246.0,-5303.0,-13070017
2025-06-29T20:49:10.122906,6282.0,-5267.0,-13075284
2025-06-29T20:49:11.281763,6318.0,-5278.0,-13080562
2025-06-29T20:49:12.441244,6318.0,-5303.0,-13085865
2025-06-29T20:49:13.599628,6264.0,-5291.0,-13091156
2025-06-29T20:49:14.758105,6282.0,-5303.0,-13096459
2025-06-29T20:49:15.915987,6318.0,-5288.0,-13101747
2025-06-29T20:49:17.074076,6264.0,-5305.0,-13107052
2025-06-29T20:49:18.233302,6282.0,-5290.0,-13112342
2025-06-29T20:49:19.390996,6300.0,-5312.0,-13117654
2025-06-29T20:49:20.548817,6318.0,-5287.0,-13122941
2025-06-29T20:49:21.706502,6336.0,-5308.0,-13128249
2025-06-29T20:49:22.864217,6318.0,-5289.0,-13133538
2025-06-29T20:49:24.022711,6264.0,-5277.0,-13138815
2025-06-29T20:49:25.180153,6246.0,-5283.0,-13144098
2025-06-29T20:49:26.337691,6282.0,-5279.0,-13149377
2025-06-29T20:49:27.495019,6282.0,-5277.0,-13154654
2025-06-29T20:49:28.652524,6318.0,-5269.0,-13159923
2025-06-29T20:49:29.809745,6264.0,-5279.0,-13165202
2025-06-29T20:49:30.967938,6264.0,-5274.0,-13170476
2025-06-29T20:49:32.125206,6264.0,-5286.0,-13175762
2025-06-29T20:49:33.282390,6300.0,-5285.0,-13181047
2025-06-29T20:49:34.439510,6228.0,-5294.0,-13186341
2025-06-29T20:49:35.596620,6318.0,-5292.0,-13191633
2025-06-29T20:49:36.754869,6264.0,-5280.0,-13196913
2025-06-29T20:49:37.911803,6282.0,-5311.0,-13202224
2025-06-29T20:49:39.069046,6246.0,-5293.0,-13207517
2025-06-29T20:49:40.228624,6300.0,-5268.0,-13212785
2025-06-29T20:49:41.382833,6246.0,-5297.0,-13218082
2025-06-29T20:49:42.539865,6318.0,-5284.0,-13223366
2025-06-29T20:49:43.697692,6228.0,-5270.0,-13228636
2025-06-29T20:49:44.854643,6282.0,-5304.0,-13233940
2025-06-29T20:49:46.011513,6228.0,-5292.0,-13239232
2025-06-29T20:49:47.168300,6300.0,-5282.0,-13244514
2025-06-29T20:49:48.325271,6228.0,-5273.0,-13249787
2025-06-29T20:49:49.483191,6264.0,-5305.0,-13255092
2025-06-29T20:49:50.640102,6246.0,-5290.0,-13260382
2025-06-29T20:49:51.796847,6300.0,-5295.0,-13265677
2025-06-29T20:49:52.953651,6192.0,-5277.0,-13270954
2025-06-29T20:49:54.110542,6282.0,-5301.0,-13276255
2025-06-29T20:49:55.267280,6300.0,-5270.0,-13281525
2025-06-29T20:49:56.425125,6282.0,-5308.0,-13286833
2025-06-29T20:49:57.581832,6228.0,-5289.0,-13292122
2025-06-29T20:49:58.738613,6264.0,-5271.0,-13297393
2025-06-29T20:49:59.895534,6228.0,-5281.0,-13302674
2025-06-29T20:50:01.052199,6264.0,-5283.0,-13307957
2025-06-29T20:50:02.210122,6264.0,-5292.0,-13313249
2025-06-29T20:50:03.366730,6264.0,-5304.0,-13318553
2025-06-29T20:50:04.523565,6246.0,-5295.0,-13323848
2025-06-29T20:50:05.680388,6282.0,-5282.0,-13329130
2025-06-29T20:50:06.837014,6246.0,-5278.0,-13334408
2025-06-29T20:50:07.994887,6228.0,-5279.0,-13339687
2025-06-29T20:50:09.151603,6192.0,-5296.0,-13344983
2025-06-29T20:50:10.308358,6318.0,-5312.0,-13350295
2025-06-29T20:50:11.465153,6264.0,-5301.0,-13355596
2025-06-29T20:50:12.621820,6264.0,-5288.0,-13360884
2025-06-29T20:50:13.778484,6210.0,-5286.0,-13366170
2025-06-29T20:50:14.936366,6246.0,-5276.0,-13371446
2025-06-29T20:50:16.093023,6192.0,-5302.0,-13376748
2025-06-29T20:50:17.249627,6282.0,-5297.0,-13382045
2025-06-29T20:50:18.406499,6264.0,-5300.0,-13387345
2025-06-29T20:50:19.563122,6264.0,-5308.0,-13392653
2025-06-29T20:50:20.720913,6264.0,-5300.0,-13397953
2025-06-29T20:50:21.877685,6282.0,-5286.0,-13403239
2025-06-29T20:50:23.034287,6228.0,-5293.0,-13408532
2025-06-29T20:50:24.191044,6264.0,-5267.0,-13413799
2025-06-29T20:50:25.347848,6192.0,-5301.0,-13419100
2025-06-29T20:50:26.504362,6228.0,-5287.0,-13424387
2025-06-29T20:50:27.662140,6210.0,-5283.0,-13429670
2025-06-29T20:50:28.818825,6246.0,-5300.0,-13434970
2025-06-29T20:50:29.975589,6246.0,-5291.0,-13440261
2025-06-29T20:50:31.132365,6228.0,-5293.0,-13445554
2025-06-29T20:50:32.289030,6210.0,-5286.0,-13450840
2025-06-29T20:50:33.446648,6228.0,-5287.0,-13456127
2025-06-29T20:50:34.603402,6246.0,-5275.0,-13461402
2025-06-29T20:50:35.760109,6192.0,-5291.0,-13466693
2025-06-29T20:50:36.916680,6246.0,-5286.0,-13471979
2025-06-29T20:50:38.073500,6246.0,-5266.0,-13477245
2025-06-29T20:50:39.230132,6192.0,-5294.0,-13482539
2025-06-29T20:50:40.387906,6300.0,-5306.0,-13487845
2025-06-29T20:50:41.544604,6228.0,-5301.0,-13493146
2025-06-29T20:50:42.701298,6282.0,-5261.0,-13498407
2025-06-29T20:50:43.858003,6210.0,-5283.0,-13503690
2025-06-29T20:50:45.014756,6264.0,-5291.0,-13508981
2025-06-29T20:50:46.172384,6210.0,-5286.0,-13514267
2025-06-29T20:50:47.329001,6210.0,-5269.0,-13519536
2025-06-29T20:50:48.485817,6246.0,-5280.0,-13524816
2025-06-29T20:50:49.642457,6264.0,-5294.0,-13530110
2025-06-29T20:50:50.799207,6228.0,-5287.0,-13535397
2025-06-29T20:50:51.956924,6246.0,-5267.0,-13540664
2025-06-29T20:50:53.113532,6156.0,-5279.0,-13545943
2025-06-29T20:50:54.270197,6210.0,-5267.0,-13551210
2025-06-29T20:50:55.426855,6192.0,-5304.0,-13556514
2025-06-29T20:50:56.583562,6246.0,-5306.0,-13561820
2025-06-29T20:50:57.740305,6192.0,-5310.0,-13567130
2025-06-29T20:50:58.898168,6228.0,-5274.0,-13572404
2025-06-29T20:51:00.054879,6210.0,-5295.0,-13577699
2025-06-29T20:51:01.211509,6228.0,-5303.0,-13583002
2025-06-29T20:51:02.368169,6210.0,-5293.0,-13588295
2025-06-29T20:51:03.524930,6228.0,-5275.0,-13593570
2025-06-29T20:51:04.682532,6192.0,-5291.0,-13598861
2025-06-29T20:51:05.839171,6210.0,-5298.0,-13604159
2025-06-29T20:51:06.996005,6192.0,-5299.0,-13609458
2025-06-29T20:51:08.152647,6210.0,-5266.0,-13614724
2025-06-29T20:51:09.309265,6210.0,-5303.0,-13620027
2025-06-29T20:51:10.466062,6192.0,-5295.0,-13625322
2025-06-29T20:51:11.623780,6174.0,-5301.0,-13630623
2025-06-29T20:51:12.780402,6264.0,-5283.0,-13635906
2025-06-29T20:51:13.937169,6156.0,-5291.0,-13641197
2025-06-29T20:51:15.093932,6192.0,-5285.0,-13646482
2025-06-29T20:51:16.250496,6228.0,-5274.0,-13651756
2025-06-29T20:51:17.408184,6210.0,-5290.0,-13657046
2025-06-29T20:51:18.564855,6174.0,-5280.0,-13662326
2025-06-29T20:51:19.721557,6210.0,-5292.0,-13667618
2025-06-29T20:51:20.878351,6192.0,-5279.0,-13672897
2025-06-29T20:51:22.035000,6228.0,-5293.0,-13678190
2025-06-29T20:51:23.191782,6210.0,-5303.0,-13683493
2025-06-29T20:51:24.349300,6246.0,-5319.0,-13688812
2025-06-29T20:51:25.506073,6156.0,-5288.0,-13694100
2025-06-29T20:51:26.662760,6228.0,-5267.0,-13699367
2025-06-29T20:51:27.819487,6174.0,-5286.0,-13704653
2025-06-29T20:51:28.976137,6210.0,-5311.0,-13709964
2025-06-29T20:51:30.133857,6174.0,-5291.0,-13715255
2025-06-29T20:51:31.290537,6228.0,-5277.0,-13720532
2025-06-29T20:51:32.447225,6192.0,-5273.0,-13725805
2025-06-29T20:51:33.603967,6228.0,-5293.0,-13731098
2025-06-29T20:51:34.760668,6210.0,-5288.0,-13736386
2025-06-29T20:51:35.917294,6192.0,-5305.0,-13741691
2025-06-29T20:51:37.075026,6156.0,-5290.0,-13746981
2025-06-29T20:51:38.231601,6210.0,-5277.0,-13752258
2025-06-29T20:51:39.388355,6210.0,-5297.0,-13757555
2025-06-29T20:51:40.545039,6192.0,-5325.0,-13762880
2025-06-29T20:51:41.701695,6156.0,-5298.0,-13768178
2025-06-29T20:51:42.859518,6210.0,-5298.0,-13773476
2025-06-29T20:51:44.016177,6156.0,-5288.0,-13778764
2025-06-29T20:51:45.173114,6156.0,-5275.0,-13784039
2025-06-29T20:51:46.329614,6156.0,-5301.0,-13789340
2025-06-29T20:51:47.486278,6174.0,-5309.0,-13794649
2025-06-29T20:51:48.644257,6120.0,-5285.0,-13799934
2025-06-29T20:51:49.800715,6174.0,-5272.0,-13805206
2025-06-29T20:51:50.957442,6156.0,-5300.0,-13810506
2025-06-29T20:51:52.114131,6120.0,-5312.0,-13815818
2025-06-29T20:51:53.270749,6138.0,-5299.0,-13821117
2025-06-29T20:51:54.427504,6192.0,-5286.0,-13826403
2025-06-29T20:51:55.585065,6174.0,-5272.0,-13831675
2025-06-29T20:51:56.741912,6156.0,-5294.0,-13836969
2025-06-29T20:51:57.898527,6138.0,-5292.0,-13842261
2025-06-29T20:51:59.055252,6174.0,-5310.0,-13847571
2025-06-29T20:52:00.211827,6156.0,-5298.0,-13852869
2025-06-29T20:52:01.369653,6120.0,-5279.0,-13858148
2025-06-29T20:52:02.526398,6138.0,-5292.0,-13863440
2025-06-29T20:52:03.683037,6192.0,-5327.0,-13868767
2025-06-29T20:52:04.839742,6156.0,-5304.0,-13874071
2025-06-29T20:52:05.996412,6192.0,-5294.0,-13879365
2025-06-29T20:52:07.153104,6120.0,-5298.0,-13884663
2025-06-29T20:52:08.310633,6138.0,-5310.0,-13889973
2025-06-29T20:52:09.467292,6174.0,-5290.0,-13895263
2025-06-29T20:52:10.624134,6156.0,-5275.0,-13900538
2025-06-29T20:52:11.780711,6156.0,-5284.0,-13905822
2025-06-29T20:52:12.937587,6174.0,-5299.0,-13911121
2025-06-29T20:52:14.095276,6138.0,-5283.0,-13916404
2025-06-29T20:52:15.252010,6210.0,-5280.0,-13921684
2025-06-29T20:52:16.408590,6156.0,-5287.0,-13926971
2025-06-29T20:52:17.565338,6174.0,-5304.0,-13932275
2025-06-29T20:52:18.722083,6174.0,-5294.0,-13937569
2025-06-29T20:52:19.879462,6192.0,-5296.0,-13942865
2025-06-29T20:52:21.036382,6156.0,-5295.0,-13948160
2025-06-29T20:52:22.193089,6174.0,-5287.0,-13953447
2025-06-29T20:52:23.349878,6138.0,-5267.0,-13958714
2025-06-29T20:52:24.506499,6156.0,-5313.0,-13964027
2025-06-29T20:52:25.663264,6138.0,-5301.0,-13969328
2025-06-29T20:52:26.820889,6156.0,-5282.0,-13974610
2025-06-29T20:52:27.977539,6156.0,-5290.0,-13979900
2025-06-29T20:52:29.134281,6156.0,-5280.0,-13985180
2025-06-29T20:52:30.291026,6120.0,-5268.0,-13990448
2025-06-29T20:52:31.447775,6156.0,-5313.0,-13995761
2025-06-29T20:52:32.605554,6120.0,-5297.0,-14001058
2025-06-29T20:52:33.762114,6174.0,-5285.0,-14006343
2025-06-29T20:52:34.918747,6120.0,-5296.0,-14011639
2025-06-29T20:52:36.075546,6120.0,-5281.0,-14016920
2025-06-29T20:52:37.232044,6120.0,-5292.0,-14022212
2025-06-29T20:52:38.388777,6174.0,-5277.0,-14027489
2025-06-29T20:52:39.546462,6120.0,-5295.0,-14032784
2025-06-29T20:52:40.703272,6156.0,-5302.0,-14038086
2025-06-29T20:52:41.859923,6174.0,-5276.0,-14043362
2025-06-29T20:52:43.016599,6138.0,-5290.0,-14048652
2025-06-29T20:52:44.173298,6138.0,-5291.0,-14053943
2025-06-29T20:52:45.330968,6138.0,-5265.0,-14059208
2025-06-29T20:52:46.487685,6102.0,-5285.0,-14064493
2025-06-29T20:52:47.647367,6120.0,-5306.0,-14069799
2025-06-29T20:52:48.801156,6120.0,-5298.0,-14075097
2025-06-29T20:52:49.957785,6156.0,-5304.0,-14080401
2025-06-29T20:52:51.116555,6084.0,-5290.0,-14085691
2025-06-29T20:52:52.272592,6120.0,-5269.0,-14090960
2025-06-29T20:52:53.428959,6138.0,-5295.0,-14096255
2025-06-29T20:52:54.595658,6102.0,-5308.0,-14101563
2025-06-29T20:52:55.742305,6156.0,-5300.0,-14106863
2025-06-29T20:52:56.899005,6120.0,-5275.0,-14112138
2025-06-29T20:52:58.056623,6138.0,-5288.0,-14117426
2025-06-29T20:52:59.213356,6120.0,-5303.0,-14122729
2025-06-29T20:53:00.370058,6138.0,-5295.0,-14128024
2025-06-29T20:53:01.526656,6138.0,-5318.0,-14133342
2025-06-29T20:53:02.683423,6120.0,-5287.0,-14138629
2025-06-29T20:53:03.840370,6138.0,-5300.0,-14143929
2025-06-29T20:53:04.997705,6102.0,-5283.0,-14149212
2025-06-29T20:53:06.154533,6138.0,-5284.0,-14154496
2025-06-29T20:53:07.311220,6120.0,-5276.0,-14159772
2025-06-29T20:53:08.467780,6120.0,-5285.0,-14165057
2025-06-29T20:53:09.624633,6138.0,-5292.0,-14170349
2025-06-29T20:53:10.782280,6156.0,-5305.0,-14175654
2025-06-29T20:53:11.938948,6120.0,-5288.0,-14180942
2025-06-29T20:53:13.095653,6120.0,-5286.0,-14186228
2025-06-29T20:53:14.252394,6120.0,-5300.0,-14191528
2025-06-29T20:53:15.408994,6120.0,-5314.0,-14196842
2025-06-29T20:53:16.566760,6156.0,-5308.0,-14202150
2025-06-29T20:53:17.723413,6120.0,-5282.0,-14207432
2025-06-29T20:53:18.880106,6120.0,-5295.0,-14212727
2025-06-29T20:53:20.036750,6120.0,-5294.0,-14218021
2025-06-29T20:53:21.193473,6030.0,-5288.0,-14223309
2025-06-29T20:53:22.350085,6084.0,-5272.0,-14228581
2025-06-29T20:53:23.507856,6048.0,-5294.0,-14233875
2025-06-29T20:53:24.664592,6120.0,-5301.0,-14239176
2025-06-29T20:53:25.821410,6102.0,-5285.0,-14244461
2025-06-29T20:53:26.978042,6084.0,-5293.0,-14249754
2025-06-29T20:53:28.134713,6120.0,-5292.0,-14255046
2025-06-29T20:53:29.292380,6084.0,-5294.0,-14260340
2025-06-29T20:53:30.449072,6084.0,-5311.0,-14265651
2025-06-29T20:53:31.605795,6084.0,-5306.0,-14270957
2025-06-29T20:53:32.762379,6048.0,-5279.0,-14276236
2025-06-29T20:53:33.919130,6102.0,-5268.0,-14281504
2025-06-29T20:53:35.075864,6102.0,-5284.0,-14286788
2025-06-29T20:53:36.233516,6120.0,-5317.0,-14292105
2025-06-29T20:53:37.390346,6066.0,-5276.0,-14297381
2025-06-29T20:53:38.546997,6102.0,-5285.0,-14302666
2025-06-29T20:53:39.703610,6102.0,-5284.0,-14307950
2025-06-29T20:53:40.860250,6138.0,-5291.0,-14313241
2025-06-29T20:53:42.017939,6102.0,-5300.0,-14318541
2025-06-29T20:53:43.174684,6120.0,-5304.0,-14323845
2025-06-29T20:53:44.331406,6030.0,-5291.0,-14329136
2025-06-29T20:53:45.488073,6066.0,-5275.0,-14334411
2025-06-29T20:53:46.644787,6066.0,-5276.0,-14339687
2025-06-29T20:53:47.801424,6102.0,-5282.0,-14344969
2025-06-29T20:53:48.959073,6066.0,-5300.0,-14350269
2025-06-29T20:53:50.115784,6066.0,-5302.0,-14355571
2025-06-29T20:53:51.272529,6030.0,-5291.0,-14360862
2025-06-29T20:53:52.429256,6102.0,-5286.0,-14366148
2025-06-29T20:53:53.585860,6084.0,-5273.0,-14371421
2025-06-29T20:53:54.743587,6102.0,-5286.0,-14376707
2025-06-29T20:53:55.900257,6048.0,-5298.0,-14382005
2025-06-29T20:53:57.057016,6120.0,-5295.0,-14387300
2025-06-29T20:53:58.213639,6102.0,-5293.0,-14392593
2025-06-29T20:53:59.370515,6102.0,-5284.0,-14397877
2025-06-29T20:54:00.527144,6084.0,-5274.0,-14403151
2025-06-29T20:54:01.684649,6120.0,-5296.0,-14408447
2025-06-29T20:54:02.841402,6084.0,-5287.0,-14413734
2025-06-29T20:54:03.998083,6066.0,-5310.0,-14419044
2025-06-29T20:54:05.154910,6084.0,-5288.0,-14424332
2025-06-29T20:54:06.311606,6102.0,-5288.0,-14429620
2025-06-29T20:54:07.469169,6084.0,-5283.0,-14434903
2025-06-29T20:54:08.625994,6102.0,-5290.0,-14440193
2025-06-29T20:54:09.782661,6030.0,-5295.0,-14445488
2025-06-29T20:54:10.939378,6120.0,-5305.0,-14450793
2025-06-29T20:54:12.096098,6066.0,-5295.0,-14456088
2025-06-29T20:54:13.253707,6102.0,-5313.0,-14461401
2025-06-29T20:54:14.410665,6084.0,-5299.0,-14466700
2025-06-29T20:54:15.567148,6066.0,-5284.0,-14471984
2025-06-29T20:54:16.724048,5994.0,-5304.0,-14477288
2025-06-29T20:54:17.878483,6138.0,-16.0,-14477304
2025-06-29T20:54:19.031002,6138.0,-16.0,-14477320
2025-06-29T20:54:20.184868,6174.0,-16.0,-14477336
2025-06-29T20:54:21.337472,6120.0,-17.0,-14477353
2025-06-29T20:54:22.490262,6174.0,-16.0,-14477369
2025-06-29T20:54:23.642978,6156.0,-17.0,-14477386
2025-06-29T20:54:24.795644,6138.0,-16.0,-14477402
2025-06-29T20:54:25.948636,6138.0,-16.0,-14477418
2025-06-29T20:54:27.100976,6192.0,-16.0,-14477434
2025-06-29T20:54:28.254756,6156.0,-16.0,-14477450
2025-06-29T20:54:29.407348,6156.0,-16.0,-14477466
2025-06-29T20:54:30.560011,6138.0,-16.0,-14477482
2025-06-29T20:54:31.712698,6174.0,-16.0,-14477498
2025-06-29T20:54:32.865513,6120.0,-16.0,-14477514
2025-06-29T20:54:34.018248,6228.0,-16.0,-14477530
2025-06-29T20:54:35.172013,6174.0,-16.0,-14477546
2025-06-29T20:54:36.324590,6228.0,-16.0,-14477562
2025-06-29T20:54:37.477349,6120.0,-16.0,-14477578
2025-06-29T20:54:38.630138,6156.0,-16.0,-14477594
2025-06-29T20:54:39.782705,6120.0,-16.0,-14477610
2025-06-29T20:54:40.935332,6174.0,-16.0,-14477626
2025-06-29T20:54:42.088060,6210.0,-16.0,-14477642
2025-06-29T20:54:43.241674,6174.0,-16.0,-14477658
2025-06-29T20:54:44.394559,6156.0,-16.0,-14477674
2025-06-29T20:54:45.547054,6210.0,-16.0,-14477690
2025-06-29T20:54:46.699888,6120.0,-16.0,-14477706
2025-06-29T20:54:47.852600,6246.0,-16.0,-14477722
2025-06-29T20:54:49.005319,6156.0,-16.0,-14477738
2025-06-29T20:54:50.158872,6228.0,-16.0,-14477754
2025-06-29T20:54:51.311771,6174.0,-16.0,-14477770
2025-06-29T20:54:52.464323,6210.0,-16.0,-14477786
2025-06-29T20:54:53.617012,6138.0,-16.0,-14477802
2025-06-29T20:54:54.769724,6174.0,-16.0,-14477818
2025-06-29T20:54:55.922808,6192.0,-17.0,-14477835
2025-06-29T20:54:57.075085,6174.0,-16.0,-14477851
2025-06-29T20:54:58.228622,6156.0,-16.0,-14477867
2025-06-29T20:54:59.382930,6156.0,-16.0,-14477883
2025-06-29T20:55:00.534180,6174.0,-16.0,-14477899
2025-06-29T20:55:01.686912,6174.0,-16.0,-14477915
2025-06-29T20:55:02.839408,6174.0,-16.0,-14477931
2025-06-29T20:55:03.992254,6228.0,-16.0,-14477947
2025-06-29T20:55:05.144898,6120.0,-16.0,-14477963
2025-06-29T20:55:06.300793,6192.0,-16.0,-14477979
2025-06-29T20:55:07.451299,6192.0,-16.0,-14477995
2025-06-29T20:55:08.604114,6228.0,-16.0,-14478011
2025-06-29T20:55:09.756693,6120.0,-16.0,-14478027
2025-06-29T20:55:10.909458,6246.0,-16.0,-14478043
2025-06-29T20:55:12.062025,6246.0,-16.0,-14478059
2025-06-29T20:55:13.215809,6156.0,-16.0,-14478075
2025-06-29T20:55:14.368413,6174.0,-17.0,-14478092
2025-06-29T20:55:15.521273,6210.0,-16.0,-14478108
2025-06-29T20:55:16.673979,6156.0,-16.0,-14478124
2025-06-29T20:55:17.826625,6174.0,-16.0,-14478140
2025-06-29T20:55:18.979357,6120.0,-16.0,-14478156
2025-06-29T20:55:20.131990,6210.0,-16.0,-14478172
2025-06-29T20:55:21.285744,6120.0,-16.0,-14478188
2025-06-29T20:55:22.438312,6156.0,-16.0,-14478204
2025-06-29T20:55:23.591160,6156.0,-16.0,-14478220
2025-06-29T20:55:24.743712,6192.0,-16.0,-14478236
2025-06-29T20:55:25.896461,6120.0,-16.0,-14478252
2025-06-29T20:55:27.049163,6228.0,-16.0,-14478268
2025-06-29T20:55:28.202853,6174.0,-16.0,-14478284
2025-06-29T20:55:29.355472,6210.0,-16.0,-14478300
2025-06-29T20:55:30.508220,6228.0,-16.0,-14478316
2025-06-29T20:55:31.660883,6228.0,-16.0,-14478332
2025-06-29T20:55:32.813567,6156.0,-16.0,-14478348
2025-06-29T20:55:33.966339,6192.0,-17.0,-14478365
2025-06-29T20:55:35.119045,6174.0,-16.0,-14478381
2025-06-29T20:55:36.272818,6210.0,-16.0,-14478397
2025-06-29T20:55:37.425461,6192.0,-16.0,-14478413
2025-06-29T20:55:38.578132,6228.0,-16.0,-14478429
2025-06-29T20:55:39.730798,6174.0,-16.0,-14478445
2025-06-29T20:55:40.883440,6192.0,-16.0,-14478461
2025-06-29T20:55:42.036180,6156.0,-16.0,-14478477
2025-06-29T20:55:43.189977,6192.0,-16.0,-14478493
2025-06-29T20:55:44.342559,6174.0,-16.0,-14478509
2025-06-29T20:55:45.495313,6192.0,-16.0,-14478525
2025-06-29T20:55:46.648100,6156.0,-16.0,-14478541
2025-06-29T20:55:47.800768,6156.0,-16.0,-14478557
2025-06-29T20:55:48.953277,6192.0,-16.0,-14478573
2025-06-29T20:55:50.106177,6192.0,-16.0,-14478589
2025-06-29T20:55:51.259820,6192.0,-16.0,-14478605
2025-06-29T20:55:52.412442,6156.0,-16.0,-14478621
2025-06-29T20:55:53.565163,6174.0,-16.0,-14478637
2025-06-29T20:55:54.717877,6228.0,-16.0,-14478653
2025-06-29T20:55:55.870430,6120.0,-16.0,-14478669
2025-06-29T20:55:57.023268,6192.0,-16.0,-14478685
2025-06-29T20:55:58.176011,6156.0,-16.0,-14478701
2025-06-29T20:55:59.329735,6192.0,-16.0,-14478717
2025-06-29T20:56:00.482257,6192.0,-16.0,-14478733
2025-06-29T20:56:01.635011,6210.0,-16.0,-14478749
2025-06-29T20:56:02.787668,6138.0,-16.0,-14478765
2025-06-29T20:56:03.940461,6210.0,-17.0,-14478782
2025-06-29T20:56:05.093181,6138.0,-16.0,-14478798
2025-06-29T20:56:06.246904,6228.0,-17.0,-14478815
2025-06-29T20:56:07.399728,6138.0,-16.0,-14478831
2025-06-29T20:56:08.552197,6228.0,-16.0,-14478847
2025-06-29T20:56:09.704820,6192.0,-17.0,-14478864
2025-06-29T20:56:10.857643,6192.0,-17.0,-14478881
2025-06-29T20:56:12.010258,6156.0,-16.0,-14478897
2025-06-29T20:56:13.162928,6192.0,-16.0,-14478913
2025-06-29T20:56:14.316689,6192.0,-16.0,-14478929
2025-06-29T20:56:15.469190,6228.0,-16.0,-14478945
2025-06-29T20:56:16.622121,6210.0,-16.0,-14478961
2025-06-29T20:56:17.774867,6174.0,-16.0,-14478977
2025-06-29T20:56:18.927423,6192.0,-16.0,-14478993
2025-06-29T20:56:20.080098,6228.0,-16.0,-14479009
2025-06-29T20:56:21.233817,6120.0,-16.0,-14479025
2025-06-29T20:56:22.386415,6210.0,-16.0,-14479041
2025-06-29T20:56:23.539194,6174.0,-16.0,-14479057
2025-06-29T20:56:24.691851,6156.0,-16.0,-14479073
2025-06-29T20:56:25.844591,6174.0,-16.0,-14479089
2025-06-29T20:56:26.997453,6228.0,-16.0,-14479105
2025-06-29T20:56:28.149958,6210.0,-16.0,-14479121
2025-06-29T20:56:29.303668,6210.0,-16.0,-14479137
2025-06-29T20:56:30.456403,6192.0,-16.0,-14479153
2025-06-29T20:56:31.609109,6192.0,-16.0,-14479169
2025-06-29T20:56:32.761847,6174.0,-16.0,-14479185
2025-06-29T20:56:33.914509,6192.0,-16.0,-14479201
2025-06-29T20:56:35.067129,6174.0,-16.0,-14479217
2025-06-29T20:56:36.219840,6210.0,-16.0,-14479233
2025-06-29T20:56:37.373524,6174.0,-16.0,-14479249
2025-06-29T20:56:38.526183,6228.0,-16.0,-14479265
2025-06-29T20:56:39.678978,6192.0,-16.0,-14479281
2025-06-29T20:56:40.831728,6174.0,-16.0,-14479297
2025-06-29T20:56:41.984295,6192.0,-17.0,-14479314
2025-06-29T20:56:43.136912,6210.0,-16.0,-14479330
2025-06-29T20:56:44.290696,6192.0,-16.0,-14479346
2025-06-29T20:56:45.443495,6192.0,-16.0,-14479362
2025-06-29T20:56:46.596133,6210.0,-16.0,-14479378
2025-06-29T20:56:47.748707,6174.0,-16.0,-14479394
2025-06-29T20:56:48.901653,6174.0,-16.0,-14479410
2025-06-29T20:56:50.054212,6192.0,-16.0,-14479426
2025-06-29T20:56:51.206979,6210.0,-16.0,-14479442
2025-06-29T20:56:52.360567,6210.0,-16.0,-14479458
2025-06-29T20:56:53.513299,6138.0,-16.0,-14479474
2025-06-29T20:56:54.666063,6246.0,-16.0,-14479490
2025-06-29T20:56:55.818586,6138.0,-16.0,-14479506
2025-06-29T20:56:56.971410,6210.0,-16.0,-14479522
2025-06-29T20:56:58.124162,6192.0,-16.0,-14479538
2025-06-29T20:56:59.277851,6210.0,-16.0,-14479554
2025-06-29T20:57:00.430442,6174.0,-16.0,-14479570
2025-06-29T20:57:01.583218,6228.0,-16.0,-14479586
2025-06-29T20:57:02.735868,6174.0,-16.0,-14479602
2025-06-29T20:57:03.888665,6210.0,-16.0,-14479618
2025-06-29T20:57:05.041272,6192.0,-16.0,-14479634
2025-06-29T20:57:06.193939,6246.0,-16.0,-14479650
2025-06-29T20:57:07.347690,6174.0,-16.0,-14479666
2025-06-29T20:57:08.500497,6192.0,-16.0,-14479682
2025-06-29T20:57:09.652910,6120.0,-16.0,-14479698
2025-06-29T20:57:10.805748,6228.0,-16.0,-14479714
2025-06-29T20:57:11.958459,6228.0,-16.0,-14479730
2025-06-29T20:57:13.111236,6210.0,-16.0,-14479746
2025-06-29T20:57:14.264912,6192.0,-16.0,-14479762
2025-06-29T20:57:15.417599,6210.0,-16.0,-14479778
2025-06-29T20:57:16.570134,6120.0,-16.0,-14479794
2025-06-29T20:57:17.722896,6210.0,-16.0,-14479810
2025-06-29T20:57:18.875765,6210.0,-16.0,-14479826
2025-06-29T20:57:20.028276,6264.0,-16.0,-14479842
2025-06-29T20:57:21.181036,6192.0,-16.0,-14479858
2025-06-29T20:57:22.334570,6228.0,-16.0,-14479874
2025-06-29T20:57:23.487464,6210.0,-16.0,-14479890
2025-06-29T20:57:24.640035,6228.0,-16.0,-14479906
2025-06-29T20:57:25.792841,6192.0,-16.0,-14479922
2025-06-29T20:57:26.945420,6192.0,-16.0,-14479938
2025-06-29T20:57:28.098168,6120.0,-16.0,-14479954
2025-06-29T20:57:29.251011,6210.0,-16.0,-14479970
2025-06-29T20:57:30.404589,6156.0,-16.0,-14479986
2025-06-29T20:57:31.557331,6228.0,-16.0,-14480002
2025-06-29T20:57:32.710034,6174.0,-17.0,-14480019
2025-06-29T20:57:33.862528,6210.0,-16.0,-14480035
2025-06-29T20:57:35.015395,6174.0,-16.0,-14480051
2025-06-29T20:57:36.168039,6192.0,-16.0,-14480067
2025-06-29T20:57:37.321769,6174.0,-16.0,-14480083
2025-06-29T20:57:38.474470,6210.0,-16.0,-14480099
2025-06-29T20:57:39.627093,6210.0,-16.0,-14480115
2025-06-29T20:57:40.779852,6192.0,-16.0,-14480131
2025-06-29T20:57:41.932649,6174.0,-16.0,-14480147
2025-06-29T20:57:43.085384,6228.0,-16.0,-14480163
2025-06-29T20:57:44.238056,6264.0,-17.0,-14480180
2025-06-29T20:57:45.391730,6246.0,-16.0,-14480196
2025-06-29T20:57:46.544286,6192.0,-16.0,-14480212
2025-06-29T20:57:47.696968,6246.0,-16.0,-14480228
2025-06-29T20:57:48.849577,6192.0,-16.0,-14480244
2025-06-29T20:57:50.002323,6228.0,-16.0,-14480260
2025-06-29T20:57:51.155091,6228.0,-16.0,-14480276
2025-06-29T20:57:52.308782,6264.0,-16.0,-14480292
2025-06-29T20:57:53.461528,6156.0,-16.0,-14480308
2025-06-29T20:57:54.614120,6192.0,-16.0,-14480324
2025-06-29T20:57:55.766792,6210.0,-15.0,-14480339
2025-06-29T20:57:56.919597,6210.0,-16.0,-14480355
2025-06-29T20:57:58.072295,6192.0,-17.0,-14480372
2025-06-29T20:57:59.224984,6228.0,-16.0,-14480388
2025-06-29T20:58:00.378698,6210.0,-16.0,-14480404
2025-06-29T20:58:01.531388,6210.0,-16.0,-14480420
2025-06-29T20:58:02.684422,6246.0,-16.0,-14480436
2025-06-29T20:58:03.836731,6264.0,-16.0,-14480452
2025-06-29T20:58:04.989348,6192.0,-16.0,-14480468
2025-06-29T20:58:06.142224,6228.0,-16.0,-14480484
2025-06-29T20:58:07.295846,6192.0,-16.0,-14480500
2025-06-29T20:58:08.448437,6228.0,-16.0,-14480516
2025-06-29T20:58:09.601231,6246.0,-17.0,-14480533
2025-06-29T20:58:10.753921,6228.0,-16.0,-14480549
2025-06-29T20:58:11.906603,6210.0,-16.0,-14480565
2025-06-29T20:58:13.059288,6246.0,-17.0,-14480582
2025-06-29T20:58:14.212042,6210.0,-16.0,-14480598
2025-06-29T20:58:15.365715,6210.0,-16.0,-14480614
2025-06-29T20:58:16.518288,6192.0,-16.0,-14480630
2025-06-29T20:58:17.671008,6246.0,-16.0,-14480646
2025-06-29T20:58:18.823762,6192.0,-16.0,-14480662
2025-06-29T20:58:19.976379,6246.0,-16.0,-14480678
2025-06-29T20:58:21.129373,6174.0,-16.0,-14480694
2025-06-29T20:58:22.281950,6228.0,-16.0,-14480710
2025-06-29T20:58:23.435681,6156.0,-16.0,-14480726
2025-06-29T20:58:24.588222,6156.0,-16.0,-14480742
2025-06-29T20:58:25.740963,6192.0,-16.0,-14480758
2025-06-29T20:58:26.893659,6210.0,-16.0,-14480774
2025-06-29T20:58:28.046355,6192.0,-16.0,-14480790
2025-06-29T20:58:29.199162,6228.0,-16.0,-14480806
2025-06-29T20:58:30.352672,6156.0,-16.0,-14480822
2025-06-29T20:58:31.505366,6228.0,-16.0,-14480838
2025-06-29T20:58:32.658131,6174.0,-16.0,-14480854
2025-06-29T20:58:33.810829,6192.0,-16.0,-14480870
2025-06-29T20:58:34.963492,6192.0,-16.0,-14480886
2025-06-29T20:58:36.116195,6210.0,-16.0,-14480902
2025-06-29T20:58:37.268991,6156.0,-16.0,-14480918
2025-06-29T20:58:38.422699,6192.0,-16.0,-14480934
2025-06-29T20:58:39.575387,6192.0,-16.0,-14480950
2025-06-29T20:58:40.728137,6156.0,-16.0,-14480966
2025-06-29T20:58:41.880757,6174.0,-16.0,-14480982
2025-06-29T20:58:43.033355,6210.0,-16.0,-14480998
2025-06-29T20:58:44.186073,6192.0,-15.0,-14481013
2025-06-29T20:58:45.339684,6192.0,-16.0,-14481029
2025-06-29T20:58:46.492390,6174.0,-16.0,-14481045
2025-06-29T20:58:47.645076,6210.0,-16.0,-14481061
2025-06-29T20:58:48.797866,6210.0,-16.0,-14481077
2025-06-29T20:58:49.950598,6174.0,-16.0,-14481093
2025-06-29T20:58:51.103338,6174.0,-16.0,-14481109
2025-06-29T20:58:52.256039,6210.0,-16.0,-14481125
2025-06-29T20:58:53.409527,6174.0,-16.0,-14481141
2025-06-29T20:58:54.562368,6192.0,-16.0,-14481157
2025-06-29T20:58:55.714924,6192.0,-16.0,-14481173
2025-06-29T20:58:56.867982,6210.0,-17.0,-14481190
2025-06-29T20:58:58.020348,6156.0,-16.0,-14481206
2025-06-29T20:58:59.173201,6192.0,-16.0,-14481222
2025-06-29T20:59:00.325795,6192.0,-16.0,-14481238
2025-06-29T20:59:01.479576,6210.0,-16.0,-14481254
2025-06-29T20:59:02.632088,6246.0,-16.0,-14481270
2025-06-29T20:59:03.785004,6228.0,-16.0,-14481286
2025-06-29T20:59:04.937622,6210.0,-16.0,-14481302
2025-06-29T20:59:06.090441,6156.0,-16.0,-14481318
2025-06-29T20:59:07.243000,6210.0,-16.0,-14481334
2025-06-29T20:59:08.396583,6210.0,-16.0,-14481350
2025-06-29T20:59:09.549445,6138.0,-16.0,-14481366
2025-06-29T20:59:10.701935,6192.0,-16.0,-14481382
2025-06-29T20:59:11.854766,6192.0,-16.0,-14481398
2025-06-29T20:59:13.007528,6282.0,-16.0,-14481414
2025-06-29T20:59:14.160096,6192.0,-16.0,-14481430
2025-06-29T20:59:15.312895,6210.0,-16.0,-14481446
2025-06-29T20:59:16.466500,6192.0,-16.0,-14481462
2025-06-29T20:59:17.619110,6210.0,-16.0,-14481478
2025-06-29T20:59:18.771993,6192.0,-16.0,-14481494
2025-06-29T20:59:19.924649,6156.0,-16.0,-14481510
2025-06-29T20:59:21.077335,6156.0,-17.0,-14481527
2025-06-29T20:59:22.230134,6228.0,-16.0,-14481543
2025-06-29T20:59:23.383806,6210.0,-16.0,-14481559
2025-06-29T20:59:24.536517,6210.0,-16.0,-14481575
2025-06-29T20:59:25.689133,6174.0,-16.0,-14481591
2025-06-29T20:59:26.841840,6264.0,-16.0,-14481607
2025-06-29T20:59:27.994489,6174.0,-16.0,-14481623
2025-06-29T20:59:29.147200,6228.0,-16.0,-14481639
2025-06-29T20:59:30.299863,6228.0,-16.0,-14481655
2025-06-29T20:59:31.453555,6228.0,-17.0,-14481672
2025-06-29T20:59:32.606372,6210.0,-16.0,-14481688
2025-06-29T20:59:33.758916,6228.0,-16.0,-14481704
2025-06-29T20:59:34.911748,6192.0,-16.0,-14481720
2025-06-29T20:59:36.064400,6210.0,-16.0,-14481736
2025-06-29T20:59:37.217015,6156.0,-16.0,-14481752
2025-06-29T20:59:38.370674,6228.0,-16.0,-14481768
2025-06-29T20:59:39.523542,6210.0,-16.0,-14481784
2025-06-29T20:59:40.676165,6210.0,-16.0,-14481800
2025-06-29T20:59:41.828820,6156.0,-16.0,-14481816
2025-06-29T20:59:42.981460,6264.0,-16.0,-14481832
2025-06-29T20:59:44.134354,6192.0,-16.0,-14481848
2025-06-29T20:59:45.286869,6192.0,-16.0,-14481864
2025-06-29T20:59:46.440747,6192.0,-16.0,-14481880
2025-06-29T20:59:47.593354,6264.0,-15.0,-14481895
2025-06-29T20:59:48.745989,6156.0,-16.0,-14481911
2025-06-29T20:59:49.898691,6210.0,-17.0,-14481928
2025-06-29T20:59:51.051461,6174.0,-16.0,-14481944
2025-06-29T20:59:52.204014,6228.0,-16.0,-14481960
2025-06-29T20:59:53.356767,6192.0,-16.0,-14481976
2025-06-29T20:59:54.510910,6210.0,-16.0,-14481992
2025-06-29T20:59:55.663049,6210.0,-16.0,-14482008
2025-06-29T20:59:56.815828,6246.0,-16.0,-14482024
2025-06-29T20:59:57.968551,6174.0,-16.0,-14482040
2025-06-29T20:59:59.121229,6228.0,-16.0,-14482056
2025-06-29T21:00:00.273913,6210.0,-16.0,-14482072
2025-06-29T21:00:01.427605,6192.0,-16.0,-14482088
2025-06-29T21:00:02.580215,6210.0,-16.0,-14482104
2025-06-29T21:00:03.733152,6156.0,-16.0,-14482120
2025-06-29T21:00:04.885845,6210.0,-16.0,-14482136
2025-06-29T21:00:06.038457,6210.0,-16.0,-14482152
2025-06-29T21:00:07.191109,6210.0,-16.0,-14482168
2025-06-29T21:00:08.343857,6300.0,-16.0,-14482184
2025-06-29T21:00:09.497544,6192.0,-16.0,-14482200
2025-06-29T21:00:10.650120,6192.0,-16.0,-14482216
2025-06-29T21:00:11.802866,6156.0,-16.0,-14482232
2025-06-29T21:00:12.955485,6264.0,-16.0,-14482248
2025-06-29T21:00:14.108118,6174.0,-16.0,-14482264
2025-06-29T21:00:15.261005,6228.0,-16.0,-14482280
2025-06-29T21:00:16.414610,6192.0,-17.0,-14482297
2025-06-29T21:00:17.567379,6228.0,-16.0,-14482313
2025-06-29T21:00:18.720147,6228.0,-16.0,-14482329
2025-06-29T21:00:19.872980,6228.0,-16.0,-14482345
2025-06-29T21:00:21.025438,6192.0,-16.0,-14482361
2025-06-29T21:00:22.178107,6228.0,-16.0,-14482377
2025-06-29T21:00:23.330767,6210.0,-16.0,-14482393
2025-06-29T21:00:24.484498,6264.0,-16.0,-14482409
2025-06-29T21:00:25.637105,6246.0,-16.0,-14482425
2025-06-29T21:00:26.789927,6228.0,-16.0,-14482441
2025-06-29T21:00:27.942623,6192.0,-16.0,-14482457
2025-06-29T21:00:29.095223,6246.0,-16.0,-14482473
2025-06-29T21:00:30.247891,6174.0,-16.0,-14482489
2025-06-29T21:00:31.401573,6228.0,-16.0,-14482505
2025-06-29T21:00:32.554378,6156.0,-16.0,-14482521
2025-06-29T21:00:33.707044,6210.0,-16.0,-14482537
2025-06-29T21:00:34.859702,6228.0,-16.0,-14482553
2025-06-29T21:00:36.012426,6228.0,-16.0,-14482569
2025-06-29T21:00:37.165168,6174.0,-16.0,-14482585
2025-06-29T21:00:38.317848,6210.0,-16.0,-14482601
2025-06-29T21:00:39.471586,6192.0,-16.0,-14482617
2025-06-29T21:00:40.624263,6228.0,-16.0,-14482633
2025-06-29T21:00:41.776777,6156.0,-16.0,-14482649
2025-06-29T21:00:42.929689,6228.0,-16.0,-14482665
2025-06-29T21:00:44.082308,6228.0,-17.0,-14482682
2025-06-29T21:00:45.235037,6174.0,-17.0,-14482699
2025-06-29T21:00:46.387765,6210.0,-16.0,-14482715
2025-06-29T21:00:47.541404,6210.0,-16.0,-14482731
2025-06-29T21:00:48.694195,6246.0,-16.0,-14482747
2025-06-29T21:00:49.846672,6228.0,-16.0,-14482763
2025-06-29T21:00:51.001674,6228.0,-16.0,-14482779
2025-06-29T21:00:52.152066,6228.0,-16.0,-14482795
2025-06-29T21:00:53.304985,6210.0,-16.0,-14482811
2025-06-29T21:00:54.458667,6228.0,-16.0,-14482827
2025-06-29T21:00:55.611269,6156.0,-16.0,-14482843
2025-06-29T21:00:56.764024,6174.0,-16.0,-14482859
2025-06-29T21:00:57.916527,6156.0,-16.0,-14482875
2025-06-29T21:00:59.069394,6210.0,-16.0,-14482891
2025-06-29T21:01:00.222043,6228.0,-16.0,-14482907
2025-06-29T21:01:01.375125,6264.0,-16.0,-14482923
2025-06-29T21:01:02.528496,6156.0,-16.0,-14482939
2025-06-29T21:01:03.681111,6174.0,-16.0,-14482955
2025-06-29T21:01:04.833784,6156.0,-16.0,-14482971
2025-06-29T21:01:05.986610,6210.0,-16.0,-14482987
2025-06-29T21:01:07.139066,6228.0,-16.0,-14483003
2025-06-29T21:01:08.291891,6210.0,-16.0,-14483019
2025-06-29T21:01:09.445649,6174.0,-16.0,-14483035
2025-06-29T21:01:10.598235,6192.0,-16.0,-14483051
