ISO-10303-21;
HEADER;
FILE_DESCRIPTION(('FreeCAD Model'),'2;1');
FILE_NAME('Open CASCADE Shape Model','2024-11-01T20:23:29',('Author'),(
    ''),'Open CASCADE STEP processor 7.6','FreeCAD','Unknown');
FILE_SCHEMA(('AUTOMOTIVE_DESIGN { 1 0 10303 214 1 1 1 1 }'));
ENDSEC;
DATA;
#1 = APPLICATION_PROTOCOL_DEFINITION('international standard',
  'automotive_design',2000,#2);
#2 = APPLICATION_CONTEXT(
  'core data for automotive mechanical design processes');
#3 = SHAPE_DEFINITION_REPRESENTATION(#4,#10);
#4 = PRODUCT_DEFINITION_SHAPE('','',#5);
#5 = PRODUCT_DEFINITION('design','',#6,#9);
#6 = PRODUCT_DEFINITION_FORMATION('','',#7);
#7 = PRODUCT('Fusion','Fusion','',(#8));
#8 = PRODUCT_CONTEXT('',#2,'mechanical');
#9 = PRODUCT_DEFINITION_CONTEXT('part definition',#2,'design');
#10 = ADVANCED_BREP_SHAPE_REPRESENTATION('',(#11,#15),#2546);
#11 = AXIS2_PLACEMENT_3D('',#12,#13,#14);
#12 = CARTESIAN_POINT('',(0.,0.,0.));
#13 = DIRECTION('',(0.,0.,1.));
#14 = DIRECTION('',(1.,0.,-0.));
#15 = MANIFOLD_SOLID_BREP('',#16);
#16 = CLOSED_SHELL('',(#17,#57,#106,#131,#164,#189,#297,#321,#422,#440,
    #458,#500,#517,#534,#562,#579,#596,#613,#648,#673,#697,#709,#734,
    #758,#770,#787,#860,#885,#897,#999,#1040,#1062,#1087,#1113,#1143,
    #1165,#1239,#1414,#1438,#1455,#1480,#1505,#1530,#1555,#1580,#1614,
    #1639,#1664,#1689,#1715,#1741,#1766,#1791,#1816,#1842,#1868,#1893,
    #1918,#1943,#1969,#1995,#2020,#2045,#2070,#2088,#2130,#2165,#2200,
    #2235,#2270,#2298,#2335,#2359,#2376,#2393,#2410,#2427,#2444,#2461,
    #2487,#2512,#2537));
#17 = ADVANCED_FACE('',(#18),#52,.T.);
#18 = FACE_BOUND('',#19,.T.);
#19 = EDGE_LOOP('',(#20,#30,#38,#46));
#20 = ORIENTED_EDGE('',*,*,#21,.F.);
#21 = EDGE_CURVE('',#22,#24,#26,.T.);
#22 = VERTEX_POINT('',#23);
#23 = CARTESIAN_POINT('',(9.,-3.001912999998,-2.741E-03));
#24 = VERTEX_POINT('',#25);
#25 = CARTESIAN_POINT('',(1.,-3.001912999998,-2.741000000002E-03));
#26 = LINE('',#27,#28);
#27 = CARTESIAN_POINT('',(2.22229175,-3.001912999998,-2.741000000002E-03
    ));
#28 = VECTOR('',#29,1.);
#29 = DIRECTION('',(-1.,5.E-16,-2.5E-16));
#30 = ORIENTED_EDGE('',*,*,#31,.T.);
#31 = EDGE_CURVE('',#22,#32,#34,.T.);
#32 = VERTEX_POINT('',#33);
#33 = CARTESIAN_POINT('',(9.,-3.001912999998,4.E-15));
#34 = LINE('',#35,#36);
#35 = CARTESIAN_POINT('',(9.,-3.001912999998,-9.001185));
#36 = VECTOR('',#37,1.);
#37 = DIRECTION('',(0.,6.E-17,1.));
#38 = ORIENTED_EDGE('',*,*,#39,.F.);
#39 = EDGE_CURVE('',#40,#32,#42,.T.);
#40 = VERTEX_POINT('',#41);
#41 = CARTESIAN_POINT('',(1.,-3.001912999998,2.E-15));
#42 = LINE('',#43,#44);
#43 = CARTESIAN_POINT('',(-6.7E-16,-3.001912999998,1.29E-15));
#44 = VECTOR('',#45,1.);
#45 = DIRECTION('',(1.,-4.4E-16,2.8E-16));
#46 = ORIENTED_EDGE('',*,*,#47,.F.);
#47 = EDGE_CURVE('',#24,#40,#48,.T.);
#48 = LINE('',#49,#50);
#49 = CARTESIAN_POINT('',(1.,-3.001912999998,-9.001185));
#50 = VECTOR('',#51,1.);
#51 = DIRECTION('',(0.,6.E-17,1.));
#52 = PLANE('',#53);
#53 = AXIS2_PLACEMENT_3D('',#54,#55,#56);
#54 = CARTESIAN_POINT('',(3.33E-15,-3.001912999998,-9.001185));
#55 = DIRECTION('',(-4.4E-16,-1.,2.2E-16));
#56 = DIRECTION('',(-4.4E-16,2.2E-16,1.));
#57 = ADVANCED_FACE('',(#58),#101,.F.);
#58 = FACE_BOUND('',#59,.F.);
#59 = EDGE_LOOP('',(#60,#61,#70,#78,#86,#94));
#60 = ORIENTED_EDGE('',*,*,#21,.F.);
#61 = ORIENTED_EDGE('',*,*,#62,.T.);
#62 = EDGE_CURVE('',#22,#63,#65,.T.);
#63 = VERTEX_POINT('',#64);
#64 = CARTESIAN_POINT('',(10.,-2.001912999998,-2.741E-03));
#65 = CIRCLE('',#66,1.);
#66 = AXIS2_PLACEMENT_3D('',#67,#68,#69);
#67 = CARTESIAN_POINT('',(9.,-2.001912999998,-2.741E-03));
#68 = DIRECTION('',(0.,1.2E-16,1.));
#69 = DIRECTION('',(1.,-2.8E-16,3.36E-32));
#70 = ORIENTED_EDGE('',*,*,#71,.F.);
#71 = EDGE_CURVE('',#72,#63,#74,.T.);
#72 = VERTEX_POINT('',#73);
#73 = CARTESIAN_POINT('',(10.,-4.E-15,-2.741000000001E-03));
#74 = LINE('',#75,#76);
#75 = CARTESIAN_POINT('',(10.,9.980928796042,-2.741000000006E-03));
#76 = VECTOR('',#77,1.);
#77 = DIRECTION('',(-2.2E-16,-1.,4.8E-16));
#78 = ORIENTED_EDGE('',*,*,#79,.F.);
#79 = EDGE_CURVE('',#80,#72,#82,.T.);
#80 = VERTEX_POINT('',#81);
#81 = CARTESIAN_POINT('',(0.,0.,-2.741000000003E-03));
#82 = LINE('',#83,#84);
#83 = CARTESIAN_POINT('',(2.22229175,-7.7E-16,-2.741000000003E-03));
#84 = VECTOR('',#85,1.);
#85 = DIRECTION('',(1.,-5.E-16,2.5E-16));
#86 = ORIENTED_EDGE('',*,*,#87,.T.);
#87 = EDGE_CURVE('',#80,#88,#90,.T.);
#88 = VERTEX_POINT('',#89);
#89 = CARTESIAN_POINT('',(3.E-15,-2.001912999998,-2.741000000002E-03));
#90 = LINE('',#91,#92);
#91 = CARTESIAN_POINT('',(3.36E-15,9.980928796042,-2.741000000008E-03));
#92 = VECTOR('',#93,1.);
#93 = DIRECTION('',(-2.2E-16,-1.,4.8E-16));
#94 = ORIENTED_EDGE('',*,*,#95,.T.);
#95 = EDGE_CURVE('',#88,#24,#96,.T.);
#96 = CIRCLE('',#97,1.);
#97 = AXIS2_PLACEMENT_3D('',#98,#99,#100);
#98 = CARTESIAN_POINT('',(1.,-2.001912999998,-2.741000000002E-03));
#99 = DIRECTION('',(0.,1.2E-16,1.));
#100 = DIRECTION('',(-1.,2.8E-16,-3.36E-32));
#101 = PLANE('',#102);
#102 = AXIS2_PLACEMENT_3D('',#103,#104,#105);
#103 = CARTESIAN_POINT('',(4.4445835,-0.540479,-2.741000000002E-03));
#104 = DIRECTION('',(-2.5E-16,4.2E-16,1.));
#105 = DIRECTION('',(0.,1.,-4.2E-16));
#106 = ADVANCED_FACE('',(#107),#126,.T.);
#107 = FACE_BOUND('',#108,.T.);
#108 = EDGE_LOOP('',(#109,#118,#119,#120));
#109 = ORIENTED_EDGE('',*,*,#110,.T.);
#110 = EDGE_CURVE('',#111,#32,#113,.T.);
#111 = VERTEX_POINT('',#112);
#112 = CARTESIAN_POINT('',(10.,-2.001912999998,4.E-15));
#113 = CIRCLE('',#114,1.);
#114 = AXIS2_PLACEMENT_3D('',#115,#116,#117);
#115 = CARTESIAN_POINT('',(9.,-2.001912999998,3.55E-15));
#116 = DIRECTION('',(0.,-6.E-17,-1.));
#117 = DIRECTION('',(1.,-2.8E-16,1.68E-32));
#118 = ORIENTED_EDGE('',*,*,#31,.F.);
#119 = ORIENTED_EDGE('',*,*,#62,.T.);
#120 = ORIENTED_EDGE('',*,*,#121,.T.);
#121 = EDGE_CURVE('',#63,#111,#122,.T.);
#122 = LINE('',#123,#124);
#123 = CARTESIAN_POINT('',(10.,-2.001912999998,-9.001185));
#124 = VECTOR('',#125,1.);
#125 = DIRECTION('',(0.,6.E-17,1.));
#126 = CYLINDRICAL_SURFACE('',#127,1.);
#127 = AXIS2_PLACEMENT_3D('',#128,#129,#130);
#128 = CARTESIAN_POINT('',(9.,-2.001912999998,-9.001185));
#129 = DIRECTION('',(0.,6.E-17,1.));
#130 = DIRECTION('',(1.,-2.8E-16,1.68E-32));
#131 = ADVANCED_FACE('',(#132),#159,.T.);
#132 = FACE_BOUND('',#133,.T.);
#133 = EDGE_LOOP('',(#134,#143,#144,#153));
#134 = ORIENTED_EDGE('',*,*,#135,.F.);
#135 = EDGE_CURVE('',#40,#136,#138,.T.);
#136 = VERTEX_POINT('',#137);
#137 = CARTESIAN_POINT('',(1.,9.002529070622,12.003993991637));
#138 = CIRCLE('',#139,12.003993999999);
#139 = AXIS2_PLACEMENT_3D('',#140,#141,#142);
#140 = CARTESIAN_POINT('',(1.,9.002081000001,1.13442E-12));
#141 = DIRECTION('',(-1.,2.8E-16,-2.2E-16));
#142 = DIRECTION('',(-2.8E-16,-1.,-9.449E-14));
#143 = ORIENTED_EDGE('',*,*,#39,.T.);
#144 = ORIENTED_EDGE('',*,*,#145,.T.);
#145 = EDGE_CURVE('',#32,#146,#148,.T.);
#146 = VERTEX_POINT('',#147);
#147 = CARTESIAN_POINT('',(9.,9.002529070622,12.003993991637));
#148 = CIRCLE('',#149,12.003993999999);
#149 = AXIS2_PLACEMENT_3D('',#150,#151,#152);
#150 = CARTESIAN_POINT('',(9.,9.002081000001,1.1362E-12));
#151 = DIRECTION('',(-1.,2.8E-16,-2.2E-16));
#152 = DIRECTION('',(-2.8E-16,-1.,-9.438E-14));
#153 = ORIENTED_EDGE('',*,*,#154,.F.);
#154 = EDGE_CURVE('',#136,#146,#155,.T.);
#155 = LINE('',#156,#157);
#156 = CARTESIAN_POINT('',(-3.33E-15,9.002529070622,12.003993991637));
#157 = VECTOR('',#158,1.);
#158 = DIRECTION('',(1.,-4.4E-16,2.8E-16));
#159 = CYLINDRICAL_SURFACE('',#160,12.003993999999);
#160 = AXIS2_PLACEMENT_3D('',#161,#162,#163);
#161 = CARTESIAN_POINT('',(2.E-15,9.002081000001,1.13524E-12));
#162 = DIRECTION('',(-1.,2.2E-16,-4.4E-16));
#163 = DIRECTION('',(2.2E-16,1.,-4.4E-16));
#164 = ADVANCED_FACE('',(#165),#184,.T.);
#165 = FACE_BOUND('',#166,.T.);
#166 = EDGE_LOOP('',(#167,#175,#176,#177));
#167 = ORIENTED_EDGE('',*,*,#168,.F.);
#168 = EDGE_CURVE('',#88,#169,#171,.T.);
#169 = VERTEX_POINT('',#170);
#170 = CARTESIAN_POINT('',(3.E-15,-2.001912999998,2.E-15));
#171 = LINE('',#172,#173);
#172 = CARTESIAN_POINT('',(3.33E-15,-2.001912999998,-9.001185));
#173 = VECTOR('',#174,1.);
#174 = DIRECTION('',(0.,6.E-17,1.));
#175 = ORIENTED_EDGE('',*,*,#95,.T.);
#176 = ORIENTED_EDGE('',*,*,#47,.T.);
#177 = ORIENTED_EDGE('',*,*,#178,.F.);
#178 = EDGE_CURVE('',#169,#40,#179,.T.);
#179 = CIRCLE('',#180,1.);
#180 = AXIS2_PLACEMENT_3D('',#181,#182,#183);
#181 = CARTESIAN_POINT('',(1.,-2.001912999998,1.78E-15));
#182 = DIRECTION('',(0.,6.E-17,1.));
#183 = DIRECTION('',(-1.,2.8E-16,-1.68E-32));
#184 = CYLINDRICAL_SURFACE('',#185,1.);
#185 = AXIS2_PLACEMENT_3D('',#186,#187,#188);
#186 = CARTESIAN_POINT('',(1.,-2.001912999998,-9.001185));
#187 = DIRECTION('',(0.,6.E-17,1.));
#188 = DIRECTION('',(-1.,2.8E-16,-1.68E-32));
#189 = ADVANCED_FACE('',(#190),#292,.T.);
#190 = FACE_BOUND('',#191,.T.);
#191 = EDGE_LOOP('',(#192,#193,#194,#202,#211,#219,#227,#235,#244,#252,
    #260,#268,#277,#285));
#192 = ORIENTED_EDGE('',*,*,#121,.F.);
#193 = ORIENTED_EDGE('',*,*,#71,.F.);
#194 = ORIENTED_EDGE('',*,*,#195,.F.);
#195 = EDGE_CURVE('',#196,#72,#198,.T.);
#196 = VERTEX_POINT('',#197);
#197 = CARTESIAN_POINT('',(10.,-4.E-15,3.E-15));
#198 = LINE('',#199,#200);
#199 = CARTESIAN_POINT('',(10.,-4.E-15,3.E-15));
#200 = VECTOR('',#201,1.);
#201 = DIRECTION('',(0.,1.2655E-13,-1.));
#202 = ORIENTED_EDGE('',*,*,#203,.F.);
#203 = EDGE_CURVE('',#204,#196,#206,.T.);
#204 = VERTEX_POINT('',#205);
#205 = CARTESIAN_POINT('',(10.,18.004162000001,5.E-15));
#206 = CIRCLE('',#207,9.002081000001);
#207 = AXIS2_PLACEMENT_3D('',#208,#209,#210);
#208 = CARTESIAN_POINT('',(10.,9.002081000001,1.14224E-12));
#209 = DIRECTION('',(1.,0.,0.));
#210 = DIRECTION('',(0.,1.,0.));
#211 = ORIENTED_EDGE('',*,*,#212,.T.);
#212 = EDGE_CURVE('',#204,#213,#215,.T.);
#213 = VERTEX_POINT('',#214);
#214 = CARTESIAN_POINT('',(10.,18.004162,-9.002741));
#215 = LINE('',#216,#217);
#216 = CARTESIAN_POINT('',(10.,18.004162000001,3.E-15));
#217 = VECTOR('',#218,1.);
#218 = DIRECTION('',(0.,-1.2667E-13,-1.));
#219 = ORIENTED_EDGE('',*,*,#220,.T.);
#220 = EDGE_CURVE('',#213,#221,#223,.T.);
#221 = VERTEX_POINT('',#222);
#222 = CARTESIAN_POINT('',(10.,23.006294,-9.002741));
#223 = LINE('',#224,#225);
#224 = CARTESIAN_POINT('',(10.,18.004162,-9.002741));
#225 = VECTOR('',#226,1.);
#226 = DIRECTION('',(0.,1.,0.));
#227 = ORIENTED_EDGE('',*,*,#228,.T.);
#228 = EDGE_CURVE('',#221,#229,#231,.T.);
#229 = VERTEX_POINT('',#230);
#230 = CARTESIAN_POINT('',(10.,23.006294,4.E-15));
#231 = LINE('',#232,#233);
#232 = CARTESIAN_POINT('',(10.,23.006294,-9.002741));
#233 = VECTOR('',#234,1.);
#234 = DIRECTION('',(0.,0.,1.));
#235 = ORIENTED_EDGE('',*,*,#236,.F.);
#236 = EDGE_CURVE('',#237,#229,#239,.T.);
#237 = VERTEX_POINT('',#238);
#238 = CARTESIAN_POINT('',(10.,40.997367998332,3.E-15));
#239 = CIRCLE('',#240,8.995536999166);
#240 = AXIS2_PLACEMENT_3D('',#241,#242,#243);
#241 = CARTESIAN_POINT('',(10.,32.001830999166,3.E-15));
#242 = DIRECTION('',(1.,0.,0.));
#243 = DIRECTION('',(0.,1.,0.));
#244 = ORIENTED_EDGE('',*,*,#245,.T.);
#245 = EDGE_CURVE('',#237,#246,#248,.T.);
#246 = VERTEX_POINT('',#247);
#247 = CARTESIAN_POINT('',(10.,40.997367998332,-4.441000000017E-03));
#248 = LINE('',#249,#250);
#249 = CARTESIAN_POINT('',(10.,40.997367998332,3.E-15));
#250 = VECTOR('',#251,1.);
#251 = DIRECTION('',(0.,0.,-1.));
#252 = ORIENTED_EDGE('',*,*,#253,.F.);
#253 = EDGE_CURVE('',#254,#246,#256,.T.);
#254 = VERTEX_POINT('',#255);
#255 = CARTESIAN_POINT('',(10.,43.00582499247,-4.441000000018E-03));
#256 = LINE('',#257,#258);
#257 = CARTESIAN_POINT('',(10.,31.462421546042,-4.441000000011E-03));
#258 = VECTOR('',#259,1.);
#259 = DIRECTION('',(-2.2E-16,-1.,5.9E-16));
#260 = ORIENTED_EDGE('',*,*,#261,.F.);
#261 = EDGE_CURVE('',#262,#254,#264,.T.);
#262 = VERTEX_POINT('',#263);
#263 = CARTESIAN_POINT('',(10.,43.00582499247,3.E-15));
#264 = LINE('',#265,#266);
#265 = CARTESIAN_POINT('',(10.,43.00582499247,3.61E-15));
#266 = VECTOR('',#267,1.);
#267 = DIRECTION('',(-0.,-6.E-17,-1.));
#268 = ORIENTED_EDGE('',*,*,#269,.F.);
#269 = EDGE_CURVE('',#270,#262,#272,.T.);
#270 = VERTEX_POINT('',#271);
#271 = CARTESIAN_POINT('',(10.,32.001631000066,11.003993991637));
#272 = CIRCLE('',#273,11.003993993304);
#273 = AXIS2_PLACEMENT_3D('',#274,#275,#276);
#274 = CARTESIAN_POINT('',(10.,32.001830999166,-1.155E-14));
#275 = DIRECTION('',(-1.,2.8E-16,-2.2E-16));
#276 = DIRECTION('',(-2.200046650624E-16,-1.666104634192E-05,
    0.999999999861));
#277 = ORIENTED_EDGE('',*,*,#278,.F.);
#278 = EDGE_CURVE('',#279,#270,#281,.T.);
#279 = VERTEX_POINT('',#280);
#280 = CARTESIAN_POINT('',(10.,9.002491743827,11.003993992334));
#281 = LINE('',#282,#283);
#282 = CARTESIAN_POINT('',(10.,9.002529070622,11.003993991637));
#283 = VECTOR('',#284,1.);
#284 = DIRECTION('',(6.E-17,1.,0.));
#285 = ORIENTED_EDGE('',*,*,#286,.F.);
#286 = EDGE_CURVE('',#111,#279,#287,.T.);
#287 = CIRCLE('',#288,11.003993999999);
#288 = AXIS2_PLACEMENT_3D('',#289,#290,#291);
#289 = CARTESIAN_POINT('',(10.,9.002081000001,1.13642E-12));
#290 = DIRECTION('',(-1.,2.8E-16,-2.2E-16));
#291 = DIRECTION('',(-2.8E-16,-1.,-9.438E-14));
#292 = PLANE('',#293);
#293 = AXIS2_PLACEMENT_3D('',#294,#295,#296);
#294 = CARTESIAN_POINT('',(10.,20.502336592084,2.747757344478));
#295 = DIRECTION('',(1.,-2.2E-16,2.2E-16));
#296 = DIRECTION('',(2.2E-16,1.,0.));
#297 = ADVANCED_FACE('',(#298),#316,.T.);
#298 = FACE_BOUND('',#299,.T.);
#299 = EDGE_LOOP('',(#300,#308,#314,#315));
#300 = ORIENTED_EDGE('',*,*,#301,.F.);
#301 = EDGE_CURVE('',#302,#80,#304,.T.);
#302 = VERTEX_POINT('',#303);
#303 = CARTESIAN_POINT('',(0.,0.,0.));
#304 = LINE('',#305,#306);
#305 = CARTESIAN_POINT('',(0.,0.,0.));
#306 = VECTOR('',#307,1.);
#307 = DIRECTION('',(0.,1.2655E-13,-1.));
#308 = ORIENTED_EDGE('',*,*,#309,.T.);
#309 = EDGE_CURVE('',#302,#196,#310,.T.);
#310 = LINE('',#311,#312);
#311 = CARTESIAN_POINT('',(0.,0.,4.9E-16));
#312 = VECTOR('',#313,1.);
#313 = DIRECTION('',(1.,-4.4E-16,2.8E-16));
#314 = ORIENTED_EDGE('',*,*,#195,.T.);
#315 = ORIENTED_EDGE('',*,*,#79,.F.);
#316 = PLANE('',#317);
#317 = AXIS2_PLACEMENT_3D('',#318,#319,#320);
#318 = CARTESIAN_POINT('',(0.,0.,0.));
#319 = DIRECTION('',(4.4E-16,1.,1.2633E-13));
#320 = DIRECTION('',(4.4E-16,1.2633E-13,-1.));
#321 = ADVANCED_FACE('',(#322),#417,.F.);
#322 = FACE_BOUND('',#323,.F.);
#323 = EDGE_LOOP('',(#324,#325,#326,#327,#336,#344,#352,#360,#369,#377,
    #385,#393,#402,#410));
#324 = ORIENTED_EDGE('',*,*,#168,.F.);
#325 = ORIENTED_EDGE('',*,*,#87,.F.);
#326 = ORIENTED_EDGE('',*,*,#301,.F.);
#327 = ORIENTED_EDGE('',*,*,#328,.F.);
#328 = EDGE_CURVE('',#329,#302,#331,.T.);
#329 = VERTEX_POINT('',#330);
#330 = CARTESIAN_POINT('',(0.,18.004162000001,2.E-15));
#331 = CIRCLE('',#332,9.002081000001);
#332 = AXIS2_PLACEMENT_3D('',#333,#334,#335);
#333 = CARTESIAN_POINT('',(0.,9.002081000001,1.13924E-12));
#334 = DIRECTION('',(1.,0.,0.));
#335 = DIRECTION('',(0.,1.,0.));
#336 = ORIENTED_EDGE('',*,*,#337,.T.);
#337 = EDGE_CURVE('',#329,#338,#340,.T.);
#338 = VERTEX_POINT('',#339);
#339 = CARTESIAN_POINT('',(0.,18.004162,-9.002741));
#340 = LINE('',#341,#342);
#341 = CARTESIAN_POINT('',(0.,18.004162000001,0.));
#342 = VECTOR('',#343,1.);
#343 = DIRECTION('',(0.,-1.2667E-13,-1.));
#344 = ORIENTED_EDGE('',*,*,#345,.T.);
#345 = EDGE_CURVE('',#338,#346,#348,.T.);
#346 = VERTEX_POINT('',#347);
#347 = CARTESIAN_POINT('',(0.,23.006294,-9.002741));
#348 = LINE('',#349,#350);
#349 = CARTESIAN_POINT('',(0.,18.004162,-9.002741));
#350 = VECTOR('',#351,1.);
#351 = DIRECTION('',(0.,1.,0.));
#352 = ORIENTED_EDGE('',*,*,#353,.T.);
#353 = EDGE_CURVE('',#346,#354,#356,.T.);
#354 = VERTEX_POINT('',#355);
#355 = CARTESIAN_POINT('',(0.,23.006294,1.E-15));
#356 = LINE('',#357,#358);
#357 = CARTESIAN_POINT('',(0.,23.006294,-9.002741));
#358 = VECTOR('',#359,1.);
#359 = DIRECTION('',(0.,0.,1.));
#360 = ORIENTED_EDGE('',*,*,#361,.F.);
#361 = EDGE_CURVE('',#362,#354,#364,.T.);
#362 = VERTEX_POINT('',#363);
#363 = CARTESIAN_POINT('',(0.,40.997367998332,0.));
#364 = CIRCLE('',#365,8.995536999166);
#365 = AXIS2_PLACEMENT_3D('',#366,#367,#368);
#366 = CARTESIAN_POINT('',(0.,32.001830999166,0.));
#367 = DIRECTION('',(1.,0.,0.));
#368 = DIRECTION('',(0.,1.,0.));
#369 = ORIENTED_EDGE('',*,*,#370,.T.);
#370 = EDGE_CURVE('',#362,#371,#373,.T.);
#371 = VERTEX_POINT('',#372);
#372 = CARTESIAN_POINT('',(5.E-15,40.997367998332,-4.44100000002E-03));
#373 = LINE('',#374,#375);
#374 = CARTESIAN_POINT('',(0.,40.997367998332,0.));
#375 = VECTOR('',#376,1.);
#376 = DIRECTION('',(0.,0.,-1.));
#377 = ORIENTED_EDGE('',*,*,#378,.F.);
#378 = EDGE_CURVE('',#379,#371,#381,.T.);
#379 = VERTEX_POINT('',#380);
#380 = CARTESIAN_POINT('',(1.5E-14,43.00582499247,-4.441000000021E-03));
#381 = LINE('',#382,#383);
#382 = CARTESIAN_POINT('',(9.78E-15,31.462421546042,-4.441000000014E-03)
  );
#383 = VECTOR('',#384,1.);
#384 = DIRECTION('',(-2.2E-16,-1.,5.9E-16));
#385 = ORIENTED_EDGE('',*,*,#386,.F.);
#386 = EDGE_CURVE('',#387,#379,#389,.T.);
#387 = VERTEX_POINT('',#388);
#388 = CARTESIAN_POINT('',(1.2E-14,43.00582499247,-6.E-15));
#389 = LINE('',#390,#391);
#390 = CARTESIAN_POINT('',(1.066E-14,43.00582499247,5.E-16));
#391 = VECTOR('',#392,1.);
#392 = DIRECTION('',(-0.,-6.E-17,-1.));
#393 = ORIENTED_EDGE('',*,*,#394,.F.);
#394 = EDGE_CURVE('',#395,#387,#397,.T.);
#395 = VERTEX_POINT('',#396);
#396 = CARTESIAN_POINT('',(1.E-15,32.001631000066,11.003993991637));
#397 = CIRCLE('',#398,11.003993993304);
#398 = AXIS2_PLACEMENT_3D('',#399,#400,#401);
#399 = CARTESIAN_POINT('',(8.85E-15,32.001830999166,-1.377E-14));
#400 = DIRECTION('',(-1.,2.8E-16,-2.2E-16));
#401 = DIRECTION('',(-2.200046650624E-16,-1.666104634137E-05,
    0.999999999861));
#402 = ORIENTED_EDGE('',*,*,#403,.F.);
#403 = EDGE_CURVE('',#404,#395,#406,.T.);
#404 = VERTEX_POINT('',#405);
#405 = CARTESIAN_POINT('',(0.,9.002491743827,11.003993992334));
#406 = LINE('',#407,#408);
#407 = CARTESIAN_POINT('',(2.2E-16,9.002529070622,11.003993991637));
#408 = VECTOR('',#409,1.);
#409 = DIRECTION('',(6.E-17,1.,0.));
#410 = ORIENTED_EDGE('',*,*,#411,.F.);
#411 = EDGE_CURVE('',#169,#404,#412,.T.);
#412 = CIRCLE('',#413,11.003993999999);
#413 = AXIS2_PLACEMENT_3D('',#414,#415,#416);
#414 = CARTESIAN_POINT('',(2.51E-15,9.002081000001,1.1342E-12));
#415 = DIRECTION('',(-1.,2.8E-16,-2.2E-16));
#416 = DIRECTION('',(-2.8E-16,-1.,-9.449E-14));
#417 = PLANE('',#418);
#418 = AXIS2_PLACEMENT_3D('',#419,#420,#421);
#419 = CARTESIAN_POINT('',(3.94E-15,20.502336592084,2.747757344478));
#420 = DIRECTION('',(1.,-2.2E-16,2.2E-16));
#421 = DIRECTION('',(2.2E-16,1.,0.));
#422 = ADVANCED_FACE('',(#423),#435,.T.);
#423 = FACE_BOUND('',#424,.T.);
#424 = EDGE_LOOP('',(#425,#426,#427,#434));
#425 = ORIENTED_EDGE('',*,*,#110,.F.);
#426 = ORIENTED_EDGE('',*,*,#286,.T.);
#427 = ORIENTED_EDGE('',*,*,#428,.T.);
#428 = EDGE_CURVE('',#279,#146,#429,.T.);
#429 = CIRCLE('',#430,1.);
#430 = AXIS2_PLACEMENT_3D('',#431,#432,#433);
#431 = CARTESIAN_POINT('',(9.,9.002491743827,11.003993992334));
#432 = DIRECTION('',(-2.800000000001E-16,-0.999999999303,
    3.732679486338E-05));
#433 = DIRECTION('',(-2.200000000001E-16,3.732679486338E-05,
    0.999999999303));
#434 = ORIENTED_EDGE('',*,*,#145,.F.);
#435 = TOROIDAL_SURFACE('',#436,11.003993999999,1.);
#436 = AXIS2_PLACEMENT_3D('',#437,#438,#439);
#437 = CARTESIAN_POINT('',(9.,9.002081000001,1.1362E-12));
#438 = DIRECTION('',(-1.,2.8E-16,-2.2E-16));
#439 = DIRECTION('',(-2.8E-16,-1.,-9.438E-14));
#440 = ADVANCED_FACE('',(#441),#453,.T.);
#441 = FACE_BOUND('',#442,.T.);
#442 = EDGE_LOOP('',(#443,#444,#451,#452));
#443 = ORIENTED_EDGE('',*,*,#135,.T.);
#444 = ORIENTED_EDGE('',*,*,#445,.F.);
#445 = EDGE_CURVE('',#404,#136,#446,.T.);
#446 = CIRCLE('',#447,1.);
#447 = AXIS2_PLACEMENT_3D('',#448,#449,#450);
#448 = CARTESIAN_POINT('',(1.,9.002491743827,11.003993992334));
#449 = DIRECTION('',(2.800000000001E-16,0.999999999303,
    -3.732679486327E-05));
#450 = DIRECTION('',(-2.200000000001E-16,3.732679486327E-05,
    0.999999999303));
#451 = ORIENTED_EDGE('',*,*,#411,.F.);
#452 = ORIENTED_EDGE('',*,*,#178,.T.);
#453 = TOROIDAL_SURFACE('',#454,11.003993999999,1.);
#454 = AXIS2_PLACEMENT_3D('',#455,#456,#457);
#455 = CARTESIAN_POINT('',(1.,9.002081000001,1.13442E-12));
#456 = DIRECTION('',(1.,-2.8E-16,2.2E-16));
#457 = DIRECTION('',(-2.8E-16,-1.,-9.449E-14));
#458 = ADVANCED_FACE('',(#459,#484),#495,.T.);
#459 = FACE_BOUND('',#460,.T.);
#460 = EDGE_LOOP('',(#461,#462,#470,#478));
#461 = ORIENTED_EDGE('',*,*,#154,.T.);
#462 = ORIENTED_EDGE('',*,*,#463,.T.);
#463 = EDGE_CURVE('',#146,#464,#466,.T.);
#464 = VERTEX_POINT('',#465);
#465 = CARTESIAN_POINT('',(9.,32.001631000066,12.003993991637));
#466 = LINE('',#467,#468);
#467 = CARTESIAN_POINT('',(9.,9.002529070622,12.003993991637));
#468 = VECTOR('',#469,1.);
#469 = DIRECTION('',(6.E-17,1.,0.));
#470 = ORIENTED_EDGE('',*,*,#471,.F.);
#471 = EDGE_CURVE('',#472,#464,#474,.T.);
#472 = VERTEX_POINT('',#473);
#473 = CARTESIAN_POINT('',(1.,32.001631000066,12.003993991637));
#474 = LINE('',#475,#476);
#475 = CARTESIAN_POINT('',(1.77E-15,32.001631000066,12.003993991637));
#476 = VECTOR('',#477,1.);
#477 = DIRECTION('',(1.,-4.4E-16,2.8E-16));
#478 = ORIENTED_EDGE('',*,*,#479,.F.);
#479 = EDGE_CURVE('',#136,#472,#480,.T.);
#480 = LINE('',#481,#482);
#481 = CARTESIAN_POINT('',(1.,9.002529070622,12.003993991637));
#482 = VECTOR('',#483,1.);
#483 = DIRECTION('',(6.E-17,1.,0.));
#484 = FACE_BOUND('',#485,.T.);
#485 = EDGE_LOOP('',(#486));
#486 = ORIENTED_EDGE('',*,*,#487,.F.);
#487 = EDGE_CURVE('',#488,#488,#490,.T.);
#488 = VERTEX_POINT('',#489);
#489 = CARTESIAN_POINT('',(5.002841,23.503395,12.003993991637));
#490 = CIRCLE('',#491,3.);
#491 = AXIS2_PLACEMENT_3D('',#492,#493,#494);
#492 = CARTESIAN_POINT('',(5.002841,20.503395,12.003993991637));
#493 = DIRECTION('',(-2.8E-16,5.E-16,1.));
#494 = DIRECTION('',(0.,1.,-5.E-16));
#495 = PLANE('',#496);
#496 = AXIS2_PLACEMENT_3D('',#497,#498,#499);
#497 = CARTESIAN_POINT('',(-3.33E-15,9.002529070622,12.003993991637));
#498 = DIRECTION('',(-2.8E-16,4.4E-16,1.));
#499 = DIRECTION('',(2.2E-16,1.,-4.4E-16));
#500 = ADVANCED_FACE('',(#501),#512,.F.);
#501 = FACE_BOUND('',#502,.F.);
#502 = EDGE_LOOP('',(#503,#504,#505,#506));
#503 = ORIENTED_EDGE('',*,*,#328,.T.);
#504 = ORIENTED_EDGE('',*,*,#309,.T.);
#505 = ORIENTED_EDGE('',*,*,#203,.F.);
#506 = ORIENTED_EDGE('',*,*,#507,.F.);
#507 = EDGE_CURVE('',#329,#204,#508,.T.);
#508 = LINE('',#509,#510);
#509 = CARTESIAN_POINT('',(4.E-15,18.004162000001,-6.06E-15));
#510 = VECTOR('',#511,1.);
#511 = DIRECTION('',(1.,-4.4E-16,2.8E-16));
#512 = CYLINDRICAL_SURFACE('',#513,9.002081000001);
#513 = AXIS2_PLACEMENT_3D('',#514,#515,#516);
#514 = CARTESIAN_POINT('',(2.E-15,9.002081000001,1.13524E-12));
#515 = DIRECTION('',(-1.,2.2E-16,-4.4E-16));
#516 = DIRECTION('',(2.2E-16,1.,-4.4E-16));
#517 = ADVANCED_FACE('',(#518),#529,.F.);
#518 = FACE_BOUND('',#519,.F.);
#519 = EDGE_LOOP('',(#520,#521,#522,#528));
#520 = ORIENTED_EDGE('',*,*,#507,.T.);
#521 = ORIENTED_EDGE('',*,*,#212,.T.);
#522 = ORIENTED_EDGE('',*,*,#523,.F.);
#523 = EDGE_CURVE('',#338,#213,#524,.T.);
#524 = LINE('',#525,#526);
#525 = CARTESIAN_POINT('',(8.E-15,18.004162,-9.002741));
#526 = VECTOR('',#527,1.);
#527 = DIRECTION('',(1.,-4.4E-16,2.8E-16));
#528 = ORIENTED_EDGE('',*,*,#337,.F.);
#529 = PLANE('',#530);
#530 = AXIS2_PLACEMENT_3D('',#531,#532,#533);
#531 = CARTESIAN_POINT('',(4.E-15,18.004162000001,-8.E-15));
#532 = DIRECTION('',(4.4E-16,1.,-1.269E-13));
#533 = DIRECTION('',(4.4E-16,-1.269E-13,-1.));
#534 = ADVANCED_FACE('',(#535,#546),#557,.F.);
#535 = FACE_BOUND('',#536,.F.);
#536 = EDGE_LOOP('',(#537,#538,#539,#545));
#537 = ORIENTED_EDGE('',*,*,#523,.T.);
#538 = ORIENTED_EDGE('',*,*,#220,.T.);
#539 = ORIENTED_EDGE('',*,*,#540,.F.);
#540 = EDGE_CURVE('',#346,#221,#541,.T.);
#541 = LINE('',#542,#543);
#542 = CARTESIAN_POINT('',(9.11E-15,23.006294,-9.002741));
#543 = VECTOR('',#544,1.);
#544 = DIRECTION('',(1.,-4.4E-16,2.8E-16));
#545 = ORIENTED_EDGE('',*,*,#345,.F.);
#546 = FACE_BOUND('',#547,.F.);
#547 = EDGE_LOOP('',(#548));
#548 = ORIENTED_EDGE('',*,*,#549,.T.);
#549 = EDGE_CURVE('',#550,#550,#552,.T.);
#550 = VERTEX_POINT('',#551);
#551 = CARTESIAN_POINT('',(6.750254,20.502987,-9.002741));
#552 = CIRCLE('',#553,1.75);
#553 = AXIS2_PLACEMENT_3D('',#554,#555,#556);
#554 = CARTESIAN_POINT('',(5.000254,20.502987,-9.002741));
#555 = DIRECTION('',(0.,0.,-1.));
#556 = DIRECTION('',(1.,0.,0.));
#557 = PLANE('',#558);
#558 = AXIS2_PLACEMENT_3D('',#559,#560,#561);
#559 = CARTESIAN_POINT('',(8.E-15,18.004162,-9.002741));
#560 = DIRECTION('',(-2.8E-16,4.4E-16,1.));
#561 = DIRECTION('',(2.2E-16,1.,-4.4E-16));
#562 = ADVANCED_FACE('',(#563),#574,.F.);
#563 = FACE_BOUND('',#564,.F.);
#564 = EDGE_LOOP('',(#565,#566,#567,#573));
#565 = ORIENTED_EDGE('',*,*,#540,.T.);
#566 = ORIENTED_EDGE('',*,*,#228,.T.);
#567 = ORIENTED_EDGE('',*,*,#568,.F.);
#568 = EDGE_CURVE('',#354,#229,#569,.T.);
#569 = LINE('',#570,#571);
#570 = CARTESIAN_POINT('',(5.11E-15,23.006294,-9.67E-15));
#571 = VECTOR('',#572,1.);
#572 = DIRECTION('',(1.,-4.4E-16,2.8E-16));
#573 = ORIENTED_EDGE('',*,*,#353,.F.);
#574 = PLANE('',#575);
#575 = AXIS2_PLACEMENT_3D('',#576,#577,#578);
#576 = CARTESIAN_POINT('',(9.11E-15,23.006294,-9.002741));
#577 = DIRECTION('',(-4.4E-16,-1.,2.2E-16));
#578 = DIRECTION('',(-4.4E-16,2.2E-16,1.));
#579 = ADVANCED_FACE('',(#580),#591,.F.);
#580 = FACE_BOUND('',#581,.F.);
#581 = EDGE_LOOP('',(#582,#583,#584,#585));
#582 = ORIENTED_EDGE('',*,*,#361,.T.);
#583 = ORIENTED_EDGE('',*,*,#568,.T.);
#584 = ORIENTED_EDGE('',*,*,#236,.F.);
#585 = ORIENTED_EDGE('',*,*,#586,.F.);
#586 = EDGE_CURVE('',#362,#237,#587,.T.);
#587 = LINE('',#588,#589);
#588 = CARTESIAN_POINT('',(9.1E-15,40.997367998332,-1.821E-14));
#589 = VECTOR('',#590,1.);
#590 = DIRECTION('',(1.,-4.4E-16,2.8E-16));
#591 = CYLINDRICAL_SURFACE('',#592,8.995536999166);
#592 = AXIS2_PLACEMENT_3D('',#593,#594,#595);
#593 = CARTESIAN_POINT('',(7.11E-15,32.001830999166,-1.421E-14));
#594 = DIRECTION('',(-1.,2.2E-16,-4.4E-16));
#595 = DIRECTION('',(2.2E-16,1.,-4.4E-16));
#596 = ADVANCED_FACE('',(#597),#608,.F.);
#597 = FACE_BOUND('',#598,.F.);
#598 = EDGE_LOOP('',(#599,#600,#601,#602));
#599 = ORIENTED_EDGE('',*,*,#370,.F.);
#600 = ORIENTED_EDGE('',*,*,#586,.T.);
#601 = ORIENTED_EDGE('',*,*,#245,.T.);
#602 = ORIENTED_EDGE('',*,*,#603,.F.);
#603 = EDGE_CURVE('',#371,#246,#604,.T.);
#604 = LINE('',#605,#606);
#605 = CARTESIAN_POINT('',(2.4282025,40.997367998332,-4.441000000019E-03
    ));
#606 = VECTOR('',#607,1.);
#607 = DIRECTION('',(1.,-5.5E-16,2.5E-16));
#608 = PLANE('',#609);
#609 = AXIS2_PLACEMENT_3D('',#610,#611,#612);
#610 = CARTESIAN_POINT('',(9.1E-15,40.997367998332,-1.821E-14));
#611 = DIRECTION('',(4.4E-16,1.,-2.2E-16));
#612 = DIRECTION('',(4.4E-16,-2.2E-16,-1.));
#613 = ADVANCED_FACE('',(#614),#643,.F.);
#614 = FACE_BOUND('',#615,.F.);
#615 = EDGE_LOOP('',(#616,#625,#626,#627,#628,#637));
#616 = ORIENTED_EDGE('',*,*,#617,.F.);
#617 = EDGE_CURVE('',#379,#618,#620,.T.);
#618 = VERTEX_POINT('',#619);
#619 = CARTESIAN_POINT('',(1.,44.00582499247,-4.441000000021E-03));
#620 = CIRCLE('',#621,1.);
#621 = AXIS2_PLACEMENT_3D('',#622,#623,#624);
#622 = CARTESIAN_POINT('',(1.,43.00582499247,-4.441000000021E-03));
#623 = DIRECTION('',(0.,-1.7E-16,-1.));
#624 = DIRECTION('',(-1.,2.8E-16,-4.76E-32));
#625 = ORIENTED_EDGE('',*,*,#378,.T.);
#626 = ORIENTED_EDGE('',*,*,#603,.T.);
#627 = ORIENTED_EDGE('',*,*,#253,.F.);
#628 = ORIENTED_EDGE('',*,*,#629,.F.);
#629 = EDGE_CURVE('',#630,#254,#632,.T.);
#630 = VERTEX_POINT('',#631);
#631 = CARTESIAN_POINT('',(9.,44.00582499247,-4.441000000019E-03));
#632 = CIRCLE('',#633,1.);
#633 = AXIS2_PLACEMENT_3D('',#634,#635,#636);
#634 = CARTESIAN_POINT('',(9.,43.00582499247,-4.441000000019E-03));
#635 = DIRECTION('',(0.,-1.7E-16,-1.));
#636 = DIRECTION('',(1.,-2.8E-16,4.76E-32));
#637 = ORIENTED_EDGE('',*,*,#638,.T.);
#638 = EDGE_CURVE('',#630,#618,#639,.T.);
#639 = LINE('',#640,#641);
#640 = CARTESIAN_POINT('',(2.4282025,44.00582499247,-4.441000000022E-03)
  );
#641 = VECTOR('',#642,1.);
#642 = DIRECTION('',(-1.,5.5E-16,-2.5E-16));
#643 = PLANE('',#644);
#644 = AXIS2_PLACEMENT_3D('',#645,#646,#647);
#645 = CARTESIAN_POINT('',(4.856405,42.4225065,-4.441000000019E-03));
#646 = DIRECTION('',(-2.5E-16,5.4E-16,1.));
#647 = DIRECTION('',(0.,1.,-5.4E-16));
#648 = ADVANCED_FACE('',(#649),#668,.T.);
#649 = FACE_BOUND('',#650,.T.);
#650 = EDGE_LOOP('',(#651,#652,#660,#667));
#651 = ORIENTED_EDGE('',*,*,#629,.F.);
#652 = ORIENTED_EDGE('',*,*,#653,.F.);
#653 = EDGE_CURVE('',#654,#630,#656,.T.);
#654 = VERTEX_POINT('',#655);
#655 = CARTESIAN_POINT('',(9.,44.00582499247,4.E-15));
#656 = LINE('',#657,#658);
#657 = CARTESIAN_POINT('',(9.,44.00582499247,3.55E-15));
#658 = VECTOR('',#659,1.);
#659 = DIRECTION('',(-0.,-6.E-17,-1.));
#660 = ORIENTED_EDGE('',*,*,#661,.F.);
#661 = EDGE_CURVE('',#262,#654,#662,.T.);
#662 = CIRCLE('',#663,1.);
#663 = AXIS2_PLACEMENT_3D('',#664,#665,#666);
#664 = CARTESIAN_POINT('',(9.,43.00582499247,2.46E-15));
#665 = DIRECTION('',(-2.2E-16,-1.29E-15,1.));
#666 = DIRECTION('',(2.8E-16,1.,1.29E-15));
#667 = ORIENTED_EDGE('',*,*,#261,.T.);
#668 = CYLINDRICAL_SURFACE('',#669,1.);
#669 = AXIS2_PLACEMENT_3D('',#670,#671,#672);
#670 = CARTESIAN_POINT('',(9.,43.00582499247,3.61E-15));
#671 = DIRECTION('',(-0.,-6.E-17,-1.));
#672 = DIRECTION('',(1.,-2.8E-16,1.68E-32));
#673 = ADVANCED_FACE('',(#674),#692,.T.);
#674 = FACE_BOUND('',#675,.T.);
#675 = EDGE_LOOP('',(#676,#683,#684,#685));
#676 = ORIENTED_EDGE('',*,*,#677,.F.);
#677 = EDGE_CURVE('',#270,#464,#678,.T.);
#678 = CIRCLE('',#679,1.);
#679 = AXIS2_PLACEMENT_3D('',#680,#681,#682);
#680 = CARTESIAN_POINT('',(9.,32.001631000066,11.003993991637));
#681 = DIRECTION('',(-6.E-17,-1.,0.));
#682 = DIRECTION('',(1.,-6.E-17,2.2E-16));
#683 = ORIENTED_EDGE('',*,*,#269,.T.);
#684 = ORIENTED_EDGE('',*,*,#661,.T.);
#685 = ORIENTED_EDGE('',*,*,#686,.F.);
#686 = EDGE_CURVE('',#464,#654,#687,.T.);
#687 = CIRCLE('',#688,12.003993993304);
#688 = AXIS2_PLACEMENT_3D('',#689,#690,#691);
#689 = CARTESIAN_POINT('',(9.,32.001830999166,-1.177E-14));
#690 = DIRECTION('',(-1.,2.8E-16,-2.2E-16));
#691 = DIRECTION('',(-2.200046650624E-16,-1.666104634192E-05,
    0.999999999861));
#692 = TOROIDAL_SURFACE('',#693,11.003993993304,1.);
#693 = AXIS2_PLACEMENT_3D('',#694,#695,#696);
#694 = CARTESIAN_POINT('',(9.,32.001830999166,-1.177E-14));
#695 = DIRECTION('',(-1.,2.8E-16,-2.2E-16));
#696 = DIRECTION('',(-2.200046650624E-16,-1.666104634192E-05,
    0.999999999861));
#697 = ADVANCED_FACE('',(#698),#704,.T.);
#698 = FACE_BOUND('',#699,.T.);
#699 = EDGE_LOOP('',(#700,#701,#702,#703));
#700 = ORIENTED_EDGE('',*,*,#278,.T.);
#701 = ORIENTED_EDGE('',*,*,#677,.T.);
#702 = ORIENTED_EDGE('',*,*,#463,.F.);
#703 = ORIENTED_EDGE('',*,*,#428,.F.);
#704 = CYLINDRICAL_SURFACE('',#705,1.);
#705 = AXIS2_PLACEMENT_3D('',#706,#707,#708);
#706 = CARTESIAN_POINT('',(9.,9.002529070622,11.003993991637));
#707 = DIRECTION('',(6.E-17,1.,0.));
#708 = DIRECTION('',(1.,-6.E-17,2.2E-16));
#709 = ADVANCED_FACE('',(#710),#729,.T.);
#710 = FACE_BOUND('',#711,.T.);
#711 = EDGE_LOOP('',(#712,#713,#722,#728));
#712 = ORIENTED_EDGE('',*,*,#386,.F.);
#713 = ORIENTED_EDGE('',*,*,#714,.T.);
#714 = EDGE_CURVE('',#387,#715,#717,.T.);
#715 = VERTEX_POINT('',#716);
#716 = CARTESIAN_POINT('',(1.,44.00582499247,-5.E-15));
#717 = CIRCLE('',#718,1.);
#718 = AXIS2_PLACEMENT_3D('',#719,#720,#721);
#719 = CARTESIAN_POINT('',(1.,43.00582499247,-5.32E-15));
#720 = DIRECTION('',(2.2E-16,7.5E-16,-1.));
#721 = DIRECTION('',(2.8E-16,1.,7.5E-16));
#722 = ORIENTED_EDGE('',*,*,#723,.T.);
#723 = EDGE_CURVE('',#715,#618,#724,.T.);
#724 = LINE('',#725,#726);
#725 = CARTESIAN_POINT('',(1.,44.00582499247,4.4E-16));
#726 = VECTOR('',#727,1.);
#727 = DIRECTION('',(-0.,-6.E-17,-1.));
#728 = ORIENTED_EDGE('',*,*,#617,.F.);
#729 = CYLINDRICAL_SURFACE('',#730,1.);
#730 = AXIS2_PLACEMENT_3D('',#731,#732,#733);
#731 = CARTESIAN_POINT('',(1.,43.00582499247,5.E-16));
#732 = DIRECTION('',(-0.,-6.E-17,-1.));
#733 = DIRECTION('',(-1.,2.8E-16,-1.68E-32));
#734 = ADVANCED_FACE('',(#735),#753,.T.);
#735 = FACE_BOUND('',#736,.T.);
#736 = EDGE_LOOP('',(#737,#744,#745,#746));
#737 = ORIENTED_EDGE('',*,*,#738,.T.);
#738 = EDGE_CURVE('',#472,#715,#739,.T.);
#739 = CIRCLE('',#740,12.003993993304);
#740 = AXIS2_PLACEMENT_3D('',#741,#742,#743);
#741 = CARTESIAN_POINT('',(1.,32.001830999166,-1.355E-14));
#742 = DIRECTION('',(-1.,2.8E-16,-2.2E-16));
#743 = DIRECTION('',(-2.200046650624E-16,-1.666104634137E-05,
    0.999999999861));
#744 = ORIENTED_EDGE('',*,*,#714,.F.);
#745 = ORIENTED_EDGE('',*,*,#394,.F.);
#746 = ORIENTED_EDGE('',*,*,#747,.T.);
#747 = EDGE_CURVE('',#395,#472,#748,.T.);
#748 = CIRCLE('',#749,1.);
#749 = AXIS2_PLACEMENT_3D('',#750,#751,#752);
#750 = CARTESIAN_POINT('',(1.,32.001631000066,11.003993991637));
#751 = DIRECTION('',(6.E-17,1.,0.));
#752 = DIRECTION('',(-1.,6.E-17,-2.2E-16));
#753 = TOROIDAL_SURFACE('',#754,11.003993993304,1.);
#754 = AXIS2_PLACEMENT_3D('',#755,#756,#757);
#755 = CARTESIAN_POINT('',(1.,32.001830999166,-1.355E-14));
#756 = DIRECTION('',(1.,-2.8E-16,2.2E-16));
#757 = DIRECTION('',(-2.200046650624E-16,-1.666104634137E-05,
    0.999999999861));
#758 = ADVANCED_FACE('',(#759),#765,.T.);
#759 = FACE_BOUND('',#760,.T.);
#760 = EDGE_LOOP('',(#761,#762,#763,#764));
#761 = ORIENTED_EDGE('',*,*,#445,.T.);
#762 = ORIENTED_EDGE('',*,*,#479,.T.);
#763 = ORIENTED_EDGE('',*,*,#747,.F.);
#764 = ORIENTED_EDGE('',*,*,#403,.F.);
#765 = CYLINDRICAL_SURFACE('',#766,1.);
#766 = AXIS2_PLACEMENT_3D('',#767,#768,#769);
#767 = CARTESIAN_POINT('',(1.,9.002529070622,11.003993991637));
#768 = DIRECTION('',(6.E-17,1.,0.));
#769 = DIRECTION('',(-1.,6.E-17,-2.2E-16));
#770 = ADVANCED_FACE('',(#771),#782,.T.);
#771 = FACE_BOUND('',#772,.T.);
#772 = EDGE_LOOP('',(#773,#774,#775,#776));
#773 = ORIENTED_EDGE('',*,*,#738,.F.);
#774 = ORIENTED_EDGE('',*,*,#471,.T.);
#775 = ORIENTED_EDGE('',*,*,#686,.T.);
#776 = ORIENTED_EDGE('',*,*,#777,.F.);
#777 = EDGE_CURVE('',#715,#654,#778,.T.);
#778 = LINE('',#779,#780);
#779 = CARTESIAN_POINT('',(9.77E-15,44.00582499247,-1.954E-14));
#780 = VECTOR('',#781,1.);
#781 = DIRECTION('',(1.,-4.4E-16,2.8E-16));
#782 = CYLINDRICAL_SURFACE('',#783,12.003993993304);
#783 = AXIS2_PLACEMENT_3D('',#784,#785,#786);
#784 = CARTESIAN_POINT('',(7.11E-15,32.001830999166,-1.421E-14));
#785 = DIRECTION('',(-1.,2.2E-16,-4.4E-16));
#786 = DIRECTION('',(2.2E-16,1.,-4.4E-16));
#787 = ADVANCED_FACE('',(#788,#807),#855,.F.);
#788 = FACE_BOUND('',#789,.F.);
#789 = EDGE_LOOP('',(#790,#791,#799,#806));
#790 = ORIENTED_EDGE('',*,*,#487,.F.);
#791 = ORIENTED_EDGE('',*,*,#792,.T.);
#792 = EDGE_CURVE('',#488,#793,#795,.T.);
#793 = VERTEX_POINT('',#794);
#794 = CARTESIAN_POINT('',(5.002841,23.503395,8.003993991637));
#795 = LINE('',#796,#797);
#796 = CARTESIAN_POINT('',(5.002841,23.503395,12.003993991637));
#797 = VECTOR('',#798,1.);
#798 = DIRECTION('',(2.8E-16,-5.6E-16,-1.));
#799 = ORIENTED_EDGE('',*,*,#800,.T.);
#800 = EDGE_CURVE('',#793,#793,#801,.T.);
#801 = CIRCLE('',#802,3.);
#802 = AXIS2_PLACEMENT_3D('',#803,#804,#805);
#803 = CARTESIAN_POINT('',(5.002841,20.503395,8.003993991637));
#804 = DIRECTION('',(-2.8E-16,5.E-16,1.));
#805 = DIRECTION('',(0.,1.,-5.E-16));
#806 = ORIENTED_EDGE('',*,*,#792,.F.);
#807 = FACE_BOUND('',#808,.F.);
#808 = EDGE_LOOP('',(#809,#848));
#809 = ORIENTED_EDGE('',*,*,#810,.F.);
#810 = EDGE_CURVE('',#811,#813,#815,.T.);
#811 = VERTEX_POINT('',#812);
#812 = CARTESIAN_POINT('',(5.468905768106,17.539818844081,9.));
#813 = VERTEX_POINT('',#814);
#814 = CARTESIAN_POINT('',(4.534189231881,23.466563155917,9.));
#815 = B_SPLINE_CURVE_WITH_KNOTS('',6,(#816,#817,#818,#819,#820,#821,
    #822,#823,#824,#825,#826,#827,#828,#829,#830,#831,#832,#833,#834,
    #835,#836,#837,#838,#839,#840,#841,#842,#843,#844,#845,#846,#847),
  .UNSPECIFIED.,.F.,.F.,(7,5,5,5,5,5,7),(0.,0.130854309503,
    0.316044835071,0.500174141497,0.684303456271,0.868439014997,1.),
  .UNSPECIFIED.);
#816 = CARTESIAN_POINT('',(5.468905768558,17.539818844152,9.));
#817 = CARTESIAN_POINT('',(5.26592450176,17.507897134651,9.002050309808)
  );
#818 = CARTESIAN_POINT('',(5.060309242024,17.492656925884,9.004100797542
    ));
#819 = CARTESIAN_POINT('',(4.853798909036,17.494374827295,9.006133893576
    ));
#820 = CARTESIAN_POINT('',(4.648130132445,17.513072984691,9.008132438011
    ));
#821 = CARTESIAN_POINT('',(4.445028824723,17.548557451678,9.010079704459
    ));
#822 = CARTESIAN_POINT('',(3.964804236718,17.673723417884,9.014620060048
    ));
#823 = CARTESIAN_POINT('',(3.69187654385,17.779814312016,9.017146387868)
  );
#824 = CARTESIAN_POINT('',(3.432325782042,17.917401847999,9.019492042517
    ));
#825 = CARTESIAN_POINT('',(3.190556780072,18.084273115565,9.021616961828
    ));
#826 = CARTESIAN_POINT('',(2.970565891021,18.277541266702,9.023486151173
    ));
#827 = CARTESIAN_POINT('',(2.582010948448,18.708072635907,9.026649005969
    ));
#828 = CARTESIAN_POINT('',(2.413071822401,18.945174446127,9.027946621109
    ));
#829 = CARTESIAN_POINT('',(2.272270641134,19.201051140823,9.028937513821
    ));
#830 = CARTESIAN_POINT('',(2.162036546161,19.471508637693,9.029604197252
    ));
#831 = CARTESIAN_POINT('',(2.084101559539,19.752019868676,9.029936603714
    ));
#832 = CARTESIAN_POINT('',(1.994324849624,20.32329755476,9.029933442651)
  );
#833 = CARTESIAN_POINT('',(1.982462979284,20.614192231462,9.029597874385
    ));
#834 = CARTESIAN_POINT('',(2.004427073775,20.905424771529,9.028928083048
    ));
#835 = CARTESIAN_POINT('',(2.059957167374,21.192155065898,9.027934188323
    ));
#836 = CARTESIAN_POINT('',(2.148027642987,21.469646116973,9.026633726592
    ));
#837 = CARTESIAN_POINT('',(2.385118782893,21.997093961804,9.0234746151)
  );
#838 = CARTESIAN_POINT('',(2.534194666515,22.247168062466,9.021615238198
    ));
#839 = CARTESIAN_POINT('',(2.711779479556,22.479033989225,9.019503127593
    ));
#840 = CARTESIAN_POINT('',(2.915010042163,22.688781917006,9.017172672475
    ));
#841 = CARTESIAN_POINT('',(3.140438972337,22.873006695349,9.014663229677
    ));
#842 = CARTESIAN_POINT('',(3.557778226018,23.140527947615,9.010132272347
    ));
#843 = CARTESIAN_POINT('',(3.740919338394,23.237647618224,9.008175606787
    ));
#844 = CARTESIAN_POINT('',(3.93177789639,23.319433334167,9.00616683401)
  );
#845 = CARTESIAN_POINT('',(4.128746659502,23.385155493941,9.00412294671)
  );
#846 = CARTESIAN_POINT('',(4.330139865034,23.434290908299,9.002061382464
    ));
#847 = CARTESIAN_POINT('',(4.534189232333,23.466563155988,9.));
#848 = ORIENTED_EDGE('',*,*,#849,.T.);
#849 = EDGE_CURVE('',#811,#813,#850,.T.);
#850 = CIRCLE('',#851,3.);
#851 = AXIS2_PLACEMENT_3D('',#852,#853,#854);
#852 = CARTESIAN_POINT('',(5.002841,20.503395,9.));
#853 = DIRECTION('',(2.8E-16,-5.E-16,-1.));
#854 = DIRECTION('',(0.,1.,-5.E-16));
#855 = CYLINDRICAL_SURFACE('',#856,3.);
#856 = AXIS2_PLACEMENT_3D('',#857,#858,#859);
#857 = CARTESIAN_POINT('',(5.002841,20.503395,12.003993991637));
#858 = DIRECTION('',(2.8E-16,-5.E-16,-1.));
#859 = DIRECTION('',(0.,1.,-5.E-16));
#860 = ADVANCED_FACE('',(#861),#880,.T.);
#861 = FACE_BOUND('',#862,.T.);
#862 = EDGE_LOOP('',(#863,#872,#878,#879));
#863 = ORIENTED_EDGE('',*,*,#864,.F.);
#864 = EDGE_CURVE('',#865,#865,#867,.T.);
#865 = VERTEX_POINT('',#866);
#866 = CARTESIAN_POINT('',(6.750254,20.502987,-9.947372055837));
#867 = CIRCLE('',#868,1.75);
#868 = AXIS2_PLACEMENT_3D('',#869,#870,#871);
#869 = CARTESIAN_POINT('',(5.000254,20.502987,-9.947372055837));
#870 = DIRECTION('',(0.,-0.,-1.));
#871 = DIRECTION('',(0.,1.,-0.));
#872 = ORIENTED_EDGE('',*,*,#873,.F.);
#873 = EDGE_CURVE('',#550,#865,#874,.T.);
#874 = LINE('',#875,#876);
#875 = CARTESIAN_POINT('',(6.750254,20.502987,8.9));
#876 = VECTOR('',#877,1.);
#877 = DIRECTION('',(0.,0.,-1.));
#878 = ORIENTED_EDGE('',*,*,#549,.T.);
#879 = ORIENTED_EDGE('',*,*,#873,.T.);
#880 = CYLINDRICAL_SURFACE('',#881,1.75);
#881 = AXIS2_PLACEMENT_3D('',#882,#883,#884);
#882 = CARTESIAN_POINT('',(5.000254,20.502987,8.9));
#883 = DIRECTION('',(-0.,-0.,-1.));
#884 = DIRECTION('',(1.,0.,0.));
#885 = ADVANCED_FACE('',(#886),#892,.F.);
#886 = FACE_BOUND('',#887,.F.);
#887 = EDGE_LOOP('',(#888,#889,#890,#891));
#888 = ORIENTED_EDGE('',*,*,#638,.F.);
#889 = ORIENTED_EDGE('',*,*,#653,.F.);
#890 = ORIENTED_EDGE('',*,*,#777,.F.);
#891 = ORIENTED_EDGE('',*,*,#723,.T.);
#892 = PLANE('',#893);
#893 = AXIS2_PLACEMENT_3D('',#894,#895,#896);
#894 = CARTESIAN_POINT('',(1.377E-14,44.00582499247,-9.004441));
#895 = DIRECTION('',(-4.4E-16,-1.,2.2E-16));
#896 = DIRECTION('',(-4.4E-16,2.2E-16,1.));
#897 = ADVANCED_FACE('',(#898),#994,.F.);
#898 = FACE_BOUND('',#899,.F.);
#899 = EDGE_LOOP('',(#900,#933,#939,#940,#941));
#900 = ORIENTED_EDGE('',*,*,#901,.F.);
#901 = EDGE_CURVE('',#902,#904,#906,.T.);
#902 = VERTEX_POINT('',#903);
#903 = CARTESIAN_POINT('',(5.002841,22.252985087836,7.252671917776));
#904 = VERTEX_POINT('',#905);
#905 = CARTESIAN_POINT('',(6.750254,20.502987,7.251363820052));
#906 = B_SPLINE_CURVE_WITH_KNOTS('',5,(#907,#908,#909,#910,#911,#912,
    #913,#914,#915,#916,#917,#918,#919,#920,#921,#922,#923,#924,#925,
    #926,#927,#928,#929,#930,#931,#932),.UNSPECIFIED.,.F.,.F.,(6,4,4,4,4
    ,4,6),(0.,0.144201686287,0.287407295462,0.469314260187,
    0.589921293648,0.794959059533,1.),.UNSPECIFIED.);
#907 = CARTESIAN_POINT('',(5.002841,22.252985087836,7.252671917777));
#908 = CARTESIAN_POINT('',(5.082058473677,22.252867981649,7.25260155328)
  );
#909 = CARTESIAN_POINT('',(5.16126857427,22.248268396646,7.252531817527)
  );
#910 = CARTESIAN_POINT('',(5.240131326228,22.239187252209,7.252463012657
    ));
#911 = CARTESIAN_POINT('',(5.318311205439,22.225663472559,7.252395431713
    ));
#912 = CARTESIAN_POINT('',(5.472110047207,22.190008073072,7.252263741952
    ));
#913 = CARTESIAN_POINT('',(5.547744037417,22.16793630745,7.252199611456)
  );
#914 = CARTESIAN_POINT('',(5.622054928495,22.141634242756,7.252137245146
    ));
#915 = CARTESIAN_POINT('',(5.694731013653,22.111212477727,7.252076905143
    ));
#916 = CARTESIAN_POINT('',(5.855333165517,22.033125356133,7.251945077483
    ));
#917 = CARTESIAN_POINT('',(5.942074503189,21.983020843946,7.251874982576
    ));
#918 = CARTESIAN_POINT('',(6.025083991918,21.92680190884,7.251809057392)
  );
#919 = CARTESIAN_POINT('',(6.103798256171,21.864850656251,7.251747750714
    ));
#920 = CARTESIAN_POINT('',(6.226719629465,21.753055107765,7.251654118375
    ));
#921 = CARTESIAN_POINT('',(6.273617004615,21.706165567073,7.25161898802)
  );
#922 = CARTESIAN_POINT('',(6.318258449049,21.657091044118,7.251586169002
    ));
#923 = CARTESIAN_POINT('',(6.360511101142,21.605977736268,7.251555759344
    ));
#924 = CARTESIAN_POINT('',(6.467824092679,21.462893195494,7.251480383784
    ));
#925 = CARTESIAN_POINT('',(6.528145882811,21.367366062038,7.251440129479
    ));
#926 = CARTESIAN_POINT('',(6.580635286661,21.267185506501,7.251407493149
    ));
#927 = CARTESIAN_POINT('',(6.624839832361,21.163215737957,7.251382757307
    ));
#928 = CARTESIAN_POINT('',(6.696061287044,20.949550714408,7.251349377583
    ));
#929 = CARTESIAN_POINT('',(6.723079315373,20.839851214354,7.251340733302
    ));
#930 = CARTESIAN_POINT('',(6.741195636285,20.728213063539,7.25134027989)
  );
#931 = CARTESIAN_POINT('',(6.750254,20.615599144772,7.251348021271));
#932 = CARTESIAN_POINT('',(6.750254,20.502987,7.251363820052));
#933 = ORIENTED_EDGE('',*,*,#934,.F.);
#934 = EDGE_CURVE('',#793,#902,#935,.T.);
#935 = LINE('',#936,#937);
#936 = CARTESIAN_POINT('',(5.002841,23.503395,8.003993991637));
#937 = VECTOR('',#938,1.);
#938 = DIRECTION('',(1.4E-16,-0.857167300702,-0.51503807491));
#939 = ORIENTED_EDGE('',*,*,#800,.F.);
#940 = ORIENTED_EDGE('',*,*,#934,.T.);
#941 = ORIENTED_EDGE('',*,*,#942,.F.);
#942 = EDGE_CURVE('',#904,#902,#943,.T.);
#943 = B_SPLINE_CURVE_WITH_KNOTS('',7,(#944,#945,#946,#947,#948,#949,
    #950,#951,#952,#953,#954,#955,#956,#957,#958,#959,#960,#961,#962,
    #963,#964,#965,#966,#967,#968,#969,#970,#971,#972,#973,#974,#975,
    #976,#977,#978,#979,#980,#981,#982,#983,#984,#985,#986,#987,#988,
    #989,#990,#991,#992,#993),.UNSPECIFIED.,.F.,.F.,(8,6,6,6,6,6,6,6,8),
  (0.,0.17018999284,0.219105705398,0.241887357874,0.261318219618,
    0.44885562343,0.632343283594,0.816499878371,1.),.UNSPECIFIED.);
#944 = CARTESIAN_POINT('',(6.750254,20.502987,7.251363820052));
#945 = CARTESIAN_POINT('',(6.750254,20.302533949904,7.251391942362));
#946 = CARTESIAN_POINT('',(6.723466136668,20.101979960587,7.251443907331
    ));
#947 = CARTESIAN_POINT('',(6.669843689102,19.905803162189,7.251519125585
    ));
#948 = CARTESIAN_POINT('',(6.59033852676,19.718261323451,7.251616147048)
  );
#949 = CARTESIAN_POINT('',(6.486624413656,19.543309819381,7.251732919389
    ));
#950 = CARTESIAN_POINT('',(6.361097822996,19.384597684247,7.251866790243
    ));
#951 = CARTESIAN_POINT('',(6.175596206171,19.205146173167,7.25205686296)
  );
#952 = CARTESIAN_POINT('',(6.13264309439,19.166673607839,7.252100440732)
  );
#953 = CARTESIAN_POINT('',(6.088224114963,19.129862676866,7.252145086502
    ));
#954 = CARTESIAN_POINT('',(6.042416550405,19.094780071778,7.252190722036
    ));
#955 = CARTESIAN_POINT('',(5.995301265596,19.061487823775,7.252237266588
    ));
#956 = CARTESIAN_POINT('',(5.946962707777,19.03004330373,7.2522846369));
#957 = CARTESIAN_POINT('',(5.874447333874,18.98673957395,7.252355153747)
  );
#958 = CARTESIAN_POINT('',(5.851159461158,18.973392104547,7.252377720859
    ));
#959 = CARTESIAN_POINT('',(5.827634144886,18.96046211227,7.25240043991)
  );
#960 = CARTESIAN_POINT('',(5.803880370878,18.947954650922,7.25242330219)
  );
#961 = CARTESIAN_POINT('',(5.7799072543,18.935874529814,7.252446298914)
  );
#962 = CARTESIAN_POINT('',(5.75572403966,18.924226313771,7.252469421215)
  );
#963 = CARTESIAN_POINT('',(5.710542621562,18.903451424197,7.252512481029
    ));
#964 = CARTESIAN_POINT('',(5.689599115093,18.894205861871,7.252532386763
    ));
#965 = CARTESIAN_POINT('',(5.668515395843,18.885280315564,7.2525523718)
  );
#966 = CARTESIAN_POINT('',(5.647297333538,18.876677329124,7.252572430562
    ));
#967 = CARTESIAN_POINT('',(5.625950853187,18.868399310834,7.25259255744)
  );
#968 = CARTESIAN_POINT('',(5.604481935083,18.860448533404,7.252612746797
    ));
#969 = CARTESIAN_POINT('',(5.374565405457,18.779269024215,7.252828399338
    ));
#970 = CARTESIAN_POINT('',(5.155235051756,18.736338533806,7.253029244227
    ));
#971 = CARTESIAN_POINT('',(4.930585686216,18.726135265111,7.253230182469
    ));
#972 = CARTESIAN_POINT('',(4.706462521259,18.749204621005,7.253425946805
    ));
#973 = CARTESIAN_POINT('',(4.488583044909,18.80496329729,7.253611549136)
  );
#974 = CARTESIAN_POINT('',(4.282564453801,18.891696063987,7.253782254403
    ));
#975 = CARTESIAN_POINT('',(3.908615597527,19.118221336504,7.254082389079
    ));
#976 = CARTESIAN_POINT('',(3.739697339189,19.256985993525,7.254212840158
    ));
#977 = CARTESIAN_POINT('',(3.591679688014,19.419620105397,7.254321389995
    ));
#978 = CARTESIAN_POINT('',(3.468451294086,19.602237241962,7.254405144337
    ));
#979 = CARTESIAN_POINT('',(3.373028210222,19.800371601725,7.254462062282
    ));
#980 = CARTESIAN_POINT('',(3.307563565031,20.008963375281,7.254490946751
    ));
#981 = CARTESIAN_POINT('',(3.238096677673,20.436628973173,7.254492737476
    ));
#982 = CARTESIAN_POINT('',(3.234271267553,20.656034475471,7.254465440503
    ));
#983 = CARTESIAN_POINT('',(3.262410244248,20.874978546015,7.254409858443
    ));
#984 = CARTESIAN_POINT('',(3.322061954516,21.087919368527,7.254327162363
    ));
#985 = CARTESIAN_POINT('',(3.411754838181,21.289611716401,7.254219381679
    ));
#986 = CARTESIAN_POINT('',(3.528992441365,21.475088534218,7.254089414162
    ));
#987 = CARTESIAN_POINT('',(3.810489373982,21.804415813724,7.253793529893
    ));
#988 = CARTESIAN_POINT('',(3.974772973318,21.948638558387,7.253627539678
    ));
#989 = CARTESIAN_POINT('',(4.159215166385,22.068362937712,7.253447054708
    ));
#990 = CARTESIAN_POINT('',(4.359347845675,22.160387928296,7.253256478832
    ));
#991 = CARTESIAN_POINT('',(4.570275598172,22.222467842669,7.253060466408
    ));
#992 = CARTESIAN_POINT('',(4.786659961348,22.253304665527,7.252863939426
    ));
#993 = CARTESIAN_POINT('',(5.002841,22.252985087836,7.252671917777));
#994 = CONICAL_SURFACE('',#995,3.,1.029744258677);
#995 = AXIS2_PLACEMENT_3D('',#996,#997,#998);
#996 = CARTESIAN_POINT('',(5.002841,20.503395,8.003993991637));
#997 = DIRECTION('',(-2.8E-16,5.E-16,1.));
#998 = DIRECTION('',(0.,1.,-5.E-16));
#999 = ADVANCED_FACE('',(#1000),#1035,.T.);
#1000 = FACE_BOUND('',#1001,.T.);
#1001 = EDGE_LOOP('',(#1002,#1011,#1019,#1026,#1027,#1034));
#1002 = ORIENTED_EDGE('',*,*,#1003,.F.);
#1003 = EDGE_CURVE('',#1004,#1004,#1006,.T.);
#1004 = VERTEX_POINT('',#1005);
#1005 = CARTESIAN_POINT('',(7.806253912353,20.502987,11.21743114855));
#1006 = CIRCLE('',#1007,2.805999912353);
#1007 = AXIS2_PLACEMENT_3D('',#1008,#1009,#1010);
#1008 = CARTESIAN_POINT('',(5.000254,20.502987,11.21743114855));
#1009 = DIRECTION('',(0.,0.,1.));
#1010 = DIRECTION('',(1.,0.,0.));
#1011 = ORIENTED_EDGE('',*,*,#1012,.T.);
#1012 = EDGE_CURVE('',#1004,#1013,#1015,.T.);
#1013 = VERTEX_POINT('',#1014);
#1014 = CARTESIAN_POINT('',(8.000254,20.502987,9.));
#1015 = LINE('',#1016,#1017);
#1016 = CARTESIAN_POINT('',(7.806253912353,20.502987,11.21743114855));
#1017 = VECTOR('',#1018,1.);
#1018 = DIRECTION('',(8.715574274764E-02,0.,-0.996194698092));
#1019 = ORIENTED_EDGE('',*,*,#1020,.T.);
#1020 = EDGE_CURVE('',#1013,#813,#1021,.T.);
#1021 = CIRCLE('',#1022,3.);
#1022 = AXIS2_PLACEMENT_3D('',#1023,#1024,#1025);
#1023 = CARTESIAN_POINT('',(5.000254,20.502987,9.));
#1024 = DIRECTION('',(0.,0.,1.));
#1025 = DIRECTION('',(1.,0.,0.));
#1026 = ORIENTED_EDGE('',*,*,#810,.F.);
#1027 = ORIENTED_EDGE('',*,*,#1028,.T.);
#1028 = EDGE_CURVE('',#811,#1013,#1029,.T.);
#1029 = CIRCLE('',#1030,3.);
#1030 = AXIS2_PLACEMENT_3D('',#1031,#1032,#1033);
#1031 = CARTESIAN_POINT('',(5.000254,20.502987,9.));
#1032 = DIRECTION('',(0.,0.,1.));
#1033 = DIRECTION('',(1.,0.,0.));
#1034 = ORIENTED_EDGE('',*,*,#1012,.F.);
#1035 = CONICAL_SURFACE('',#1036,2.805999912353,8.726646259972E-02);
#1036 = AXIS2_PLACEMENT_3D('',#1037,#1038,#1039);
#1037 = CARTESIAN_POINT('',(5.000254,20.502987,11.21743114855));
#1038 = DIRECTION('',(-0.,-0.,-1.));
#1039 = DIRECTION('',(1.,0.,0.));
#1040 = ADVANCED_FACE('',(#1041,#1046),#1057,.F.);
#1041 = FACE_BOUND('',#1042,.F.);
#1042 = EDGE_LOOP('',(#1043,#1044,#1045));
#1043 = ORIENTED_EDGE('',*,*,#1028,.T.);
#1044 = ORIENTED_EDGE('',*,*,#1020,.T.);
#1045 = ORIENTED_EDGE('',*,*,#849,.F.);
#1046 = FACE_BOUND('',#1047,.F.);
#1047 = EDGE_LOOP('',(#1048));
#1048 = ORIENTED_EDGE('',*,*,#1049,.F.);
#1049 = EDGE_CURVE('',#1050,#1050,#1052,.T.);
#1050 = VERTEX_POINT('',#1051);
#1051 = CARTESIAN_POINT('',(6.850254,20.502987,9.));
#1052 = CIRCLE('',#1053,1.85);
#1053 = AXIS2_PLACEMENT_3D('',#1054,#1055,#1056);
#1054 = CARTESIAN_POINT('',(5.000254,20.502987,9.));
#1055 = DIRECTION('',(0.,0.,1.));
#1056 = DIRECTION('',(1.,0.,0.));
#1057 = PLANE('',#1058);
#1058 = AXIS2_PLACEMENT_3D('',#1059,#1060,#1061);
#1059 = CARTESIAN_POINT('',(5.000254,20.502987,9.));
#1060 = DIRECTION('',(0.,0.,1.));
#1061 = DIRECTION('',(1.,0.,0.));
#1062 = ADVANCED_FACE('',(#1063),#1082,.F.);
#1063 = FACE_BOUND('',#1064,.F.);
#1064 = EDGE_LOOP('',(#1065,#1066,#1074,#1081));
#1065 = ORIENTED_EDGE('',*,*,#864,.F.);
#1066 = ORIENTED_EDGE('',*,*,#1067,.T.);
#1067 = EDGE_CURVE('',#865,#1068,#1070,.T.);
#1068 = VERTEX_POINT('',#1069);
#1069 = CARTESIAN_POINT('',(7.300254,20.502987,-9.8));
#1070 = LINE('',#1071,#1072);
#1071 = CARTESIAN_POINT('',(6.621367885844,20.502987,-9.981906986041));
#1072 = VECTOR('',#1073,1.);
#1073 = DIRECTION('',(0.965925826289,0.,0.258819045103));
#1074 = ORIENTED_EDGE('',*,*,#1075,.F.);
#1075 = EDGE_CURVE('',#1068,#1068,#1076,.T.);
#1076 = CIRCLE('',#1077,2.3);
#1077 = AXIS2_PLACEMENT_3D('',#1078,#1079,#1080);
#1078 = CARTESIAN_POINT('',(5.000254,20.502987,-9.8));
#1079 = DIRECTION('',(0.,0.,1.));
#1080 = DIRECTION('',(1.,0.,0.));
#1081 = ORIENTED_EDGE('',*,*,#1067,.F.);
#1082 = CONICAL_SURFACE('',#1083,1.621113885844,1.308996938996);
#1083 = AXIS2_PLACEMENT_3D('',#1084,#1085,#1086);
#1084 = CARTESIAN_POINT('',(5.000254,20.502987,-9.981906986041));
#1085 = DIRECTION('',(0.,0.,1.));
#1086 = DIRECTION('',(1.,0.,0.));
#1087 = ADVANCED_FACE('',(#1088),#1108,.T.);
#1088 = FACE_BOUND('',#1089,.T.);
#1089 = EDGE_LOOP('',(#1090,#1091,#1099,#1106,#1107));
#1090 = ORIENTED_EDGE('',*,*,#942,.F.);
#1091 = ORIENTED_EDGE('',*,*,#1092,.F.);
#1092 = EDGE_CURVE('',#1093,#904,#1095,.T.);
#1093 = VERTEX_POINT('',#1094);
#1094 = CARTESIAN_POINT('',(6.750254,20.502987,8.9));
#1095 = LINE('',#1096,#1097);
#1096 = CARTESIAN_POINT('',(6.750254,20.502987,8.9));
#1097 = VECTOR('',#1098,1.);
#1098 = DIRECTION('',(0.,0.,-1.));
#1099 = ORIENTED_EDGE('',*,*,#1100,.F.);
#1100 = EDGE_CURVE('',#1093,#1093,#1101,.T.);
#1101 = CIRCLE('',#1102,1.75);
#1102 = AXIS2_PLACEMENT_3D('',#1103,#1104,#1105);
#1103 = CARTESIAN_POINT('',(5.000254,20.502987,8.9));
#1104 = DIRECTION('',(0.,0.,1.));
#1105 = DIRECTION('',(1.,0.,0.));
#1106 = ORIENTED_EDGE('',*,*,#1092,.T.);
#1107 = ORIENTED_EDGE('',*,*,#901,.F.);
#1108 = CYLINDRICAL_SURFACE('',#1109,1.75);
#1109 = AXIS2_PLACEMENT_3D('',#1110,#1111,#1112);
#1110 = CARTESIAN_POINT('',(5.000254,20.502987,8.9));
#1111 = DIRECTION('',(-0.,-0.,-1.));
#1112 = DIRECTION('',(1.,0.,0.));
#1113 = ADVANCED_FACE('',(#1114),#1134,.F.);
#1114 = FACE_BOUND('',#1115,.F.);
#1115 = EDGE_LOOP('',(#1116,#1125,#1132,#1133));
#1116 = ORIENTED_EDGE('',*,*,#1117,.T.);
#1117 = EDGE_CURVE('',#1118,#1118,#1120,.T.);
#1118 = VERTEX_POINT('',#1119);
#1119 = CARTESIAN_POINT('',(7.607014972734,20.502987,11.4));
#1120 = CIRCLE('',#1121,2.606760972734);
#1121 = AXIS2_PLACEMENT_3D('',#1122,#1123,#1124);
#1122 = CARTESIAN_POINT('',(5.000254,20.502987,11.4));
#1123 = DIRECTION('',(0.,0.,1.));
#1124 = DIRECTION('',(1.,0.,0.));
#1125 = ORIENTED_EDGE('',*,*,#1126,.T.);
#1126 = EDGE_CURVE('',#1118,#1004,#1127,.T.);
#1127 = CIRCLE('',#1128,0.2);
#1128 = AXIS2_PLACEMENT_3D('',#1129,#1130,#1131);
#1129 = CARTESIAN_POINT('',(7.607014972734,20.502987,11.2));
#1130 = DIRECTION('',(-0.,1.,0.));
#1131 = DIRECTION('',(2.22E-15,0.,1.));
#1132 = ORIENTED_EDGE('',*,*,#1003,.F.);
#1133 = ORIENTED_EDGE('',*,*,#1126,.F.);
#1134 = SURFACE_OF_REVOLUTION('',#1135,#1140);
#1135 = CIRCLE('',#1136,0.2);
#1136 = AXIS2_PLACEMENT_3D('',#1137,#1138,#1139);
#1137 = CARTESIAN_POINT('',(7.607014972734,20.502987,11.2));
#1138 = DIRECTION('',(-0.,1.,0.));
#1139 = DIRECTION('',(2.22E-15,0.,1.));
#1140 = AXIS1_PLACEMENT('',#1141,#1142);
#1141 = CARTESIAN_POINT('',(5.000254,20.502987,9.));
#1142 = DIRECTION('',(0.,0.,1.));
#1143 = ADVANCED_FACE('',(#1144),#1156,.F.);
#1144 = FACE_BOUND('',#1145,.F.);
#1145 = EDGE_LOOP('',(#1146,#1147,#1154,#1155));
#1146 = ORIENTED_EDGE('',*,*,#1049,.T.);
#1147 = ORIENTED_EDGE('',*,*,#1148,.T.);
#1148 = EDGE_CURVE('',#1050,#1093,#1149,.T.);
#1149 = CIRCLE('',#1150,0.1);
#1150 = AXIS2_PLACEMENT_3D('',#1151,#1152,#1153);
#1151 = CARTESIAN_POINT('',(6.850254,20.502987,8.9));
#1152 = DIRECTION('',(0.,-1.,0.));
#1153 = DIRECTION('',(0.,0.,1.));
#1154 = ORIENTED_EDGE('',*,*,#1100,.F.);
#1155 = ORIENTED_EDGE('',*,*,#1148,.F.);
#1156 = SURFACE_OF_REVOLUTION('',#1157,#1162);
#1157 = CIRCLE('',#1158,0.1);
#1158 = AXIS2_PLACEMENT_3D('',#1159,#1160,#1161);
#1159 = CARTESIAN_POINT('',(6.850254,20.502987,8.9));
#1160 = DIRECTION('',(0.,-1.,0.));
#1161 = DIRECTION('',(0.,0.,1.));
#1162 = AXIS1_PLACEMENT('',#1163,#1164);
#1163 = CARTESIAN_POINT('',(5.000254,20.502987,9.));
#1164 = DIRECTION('',(0.,0.,1.));
#1165 = ADVANCED_FACE('',(#1166,#1169),#1234,.T.);
#1166 = FACE_BOUND('',#1167,.F.);
#1167 = EDGE_LOOP('',(#1168));
#1168 = ORIENTED_EDGE('',*,*,#1075,.T.);
#1169 = FACE_BOUND('',#1170,.F.);
#1170 = EDGE_LOOP('',(#1171,#1182,#1191,#1200,#1209,#1218,#1227));
#1171 = ORIENTED_EDGE('',*,*,#1172,.F.);
#1172 = EDGE_CURVE('',#1173,#1175,#1177,.T.);
#1173 = VERTEX_POINT('',#1174);
#1174 = CARTESIAN_POINT('',(8.500254,20.502987,-9.8));
#1175 = VERTEX_POINT('',#1176);
#1176 = CARTESIAN_POINT('',(8.031342921769,22.252986985236,-9.8));
#1177 = CIRCLE('',#1178,3.5);
#1178 = AXIS2_PLACEMENT_3D('',#1179,#1180,#1181);
#1179 = CARTESIAN_POINT('',(5.000254,20.502987,-9.8));
#1180 = DIRECTION('',(0.,0.,1.));
#1181 = DIRECTION('',(1.,0.,0.));
#1182 = ORIENTED_EDGE('',*,*,#1183,.F.);
#1183 = EDGE_CURVE('',#1184,#1173,#1186,.T.);
#1184 = VERTEX_POINT('',#1185);
#1185 = CARTESIAN_POINT('',(8.031342914019,18.752987001339,-9.8));
#1186 = CIRCLE('',#1187,3.5);
#1187 = AXIS2_PLACEMENT_3D('',#1188,#1189,#1190);
#1188 = CARTESIAN_POINT('',(5.000254,20.502987,-9.8));
#1189 = DIRECTION('',(0.,0.,1.));
#1190 = DIRECTION('',(1.,0.,0.));
#1191 = ORIENTED_EDGE('',*,*,#1192,.F.);
#1192 = EDGE_CURVE('',#1193,#1184,#1195,.T.);
#1193 = VERTEX_POINT('',#1194);
#1194 = CARTESIAN_POINT('',(5.000254,17.002987,-9.8));
#1195 = CIRCLE('',#1196,3.5);
#1196 = AXIS2_PLACEMENT_3D('',#1197,#1198,#1199);
#1197 = CARTESIAN_POINT('',(5.000254,20.502987,-9.8));
#1198 = DIRECTION('',(0.,0.,1.));
#1199 = DIRECTION('',(1.,0.,0.));
#1200 = ORIENTED_EDGE('',*,*,#1201,.F.);
#1201 = EDGE_CURVE('',#1202,#1193,#1204,.T.);
#1202 = VERTEX_POINT('',#1203);
#1203 = CARTESIAN_POINT('',(1.969165078231,18.752987014764,-9.8));
#1204 = CIRCLE('',#1205,3.5);
#1205 = AXIS2_PLACEMENT_3D('',#1206,#1207,#1208);
#1206 = CARTESIAN_POINT('',(5.000254,20.502987,-9.8));
#1207 = DIRECTION('',(0.,0.,1.));
#1208 = DIRECTION('',(1.,0.,0.));
#1209 = ORIENTED_EDGE('',*,*,#1210,.F.);
#1210 = EDGE_CURVE('',#1211,#1202,#1213,.T.);
#1211 = VERTEX_POINT('',#1212);
#1212 = CARTESIAN_POINT('',(1.96916508154,22.252986990969,-9.8));
#1213 = CIRCLE('',#1214,3.5);
#1214 = AXIS2_PLACEMENT_3D('',#1215,#1216,#1217);
#1215 = CARTESIAN_POINT('',(5.000254,20.502987,-9.8));
#1216 = DIRECTION('',(0.,0.,1.));
#1217 = DIRECTION('',(1.,0.,0.));
#1218 = ORIENTED_EDGE('',*,*,#1219,.F.);
#1219 = EDGE_CURVE('',#1220,#1211,#1222,.T.);
#1220 = VERTEX_POINT('',#1221);
#1221 = CARTESIAN_POINT('',(5.000254,24.002987,-9.8));
#1222 = CIRCLE('',#1223,3.5);
#1223 = AXIS2_PLACEMENT_3D('',#1224,#1225,#1226);
#1224 = CARTESIAN_POINT('',(5.000254,20.502987,-9.8));
#1225 = DIRECTION('',(0.,0.,1.));
#1226 = DIRECTION('',(1.,0.,0.));
#1227 = ORIENTED_EDGE('',*,*,#1228,.F.);
#1228 = EDGE_CURVE('',#1175,#1220,#1229,.T.);
#1229 = CIRCLE('',#1230,3.5);
#1230 = AXIS2_PLACEMENT_3D('',#1231,#1232,#1233);
#1231 = CARTESIAN_POINT('',(5.000254,20.502987,-9.8));
#1232 = DIRECTION('',(0.,0.,1.));
#1233 = DIRECTION('',(1.,0.,0.));
#1234 = PLANE('',#1235);
#1235 = AXIS2_PLACEMENT_3D('',#1236,#1237,#1238);
#1236 = CARTESIAN_POINT('',(5.000254,20.502987,-9.8));
#1237 = DIRECTION('',(0.,0.,1.));
#1238 = DIRECTION('',(1.,0.,0.));
#1239 = ADVANCED_FACE('',(#1240,#1243),#1409,.T.);
#1240 = FACE_BOUND('',#1241,.F.);
#1241 = EDGE_LOOP('',(#1242));
#1242 = ORIENTED_EDGE('',*,*,#1117,.F.);
#1243 = FACE_BOUND('',#1244,.F.);
#1244 = EDGE_LOOP('',(#1245,#1256,#1264,#1272,#1280,#1288,#1297,#1305,
    #1313,#1321,#1329,#1338,#1346,#1354,#1362,#1370,#1379,#1387,#1395,
    #1403));
#1245 = ORIENTED_EDGE('',*,*,#1246,.F.);
#1246 = EDGE_CURVE('',#1247,#1249,#1251,.T.);
#1247 = VERTEX_POINT('',#1248);
#1248 = CARTESIAN_POINT('',(6.037548912497,22.094847315639,11.4));
#1249 = VERTEX_POINT('',#1250);
#1250 = CARTESIAN_POINT('',(6.592114315639,21.540281912497,11.4));
#1251 = CIRCLE('',#1252,1.9);
#1252 = AXIS2_PLACEMENT_3D('',#1253,#1254,#1255);
#1253 = CARTESIAN_POINT('',(5.000254,20.502987,11.4));
#1254 = DIRECTION('',(0.,0.,-1.));
#1255 = DIRECTION('',(1.,0.,0.));
#1256 = ORIENTED_EDGE('',*,*,#1257,.T.);
#1257 = EDGE_CURVE('',#1247,#1258,#1260,.T.);
#1258 = VERTEX_POINT('',#1259);
#1259 = CARTESIAN_POINT('',(5.395254,21.555464970343,11.4));
#1260 = LINE('',#1261,#1262);
#1261 = CARTESIAN_POINT('',(5.801292964752,21.896445795238,11.4));
#1262 = VECTOR('',#1263,1.);
#1263 = DIRECTION('',(-0.765790224195,-0.64309045439,0.));
#1264 = ORIENTED_EDGE('',*,*,#1265,.T.);
#1265 = EDGE_CURVE('',#1258,#1266,#1268,.T.);
#1266 = VERTEX_POINT('',#1267);
#1267 = CARTESIAN_POINT('',(5.000254,21.412420095097,11.4));
#1268 = LINE('',#1269,#1270);
#1269 = CARTESIAN_POINT('',(4.951627218307,21.394810444664,11.4));
#1270 = VECTOR('',#1271,1.);
#1271 = DIRECTION('',(-0.940244792048,-0.340499237924,0.));
#1272 = ORIENTED_EDGE('',*,*,#1273,.T.);
#1273 = EDGE_CURVE('',#1266,#1274,#1276,.T.);
#1274 = VERTEX_POINT('',#1275);
#1275 = CARTESIAN_POINT('',(4.605254,21.555464970343,11.4));
#1276 = LINE('',#1277,#1278);
#1277 = CARTESIAN_POINT('',(5.048880781693,21.394810444664,11.4));
#1278 = VECTOR('',#1279,1.);
#1279 = DIRECTION('',(-0.940244792048,0.340499237924,0.));
#1280 = ORIENTED_EDGE('',*,*,#1281,.T.);
#1281 = EDGE_CURVE('',#1274,#1282,#1284,.T.);
#1282 = VERTEX_POINT('',#1283);
#1283 = CARTESIAN_POINT('',(3.962959087503,22.094847315639,11.4));
#1284 = LINE('',#1285,#1286);
#1285 = CARTESIAN_POINT('',(4.199215035248,21.896445795238,11.4));
#1286 = VECTOR('',#1287,1.);
#1287 = DIRECTION('',(-0.765790224195,0.64309045439,0.));
#1288 = ORIENTED_EDGE('',*,*,#1289,.F.);
#1289 = EDGE_CURVE('',#1290,#1282,#1292,.T.);
#1290 = VERTEX_POINT('',#1291);
#1291 = CARTESIAN_POINT('',(3.408393684361,21.540281912497,11.4));
#1292 = CIRCLE('',#1293,1.9);
#1293 = AXIS2_PLACEMENT_3D('',#1294,#1295,#1296);
#1294 = CARTESIAN_POINT('',(5.000254,20.502987,11.4));
#1295 = DIRECTION('',(0.,0.,-1.));
#1296 = DIRECTION('',(1.,0.,0.));
#1297 = ORIENTED_EDGE('',*,*,#1298,.T.);
#1298 = EDGE_CURVE('',#1290,#1299,#1301,.T.);
#1299 = VERTEX_POINT('',#1300);
#1300 = CARTESIAN_POINT('',(3.947776029657,20.897987,11.4));
#1301 = LINE('',#1302,#1303);
#1302 = CARTESIAN_POINT('',(3.606795204762,21.304025964752,11.4));
#1303 = VECTOR('',#1304,1.);
#1304 = DIRECTION('',(0.64309045439,-0.765790224195,0.));
#1305 = ORIENTED_EDGE('',*,*,#1306,.T.);
#1306 = EDGE_CURVE('',#1299,#1307,#1309,.T.);
#1307 = VERTEX_POINT('',#1308);
#1308 = CARTESIAN_POINT('',(4.090820904903,20.502987,11.4));
#1309 = LINE('',#1310,#1311);
#1310 = CARTESIAN_POINT('',(4.108430555336,20.454360218307,11.4));
#1311 = VECTOR('',#1312,1.);
#1312 = DIRECTION('',(0.340499237924,-0.940244792048,0.));
#1313 = ORIENTED_EDGE('',*,*,#1314,.T.);
#1314 = EDGE_CURVE('',#1307,#1315,#1317,.T.);
#1315 = VERTEX_POINT('',#1316);
#1316 = CARTESIAN_POINT('',(3.947776029657,20.107987,11.4));
#1317 = LINE('',#1318,#1319);
#1318 = CARTESIAN_POINT('',(4.108430555336,20.551613781693,11.4));
#1319 = VECTOR('',#1320,1.);
#1320 = DIRECTION('',(-0.340499237924,-0.940244792048,0.));
#1321 = ORIENTED_EDGE('',*,*,#1322,.T.);
#1322 = EDGE_CURVE('',#1315,#1323,#1325,.T.);
#1323 = VERTEX_POINT('',#1324);
#1324 = CARTESIAN_POINT('',(3.408393684361,19.465692087503,11.4));
#1325 = LINE('',#1326,#1327);
#1326 = CARTESIAN_POINT('',(3.606795204762,19.701948035248,11.4));
#1327 = VECTOR('',#1328,1.);
#1328 = DIRECTION('',(-0.64309045439,-0.765790224195,0.));
#1329 = ORIENTED_EDGE('',*,*,#1330,.F.);
#1330 = EDGE_CURVE('',#1331,#1323,#1333,.T.);
#1331 = VERTEX_POINT('',#1332);
#1332 = CARTESIAN_POINT('',(3.962959087503,18.911126684361,11.4));
#1333 = CIRCLE('',#1334,1.9);
#1334 = AXIS2_PLACEMENT_3D('',#1335,#1336,#1337);
#1335 = CARTESIAN_POINT('',(5.000254,20.502987,11.4));
#1336 = DIRECTION('',(0.,0.,-1.));
#1337 = DIRECTION('',(1.,0.,0.));
#1338 = ORIENTED_EDGE('',*,*,#1339,.T.);
#1339 = EDGE_CURVE('',#1331,#1340,#1342,.T.);
#1340 = VERTEX_POINT('',#1341);
#1341 = CARTESIAN_POINT('',(4.605254,19.450509029657,11.4));
#1342 = LINE('',#1343,#1344);
#1343 = CARTESIAN_POINT('',(4.199215035248,19.109528204762,11.4));
#1344 = VECTOR('',#1345,1.);
#1345 = DIRECTION('',(0.765790224195,0.64309045439,0.));
#1346 = ORIENTED_EDGE('',*,*,#1347,.T.);
#1347 = EDGE_CURVE('',#1340,#1348,#1350,.T.);
#1348 = VERTEX_POINT('',#1349);
#1349 = CARTESIAN_POINT('',(5.000254,19.593553904903,11.4));
#1350 = LINE('',#1351,#1352);
#1351 = CARTESIAN_POINT('',(5.048880781693,19.611163555336,11.4));
#1352 = VECTOR('',#1353,1.);
#1353 = DIRECTION('',(0.940244792048,0.340499237924,0.));
#1354 = ORIENTED_EDGE('',*,*,#1355,.T.);
#1355 = EDGE_CURVE('',#1348,#1356,#1358,.T.);
#1356 = VERTEX_POINT('',#1357);
#1357 = CARTESIAN_POINT('',(5.395254,19.450509029657,11.4));
#1358 = LINE('',#1359,#1360);
#1359 = CARTESIAN_POINT('',(4.951627218307,19.611163555336,11.4));
#1360 = VECTOR('',#1361,1.);
#1361 = DIRECTION('',(0.940244792048,-0.340499237924,0.));
#1362 = ORIENTED_EDGE('',*,*,#1363,.T.);
#1363 = EDGE_CURVE('',#1356,#1364,#1366,.T.);
#1364 = VERTEX_POINT('',#1365);
#1365 = CARTESIAN_POINT('',(6.037548912497,18.911126684361,11.4));
#1366 = LINE('',#1367,#1368);
#1367 = CARTESIAN_POINT('',(5.801292964752,19.109528204762,11.4));
#1368 = VECTOR('',#1369,1.);
#1369 = DIRECTION('',(0.765790224195,-0.64309045439,0.));
#1370 = ORIENTED_EDGE('',*,*,#1371,.F.);
#1371 = EDGE_CURVE('',#1372,#1364,#1374,.T.);
#1372 = VERTEX_POINT('',#1373);
#1373 = CARTESIAN_POINT('',(6.592114315639,19.465692087503,11.4));
#1374 = CIRCLE('',#1375,1.9);
#1375 = AXIS2_PLACEMENT_3D('',#1376,#1377,#1378);
#1376 = CARTESIAN_POINT('',(5.000254,20.502987,11.4));
#1377 = DIRECTION('',(0.,0.,-1.));
#1378 = DIRECTION('',(1.,0.,0.));
#1379 = ORIENTED_EDGE('',*,*,#1380,.T.);
#1380 = EDGE_CURVE('',#1372,#1381,#1383,.T.);
#1381 = VERTEX_POINT('',#1382);
#1382 = CARTESIAN_POINT('',(6.052731970343,20.107987,11.4));
#1383 = LINE('',#1384,#1385);
#1384 = CARTESIAN_POINT('',(6.393712795238,19.701948035248,11.4));
#1385 = VECTOR('',#1386,1.);
#1386 = DIRECTION('',(-0.64309045439,0.765790224195,0.));
#1387 = ORIENTED_EDGE('',*,*,#1388,.T.);
#1388 = EDGE_CURVE('',#1381,#1389,#1391,.T.);
#1389 = VERTEX_POINT('',#1390);
#1390 = CARTESIAN_POINT('',(5.909687095097,20.502987,11.4));
#1391 = LINE('',#1392,#1393);
#1392 = CARTESIAN_POINT('',(5.892077444664,20.551613781693,11.4));
#1393 = VECTOR('',#1394,1.);
#1394 = DIRECTION('',(-0.340499237924,0.940244792048,0.));
#1395 = ORIENTED_EDGE('',*,*,#1396,.T.);
#1396 = EDGE_CURVE('',#1389,#1397,#1399,.T.);
#1397 = VERTEX_POINT('',#1398);
#1398 = CARTESIAN_POINT('',(6.052731970343,20.897987,11.4));
#1399 = LINE('',#1400,#1401);
#1400 = CARTESIAN_POINT('',(5.892077444664,20.454360218307,11.4));
#1401 = VECTOR('',#1402,1.);
#1402 = DIRECTION('',(0.340499237924,0.940244792048,0.));
#1403 = ORIENTED_EDGE('',*,*,#1404,.T.);
#1404 = EDGE_CURVE('',#1397,#1249,#1405,.T.);
#1405 = LINE('',#1406,#1407);
#1406 = CARTESIAN_POINT('',(6.393712795238,21.304025964752,11.4));
#1407 = VECTOR('',#1408,1.);
#1408 = DIRECTION('',(0.64309045439,0.765790224195,0.));
#1409 = PLANE('',#1410);
#1410 = AXIS2_PLACEMENT_3D('',#1411,#1412,#1413);
#1411 = CARTESIAN_POINT('',(5.000254,20.502987,11.4));
#1412 = DIRECTION('',(0.,0.,1.));
#1413 = DIRECTION('',(1.,0.,0.));
#1414 = ADVANCED_FACE('',(#1415),#1433,.T.);
#1415 = FACE_BOUND('',#1416,.T.);
#1416 = EDGE_LOOP('',(#1417,#1426,#1427));
#1417 = ORIENTED_EDGE('',*,*,#1418,.F.);
#1418 = EDGE_CURVE('',#1175,#1419,#1421,.T.);
#1419 = VERTEX_POINT('',#1420);
#1420 = CARTESIAN_POINT('',(9.041705884327,20.502987,-10.02427671386));
#1421 = HYPERBOLA('',#1422,1.449747468306,3.5);
#1422 = AXIS2_PLACEMENT_3D('',#1423,#1424,#1425);
#1423 = CARTESIAN_POINT('',(8.031342913246,22.252987,-8.350252531694));
#1424 = DIRECTION('',(-0.866025403784,-0.5,-0.));
#1425 = DIRECTION('',(0.,0.,-1.));
#1426 = ORIENTED_EDGE('',*,*,#1172,.F.);
#1427 = ORIENTED_EDGE('',*,*,#1428,.T.);
#1428 = EDGE_CURVE('',#1173,#1419,#1429,.T.);
#1429 = LINE('',#1430,#1431);
#1430 = CARTESIAN_POINT('',(8.500254,20.502987,-9.8));
#1431 = VECTOR('',#1432,1.);
#1432 = DIRECTION('',(0.923879532511,0.,-0.382683432365));
#1433 = CONICAL_SURFACE('',#1434,3.5,1.178097245096);
#1434 = AXIS2_PLACEMENT_3D('',#1435,#1436,#1437);
#1435 = CARTESIAN_POINT('',(5.000254,20.502987,-9.8));
#1436 = DIRECTION('',(-0.,-0.,-1.));
#1437 = DIRECTION('',(1.,0.,0.));
#1438 = ADVANCED_FACE('',(#1439),#1450,.T.);
#1439 = FACE_BOUND('',#1440,.T.);
#1440 = EDGE_LOOP('',(#1441,#1448,#1449));
#1441 = ORIENTED_EDGE('',*,*,#1442,.F.);
#1442 = EDGE_CURVE('',#1419,#1184,#1443,.T.);
#1443 = HYPERBOLA('',#1444,1.449747468306,3.5);
#1444 = AXIS2_PLACEMENT_3D('',#1445,#1446,#1447);
#1445 = CARTESIAN_POINT('',(8.031342913246,18.752987,-8.350252531694));
#1446 = DIRECTION('',(-0.866025403784,0.5,0.));
#1447 = DIRECTION('',(0.,0.,-1.));
#1448 = ORIENTED_EDGE('',*,*,#1428,.F.);
#1449 = ORIENTED_EDGE('',*,*,#1183,.F.);
#1450 = CONICAL_SURFACE('',#1451,3.5,1.178097245096);
#1451 = AXIS2_PLACEMENT_3D('',#1452,#1453,#1454);
#1452 = CARTESIAN_POINT('',(5.000254,20.502987,-9.8));
#1453 = DIRECTION('',(-0.,-0.,-1.));
#1454 = DIRECTION('',(1.,0.,0.));
#1455 = ADVANCED_FACE('',(#1456),#1475,.T.);
#1456 = FACE_BOUND('',#1457,.T.);
#1457 = EDGE_LOOP('',(#1458,#1467,#1474));
#1458 = ORIENTED_EDGE('',*,*,#1459,.F.);
#1459 = EDGE_CURVE('',#1460,#1193,#1462,.T.);
#1460 = VERTEX_POINT('',#1461);
#1461 = CARTESIAN_POINT('',(7.020979942164,17.002987,-10.02427671386));
#1462 = HYPERBOLA('',#1463,1.449747468306,3.5);
#1463 = AXIS2_PLACEMENT_3D('',#1464,#1465,#1466);
#1464 = CARTESIAN_POINT('',(5.000254,17.002987,-8.350252531694));
#1465 = DIRECTION('',(6.6E-16,1.,0.));
#1466 = DIRECTION('',(0.,0.,-1.));
#1467 = ORIENTED_EDGE('',*,*,#1468,.F.);
#1468 = EDGE_CURVE('',#1184,#1460,#1469,.T.);
#1469 = HYPERBOLA('',#1470,1.449747468306,3.5);
#1470 = AXIS2_PLACEMENT_3D('',#1471,#1472,#1473);
#1471 = CARTESIAN_POINT('',(8.031342913246,18.752987,-8.350252531694));
#1472 = DIRECTION('',(-0.866025403784,0.5,0.));
#1473 = DIRECTION('',(0.,0.,-1.));
#1474 = ORIENTED_EDGE('',*,*,#1192,.F.);
#1475 = CONICAL_SURFACE('',#1476,3.5,1.178097245096);
#1476 = AXIS2_PLACEMENT_3D('',#1477,#1478,#1479);
#1477 = CARTESIAN_POINT('',(5.000254,20.502987,-9.8));
#1478 = DIRECTION('',(-0.,-0.,-1.));
#1479 = DIRECTION('',(1.,0.,0.));
#1480 = ADVANCED_FACE('',(#1481),#1500,.T.);
#1481 = FACE_BOUND('',#1482,.T.);
#1482 = EDGE_LOOP('',(#1483,#1492,#1499));
#1483 = ORIENTED_EDGE('',*,*,#1484,.F.);
#1484 = EDGE_CURVE('',#1485,#1202,#1487,.T.);
#1485 = VERTEX_POINT('',#1486);
#1486 = CARTESIAN_POINT('',(2.979528057836,17.002987,-10.02427671386));
#1487 = HYPERBOLA('',#1488,1.449747468306,3.5);
#1488 = AXIS2_PLACEMENT_3D('',#1489,#1490,#1491);
#1489 = CARTESIAN_POINT('',(1.969165086754,18.752987,-8.350252531694));
#1490 = DIRECTION('',(0.866025403784,0.5,0.));
#1491 = DIRECTION('',(0.,0.,-1.));
#1492 = ORIENTED_EDGE('',*,*,#1493,.F.);
#1493 = EDGE_CURVE('',#1193,#1485,#1494,.T.);
#1494 = HYPERBOLA('',#1495,1.449747468306,3.5);
#1495 = AXIS2_PLACEMENT_3D('',#1496,#1497,#1498);
#1496 = CARTESIAN_POINT('',(5.000254,17.002987,-8.350252531694));
#1497 = DIRECTION('',(6.6E-16,1.,0.));
#1498 = DIRECTION('',(0.,0.,-1.));
#1499 = ORIENTED_EDGE('',*,*,#1201,.F.);
#1500 = CONICAL_SURFACE('',#1501,3.5,1.178097245096);
#1501 = AXIS2_PLACEMENT_3D('',#1502,#1503,#1504);
#1502 = CARTESIAN_POINT('',(5.000254,20.502987,-9.8));
#1503 = DIRECTION('',(-0.,-0.,-1.));
#1504 = DIRECTION('',(1.,0.,0.));
#1505 = ADVANCED_FACE('',(#1506),#1525,.T.);
#1506 = FACE_BOUND('',#1507,.T.);
#1507 = EDGE_LOOP('',(#1508,#1517,#1518));
#1508 = ORIENTED_EDGE('',*,*,#1509,.F.);
#1509 = EDGE_CURVE('',#1202,#1510,#1512,.T.);
#1510 = VERTEX_POINT('',#1511);
#1511 = CARTESIAN_POINT('',(0.958802115673,20.502987,-10.02427671386));
#1512 = HYPERBOLA('',#1513,1.449747468306,3.5);
#1513 = AXIS2_PLACEMENT_3D('',#1514,#1515,#1516);
#1514 = CARTESIAN_POINT('',(1.969165086754,18.752987,-8.350252531694));
#1515 = DIRECTION('',(0.866025403784,0.5,0.));
#1516 = DIRECTION('',(0.,0.,-1.));
#1517 = ORIENTED_EDGE('',*,*,#1210,.F.);
#1518 = ORIENTED_EDGE('',*,*,#1519,.F.);
#1519 = EDGE_CURVE('',#1510,#1211,#1520,.T.);
#1520 = HYPERBOLA('',#1521,1.449747468306,3.5);
#1521 = AXIS2_PLACEMENT_3D('',#1522,#1523,#1524);
#1522 = CARTESIAN_POINT('',(1.969165086754,22.252987,-8.350252531694));
#1523 = DIRECTION('',(0.866025403784,-0.5,0.));
#1524 = DIRECTION('',(0.,0.,-1.));
#1525 = CONICAL_SURFACE('',#1526,3.5,1.178097245096);
#1526 = AXIS2_PLACEMENT_3D('',#1527,#1528,#1529);
#1527 = CARTESIAN_POINT('',(5.000254,20.502987,-9.8));
#1528 = DIRECTION('',(-0.,-0.,-1.));
#1529 = DIRECTION('',(1.,0.,0.));
#1530 = ADVANCED_FACE('',(#1531),#1550,.T.);
#1531 = FACE_BOUND('',#1532,.T.);
#1532 = EDGE_LOOP('',(#1533,#1542,#1543));
#1533 = ORIENTED_EDGE('',*,*,#1534,.F.);
#1534 = EDGE_CURVE('',#1211,#1535,#1537,.T.);
#1535 = VERTEX_POINT('',#1536);
#1536 = CARTESIAN_POINT('',(2.979528057836,24.002987,-10.02427671386));
#1537 = HYPERBOLA('',#1538,1.449747468306,3.5);
#1538 = AXIS2_PLACEMENT_3D('',#1539,#1540,#1541);
#1539 = CARTESIAN_POINT('',(1.969165086754,22.252987,-8.350252531694));
#1540 = DIRECTION('',(0.866025403784,-0.5,0.));
#1541 = DIRECTION('',(0.,0.,-1.));
#1542 = ORIENTED_EDGE('',*,*,#1219,.F.);
#1543 = ORIENTED_EDGE('',*,*,#1544,.F.);
#1544 = EDGE_CURVE('',#1535,#1220,#1545,.T.);
#1545 = HYPERBOLA('',#1546,1.449747468306,3.5);
#1546 = AXIS2_PLACEMENT_3D('',#1547,#1548,#1549);
#1547 = CARTESIAN_POINT('',(5.000254,24.002987,-8.350252531694));
#1548 = DIRECTION('',(-2.2E-16,-1.,-0.));
#1549 = DIRECTION('',(0.,0.,-1.));
#1550 = CONICAL_SURFACE('',#1551,3.5,1.178097245096);
#1551 = AXIS2_PLACEMENT_3D('',#1552,#1553,#1554);
#1552 = CARTESIAN_POINT('',(5.000254,20.502987,-9.8));
#1553 = DIRECTION('',(-0.,-0.,-1.));
#1554 = DIRECTION('',(1.,0.,0.));
#1555 = ADVANCED_FACE('',(#1556),#1575,.T.);
#1556 = FACE_BOUND('',#1557,.T.);
#1557 = EDGE_LOOP('',(#1558,#1567,#1568));
#1558 = ORIENTED_EDGE('',*,*,#1559,.F.);
#1559 = EDGE_CURVE('',#1220,#1560,#1562,.T.);
#1560 = VERTEX_POINT('',#1561);
#1561 = CARTESIAN_POINT('',(7.020979942164,24.002987,-10.02427671386));
#1562 = HYPERBOLA('',#1563,1.449747468306,3.5);
#1563 = AXIS2_PLACEMENT_3D('',#1564,#1565,#1566);
#1564 = CARTESIAN_POINT('',(5.000254,24.002987,-8.350252531694));
#1565 = DIRECTION('',(-2.2E-16,-1.,-0.));
#1566 = DIRECTION('',(0.,0.,-1.));
#1567 = ORIENTED_EDGE('',*,*,#1228,.F.);
#1568 = ORIENTED_EDGE('',*,*,#1569,.F.);
#1569 = EDGE_CURVE('',#1560,#1175,#1570,.T.);
#1570 = HYPERBOLA('',#1571,1.449747468306,3.5);
#1571 = AXIS2_PLACEMENT_3D('',#1572,#1573,#1574);
#1572 = CARTESIAN_POINT('',(8.031342913246,22.252987,-8.350252531694));
#1573 = DIRECTION('',(-0.866025403784,-0.5,-0.));
#1574 = DIRECTION('',(0.,0.,-1.));
#1575 = CONICAL_SURFACE('',#1576,3.5,1.178097245096);
#1576 = AXIS2_PLACEMENT_3D('',#1577,#1578,#1579);
#1577 = CARTESIAN_POINT('',(5.000254,20.502987,-9.8));
#1578 = DIRECTION('',(-0.,-0.,-1.));
#1579 = DIRECTION('',(1.,0.,0.));
#1580 = ADVANCED_FACE('',(#1581),#1609,.F.);
#1581 = FACE_BOUND('',#1582,.F.);
#1582 = EDGE_LOOP('',(#1583,#1592,#1593,#1602));
#1583 = ORIENTED_EDGE('',*,*,#1584,.F.);
#1584 = EDGE_CURVE('',#1247,#1585,#1587,.T.);
#1585 = VERTEX_POINT('',#1586);
#1586 = CARTESIAN_POINT('',(5.531417051833,21.517329551788,
    9.885704270264));
#1587 = HYPERBOLA('',#1588,0.531931332531,0.26124451767);
#1588 = AXIS2_PLACEMENT_3D('',#1589,#1590,#1591);
#1589 = CARTESIAN_POINT('',(4.83020404082,20.705481991918,7.671214964998
    ));
#1590 = DIRECTION('',(0.641186995685,-0.763523591159,7.688278291233E-02)
  );
#1591 = DIRECTION('',(-4.944258379789E-02,5.887608356313E-02,
    0.997040138456));
#1592 = ORIENTED_EDGE('',*,*,#1246,.T.);
#1593 = ORIENTED_EDGE('',*,*,#1594,.F.);
#1594 = EDGE_CURVE('',#1595,#1249,#1597,.T.);
#1595 = VERTEX_POINT('',#1596);
#1596 = CARTESIAN_POINT('',(6.014596551788,21.034150051833,
    9.885704270264));
#1597 = HYPERBOLA('',#1598,0.531931332531,0.26124451767);
#1598 = AXIS2_PLACEMENT_3D('',#1599,#1600,#1601);
#1599 = CARTESIAN_POINT('',(5.202748991918,20.33293704082,7.671214964998
    ));
#1600 = DIRECTION('',(-0.763523591159,0.641186995685,7.688278291233E-02)
  );
#1601 = DIRECTION('',(5.887608356313E-02,-4.944258379789E-02,
    0.997040138456));
#1602 = ORIENTED_EDGE('',*,*,#1603,.T.);
#1603 = EDGE_CURVE('',#1595,#1585,#1604,.T.);
#1604 = CIRCLE('',#1605,1.145);
#1605 = AXIS2_PLACEMENT_3D('',#1606,#1607,#1608);
#1606 = CARTESIAN_POINT('',(5.000254,20.502987,9.885704270264));
#1607 = DIRECTION('',(0.,0.,1.));
#1608 = DIRECTION('',(1.,0.,0.));
#1609 = CONICAL_SURFACE('',#1610,2.373652527651,0.462512251778);
#1610 = AXIS2_PLACEMENT_3D('',#1611,#1612,#1613);
#1611 = CARTESIAN_POINT('',(5.000254,20.502987,12.35));
#1612 = DIRECTION('',(0.,0.,1.));
#1613 = DIRECTION('',(1.,0.,0.));
#1614 = ADVANCED_FACE('',(#1615),#1634,.T.);
#1615 = FACE_BOUND('',#1616,.T.);
#1616 = EDGE_LOOP('',(#1617,#1618,#1619,#1627));
#1617 = ORIENTED_EDGE('',*,*,#1584,.F.);
#1618 = ORIENTED_EDGE('',*,*,#1257,.T.);
#1619 = ORIENTED_EDGE('',*,*,#1620,.T.);
#1620 = EDGE_CURVE('',#1258,#1621,#1623,.T.);
#1621 = VERTEX_POINT('',#1622);
#1622 = CARTESIAN_POINT('',(5.395254,21.393855365168,9.795053594114));
#1623 = LINE('',#1624,#1625);
#1624 = CARTESIAN_POINT('',(5.395254,21.746784910192,13.3));
#1625 = VECTOR('',#1626,1.);
#1626 = DIRECTION('',(-0.,-0.100188061612,-0.994968518251));
#1627 = ORIENTED_EDGE('',*,*,#1628,.F.);
#1628 = EDGE_CURVE('',#1585,#1621,#1629,.T.);
#1629 = HYPERBOLA('',#1630,0.207393380127,0.388568709277);
#1630 = AXIS2_PLACEMENT_3D('',#1631,#1632,#1633);
#1631 = CARTESIAN_POINT('',(4.750158872078,20.800799543747,
    9.285375067384));
#1632 = DIRECTION('',(0.641186995685,-0.763523591159,7.688278291233E-02)
  );
#1633 = DIRECTION('',(-4.944258379789E-02,5.887608356313E-02,
    0.997040138456));
#1634 = PLANE('',#1635);
#1635 = AXIS2_PLACEMENT_3D('',#1636,#1637,#1638);
#1636 = CARTESIAN_POINT('',(6.962821725894,22.86063439977,
    11.288448485506));
#1637 = DIRECTION('',(0.641186995685,-0.763523591159,7.688278291233E-02)
  );
#1638 = DIRECTION('',(-0.765790224195,-0.64309045439,4.680977827576E-14)
  );
#1639 = ADVANCED_FACE('',(#1640),#1659,.T.);
#1640 = FACE_BOUND('',#1641,.T.);
#1641 = EDGE_LOOP('',(#1642,#1643,#1644,#1652));
#1642 = ORIENTED_EDGE('',*,*,#1620,.F.);
#1643 = ORIENTED_EDGE('',*,*,#1265,.T.);
#1644 = ORIENTED_EDGE('',*,*,#1645,.T.);
#1645 = EDGE_CURVE('',#1266,#1646,#1648,.T.);
#1646 = VERTEX_POINT('',#1647);
#1647 = CARTESIAN_POINT('',(5.000254,21.237987,9.667703403283));
#1648 = LINE('',#1649,#1650);
#1649 = CARTESIAN_POINT('',(5.000254,21.603740034945,13.3));
#1650 = VECTOR('',#1651,1.);
#1651 = DIRECTION('',(-0.,-0.100188061612,-0.994968518251));
#1652 = ORIENTED_EDGE('',*,*,#1653,.F.);
#1653 = EDGE_CURVE('',#1621,#1646,#1654,.T.);
#1654 = HYPERBOLA('',#1655,0.350222911598,0.654909647025);
#1655 = AXIS2_PLACEMENT_3D('',#1656,#1657,#1658);
#1656 = CARTESIAN_POINT('',(4.776974665618,21.119544125368,
    9.294449054822));
#1657 = DIRECTION('',(0.33898332763,-0.93605880101,9.425616500202E-02));
#1658 = DIRECTION('',(-3.209415235281E-02,8.862386826156E-02,
    0.995547977427));
#1659 = PLANE('',#1660);
#1660 = AXIS2_PLACEMENT_3D('',#1661,#1662,#1663);
#1661 = CARTESIAN_POINT('',(5.197754,21.472709885855,11.288448485506));
#1662 = DIRECTION('',(0.33898332763,-0.93605880101,9.425616500202E-02));
#1663 = DIRECTION('',(-0.940244792048,-0.340499237923,
    -7.066916496434E-14));
#1664 = ADVANCED_FACE('',(#1665),#1684,.T.);
#1665 = FACE_BOUND('',#1666,.T.);
#1666 = EDGE_LOOP('',(#1667,#1668,#1669,#1677));
#1667 = ORIENTED_EDGE('',*,*,#1645,.F.);
#1668 = ORIENTED_EDGE('',*,*,#1273,.T.);
#1669 = ORIENTED_EDGE('',*,*,#1670,.T.);
#1670 = EDGE_CURVE('',#1274,#1671,#1673,.T.);
#1671 = VERTEX_POINT('',#1672);
#1672 = CARTESIAN_POINT('',(4.605254,21.393855365168,9.795053594114));
#1673 = LINE('',#1674,#1675);
#1674 = CARTESIAN_POINT('',(4.605254,21.746784910192,13.3));
#1675 = VECTOR('',#1676,1.);
#1676 = DIRECTION('',(-0.,-0.100188061612,-0.994968518251));
#1677 = ORIENTED_EDGE('',*,*,#1678,.F.);
#1678 = EDGE_CURVE('',#1646,#1671,#1679,.T.);
#1679 = HYPERBOLA('',#1680,0.350222911598,0.654909647025);
#1680 = AXIS2_PLACEMENT_3D('',#1681,#1682,#1683);
#1681 = CARTESIAN_POINT('',(5.223533334382,21.119544125368,
    9.294449054822));
#1682 = DIRECTION('',(-0.33898332763,-0.93605880101,9.425616500202E-02)
  );
#1683 = DIRECTION('',(3.209415235281E-02,8.862386826156E-02,
    0.995547977427));
#1684 = PLANE('',#1685);
#1685 = AXIS2_PLACEMENT_3D('',#1686,#1687,#1688);
#1686 = CARTESIAN_POINT('',(4.802754,21.472709885855,11.288448485506));
#1687 = DIRECTION('',(-0.33898332763,-0.93605880101,9.425616500202E-02)
  );
#1688 = DIRECTION('',(-0.940244792048,0.340499237923,7.066916496434E-14)
  );
#1689 = ADVANCED_FACE('',(#1690),#1710,.T.);
#1690 = FACE_BOUND('',#1691,.T.);
#1691 = EDGE_LOOP('',(#1692,#1693,#1694,#1703));
#1692 = ORIENTED_EDGE('',*,*,#1670,.F.);
#1693 = ORIENTED_EDGE('',*,*,#1281,.T.);
#1694 = ORIENTED_EDGE('',*,*,#1695,.F.);
#1695 = EDGE_CURVE('',#1696,#1282,#1698,.T.);
#1696 = VERTEX_POINT('',#1697);
#1697 = CARTESIAN_POINT('',(4.469090948167,21.517329551788,
    9.885704270264));
#1698 = HYPERBOLA('',#1699,0.531931332531,0.26124451767);
#1699 = AXIS2_PLACEMENT_3D('',#1700,#1701,#1702);
#1700 = CARTESIAN_POINT('',(5.17030395918,20.705481991918,7.671214964998
    ));
#1701 = DIRECTION('',(-0.641186995685,-0.763523591159,7.688278291233E-02
    ));
#1702 = DIRECTION('',(4.944258379789E-02,5.887608356313E-02,
    0.997040138456));
#1703 = ORIENTED_EDGE('',*,*,#1704,.F.);
#1704 = EDGE_CURVE('',#1671,#1696,#1705,.T.);
#1705 = HYPERBOLA('',#1706,0.207393380127,0.388568709277);
#1706 = AXIS2_PLACEMENT_3D('',#1707,#1708,#1709);
#1707 = CARTESIAN_POINT('',(5.250349127922,20.800799543747,
    9.285375067384));
#1708 = DIRECTION('',(-0.641186995685,-0.763523591159,7.688278291233E-02
    ));
#1709 = DIRECTION('',(4.944258379789E-02,5.887608356313E-02,
    0.997040138456));
#1710 = PLANE('',#1711);
#1711 = AXIS2_PLACEMENT_3D('',#1712,#1713,#1714);
#1712 = CARTESIAN_POINT('',(3.037686274106,22.86063439977,
    11.288448485506));
#1713 = DIRECTION('',(-0.641186995685,-0.763523591159,7.688278291233E-02
    ));
#1714 = DIRECTION('',(-0.765790224195,0.64309045439,-4.680977827576E-14)
  );
#1715 = ADVANCED_FACE('',(#1716),#1736,.F.);
#1716 = FACE_BOUND('',#1717,.F.);
#1717 = EDGE_LOOP('',(#1718,#1727,#1728,#1729));
#1718 = ORIENTED_EDGE('',*,*,#1719,.F.);
#1719 = EDGE_CURVE('',#1290,#1720,#1722,.T.);
#1720 = VERTEX_POINT('',#1721);
#1721 = CARTESIAN_POINT('',(3.985911448212,21.034150051833,
    9.885704270264));
#1722 = HYPERBOLA('',#1723,0.531931332531,0.26124451767);
#1723 = AXIS2_PLACEMENT_3D('',#1724,#1725,#1726);
#1724 = CARTESIAN_POINT('',(4.797759008082,20.33293704082,7.671214964998
    ));
#1725 = DIRECTION('',(0.763523591159,0.641186995685,7.688278291233E-02)
  );
#1726 = DIRECTION('',(-5.887608356313E-02,-4.944258379789E-02,
    0.997040138456));
#1727 = ORIENTED_EDGE('',*,*,#1289,.T.);
#1728 = ORIENTED_EDGE('',*,*,#1695,.F.);
#1729 = ORIENTED_EDGE('',*,*,#1730,.T.);
#1730 = EDGE_CURVE('',#1696,#1720,#1731,.T.);
#1731 = CIRCLE('',#1732,1.145);
#1732 = AXIS2_PLACEMENT_3D('',#1733,#1734,#1735);
#1733 = CARTESIAN_POINT('',(5.000254,20.502987,9.885704270264));
#1734 = DIRECTION('',(0.,0.,1.));
#1735 = DIRECTION('',(1.,0.,0.));
#1736 = CONICAL_SURFACE('',#1737,2.373652527651,0.462512251778);
#1737 = AXIS2_PLACEMENT_3D('',#1738,#1739,#1740);
#1738 = CARTESIAN_POINT('',(5.000254,20.502987,12.35));
#1739 = DIRECTION('',(0.,0.,1.));
#1740 = DIRECTION('',(1.,0.,0.));
#1741 = ADVANCED_FACE('',(#1742),#1761,.T.);
#1742 = FACE_BOUND('',#1743,.T.);
#1743 = EDGE_LOOP('',(#1744,#1745,#1746,#1754));
#1744 = ORIENTED_EDGE('',*,*,#1719,.F.);
#1745 = ORIENTED_EDGE('',*,*,#1298,.T.);
#1746 = ORIENTED_EDGE('',*,*,#1747,.T.);
#1747 = EDGE_CURVE('',#1299,#1748,#1750,.T.);
#1748 = VERTEX_POINT('',#1749);
#1749 = CARTESIAN_POINT('',(4.109385634832,20.897987,9.795053594114));
#1750 = LINE('',#1751,#1752);
#1751 = CARTESIAN_POINT('',(3.756456089808,20.897987,13.3));
#1752 = VECTOR('',#1753,1.);
#1753 = DIRECTION('',(0.100188061612,0.,-0.994968518251));
#1754 = ORIENTED_EDGE('',*,*,#1755,.F.);
#1755 = EDGE_CURVE('',#1720,#1748,#1756,.T.);
#1756 = HYPERBOLA('',#1757,0.207393380127,0.388568709277);
#1757 = AXIS2_PLACEMENT_3D('',#1758,#1759,#1760);
#1758 = CARTESIAN_POINT('',(4.702441456253,20.252891872078,
    9.285375067384));
#1759 = DIRECTION('',(0.763523591159,0.641186995685,7.688278291233E-02)
  );
#1760 = DIRECTION('',(-5.887608356313E-02,-4.944258379789E-02,
    0.997040138456));
#1761 = PLANE('',#1762);
#1762 = AXIS2_PLACEMENT_3D('',#1763,#1764,#1765);
#1763 = CARTESIAN_POINT('',(2.64260660023,22.465554725894,
    11.288448485506));
#1764 = DIRECTION('',(0.763523591159,0.641186995685,7.688278291233E-02)
  );
#1765 = DIRECTION('',(0.64309045439,-0.765790224195,4.680977827576E-14)
  );
#1766 = ADVANCED_FACE('',(#1767),#1786,.T.);
#1767 = FACE_BOUND('',#1768,.T.);
#1768 = EDGE_LOOP('',(#1769,#1770,#1771,#1779));
#1769 = ORIENTED_EDGE('',*,*,#1747,.F.);
#1770 = ORIENTED_EDGE('',*,*,#1306,.T.);
#1771 = ORIENTED_EDGE('',*,*,#1772,.T.);
#1772 = EDGE_CURVE('',#1307,#1773,#1775,.T.);
#1773 = VERTEX_POINT('',#1774);
#1774 = CARTESIAN_POINT('',(4.265254,20.502987,9.667703403283));
#1775 = LINE('',#1776,#1777);
#1776 = CARTESIAN_POINT('',(3.899500965055,20.502987,13.3));
#1777 = VECTOR('',#1778,1.);
#1778 = DIRECTION('',(0.100188061612,0.,-0.994968518251));
#1779 = ORIENTED_EDGE('',*,*,#1780,.F.);
#1780 = EDGE_CURVE('',#1748,#1773,#1781,.T.);
#1781 = HYPERBOLA('',#1782,0.350222911598,0.654909647025);
#1782 = AXIS2_PLACEMENT_3D('',#1783,#1784,#1785);
#1783 = CARTESIAN_POINT('',(4.383696874632,20.279707665618,
    9.294449054822));
#1784 = DIRECTION('',(0.93605880101,0.33898332763,9.425616500202E-02));
#1785 = DIRECTION('',(-8.862386826156E-02,-3.209415235281E-02,
    0.995547977427));
#1786 = PLANE('',#1787);
#1787 = AXIS2_PLACEMENT_3D('',#1788,#1789,#1790);
#1788 = CARTESIAN_POINT('',(4.030531114145,20.700487,11.288448485506));
#1789 = DIRECTION('',(0.93605880101,0.33898332763,9.425616500202E-02));
#1790 = DIRECTION('',(0.340499237923,-0.940244792048,-7.066916496434E-14
    ));
#1791 = ADVANCED_FACE('',(#1792),#1811,.T.);
#1792 = FACE_BOUND('',#1793,.T.);
#1793 = EDGE_LOOP('',(#1794,#1795,#1796,#1804));
#1794 = ORIENTED_EDGE('',*,*,#1772,.F.);
#1795 = ORIENTED_EDGE('',*,*,#1314,.T.);
#1796 = ORIENTED_EDGE('',*,*,#1797,.T.);
#1797 = EDGE_CURVE('',#1315,#1798,#1800,.T.);
#1798 = VERTEX_POINT('',#1799);
#1799 = CARTESIAN_POINT('',(4.109385634832,20.107987,9.795053594114));
#1800 = LINE('',#1801,#1802);
#1801 = CARTESIAN_POINT('',(3.756456089808,20.107987,13.3));
#1802 = VECTOR('',#1803,1.);
#1803 = DIRECTION('',(0.100188061612,0.,-0.994968518251));
#1804 = ORIENTED_EDGE('',*,*,#1805,.F.);
#1805 = EDGE_CURVE('',#1773,#1798,#1806,.T.);
#1806 = HYPERBOLA('',#1807,0.350222911598,0.654909647025);
#1807 = AXIS2_PLACEMENT_3D('',#1808,#1809,#1810);
#1808 = CARTESIAN_POINT('',(4.383696874632,20.726266334382,
    9.294449054822));
#1809 = DIRECTION('',(0.93605880101,-0.33898332763,9.425616500202E-02));
#1810 = DIRECTION('',(-8.862386826156E-02,3.209415235281E-02,
    0.995547977427));
#1811 = PLANE('',#1812);
#1812 = AXIS2_PLACEMENT_3D('',#1813,#1814,#1815);
#1813 = CARTESIAN_POINT('',(4.030531114145,20.305487,11.288448485506));
#1814 = DIRECTION('',(0.93605880101,-0.33898332763,9.425616500202E-02));
#1815 = DIRECTION('',(-0.340499237923,-0.940244792048,7.066916496434E-14
    ));
#1816 = ADVANCED_FACE('',(#1817),#1837,.T.);
#1817 = FACE_BOUND('',#1818,.T.);
#1818 = EDGE_LOOP('',(#1819,#1820,#1821,#1830));
#1819 = ORIENTED_EDGE('',*,*,#1797,.F.);
#1820 = ORIENTED_EDGE('',*,*,#1322,.T.);
#1821 = ORIENTED_EDGE('',*,*,#1822,.F.);
#1822 = EDGE_CURVE('',#1823,#1323,#1825,.T.);
#1823 = VERTEX_POINT('',#1824);
#1824 = CARTESIAN_POINT('',(3.985911448212,19.971823948167,
    9.885704270264));
#1825 = HYPERBOLA('',#1826,0.531931332531,0.26124451767);
#1826 = AXIS2_PLACEMENT_3D('',#1827,#1828,#1829);
#1827 = CARTESIAN_POINT('',(4.797759008082,20.67303695918,7.671214964998
    ));
#1828 = DIRECTION('',(0.763523591159,-0.641186995685,7.688278291233E-02)
  );
#1829 = DIRECTION('',(-5.887608356313E-02,4.944258379789E-02,
    0.997040138456));
#1830 = ORIENTED_EDGE('',*,*,#1831,.F.);
#1831 = EDGE_CURVE('',#1798,#1823,#1832,.T.);
#1832 = HYPERBOLA('',#1833,0.207393380127,0.388568709277);
#1833 = AXIS2_PLACEMENT_3D('',#1834,#1835,#1836);
#1834 = CARTESIAN_POINT('',(4.702441456253,20.753082127922,
    9.285375067384));
#1835 = DIRECTION('',(0.763523591159,-0.641186995685,7.688278291233E-02)
  );
#1836 = DIRECTION('',(-5.887608356313E-02,4.944258379789E-02,
    0.997040138456));
#1837 = PLANE('',#1838);
#1838 = AXIS2_PLACEMENT_3D('',#1839,#1840,#1841);
#1839 = CARTESIAN_POINT('',(2.64260660023,18.540419274106,
    11.288448485506));
#1840 = DIRECTION('',(0.763523591159,-0.641186995685,7.688278291233E-02)
  );
#1841 = DIRECTION('',(-0.64309045439,-0.765790224195,-4.680977827576E-14
    ));
#1842 = ADVANCED_FACE('',(#1843),#1863,.F.);
#1843 = FACE_BOUND('',#1844,.F.);
#1844 = EDGE_LOOP('',(#1845,#1854,#1855,#1856));
#1845 = ORIENTED_EDGE('',*,*,#1846,.F.);
#1846 = EDGE_CURVE('',#1331,#1847,#1849,.T.);
#1847 = VERTEX_POINT('',#1848);
#1848 = CARTESIAN_POINT('',(4.469090948167,19.488644448212,
    9.885704270264));
#1849 = HYPERBOLA('',#1850,0.531931332531,0.26124451767);
#1850 = AXIS2_PLACEMENT_3D('',#1851,#1852,#1853);
#1851 = CARTESIAN_POINT('',(5.17030395918,20.300492008082,7.671214964998
    ));
#1852 = DIRECTION('',(-0.641186995685,0.763523591159,7.688278291233E-02)
  );
#1853 = DIRECTION('',(4.944258379789E-02,-5.887608356313E-02,
    0.997040138456));
#1854 = ORIENTED_EDGE('',*,*,#1330,.T.);
#1855 = ORIENTED_EDGE('',*,*,#1822,.F.);
#1856 = ORIENTED_EDGE('',*,*,#1857,.T.);
#1857 = EDGE_CURVE('',#1823,#1847,#1858,.T.);
#1858 = CIRCLE('',#1859,1.145);
#1859 = AXIS2_PLACEMENT_3D('',#1860,#1861,#1862);
#1860 = CARTESIAN_POINT('',(5.000254,20.502987,9.885704270264));
#1861 = DIRECTION('',(0.,0.,1.));
#1862 = DIRECTION('',(1.,0.,0.));
#1863 = CONICAL_SURFACE('',#1864,2.373652527651,0.462512251778);
#1864 = AXIS2_PLACEMENT_3D('',#1865,#1866,#1867);
#1865 = CARTESIAN_POINT('',(5.000254,20.502987,12.35));
#1866 = DIRECTION('',(0.,0.,1.));
#1867 = DIRECTION('',(1.,0.,0.));
#1868 = ADVANCED_FACE('',(#1869),#1888,.T.);
#1869 = FACE_BOUND('',#1870,.T.);
#1870 = EDGE_LOOP('',(#1871,#1872,#1873,#1881));
#1871 = ORIENTED_EDGE('',*,*,#1846,.F.);
#1872 = ORIENTED_EDGE('',*,*,#1339,.T.);
#1873 = ORIENTED_EDGE('',*,*,#1874,.T.);
#1874 = EDGE_CURVE('',#1340,#1875,#1877,.T.);
#1875 = VERTEX_POINT('',#1876);
#1876 = CARTESIAN_POINT('',(4.605254,19.612118634832,9.795053594114));
#1877 = LINE('',#1878,#1879);
#1878 = CARTESIAN_POINT('',(4.605254,19.259189089808,13.3));
#1879 = VECTOR('',#1880,1.);
#1880 = DIRECTION('',(0.,0.100188061612,-0.994968518251));
#1881 = ORIENTED_EDGE('',*,*,#1882,.F.);
#1882 = EDGE_CURVE('',#1847,#1875,#1883,.T.);
#1883 = HYPERBOLA('',#1884,0.207393380127,0.388568709277);
#1884 = AXIS2_PLACEMENT_3D('',#1885,#1886,#1887);
#1885 = CARTESIAN_POINT('',(5.250349127922,20.205174456253,
    9.285375067384));
#1886 = DIRECTION('',(-0.641186995685,0.763523591159,7.688278291233E-02)
  );
#1887 = DIRECTION('',(4.944258379789E-02,-5.887608356313E-02,
    0.997040138456));
#1888 = PLANE('',#1889);
#1889 = AXIS2_PLACEMENT_3D('',#1890,#1891,#1892);
#1890 = CARTESIAN_POINT('',(3.037686274106,18.14533960023,
    11.288448485506));
#1891 = DIRECTION('',(-0.641186995685,0.763523591159,7.688278291233E-02)
  );
#1892 = DIRECTION('',(0.765790224195,0.64309045439,4.680977827576E-14));
#1893 = ADVANCED_FACE('',(#1894),#1913,.T.);
#1894 = FACE_BOUND('',#1895,.T.);
#1895 = EDGE_LOOP('',(#1896,#1897,#1898,#1906));
#1896 = ORIENTED_EDGE('',*,*,#1874,.F.);
#1897 = ORIENTED_EDGE('',*,*,#1347,.T.);
#1898 = ORIENTED_EDGE('',*,*,#1899,.T.);
#1899 = EDGE_CURVE('',#1348,#1900,#1902,.T.);
#1900 = VERTEX_POINT('',#1901);
#1901 = CARTESIAN_POINT('',(5.000254,19.767987,9.667703403283));
#1902 = LINE('',#1903,#1904);
#1903 = CARTESIAN_POINT('',(5.000254,19.402233965055,13.3));
#1904 = VECTOR('',#1905,1.);
#1905 = DIRECTION('',(0.,0.100188061612,-0.994968518251));
#1906 = ORIENTED_EDGE('',*,*,#1907,.F.);
#1907 = EDGE_CURVE('',#1875,#1900,#1908,.T.);
#1908 = HYPERBOLA('',#1909,0.350222911598,0.654909647025);
#1909 = AXIS2_PLACEMENT_3D('',#1910,#1911,#1912);
#1910 = CARTESIAN_POINT('',(5.223533334382,19.886429874632,
    9.294449054822));
#1911 = DIRECTION('',(-0.33898332763,0.93605880101,9.425616500202E-02));
#1912 = DIRECTION('',(3.209415235281E-02,-8.862386826156E-02,
    0.995547977427));
#1913 = PLANE('',#1914);
#1914 = AXIS2_PLACEMENT_3D('',#1915,#1916,#1917);
#1915 = CARTESIAN_POINT('',(4.802754,19.533264114145,11.288448485506));
#1916 = DIRECTION('',(-0.33898332763,0.93605880101,9.425616500202E-02));
#1917 = DIRECTION('',(0.940244792048,0.340499237923,-7.066916496434E-14)
  );
#1918 = ADVANCED_FACE('',(#1919),#1938,.T.);
#1919 = FACE_BOUND('',#1920,.T.);
#1920 = EDGE_LOOP('',(#1921,#1922,#1923,#1931));
#1921 = ORIENTED_EDGE('',*,*,#1899,.F.);
#1922 = ORIENTED_EDGE('',*,*,#1355,.T.);
#1923 = ORIENTED_EDGE('',*,*,#1924,.T.);
#1924 = EDGE_CURVE('',#1356,#1925,#1927,.T.);
#1925 = VERTEX_POINT('',#1926);
#1926 = CARTESIAN_POINT('',(5.395254,19.612118634832,9.795053594114));
#1927 = LINE('',#1928,#1929);
#1928 = CARTESIAN_POINT('',(5.395254,19.259189089808,13.3));
#1929 = VECTOR('',#1930,1.);
#1930 = DIRECTION('',(0.,0.100188061612,-0.994968518251));
#1931 = ORIENTED_EDGE('',*,*,#1932,.F.);
#1932 = EDGE_CURVE('',#1900,#1925,#1933,.T.);
#1933 = HYPERBOLA('',#1934,0.350222911598,0.654909647025);
#1934 = AXIS2_PLACEMENT_3D('',#1935,#1936,#1937);
#1935 = CARTESIAN_POINT('',(4.776974665618,19.886429874632,
    9.294449054822));
#1936 = DIRECTION('',(0.33898332763,0.93605880101,9.425616500202E-02));
#1937 = DIRECTION('',(-3.209415235281E-02,-8.862386826156E-02,
    0.995547977427));
#1938 = PLANE('',#1939);
#1939 = AXIS2_PLACEMENT_3D('',#1940,#1941,#1942);
#1940 = CARTESIAN_POINT('',(5.197754,19.533264114145,11.288448485506));
#1941 = DIRECTION('',(0.33898332763,0.93605880101,9.425616500202E-02));
#1942 = DIRECTION('',(0.940244792048,-0.340499237923,7.066916496434E-14)
  );
#1943 = ADVANCED_FACE('',(#1944),#1964,.T.);
#1944 = FACE_BOUND('',#1945,.T.);
#1945 = EDGE_LOOP('',(#1946,#1947,#1948,#1957));
#1946 = ORIENTED_EDGE('',*,*,#1924,.F.);
#1947 = ORIENTED_EDGE('',*,*,#1363,.T.);
#1948 = ORIENTED_EDGE('',*,*,#1949,.F.);
#1949 = EDGE_CURVE('',#1950,#1364,#1952,.T.);
#1950 = VERTEX_POINT('',#1951);
#1951 = CARTESIAN_POINT('',(5.531417051833,19.488644448212,
    9.885704270264));
#1952 = HYPERBOLA('',#1953,0.531931332531,0.26124451767);
#1953 = AXIS2_PLACEMENT_3D('',#1954,#1955,#1956);
#1954 = CARTESIAN_POINT('',(4.83020404082,20.300492008082,7.671214964998
    ));
#1955 = DIRECTION('',(0.641186995685,0.763523591159,7.688278291233E-02)
  );
#1956 = DIRECTION('',(-4.944258379789E-02,-5.887608356313E-02,
    0.997040138456));
#1957 = ORIENTED_EDGE('',*,*,#1958,.F.);
#1958 = EDGE_CURVE('',#1925,#1950,#1959,.T.);
#1959 = HYPERBOLA('',#1960,0.207393380127,0.388568709277);
#1960 = AXIS2_PLACEMENT_3D('',#1961,#1962,#1963);
#1961 = CARTESIAN_POINT('',(4.750158872078,20.205174456253,
    9.285375067384));
#1962 = DIRECTION('',(0.641186995685,0.763523591159,7.688278291233E-02)
  );
#1963 = DIRECTION('',(-4.944258379789E-02,-5.887608356313E-02,
    0.997040138456));
#1964 = PLANE('',#1965);
#1965 = AXIS2_PLACEMENT_3D('',#1966,#1967,#1968);
#1966 = CARTESIAN_POINT('',(6.962821725894,18.14533960023,
    11.288448485506));
#1967 = DIRECTION('',(0.641186995685,0.763523591159,7.688278291233E-02)
  );
#1968 = DIRECTION('',(0.765790224195,-0.64309045439,-4.680977827576E-14)
  );
#1969 = ADVANCED_FACE('',(#1970),#1990,.F.);
#1970 = FACE_BOUND('',#1971,.F.);
#1971 = EDGE_LOOP('',(#1972,#1981,#1982,#1983));
#1972 = ORIENTED_EDGE('',*,*,#1973,.F.);
#1973 = EDGE_CURVE('',#1372,#1974,#1976,.T.);
#1974 = VERTEX_POINT('',#1975);
#1975 = CARTESIAN_POINT('',(6.014596551788,19.971823948167,
    9.885704270264));
#1976 = HYPERBOLA('',#1977,0.531931332531,0.26124451767);
#1977 = AXIS2_PLACEMENT_3D('',#1978,#1979,#1980);
#1978 = CARTESIAN_POINT('',(5.202748991918,20.67303695918,7.671214964998
    ));
#1979 = DIRECTION('',(-0.763523591159,-0.641186995685,7.688278291233E-02
    ));
#1980 = DIRECTION('',(5.887608356313E-02,4.944258379789E-02,
    0.997040138456));
#1981 = ORIENTED_EDGE('',*,*,#1371,.T.);
#1982 = ORIENTED_EDGE('',*,*,#1949,.F.);
#1983 = ORIENTED_EDGE('',*,*,#1984,.T.);
#1984 = EDGE_CURVE('',#1950,#1974,#1985,.T.);
#1985 = CIRCLE('',#1986,1.145);
#1986 = AXIS2_PLACEMENT_3D('',#1987,#1988,#1989);
#1987 = CARTESIAN_POINT('',(5.000254,20.502987,9.885704270264));
#1988 = DIRECTION('',(0.,0.,1.));
#1989 = DIRECTION('',(1.,0.,0.));
#1990 = CONICAL_SURFACE('',#1991,2.373652527651,0.462512251778);
#1991 = AXIS2_PLACEMENT_3D('',#1992,#1993,#1994);
#1992 = CARTESIAN_POINT('',(5.000254,20.502987,12.35));
#1993 = DIRECTION('',(0.,0.,1.));
#1994 = DIRECTION('',(1.,0.,0.));
#1995 = ADVANCED_FACE('',(#1996),#2015,.T.);
#1996 = FACE_BOUND('',#1997,.T.);
#1997 = EDGE_LOOP('',(#1998,#1999,#2000,#2008));
#1998 = ORIENTED_EDGE('',*,*,#1973,.F.);
#1999 = ORIENTED_EDGE('',*,*,#1380,.T.);
#2000 = ORIENTED_EDGE('',*,*,#2001,.T.);
#2001 = EDGE_CURVE('',#1381,#2002,#2004,.T.);
#2002 = VERTEX_POINT('',#2003);
#2003 = CARTESIAN_POINT('',(5.891122365168,20.107987,9.795053594114));
#2004 = LINE('',#2005,#2006);
#2005 = CARTESIAN_POINT('',(6.244051910192,20.107987,13.3));
#2006 = VECTOR('',#2007,1.);
#2007 = DIRECTION('',(-0.100188061612,0.,-0.994968518251));
#2008 = ORIENTED_EDGE('',*,*,#2009,.F.);
#2009 = EDGE_CURVE('',#1974,#2002,#2010,.T.);
#2010 = HYPERBOLA('',#2011,0.207393380127,0.388568709277);
#2011 = AXIS2_PLACEMENT_3D('',#2012,#2013,#2014);
#2012 = CARTESIAN_POINT('',(5.298066543747,20.753082127922,
    9.285375067384));
#2013 = DIRECTION('',(-0.763523591159,-0.641186995685,7.688278291233E-02
    ));
#2014 = DIRECTION('',(5.887608356313E-02,4.944258379789E-02,
    0.997040138456));
#2015 = PLANE('',#2016);
#2016 = AXIS2_PLACEMENT_3D('',#2017,#2018,#2019);
#2017 = CARTESIAN_POINT('',(7.35790139977,18.540419274106,
    11.288448485506));
#2018 = DIRECTION('',(-0.763523591159,-0.641186995685,7.688278291233E-02
    ));
#2019 = DIRECTION('',(-0.64309045439,0.765790224195,4.680977827576E-14)
  );
#2020 = ADVANCED_FACE('',(#2021),#2040,.T.);
#2021 = FACE_BOUND('',#2022,.T.);
#2022 = EDGE_LOOP('',(#2023,#2024,#2025,#2033));
#2023 = ORIENTED_EDGE('',*,*,#2001,.F.);
#2024 = ORIENTED_EDGE('',*,*,#1388,.T.);
#2025 = ORIENTED_EDGE('',*,*,#2026,.T.);
#2026 = EDGE_CURVE('',#1389,#2027,#2029,.T.);
#2027 = VERTEX_POINT('',#2028);
#2028 = CARTESIAN_POINT('',(5.735254,20.502987,9.667703403283));
#2029 = LINE('',#2030,#2031);
#2030 = CARTESIAN_POINT('',(6.101007034945,20.502987,13.3));
#2031 = VECTOR('',#2032,1.);
#2032 = DIRECTION('',(-0.100188061612,0.,-0.994968518251));
#2033 = ORIENTED_EDGE('',*,*,#2034,.F.);
#2034 = EDGE_CURVE('',#2002,#2027,#2035,.T.);
#2035 = HYPERBOLA('',#2036,0.350222911598,0.654909647025);
#2036 = AXIS2_PLACEMENT_3D('',#2037,#2038,#2039);
#2037 = CARTESIAN_POINT('',(5.616811125368,20.726266334382,
    9.294449054822));
#2038 = DIRECTION('',(-0.93605880101,-0.33898332763,9.425616500202E-02)
  );
#2039 = DIRECTION('',(8.862386826156E-02,3.209415235281E-02,
    0.995547977427));
#2040 = PLANE('',#2041);
#2041 = AXIS2_PLACEMENT_3D('',#2042,#2043,#2044);
#2042 = CARTESIAN_POINT('',(5.969976885855,20.305487,11.288448485506));
#2043 = DIRECTION('',(-0.93605880101,-0.33898332763,9.425616500202E-02)
  );
#2044 = DIRECTION('',(-0.340499237923,0.940244792048,-7.066916496434E-14
    ));
#2045 = ADVANCED_FACE('',(#2046),#2065,.T.);
#2046 = FACE_BOUND('',#2047,.T.);
#2047 = EDGE_LOOP('',(#2048,#2057,#2058,#2059));
#2048 = ORIENTED_EDGE('',*,*,#2049,.F.);
#2049 = EDGE_CURVE('',#2027,#2050,#2052,.T.);
#2050 = VERTEX_POINT('',#2051);
#2051 = CARTESIAN_POINT('',(5.891122365168,20.897987,9.795053594114));
#2052 = HYPERBOLA('',#2053,0.350222911598,0.654909647025);
#2053 = AXIS2_PLACEMENT_3D('',#2054,#2055,#2056);
#2054 = CARTESIAN_POINT('',(5.616811125368,20.279707665618,
    9.294449054822));
#2055 = DIRECTION('',(-0.93605880101,0.33898332763,9.425616500202E-02));
#2056 = DIRECTION('',(8.862386826156E-02,-3.209415235281E-02,
    0.995547977427));
#2057 = ORIENTED_EDGE('',*,*,#2026,.F.);
#2058 = ORIENTED_EDGE('',*,*,#1396,.T.);
#2059 = ORIENTED_EDGE('',*,*,#2060,.T.);
#2060 = EDGE_CURVE('',#1397,#2050,#2061,.T.);
#2061 = LINE('',#2062,#2063);
#2062 = CARTESIAN_POINT('',(6.244051910192,20.897987,13.3));
#2063 = VECTOR('',#2064,1.);
#2064 = DIRECTION('',(-0.100188061612,0.,-0.994968518251));
#2065 = PLANE('',#2066);
#2066 = AXIS2_PLACEMENT_3D('',#2067,#2068,#2069);
#2067 = CARTESIAN_POINT('',(5.969976885855,20.700487,11.288448485506));
#2068 = DIRECTION('',(-0.93605880101,0.33898332763,9.425616500202E-02));
#2069 = DIRECTION('',(0.340499237923,0.940244792048,7.066916496434E-14)
  );
#2070 = ADVANCED_FACE('',(#2071),#2083,.T.);
#2071 = FACE_BOUND('',#2072,.T.);
#2072 = EDGE_LOOP('',(#2073,#2074,#2075,#2076));
#2073 = ORIENTED_EDGE('',*,*,#2060,.F.);
#2074 = ORIENTED_EDGE('',*,*,#1404,.T.);
#2075 = ORIENTED_EDGE('',*,*,#1594,.F.);
#2076 = ORIENTED_EDGE('',*,*,#2077,.F.);
#2077 = EDGE_CURVE('',#2050,#1595,#2078,.T.);
#2078 = HYPERBOLA('',#2079,0.207393380127,0.388568709277);
#2079 = AXIS2_PLACEMENT_3D('',#2080,#2081,#2082);
#2080 = CARTESIAN_POINT('',(5.298066543747,20.252891872078,
    9.285375067384));
#2081 = DIRECTION('',(-0.763523591159,0.641186995685,7.688278291233E-02)
  );
#2082 = DIRECTION('',(5.887608356313E-02,-4.944258379789E-02,
    0.997040138456));
#2083 = PLANE('',#2084);
#2084 = AXIS2_PLACEMENT_3D('',#2085,#2086,#2087);
#2085 = CARTESIAN_POINT('',(7.35790139977,22.465554725894,
    11.288448485506));
#2086 = DIRECTION('',(-0.763523591159,0.641186995685,7.688278291233E-02)
  );
#2087 = DIRECTION('',(0.64309045439,0.765790224195,-4.680977827576E-14)
  );
#2088 = ADVANCED_FACE('',(#2089),#2125,.F.);
#2089 = FACE_BOUND('',#2090,.F.);
#2090 = EDGE_LOOP('',(#2091,#2102,#2108,#2109,#2110,#2118));
#2091 = ORIENTED_EDGE('',*,*,#2092,.F.);
#2092 = EDGE_CURVE('',#2093,#2095,#2097,.T.);
#2093 = VERTEX_POINT('',#2094);
#2094 = CARTESIAN_POINT('',(9.041705884327,20.502987,-12.77572328613));
#2095 = VERTEX_POINT('',#2096);
#2096 = CARTESIAN_POINT('',(8.031342921769,22.252986985236,-13.));
#2097 = HYPERBOLA('',#2098,1.449747468306,3.5);
#2098 = AXIS2_PLACEMENT_3D('',#2099,#2100,#2101);
#2099 = CARTESIAN_POINT('',(8.031342913246,22.252987,-14.4497474683));
#2100 = DIRECTION('',(-0.866025403784,-0.5,0.));
#2101 = DIRECTION('',(0.,0.,1.));
#2102 = ORIENTED_EDGE('',*,*,#2103,.F.);
#2103 = EDGE_CURVE('',#1419,#2093,#2104,.T.);
#2104 = LINE('',#2105,#2106);
#2105 = CARTESIAN_POINT('',(9.041705884327,20.502987,-10.02427671386));
#2106 = VECTOR('',#2107,1.);
#2107 = DIRECTION('',(0.,0.,-1.));
#2108 = ORIENTED_EDGE('',*,*,#1418,.F.);
#2109 = ORIENTED_EDGE('',*,*,#1569,.F.);
#2110 = ORIENTED_EDGE('',*,*,#2111,.F.);
#2111 = EDGE_CURVE('',#2112,#1560,#2114,.T.);
#2112 = VERTEX_POINT('',#2113);
#2113 = CARTESIAN_POINT('',(7.020979942164,24.002987,-12.77572328613));
#2114 = LINE('',#2115,#2116);
#2115 = CARTESIAN_POINT('',(7.020979942164,24.002987,-13.));
#2116 = VECTOR('',#2117,1.);
#2117 = DIRECTION('',(0.,0.,1.));
#2118 = ORIENTED_EDGE('',*,*,#2119,.F.);
#2119 = EDGE_CURVE('',#2095,#2112,#2120,.T.);
#2120 = HYPERBOLA('',#2121,1.449747468306,3.5);
#2121 = AXIS2_PLACEMENT_3D('',#2122,#2123,#2124);
#2122 = CARTESIAN_POINT('',(8.031342913246,22.252987,-14.4497474683));
#2123 = DIRECTION('',(-0.866025403784,-0.5,0.));
#2124 = DIRECTION('',(0.,0.,1.));
#2125 = PLANE('',#2126);
#2126 = AXIS2_PLACEMENT_3D('',#2127,#2128,#2129);
#2127 = CARTESIAN_POINT('',(9.041705884327,20.502987,-13.));
#2128 = DIRECTION('',(-0.866025403784,-0.5,0.));
#2129 = DIRECTION('',(-0.5,0.866025403784,0.));
#2130 = ADVANCED_FACE('',(#2131),#2160,.F.);
#2131 = FACE_BOUND('',#2132,.F.);
#2132 = EDGE_LOOP('',(#2133,#2144,#2150,#2151,#2152,#2153));
#2133 = ORIENTED_EDGE('',*,*,#2134,.F.);
#2134 = EDGE_CURVE('',#2135,#2137,#2139,.T.);
#2135 = VERTEX_POINT('',#2136);
#2136 = CARTESIAN_POINT('',(7.020979942164,17.002987,-12.77572328613));
#2137 = VERTEX_POINT('',#2138);
#2138 = CARTESIAN_POINT('',(8.031342914019,18.752987001339,-13.));
#2139 = HYPERBOLA('',#2140,1.449747468306,3.5);
#2140 = AXIS2_PLACEMENT_3D('',#2141,#2142,#2143);
#2141 = CARTESIAN_POINT('',(8.031342913246,18.752987,-14.4497474683));
#2142 = DIRECTION('',(-0.866025403784,0.5,0.));
#2143 = DIRECTION('',(0.,0.,1.));
#2144 = ORIENTED_EDGE('',*,*,#2145,.T.);
#2145 = EDGE_CURVE('',#2135,#1460,#2146,.T.);
#2146 = LINE('',#2147,#2148);
#2147 = CARTESIAN_POINT('',(7.020979942164,17.002987,-13.));
#2148 = VECTOR('',#2149,1.);
#2149 = DIRECTION('',(0.,0.,1.));
#2150 = ORIENTED_EDGE('',*,*,#1468,.F.);
#2151 = ORIENTED_EDGE('',*,*,#1442,.F.);
#2152 = ORIENTED_EDGE('',*,*,#2103,.T.);
#2153 = ORIENTED_EDGE('',*,*,#2154,.F.);
#2154 = EDGE_CURVE('',#2137,#2093,#2155,.T.);
#2155 = HYPERBOLA('',#2156,1.449747468306,3.5);
#2156 = AXIS2_PLACEMENT_3D('',#2157,#2158,#2159);
#2157 = CARTESIAN_POINT('',(8.031342913246,18.752987,-14.4497474683));
#2158 = DIRECTION('',(-0.866025403784,0.5,0.));
#2159 = DIRECTION('',(0.,0.,1.));
#2160 = PLANE('',#2161);
#2161 = AXIS2_PLACEMENT_3D('',#2162,#2163,#2164);
#2162 = CARTESIAN_POINT('',(7.020979942164,17.002987,-13.));
#2163 = DIRECTION('',(-0.866025403784,0.5,0.));
#2164 = DIRECTION('',(0.5,0.866025403784,0.));
#2165 = ADVANCED_FACE('',(#2166),#2195,.F.);
#2166 = FACE_BOUND('',#2167,.F.);
#2167 = EDGE_LOOP('',(#2168,#2179,#2185,#2186,#2187,#2188));
#2168 = ORIENTED_EDGE('',*,*,#2169,.F.);
#2169 = EDGE_CURVE('',#2170,#2172,#2174,.T.);
#2170 = VERTEX_POINT('',#2171);
#2171 = CARTESIAN_POINT('',(2.979528057836,17.002987,-12.77572328613));
#2172 = VERTEX_POINT('',#2173);
#2173 = CARTESIAN_POINT('',(5.000254,17.002987,-13.));
#2174 = HYPERBOLA('',#2175,1.449747468306,3.5);
#2175 = AXIS2_PLACEMENT_3D('',#2176,#2177,#2178);
#2176 = CARTESIAN_POINT('',(5.000254,17.002987,-14.4497474683));
#2177 = DIRECTION('',(6.6E-16,1.,-0.));
#2178 = DIRECTION('',(0.,0.,1.));
#2179 = ORIENTED_EDGE('',*,*,#2180,.T.);
#2180 = EDGE_CURVE('',#2170,#1485,#2181,.T.);
#2181 = LINE('',#2182,#2183);
#2182 = CARTESIAN_POINT('',(2.979528057836,17.002987,-13.));
#2183 = VECTOR('',#2184,1.);
#2184 = DIRECTION('',(0.,0.,1.));
#2185 = ORIENTED_EDGE('',*,*,#1493,.F.);
#2186 = ORIENTED_EDGE('',*,*,#1459,.F.);
#2187 = ORIENTED_EDGE('',*,*,#2145,.F.);
#2188 = ORIENTED_EDGE('',*,*,#2189,.F.);
#2189 = EDGE_CURVE('',#2172,#2135,#2190,.T.);
#2190 = HYPERBOLA('',#2191,1.449747468306,3.5);
#2191 = AXIS2_PLACEMENT_3D('',#2192,#2193,#2194);
#2192 = CARTESIAN_POINT('',(5.000254,17.002987,-14.4497474683));
#2193 = DIRECTION('',(6.6E-16,1.,-0.));
#2194 = DIRECTION('',(0.,0.,1.));
#2195 = PLANE('',#2196);
#2196 = AXIS2_PLACEMENT_3D('',#2197,#2198,#2199);
#2197 = CARTESIAN_POINT('',(2.979528057836,17.002987,-13.));
#2198 = DIRECTION('',(6.6E-16,1.,0.));
#2199 = DIRECTION('',(1.,-6.6E-16,0.));
#2200 = ADVANCED_FACE('',(#2201),#2230,.F.);
#2201 = FACE_BOUND('',#2202,.F.);
#2202 = EDGE_LOOP('',(#2203,#2214,#2220,#2221,#2222,#2223));
#2203 = ORIENTED_EDGE('',*,*,#2204,.F.);
#2204 = EDGE_CURVE('',#2205,#2207,#2209,.T.);
#2205 = VERTEX_POINT('',#2206);
#2206 = CARTESIAN_POINT('',(0.958802115673,20.502987,-12.77572328613));
#2207 = VERTEX_POINT('',#2208);
#2208 = CARTESIAN_POINT('',(1.969165078231,18.752987014764,-13.));
#2209 = HYPERBOLA('',#2210,1.449747468306,3.5);
#2210 = AXIS2_PLACEMENT_3D('',#2211,#2212,#2213);
#2211 = CARTESIAN_POINT('',(1.969165086754,18.752987,-14.4497474683));
#2212 = DIRECTION('',(0.866025403784,0.5,-0.));
#2213 = DIRECTION('',(0.,0.,1.));
#2214 = ORIENTED_EDGE('',*,*,#2215,.T.);
#2215 = EDGE_CURVE('',#2205,#1510,#2216,.T.);
#2216 = LINE('',#2217,#2218);
#2217 = CARTESIAN_POINT('',(0.958802115673,20.502987,-13.));
#2218 = VECTOR('',#2219,1.);
#2219 = DIRECTION('',(0.,0.,1.));
#2220 = ORIENTED_EDGE('',*,*,#1509,.F.);
#2221 = ORIENTED_EDGE('',*,*,#1484,.F.);
#2222 = ORIENTED_EDGE('',*,*,#2180,.F.);
#2223 = ORIENTED_EDGE('',*,*,#2224,.F.);
#2224 = EDGE_CURVE('',#2207,#2170,#2225,.T.);
#2225 = HYPERBOLA('',#2226,1.449747468306,3.5);
#2226 = AXIS2_PLACEMENT_3D('',#2227,#2228,#2229);
#2227 = CARTESIAN_POINT('',(1.969165086754,18.752987,-14.4497474683));
#2228 = DIRECTION('',(0.866025403784,0.5,-0.));
#2229 = DIRECTION('',(0.,0.,1.));
#2230 = PLANE('',#2231);
#2231 = AXIS2_PLACEMENT_3D('',#2232,#2233,#2234);
#2232 = CARTESIAN_POINT('',(0.958802115673,20.502987,-13.));
#2233 = DIRECTION('',(0.866025403784,0.5,0.));
#2234 = DIRECTION('',(0.5,-0.866025403784,0.));
#2235 = ADVANCED_FACE('',(#2236),#2265,.F.);
#2236 = FACE_BOUND('',#2237,.F.);
#2237 = EDGE_LOOP('',(#2238,#2249,#2255,#2256,#2257,#2258));
#2238 = ORIENTED_EDGE('',*,*,#2239,.F.);
#2239 = EDGE_CURVE('',#2240,#2242,#2244,.T.);
#2240 = VERTEX_POINT('',#2241);
#2241 = CARTESIAN_POINT('',(2.979528057836,24.002987,-12.77572328613));
#2242 = VERTEX_POINT('',#2243);
#2243 = CARTESIAN_POINT('',(1.96916508154,22.252986990969,-13.));
#2244 = HYPERBOLA('',#2245,1.449747468306,3.5);
#2245 = AXIS2_PLACEMENT_3D('',#2246,#2247,#2248);
#2246 = CARTESIAN_POINT('',(1.969165086754,22.252987,-14.4497474683));
#2247 = DIRECTION('',(0.866025403784,-0.5,0.));
#2248 = DIRECTION('',(0.,0.,1.));
#2249 = ORIENTED_EDGE('',*,*,#2250,.T.);
#2250 = EDGE_CURVE('',#2240,#1535,#2251,.T.);
#2251 = LINE('',#2252,#2253);
#2252 = CARTESIAN_POINT('',(2.979528057836,24.002987,-13.));
#2253 = VECTOR('',#2254,1.);
#2254 = DIRECTION('',(0.,0.,1.));
#2255 = ORIENTED_EDGE('',*,*,#1534,.F.);
#2256 = ORIENTED_EDGE('',*,*,#1519,.F.);
#2257 = ORIENTED_EDGE('',*,*,#2215,.F.);
#2258 = ORIENTED_EDGE('',*,*,#2259,.F.);
#2259 = EDGE_CURVE('',#2242,#2205,#2260,.T.);
#2260 = HYPERBOLA('',#2261,1.449747468306,3.5);
#2261 = AXIS2_PLACEMENT_3D('',#2262,#2263,#2264);
#2262 = CARTESIAN_POINT('',(1.969165086754,22.252987,-14.4497474683));
#2263 = DIRECTION('',(0.866025403784,-0.5,0.));
#2264 = DIRECTION('',(0.,0.,1.));
#2265 = PLANE('',#2266);
#2266 = AXIS2_PLACEMENT_3D('',#2267,#2268,#2269);
#2267 = CARTESIAN_POINT('',(2.979528057836,24.002987,-13.));
#2268 = DIRECTION('',(0.866025403784,-0.5,0.));
#2269 = DIRECTION('',(-0.5,-0.866025403784,0.));
#2270 = ADVANCED_FACE('',(#2271),#2293,.F.);
#2271 = FACE_BOUND('',#2272,.F.);
#2272 = EDGE_LOOP('',(#2273,#2282,#2283,#2284,#2285,#2286));
#2273 = ORIENTED_EDGE('',*,*,#2274,.F.);
#2274 = EDGE_CURVE('',#2112,#2275,#2277,.T.);
#2275 = VERTEX_POINT('',#2276);
#2276 = CARTESIAN_POINT('',(5.000254,24.002987,-13.));
#2277 = HYPERBOLA('',#2278,1.449747468306,3.5);
#2278 = AXIS2_PLACEMENT_3D('',#2279,#2280,#2281);
#2279 = CARTESIAN_POINT('',(5.000254,24.002987,-14.4497474683));
#2280 = DIRECTION('',(-2.2E-16,-1.,0.));
#2281 = DIRECTION('',(0.,0.,1.));
#2282 = ORIENTED_EDGE('',*,*,#2111,.T.);
#2283 = ORIENTED_EDGE('',*,*,#1559,.F.);
#2284 = ORIENTED_EDGE('',*,*,#1544,.F.);
#2285 = ORIENTED_EDGE('',*,*,#2250,.F.);
#2286 = ORIENTED_EDGE('',*,*,#2287,.F.);
#2287 = EDGE_CURVE('',#2275,#2240,#2288,.T.);
#2288 = HYPERBOLA('',#2289,1.449747468306,3.5);
#2289 = AXIS2_PLACEMENT_3D('',#2290,#2291,#2292);
#2290 = CARTESIAN_POINT('',(5.000254,24.002987,-14.4497474683));
#2291 = DIRECTION('',(-2.2E-16,-1.,0.));
#2292 = DIRECTION('',(0.,0.,1.));
#2293 = PLANE('',#2294);
#2294 = AXIS2_PLACEMENT_3D('',#2295,#2296,#2297);
#2295 = CARTESIAN_POINT('',(7.020979942164,24.002987,-13.));
#2296 = DIRECTION('',(-2.2E-16,-1.,0.));
#2297 = DIRECTION('',(-1.,2.2E-16,0.));
#2298 = ADVANCED_FACE('',(#2299),#2330,.F.);
#2299 = FACE_BOUND('',#2300,.F.);
#2300 = EDGE_LOOP('',(#2301,#2302,#2303,#2304,#2305,#2306,#2307,#2308,
    #2309,#2310,#2311,#2312,#2313,#2314,#2315,#2316,#2317,#2318,#2319,
    #2320,#2328,#2329));
#2301 = ORIENTED_EDGE('',*,*,#2009,.F.);
#2302 = ORIENTED_EDGE('',*,*,#1984,.F.);
#2303 = ORIENTED_EDGE('',*,*,#1958,.F.);
#2304 = ORIENTED_EDGE('',*,*,#1932,.F.);
#2305 = ORIENTED_EDGE('',*,*,#1907,.F.);
#2306 = ORIENTED_EDGE('',*,*,#1882,.F.);
#2307 = ORIENTED_EDGE('',*,*,#1857,.F.);
#2308 = ORIENTED_EDGE('',*,*,#1831,.F.);
#2309 = ORIENTED_EDGE('',*,*,#1805,.F.);
#2310 = ORIENTED_EDGE('',*,*,#1780,.F.);
#2311 = ORIENTED_EDGE('',*,*,#1755,.F.);
#2312 = ORIENTED_EDGE('',*,*,#1730,.F.);
#2313 = ORIENTED_EDGE('',*,*,#1704,.F.);
#2314 = ORIENTED_EDGE('',*,*,#1678,.F.);
#2315 = ORIENTED_EDGE('',*,*,#1653,.F.);
#2316 = ORIENTED_EDGE('',*,*,#1628,.F.);
#2317 = ORIENTED_EDGE('',*,*,#1603,.F.);
#2318 = ORIENTED_EDGE('',*,*,#2077,.F.);
#2319 = ORIENTED_EDGE('',*,*,#2049,.F.);
#2320 = ORIENTED_EDGE('',*,*,#2321,.T.);
#2321 = EDGE_CURVE('',#2027,#2322,#2324,.T.);
#2322 = VERTEX_POINT('',#2323);
#2323 = CARTESIAN_POINT('',(5.000254,20.502987,9.276896971012));
#2324 = LINE('',#2325,#2326);
#2325 = CARTESIAN_POINT('',(6.145254,20.502987,9.885704270264));
#2326 = VECTOR('',#2327,1.);
#2327 = DIRECTION('',(-0.882947592859,0.,-0.469471562786));
#2328 = ORIENTED_EDGE('',*,*,#2321,.F.);
#2329 = ORIENTED_EDGE('',*,*,#2034,.F.);
#2330 = CONICAL_SURFACE('',#2331,1.145,1.082104136236);
#2331 = AXIS2_PLACEMENT_3D('',#2332,#2333,#2334);
#2332 = CARTESIAN_POINT('',(5.000254,20.502987,9.885704270264));
#2333 = DIRECTION('',(0.,0.,1.));
#2334 = DIRECTION('',(1.,0.,0.));
#2335 = ADVANCED_FACE('',(#2336),#2354,.T.);
#2336 = FACE_BOUND('',#2337,.T.);
#2337 = EDGE_LOOP('',(#2338,#2347,#2348));
#2338 = ORIENTED_EDGE('',*,*,#2339,.T.);
#2339 = EDGE_CURVE('',#2340,#2095,#2342,.T.);
#2340 = VERTEX_POINT('',#2341);
#2341 = CARTESIAN_POINT('',(8.500254,20.502987,-13.));
#2342 = CIRCLE('',#2343,3.5);
#2343 = AXIS2_PLACEMENT_3D('',#2344,#2345,#2346);
#2344 = CARTESIAN_POINT('',(5.000254,20.502987,-13.));
#2345 = DIRECTION('',(0.,0.,1.));
#2346 = DIRECTION('',(1.,0.,0.));
#2347 = ORIENTED_EDGE('',*,*,#2092,.F.);
#2348 = ORIENTED_EDGE('',*,*,#2349,.T.);
#2349 = EDGE_CURVE('',#2093,#2340,#2350,.T.);
#2350 = LINE('',#2351,#2352);
#2351 = CARTESIAN_POINT('',(9.041705884327,20.502987,-12.77572328613));
#2352 = VECTOR('',#2353,1.);
#2353 = DIRECTION('',(-0.923879532511,0.,-0.382683432365));
#2354 = CONICAL_SURFACE('',#2355,4.041451884327,1.178097245096);
#2355 = AXIS2_PLACEMENT_3D('',#2356,#2357,#2358);
#2356 = CARTESIAN_POINT('',(5.000254,20.502987,-12.77572328613));
#2357 = DIRECTION('',(0.,0.,1.));
#2358 = DIRECTION('',(1.,0.,0.));
#2359 = ADVANCED_FACE('',(#2360),#2371,.T.);
#2360 = FACE_BOUND('',#2361,.T.);
#2361 = EDGE_LOOP('',(#2362,#2369,#2370));
#2362 = ORIENTED_EDGE('',*,*,#2363,.T.);
#2363 = EDGE_CURVE('',#2095,#2275,#2364,.T.);
#2364 = CIRCLE('',#2365,3.5);
#2365 = AXIS2_PLACEMENT_3D('',#2366,#2367,#2368);
#2366 = CARTESIAN_POINT('',(5.000254,20.502987,-13.));
#2367 = DIRECTION('',(0.,0.,1.));
#2368 = DIRECTION('',(1.,0.,0.));
#2369 = ORIENTED_EDGE('',*,*,#2274,.F.);
#2370 = ORIENTED_EDGE('',*,*,#2119,.F.);
#2371 = CONICAL_SURFACE('',#2372,4.041451884327,1.178097245096);
#2372 = AXIS2_PLACEMENT_3D('',#2373,#2374,#2375);
#2373 = CARTESIAN_POINT('',(5.000254,20.502987,-12.77572328613));
#2374 = DIRECTION('',(0.,0.,1.));
#2375 = DIRECTION('',(1.,0.,0.));
#2376 = ADVANCED_FACE('',(#2377),#2388,.T.);
#2377 = FACE_BOUND('',#2378,.T.);
#2378 = EDGE_LOOP('',(#2379,#2386,#2387));
#2379 = ORIENTED_EDGE('',*,*,#2380,.T.);
#2380 = EDGE_CURVE('',#2172,#2137,#2381,.T.);
#2381 = CIRCLE('',#2382,3.5);
#2382 = AXIS2_PLACEMENT_3D('',#2383,#2384,#2385);
#2383 = CARTESIAN_POINT('',(5.000254,20.502987,-13.));
#2384 = DIRECTION('',(0.,0.,1.));
#2385 = DIRECTION('',(1.,0.,0.));
#2386 = ORIENTED_EDGE('',*,*,#2134,.F.);
#2387 = ORIENTED_EDGE('',*,*,#2189,.F.);
#2388 = CONICAL_SURFACE('',#2389,4.041451884327,1.178097245096);
#2389 = AXIS2_PLACEMENT_3D('',#2390,#2391,#2392);
#2390 = CARTESIAN_POINT('',(5.000254,20.502987,-12.77572328613));
#2391 = DIRECTION('',(0.,0.,1.));
#2392 = DIRECTION('',(1.,0.,0.));
#2393 = ADVANCED_FACE('',(#2394),#2405,.T.);
#2394 = FACE_BOUND('',#2395,.T.);
#2395 = EDGE_LOOP('',(#2396,#2403,#2404));
#2396 = ORIENTED_EDGE('',*,*,#2397,.T.);
#2397 = EDGE_CURVE('',#2137,#2340,#2398,.T.);
#2398 = CIRCLE('',#2399,3.5);
#2399 = AXIS2_PLACEMENT_3D('',#2400,#2401,#2402);
#2400 = CARTESIAN_POINT('',(5.000254,20.502987,-13.));
#2401 = DIRECTION('',(0.,0.,1.));
#2402 = DIRECTION('',(1.,0.,0.));
#2403 = ORIENTED_EDGE('',*,*,#2349,.F.);
#2404 = ORIENTED_EDGE('',*,*,#2154,.F.);
#2405 = CONICAL_SURFACE('',#2406,4.041451884327,1.178097245096);
#2406 = AXIS2_PLACEMENT_3D('',#2407,#2408,#2409);
#2407 = CARTESIAN_POINT('',(5.000254,20.502987,-12.77572328613));
#2408 = DIRECTION('',(0.,0.,1.));
#2409 = DIRECTION('',(1.,0.,0.));
#2410 = ADVANCED_FACE('',(#2411),#2422,.T.);
#2411 = FACE_BOUND('',#2412,.T.);
#2412 = EDGE_LOOP('',(#2413,#2420,#2421));
#2413 = ORIENTED_EDGE('',*,*,#2414,.T.);
#2414 = EDGE_CURVE('',#2207,#2172,#2415,.T.);
#2415 = CIRCLE('',#2416,3.5);
#2416 = AXIS2_PLACEMENT_3D('',#2417,#2418,#2419);
#2417 = CARTESIAN_POINT('',(5.000254,20.502987,-13.));
#2418 = DIRECTION('',(0.,0.,1.));
#2419 = DIRECTION('',(1.,0.,0.));
#2420 = ORIENTED_EDGE('',*,*,#2169,.F.);
#2421 = ORIENTED_EDGE('',*,*,#2224,.F.);
#2422 = CONICAL_SURFACE('',#2423,4.041451884327,1.178097245096);
#2423 = AXIS2_PLACEMENT_3D('',#2424,#2425,#2426);
#2424 = CARTESIAN_POINT('',(5.000254,20.502987,-12.77572328613));
#2425 = DIRECTION('',(0.,0.,1.));
#2426 = DIRECTION('',(1.,0.,0.));
#2427 = ADVANCED_FACE('',(#2428),#2439,.T.);
#2428 = FACE_BOUND('',#2429,.T.);
#2429 = EDGE_LOOP('',(#2430,#2437,#2438));
#2430 = ORIENTED_EDGE('',*,*,#2431,.T.);
#2431 = EDGE_CURVE('',#2242,#2207,#2432,.T.);
#2432 = CIRCLE('',#2433,3.5);
#2433 = AXIS2_PLACEMENT_3D('',#2434,#2435,#2436);
#2434 = CARTESIAN_POINT('',(5.000254,20.502987,-13.));
#2435 = DIRECTION('',(0.,0.,1.));
#2436 = DIRECTION('',(1.,0.,0.));
#2437 = ORIENTED_EDGE('',*,*,#2204,.F.);
#2438 = ORIENTED_EDGE('',*,*,#2259,.F.);
#2439 = CONICAL_SURFACE('',#2440,4.041451884327,1.178097245096);
#2440 = AXIS2_PLACEMENT_3D('',#2441,#2442,#2443);
#2441 = CARTESIAN_POINT('',(5.000254,20.502987,-12.77572328613));
#2442 = DIRECTION('',(0.,0.,1.));
#2443 = DIRECTION('',(1.,0.,0.));
#2444 = ADVANCED_FACE('',(#2445),#2456,.T.);
#2445 = FACE_BOUND('',#2446,.T.);
#2446 = EDGE_LOOP('',(#2447,#2454,#2455));
#2447 = ORIENTED_EDGE('',*,*,#2448,.T.);
#2448 = EDGE_CURVE('',#2275,#2242,#2449,.T.);
#2449 = CIRCLE('',#2450,3.5);
#2450 = AXIS2_PLACEMENT_3D('',#2451,#2452,#2453);
#2451 = CARTESIAN_POINT('',(5.000254,20.502987,-13.));
#2452 = DIRECTION('',(0.,0.,1.));
#2453 = DIRECTION('',(1.,0.,0.));
#2454 = ORIENTED_EDGE('',*,*,#2239,.F.);
#2455 = ORIENTED_EDGE('',*,*,#2287,.F.);
#2456 = CONICAL_SURFACE('',#2457,4.041451884327,1.178097245096);
#2457 = AXIS2_PLACEMENT_3D('',#2458,#2459,#2460);
#2458 = CARTESIAN_POINT('',(5.000254,20.502987,-12.77572328613));
#2459 = DIRECTION('',(0.,0.,1.));
#2460 = DIRECTION('',(1.,0.,0.));
#2461 = ADVANCED_FACE('',(#2462,#2471),#2482,.F.);
#2462 = FACE_BOUND('',#2463,.F.);
#2463 = EDGE_LOOP('',(#2464,#2465,#2466,#2467,#2468,#2469,#2470));
#2464 = ORIENTED_EDGE('',*,*,#2339,.T.);
#2465 = ORIENTED_EDGE('',*,*,#2363,.T.);
#2466 = ORIENTED_EDGE('',*,*,#2448,.T.);
#2467 = ORIENTED_EDGE('',*,*,#2431,.T.);
#2468 = ORIENTED_EDGE('',*,*,#2414,.T.);
#2469 = ORIENTED_EDGE('',*,*,#2380,.T.);
#2470 = ORIENTED_EDGE('',*,*,#2397,.T.);
#2471 = FACE_BOUND('',#2472,.F.);
#2472 = EDGE_LOOP('',(#2473));
#2473 = ORIENTED_EDGE('',*,*,#2474,.F.);
#2474 = EDGE_CURVE('',#2475,#2475,#2477,.T.);
#2475 = VERTEX_POINT('',#2476);
#2476 = CARTESIAN_POINT('',(7.300254,20.502987,-13.));
#2477 = CIRCLE('',#2478,2.3);
#2478 = AXIS2_PLACEMENT_3D('',#2479,#2480,#2481);
#2479 = CARTESIAN_POINT('',(5.000254,20.502987,-13.));
#2480 = DIRECTION('',(0.,0.,1.));
#2481 = DIRECTION('',(1.,0.,0.));
#2482 = PLANE('',#2483);
#2483 = AXIS2_PLACEMENT_3D('',#2484,#2485,#2486);
#2484 = CARTESIAN_POINT('',(5.000254,20.502987,-13.));
#2485 = DIRECTION('',(0.,0.,1.));
#2486 = DIRECTION('',(1.,0.,0.));
#2487 = ADVANCED_FACE('',(#2488),#2507,.F.);
#2488 = FACE_BOUND('',#2489,.F.);
#2489 = EDGE_LOOP('',(#2490,#2498,#2499,#2500));
#2490 = ORIENTED_EDGE('',*,*,#2491,.F.);
#2491 = EDGE_CURVE('',#2475,#2492,#2494,.T.);
#2492 = VERTEX_POINT('',#2493);
#2493 = CARTESIAN_POINT('',(6.750254,20.502987,-12.85262794416));
#2494 = LINE('',#2495,#2496);
#2495 = CARTESIAN_POINT('',(7.300254,20.502987,-13.));
#2496 = VECTOR('',#2497,1.);
#2497 = DIRECTION('',(-0.965925826289,0.,0.258819045103));
#2498 = ORIENTED_EDGE('',*,*,#2474,.T.);
#2499 = ORIENTED_EDGE('',*,*,#2491,.T.);
#2500 = ORIENTED_EDGE('',*,*,#2501,.T.);
#2501 = EDGE_CURVE('',#2492,#2492,#2502,.T.);
#2502 = CIRCLE('',#2503,1.75);
#2503 = AXIS2_PLACEMENT_3D('',#2504,#2505,#2506);
#2504 = CARTESIAN_POINT('',(5.000254,20.502987,-12.85262794416));
#2505 = DIRECTION('',(0.,-0.,-1.));
#2506 = DIRECTION('',(0.,1.,-0.));
#2507 = CONICAL_SURFACE('',#2508,2.3,1.308996938996);
#2508 = AXIS2_PLACEMENT_3D('',#2509,#2510,#2511);
#2509 = CARTESIAN_POINT('',(5.000254,20.502987,-13.));
#2510 = DIRECTION('',(-0.,-0.,-1.));
#2511 = DIRECTION('',(1.,0.,0.));
#2512 = ADVANCED_FACE('',(#2513),#2532,.T.);
#2513 = FACE_BOUND('',#2514,.T.);
#2514 = EDGE_LOOP('',(#2515,#2516,#2524,#2531));
#2515 = ORIENTED_EDGE('',*,*,#2501,.T.);
#2516 = ORIENTED_EDGE('',*,*,#2517,.T.);
#2517 = EDGE_CURVE('',#2492,#2518,#2520,.T.);
#2518 = VERTEX_POINT('',#2519);
#2519 = CARTESIAN_POINT('',(6.750254,20.502987,-13.));
#2520 = LINE('',#2521,#2522);
#2521 = CARTESIAN_POINT('',(6.750254,20.502987,8.9));
#2522 = VECTOR('',#2523,1.);
#2523 = DIRECTION('',(0.,0.,-1.));
#2524 = ORIENTED_EDGE('',*,*,#2525,.T.);
#2525 = EDGE_CURVE('',#2518,#2518,#2526,.T.);
#2526 = CIRCLE('',#2527,1.75);
#2527 = AXIS2_PLACEMENT_3D('',#2528,#2529,#2530);
#2528 = CARTESIAN_POINT('',(5.000254,20.502987,-13.));
#2529 = DIRECTION('',(0.,0.,1.));
#2530 = DIRECTION('',(1.,0.,0.));
#2531 = ORIENTED_EDGE('',*,*,#2517,.F.);
#2532 = CYLINDRICAL_SURFACE('',#2533,1.75);
#2533 = AXIS2_PLACEMENT_3D('',#2534,#2535,#2536);
#2534 = CARTESIAN_POINT('',(5.000254,20.502987,8.9));
#2535 = DIRECTION('',(-0.,-0.,-1.));
#2536 = DIRECTION('',(1.,0.,0.));
#2537 = ADVANCED_FACE('',(#2538),#2541,.F.);
#2538 = FACE_BOUND('',#2539,.F.);
#2539 = EDGE_LOOP('',(#2540));
#2540 = ORIENTED_EDGE('',*,*,#2525,.T.);
#2541 = PLANE('',#2542);
#2542 = AXIS2_PLACEMENT_3D('',#2543,#2544,#2545);
#2543 = CARTESIAN_POINT('',(5.000254,20.502987,-13.));
#2544 = DIRECTION('',(0.,0.,1.));
#2545 = DIRECTION('',(1.,0.,0.));
#2546 = ( GEOMETRIC_REPRESENTATION_CONTEXT(3) 
GLOBAL_UNCERTAINTY_ASSIGNED_CONTEXT((#2550)) 
GLOBAL_UNIT_ASSIGNED_CONTEXT((#2547,#2548,#2549)) REPRESENTATION_CONTEXT
('Context #1','3D Context with UNIT and UNCERTAINTY') );
#2547 = ( LENGTH_UNIT() NAMED_UNIT(*) SI_UNIT(.MILLI.,.METRE.) );
#2548 = ( NAMED_UNIT(*) PLANE_ANGLE_UNIT() SI_UNIT($,.RADIAN.) );
#2549 = ( NAMED_UNIT(*) SI_UNIT($,.STERADIAN.) SOLID_ANGLE_UNIT() );
#2550 = UNCERTAINTY_MEASURE_WITH_UNIT(LENGTH_MEASURE(5.E-07),#2547,
  'distance_accuracy_value','confusion accuracy');
#2551 = PRODUCT_RELATED_PRODUCT_CATEGORY('part',$,(#7));
#2552 = MECHANICAL_DESIGN_GEOMETRIC_PRESENTATION_REPRESENTATION('',(
    #2553,#2564,#2572,#2579,#2586,#2594,#2601,#2608,#2615,#2622,#2629,
    #2636,#2643,#2650,#2657,#2664,#2671,#2678,#2685,#2692,#2699,#2706,
    #2713,#2720,#2727,#2734,#2741,#2748,#2755,#2762,#2769,#2776,#2783,
    #2790,#2797,#2804,#2811,#2818,#2825,#2832,#2839,#2846,#2853,#2860,
    #2867,#2874,#2881,#2888,#2895,#2902,#2909,#2916,#2923,#2930,#2937),
  #2546);
#2553 = STYLED_ITEM('color',(#2554),#15);
#2554 = PRESENTATION_STYLE_ASSIGNMENT((#2555,#2561));
#2555 = SURFACE_STYLE_USAGE(.BOTH.,#2556);
#2556 = SURFACE_SIDE_STYLE('',(#2557));
#2557 = SURFACE_STYLE_FILL_AREA(#2558);
#2558 = FILL_AREA_STYLE('',(#2559));
#2559 = FILL_AREA_STYLE_COLOUR('',#2560);
#2560 = COLOUR_RGB('',0.,0.666666687201,1.);
#2561 = CURVE_STYLE('',#2562,POSITIVE_LENGTH_MEASURE(0.1),#2563);
#2562 = DRAUGHTING_PRE_DEFINED_CURVE_FONT('continuous');
#2563 = COLOUR_RGB('',9.803921802644E-02,9.803921802644E-02,
  9.803921802644E-02);
#2564 = OVER_RIDING_STYLED_ITEM('overriding color',(#2565),#860,#2553);
#2565 = PRESENTATION_STYLE_ASSIGNMENT((#2566));
#2566 = SURFACE_STYLE_USAGE(.BOTH.,#2567);
#2567 = SURFACE_SIDE_STYLE('',(#2568));
#2568 = SURFACE_STYLE_FILL_AREA(#2569);
#2569 = FILL_AREA_STYLE('',(#2570));
#2570 = FILL_AREA_STYLE_COLOUR('',#2571);
#2571 = COLOUR_RGB('',0.454901963324,0.454901963324,0.454901963324);
#2572 = OVER_RIDING_STYLED_ITEM('overriding color',(#2573),#999,#2553);
#2573 = PRESENTATION_STYLE_ASSIGNMENT((#2574));
#2574 = SURFACE_STYLE_USAGE(.BOTH.,#2575);
#2575 = SURFACE_SIDE_STYLE('',(#2576));
#2576 = SURFACE_STYLE_FILL_AREA(#2577);
#2577 = FILL_AREA_STYLE('',(#2578));
#2578 = FILL_AREA_STYLE_COLOUR('',#2571);
#2579 = OVER_RIDING_STYLED_ITEM('overriding color',(#2580),#1040,#2553);
#2580 = PRESENTATION_STYLE_ASSIGNMENT((#2581));
#2581 = SURFACE_STYLE_USAGE(.BOTH.,#2582);
#2582 = SURFACE_SIDE_STYLE('',(#2583));
#2583 = SURFACE_STYLE_FILL_AREA(#2584);
#2584 = FILL_AREA_STYLE('',(#2585));
#2585 = FILL_AREA_STYLE_COLOUR('',#2571);
#2586 = OVER_RIDING_STYLED_ITEM('overriding color',(#2587),#1062,#2553);
#2587 = PRESENTATION_STYLE_ASSIGNMENT((#2588));
#2588 = SURFACE_STYLE_USAGE(.BOTH.,#2589);
#2589 = SURFACE_SIDE_STYLE('',(#2590));
#2590 = SURFACE_STYLE_FILL_AREA(#2591);
#2591 = FILL_AREA_STYLE('',(#2592));
#2592 = FILL_AREA_STYLE_COLOUR('',#2593);
#2593 = COLOUR_RGB('',0.423529408994,0.423529408994,0.423529408994);
#2594 = OVER_RIDING_STYLED_ITEM('overriding color',(#2595),#1087,#2553);
#2595 = PRESENTATION_STYLE_ASSIGNMENT((#2596));
#2596 = SURFACE_STYLE_USAGE(.BOTH.,#2597);
#2597 = SURFACE_SIDE_STYLE('',(#2598));
#2598 = SURFACE_STYLE_FILL_AREA(#2599);
#2599 = FILL_AREA_STYLE('',(#2600));
#2600 = FILL_AREA_STYLE_COLOUR('',#2571);
#2601 = OVER_RIDING_STYLED_ITEM('overriding color',(#2602),#1113,#2553);
#2602 = PRESENTATION_STYLE_ASSIGNMENT((#2603));
#2603 = SURFACE_STYLE_USAGE(.BOTH.,#2604);
#2604 = SURFACE_SIDE_STYLE('',(#2605));
#2605 = SURFACE_STYLE_FILL_AREA(#2606);
#2606 = FILL_AREA_STYLE('',(#2607));
#2607 = FILL_AREA_STYLE_COLOUR('',#2571);
#2608 = OVER_RIDING_STYLED_ITEM('overriding color',(#2609),#1143,#2553);
#2609 = PRESENTATION_STYLE_ASSIGNMENT((#2610));
#2610 = SURFACE_STYLE_USAGE(.BOTH.,#2611);
#2611 = SURFACE_SIDE_STYLE('',(#2612));
#2612 = SURFACE_STYLE_FILL_AREA(#2613);
#2613 = FILL_AREA_STYLE('',(#2614));
#2614 = FILL_AREA_STYLE_COLOUR('',#2571);
#2615 = OVER_RIDING_STYLED_ITEM('overriding color',(#2616),#1165,#2553);
#2616 = PRESENTATION_STYLE_ASSIGNMENT((#2617));
#2617 = SURFACE_STYLE_USAGE(.BOTH.,#2618);
#2618 = SURFACE_SIDE_STYLE('',(#2619));
#2619 = SURFACE_STYLE_FILL_AREA(#2620);
#2620 = FILL_AREA_STYLE('',(#2621));
#2621 = FILL_AREA_STYLE_COLOUR('',#2593);
#2622 = OVER_RIDING_STYLED_ITEM('overriding color',(#2623),#1239,#2553);
#2623 = PRESENTATION_STYLE_ASSIGNMENT((#2624));
#2624 = SURFACE_STYLE_USAGE(.BOTH.,#2625);
#2625 = SURFACE_SIDE_STYLE('',(#2626));
#2626 = SURFACE_STYLE_FILL_AREA(#2627);
#2627 = FILL_AREA_STYLE('',(#2628));
#2628 = FILL_AREA_STYLE_COLOUR('',#2571);
#2629 = OVER_RIDING_STYLED_ITEM('overriding color',(#2630),#1414,#2553);
#2630 = PRESENTATION_STYLE_ASSIGNMENT((#2631));
#2631 = SURFACE_STYLE_USAGE(.BOTH.,#2632);
#2632 = SURFACE_SIDE_STYLE('',(#2633));
#2633 = SURFACE_STYLE_FILL_AREA(#2634);
#2634 = FILL_AREA_STYLE('',(#2635));
#2635 = FILL_AREA_STYLE_COLOUR('',#2593);
#2636 = OVER_RIDING_STYLED_ITEM('overriding color',(#2637),#1438,#2553);
#2637 = PRESENTATION_STYLE_ASSIGNMENT((#2638));
#2638 = SURFACE_STYLE_USAGE(.BOTH.,#2639);
#2639 = SURFACE_SIDE_STYLE('',(#2640));
#2640 = SURFACE_STYLE_FILL_AREA(#2641);
#2641 = FILL_AREA_STYLE('',(#2642));
#2642 = FILL_AREA_STYLE_COLOUR('',#2593);
#2643 = OVER_RIDING_STYLED_ITEM('overriding color',(#2644),#1455,#2553);
#2644 = PRESENTATION_STYLE_ASSIGNMENT((#2645));
#2645 = SURFACE_STYLE_USAGE(.BOTH.,#2646);
#2646 = SURFACE_SIDE_STYLE('',(#2647));
#2647 = SURFACE_STYLE_FILL_AREA(#2648);
#2648 = FILL_AREA_STYLE('',(#2649));
#2649 = FILL_AREA_STYLE_COLOUR('',#2593);
#2650 = OVER_RIDING_STYLED_ITEM('overriding color',(#2651),#1480,#2553);
#2651 = PRESENTATION_STYLE_ASSIGNMENT((#2652));
#2652 = SURFACE_STYLE_USAGE(.BOTH.,#2653);
#2653 = SURFACE_SIDE_STYLE('',(#2654));
#2654 = SURFACE_STYLE_FILL_AREA(#2655);
#2655 = FILL_AREA_STYLE('',(#2656));
#2656 = FILL_AREA_STYLE_COLOUR('',#2593);
#2657 = OVER_RIDING_STYLED_ITEM('overriding color',(#2658),#1505,#2553);
#2658 = PRESENTATION_STYLE_ASSIGNMENT((#2659));
#2659 = SURFACE_STYLE_USAGE(.BOTH.,#2660);
#2660 = SURFACE_SIDE_STYLE('',(#2661));
#2661 = SURFACE_STYLE_FILL_AREA(#2662);
#2662 = FILL_AREA_STYLE('',(#2663));
#2663 = FILL_AREA_STYLE_COLOUR('',#2593);
#2664 = OVER_RIDING_STYLED_ITEM('overriding color',(#2665),#1530,#2553);
#2665 = PRESENTATION_STYLE_ASSIGNMENT((#2666));
#2666 = SURFACE_STYLE_USAGE(.BOTH.,#2667);
#2667 = SURFACE_SIDE_STYLE('',(#2668));
#2668 = SURFACE_STYLE_FILL_AREA(#2669);
#2669 = FILL_AREA_STYLE('',(#2670));
#2670 = FILL_AREA_STYLE_COLOUR('',#2593);
#2671 = OVER_RIDING_STYLED_ITEM('overriding color',(#2672),#1555,#2553);
#2672 = PRESENTATION_STYLE_ASSIGNMENT((#2673));
#2673 = SURFACE_STYLE_USAGE(.BOTH.,#2674);
#2674 = SURFACE_SIDE_STYLE('',(#2675));
#2675 = SURFACE_STYLE_FILL_AREA(#2676);
#2676 = FILL_AREA_STYLE('',(#2677));
#2677 = FILL_AREA_STYLE_COLOUR('',#2593);
#2678 = OVER_RIDING_STYLED_ITEM('overriding color',(#2679),#1580,#2553);
#2679 = PRESENTATION_STYLE_ASSIGNMENT((#2680));
#2680 = SURFACE_STYLE_USAGE(.BOTH.,#2681);
#2681 = SURFACE_SIDE_STYLE('',(#2682));
#2682 = SURFACE_STYLE_FILL_AREA(#2683);
#2683 = FILL_AREA_STYLE('',(#2684));
#2684 = FILL_AREA_STYLE_COLOUR('',#2571);
#2685 = OVER_RIDING_STYLED_ITEM('overriding color',(#2686),#1614,#2553);
#2686 = PRESENTATION_STYLE_ASSIGNMENT((#2687));
#2687 = SURFACE_STYLE_USAGE(.BOTH.,#2688);
#2688 = SURFACE_SIDE_STYLE('',(#2689));
#2689 = SURFACE_STYLE_FILL_AREA(#2690);
#2690 = FILL_AREA_STYLE('',(#2691));
#2691 = FILL_AREA_STYLE_COLOUR('',#2571);
#2692 = OVER_RIDING_STYLED_ITEM('overriding color',(#2693),#1639,#2553);
#2693 = PRESENTATION_STYLE_ASSIGNMENT((#2694));
#2694 = SURFACE_STYLE_USAGE(.BOTH.,#2695);
#2695 = SURFACE_SIDE_STYLE('',(#2696));
#2696 = SURFACE_STYLE_FILL_AREA(#2697);
#2697 = FILL_AREA_STYLE('',(#2698));
#2698 = FILL_AREA_STYLE_COLOUR('',#2571);
#2699 = OVER_RIDING_STYLED_ITEM('overriding color',(#2700),#1664,#2553);
#2700 = PRESENTATION_STYLE_ASSIGNMENT((#2701));
#2701 = SURFACE_STYLE_USAGE(.BOTH.,#2702);
#2702 = SURFACE_SIDE_STYLE('',(#2703));
#2703 = SURFACE_STYLE_FILL_AREA(#2704);
#2704 = FILL_AREA_STYLE('',(#2705));
#2705 = FILL_AREA_STYLE_COLOUR('',#2571);
#2706 = OVER_RIDING_STYLED_ITEM('overriding color',(#2707),#1689,#2553);
#2707 = PRESENTATION_STYLE_ASSIGNMENT((#2708));
#2708 = SURFACE_STYLE_USAGE(.BOTH.,#2709);
#2709 = SURFACE_SIDE_STYLE('',(#2710));
#2710 = SURFACE_STYLE_FILL_AREA(#2711);
#2711 = FILL_AREA_STYLE('',(#2712));
#2712 = FILL_AREA_STYLE_COLOUR('',#2571);
#2713 = OVER_RIDING_STYLED_ITEM('overriding color',(#2714),#1715,#2553);
#2714 = PRESENTATION_STYLE_ASSIGNMENT((#2715));
#2715 = SURFACE_STYLE_USAGE(.BOTH.,#2716);
#2716 = SURFACE_SIDE_STYLE('',(#2717));
#2717 = SURFACE_STYLE_FILL_AREA(#2718);
#2718 = FILL_AREA_STYLE('',(#2719));
#2719 = FILL_AREA_STYLE_COLOUR('',#2571);
#2720 = OVER_RIDING_STYLED_ITEM('overriding color',(#2721),#1741,#2553);
#2721 = PRESENTATION_STYLE_ASSIGNMENT((#2722));
#2722 = SURFACE_STYLE_USAGE(.BOTH.,#2723);
#2723 = SURFACE_SIDE_STYLE('',(#2724));
#2724 = SURFACE_STYLE_FILL_AREA(#2725);
#2725 = FILL_AREA_STYLE('',(#2726));
#2726 = FILL_AREA_STYLE_COLOUR('',#2571);
#2727 = OVER_RIDING_STYLED_ITEM('overriding color',(#2728),#1766,#2553);
#2728 = PRESENTATION_STYLE_ASSIGNMENT((#2729));
#2729 = SURFACE_STYLE_USAGE(.BOTH.,#2730);
#2730 = SURFACE_SIDE_STYLE('',(#2731));
#2731 = SURFACE_STYLE_FILL_AREA(#2732);
#2732 = FILL_AREA_STYLE('',(#2733));
#2733 = FILL_AREA_STYLE_COLOUR('',#2571);
#2734 = OVER_RIDING_STYLED_ITEM('overriding color',(#2735),#1791,#2553);
#2735 = PRESENTATION_STYLE_ASSIGNMENT((#2736));
#2736 = SURFACE_STYLE_USAGE(.BOTH.,#2737);
#2737 = SURFACE_SIDE_STYLE('',(#2738));
#2738 = SURFACE_STYLE_FILL_AREA(#2739);
#2739 = FILL_AREA_STYLE('',(#2740));
#2740 = FILL_AREA_STYLE_COLOUR('',#2571);
#2741 = OVER_RIDING_STYLED_ITEM('overriding color',(#2742),#1816,#2553);
#2742 = PRESENTATION_STYLE_ASSIGNMENT((#2743));
#2743 = SURFACE_STYLE_USAGE(.BOTH.,#2744);
#2744 = SURFACE_SIDE_STYLE('',(#2745));
#2745 = SURFACE_STYLE_FILL_AREA(#2746);
#2746 = FILL_AREA_STYLE('',(#2747));
#2747 = FILL_AREA_STYLE_COLOUR('',#2571);
#2748 = OVER_RIDING_STYLED_ITEM('overriding color',(#2749),#1842,#2553);
#2749 = PRESENTATION_STYLE_ASSIGNMENT((#2750));
#2750 = SURFACE_STYLE_USAGE(.BOTH.,#2751);
#2751 = SURFACE_SIDE_STYLE('',(#2752));
#2752 = SURFACE_STYLE_FILL_AREA(#2753);
#2753 = FILL_AREA_STYLE('',(#2754));
#2754 = FILL_AREA_STYLE_COLOUR('',#2571);
#2755 = OVER_RIDING_STYLED_ITEM('overriding color',(#2756),#1868,#2553);
#2756 = PRESENTATION_STYLE_ASSIGNMENT((#2757));
#2757 = SURFACE_STYLE_USAGE(.BOTH.,#2758);
#2758 = SURFACE_SIDE_STYLE('',(#2759));
#2759 = SURFACE_STYLE_FILL_AREA(#2760);
#2760 = FILL_AREA_STYLE('',(#2761));
#2761 = FILL_AREA_STYLE_COLOUR('',#2571);
#2762 = OVER_RIDING_STYLED_ITEM('overriding color',(#2763),#1893,#2553);
#2763 = PRESENTATION_STYLE_ASSIGNMENT((#2764));
#2764 = SURFACE_STYLE_USAGE(.BOTH.,#2765);
#2765 = SURFACE_SIDE_STYLE('',(#2766));
#2766 = SURFACE_STYLE_FILL_AREA(#2767);
#2767 = FILL_AREA_STYLE('',(#2768));
#2768 = FILL_AREA_STYLE_COLOUR('',#2571);
#2769 = OVER_RIDING_STYLED_ITEM('overriding color',(#2770),#1918,#2553);
#2770 = PRESENTATION_STYLE_ASSIGNMENT((#2771));
#2771 = SURFACE_STYLE_USAGE(.BOTH.,#2772);
#2772 = SURFACE_SIDE_STYLE('',(#2773));
#2773 = SURFACE_STYLE_FILL_AREA(#2774);
#2774 = FILL_AREA_STYLE('',(#2775));
#2775 = FILL_AREA_STYLE_COLOUR('',#2571);
#2776 = OVER_RIDING_STYLED_ITEM('overriding color',(#2777),#1943,#2553);
#2777 = PRESENTATION_STYLE_ASSIGNMENT((#2778));
#2778 = SURFACE_STYLE_USAGE(.BOTH.,#2779);
#2779 = SURFACE_SIDE_STYLE('',(#2780));
#2780 = SURFACE_STYLE_FILL_AREA(#2781);
#2781 = FILL_AREA_STYLE('',(#2782));
#2782 = FILL_AREA_STYLE_COLOUR('',#2571);
#2783 = OVER_RIDING_STYLED_ITEM('overriding color',(#2784),#1969,#2553);
#2784 = PRESENTATION_STYLE_ASSIGNMENT((#2785));
#2785 = SURFACE_STYLE_USAGE(.BOTH.,#2786);
#2786 = SURFACE_SIDE_STYLE('',(#2787));
#2787 = SURFACE_STYLE_FILL_AREA(#2788);
#2788 = FILL_AREA_STYLE('',(#2789));
#2789 = FILL_AREA_STYLE_COLOUR('',#2571);
#2790 = OVER_RIDING_STYLED_ITEM('overriding color',(#2791),#1995,#2553);
#2791 = PRESENTATION_STYLE_ASSIGNMENT((#2792));
#2792 = SURFACE_STYLE_USAGE(.BOTH.,#2793);
#2793 = SURFACE_SIDE_STYLE('',(#2794));
#2794 = SURFACE_STYLE_FILL_AREA(#2795);
#2795 = FILL_AREA_STYLE('',(#2796));
#2796 = FILL_AREA_STYLE_COLOUR('',#2571);
#2797 = OVER_RIDING_STYLED_ITEM('overriding color',(#2798),#2020,#2553);
#2798 = PRESENTATION_STYLE_ASSIGNMENT((#2799));
#2799 = SURFACE_STYLE_USAGE(.BOTH.,#2800);
#2800 = SURFACE_SIDE_STYLE('',(#2801));
#2801 = SURFACE_STYLE_FILL_AREA(#2802);
#2802 = FILL_AREA_STYLE('',(#2803));
#2803 = FILL_AREA_STYLE_COLOUR('',#2571);
#2804 = OVER_RIDING_STYLED_ITEM('overriding color',(#2805),#2045,#2553);
#2805 = PRESENTATION_STYLE_ASSIGNMENT((#2806));
#2806 = SURFACE_STYLE_USAGE(.BOTH.,#2807);
#2807 = SURFACE_SIDE_STYLE('',(#2808));
#2808 = SURFACE_STYLE_FILL_AREA(#2809);
#2809 = FILL_AREA_STYLE('',(#2810));
#2810 = FILL_AREA_STYLE_COLOUR('',#2571);
#2811 = OVER_RIDING_STYLED_ITEM('overriding color',(#2812),#2070,#2553);
#2812 = PRESENTATION_STYLE_ASSIGNMENT((#2813));
#2813 = SURFACE_STYLE_USAGE(.BOTH.,#2814);
#2814 = SURFACE_SIDE_STYLE('',(#2815));
#2815 = SURFACE_STYLE_FILL_AREA(#2816);
#2816 = FILL_AREA_STYLE('',(#2817));
#2817 = FILL_AREA_STYLE_COLOUR('',#2571);
#2818 = OVER_RIDING_STYLED_ITEM('overriding color',(#2819),#2088,#2553);
#2819 = PRESENTATION_STYLE_ASSIGNMENT((#2820));
#2820 = SURFACE_STYLE_USAGE(.BOTH.,#2821);
#2821 = SURFACE_SIDE_STYLE('',(#2822));
#2822 = SURFACE_STYLE_FILL_AREA(#2823);
#2823 = FILL_AREA_STYLE('',(#2824));
#2824 = FILL_AREA_STYLE_COLOUR('',#2593);
#2825 = OVER_RIDING_STYLED_ITEM('overriding color',(#2826),#2130,#2553);
#2826 = PRESENTATION_STYLE_ASSIGNMENT((#2827));
#2827 = SURFACE_STYLE_USAGE(.BOTH.,#2828);
#2828 = SURFACE_SIDE_STYLE('',(#2829));
#2829 = SURFACE_STYLE_FILL_AREA(#2830);
#2830 = FILL_AREA_STYLE('',(#2831));
#2831 = FILL_AREA_STYLE_COLOUR('',#2593);
#2832 = OVER_RIDING_STYLED_ITEM('overriding color',(#2833),#2165,#2553);
#2833 = PRESENTATION_STYLE_ASSIGNMENT((#2834));
#2834 = SURFACE_STYLE_USAGE(.BOTH.,#2835);
#2835 = SURFACE_SIDE_STYLE('',(#2836));
#2836 = SURFACE_STYLE_FILL_AREA(#2837);
#2837 = FILL_AREA_STYLE('',(#2838));
#2838 = FILL_AREA_STYLE_COLOUR('',#2593);
#2839 = OVER_RIDING_STYLED_ITEM('overriding color',(#2840),#2200,#2553);
#2840 = PRESENTATION_STYLE_ASSIGNMENT((#2841));
#2841 = SURFACE_STYLE_USAGE(.BOTH.,#2842);
#2842 = SURFACE_SIDE_STYLE('',(#2843));
#2843 = SURFACE_STYLE_FILL_AREA(#2844);
#2844 = FILL_AREA_STYLE('',(#2845));
#2845 = FILL_AREA_STYLE_COLOUR('',#2593);
#2846 = OVER_RIDING_STYLED_ITEM('overriding color',(#2847),#2235,#2553);
#2847 = PRESENTATION_STYLE_ASSIGNMENT((#2848));
#2848 = SURFACE_STYLE_USAGE(.BOTH.,#2849);
#2849 = SURFACE_SIDE_STYLE('',(#2850));
#2850 = SURFACE_STYLE_FILL_AREA(#2851);
#2851 = FILL_AREA_STYLE('',(#2852));
#2852 = FILL_AREA_STYLE_COLOUR('',#2593);
#2853 = OVER_RIDING_STYLED_ITEM('overriding color',(#2854),#2270,#2553);
#2854 = PRESENTATION_STYLE_ASSIGNMENT((#2855));
#2855 = SURFACE_STYLE_USAGE(.BOTH.,#2856);
#2856 = SURFACE_SIDE_STYLE('',(#2857));
#2857 = SURFACE_STYLE_FILL_AREA(#2858);
#2858 = FILL_AREA_STYLE('',(#2859));
#2859 = FILL_AREA_STYLE_COLOUR('',#2593);
#2860 = OVER_RIDING_STYLED_ITEM('overriding color',(#2861),#2298,#2553);
#2861 = PRESENTATION_STYLE_ASSIGNMENT((#2862));
#2862 = SURFACE_STYLE_USAGE(.BOTH.,#2863);
#2863 = SURFACE_SIDE_STYLE('',(#2864));
#2864 = SURFACE_STYLE_FILL_AREA(#2865);
#2865 = FILL_AREA_STYLE('',(#2866));
#2866 = FILL_AREA_STYLE_COLOUR('',#2571);
#2867 = OVER_RIDING_STYLED_ITEM('overriding color',(#2868),#2335,#2553);
#2868 = PRESENTATION_STYLE_ASSIGNMENT((#2869));
#2869 = SURFACE_STYLE_USAGE(.BOTH.,#2870);
#2870 = SURFACE_SIDE_STYLE('',(#2871));
#2871 = SURFACE_STYLE_FILL_AREA(#2872);
#2872 = FILL_AREA_STYLE('',(#2873));
#2873 = FILL_AREA_STYLE_COLOUR('',#2593);
#2874 = OVER_RIDING_STYLED_ITEM('overriding color',(#2875),#2359,#2553);
#2875 = PRESENTATION_STYLE_ASSIGNMENT((#2876));
#2876 = SURFACE_STYLE_USAGE(.BOTH.,#2877);
#2877 = SURFACE_SIDE_STYLE('',(#2878));
#2878 = SURFACE_STYLE_FILL_AREA(#2879);
#2879 = FILL_AREA_STYLE('',(#2880));
#2880 = FILL_AREA_STYLE_COLOUR('',#2593);
#2881 = OVER_RIDING_STYLED_ITEM('overriding color',(#2882),#2376,#2553);
#2882 = PRESENTATION_STYLE_ASSIGNMENT((#2883));
#2883 = SURFACE_STYLE_USAGE(.BOTH.,#2884);
#2884 = SURFACE_SIDE_STYLE('',(#2885));
#2885 = SURFACE_STYLE_FILL_AREA(#2886);
#2886 = FILL_AREA_STYLE('',(#2887));
#2887 = FILL_AREA_STYLE_COLOUR('',#2593);
#2888 = OVER_RIDING_STYLED_ITEM('overriding color',(#2889),#2393,#2553);
#2889 = PRESENTATION_STYLE_ASSIGNMENT((#2890));
#2890 = SURFACE_STYLE_USAGE(.BOTH.,#2891);
#2891 = SURFACE_SIDE_STYLE('',(#2892));
#2892 = SURFACE_STYLE_FILL_AREA(#2893);
#2893 = FILL_AREA_STYLE('',(#2894));
#2894 = FILL_AREA_STYLE_COLOUR('',#2593);
#2895 = OVER_RIDING_STYLED_ITEM('overriding color',(#2896),#2410,#2553);
#2896 = PRESENTATION_STYLE_ASSIGNMENT((#2897));
#2897 = SURFACE_STYLE_USAGE(.BOTH.,#2898);
#2898 = SURFACE_SIDE_STYLE('',(#2899));
#2899 = SURFACE_STYLE_FILL_AREA(#2900);
#2900 = FILL_AREA_STYLE('',(#2901));
#2901 = FILL_AREA_STYLE_COLOUR('',#2593);
#2902 = OVER_RIDING_STYLED_ITEM('overriding color',(#2903),#2427,#2553);
#2903 = PRESENTATION_STYLE_ASSIGNMENT((#2904));
#2904 = SURFACE_STYLE_USAGE(.BOTH.,#2905);
#2905 = SURFACE_SIDE_STYLE('',(#2906));
#2906 = SURFACE_STYLE_FILL_AREA(#2907);
#2907 = FILL_AREA_STYLE('',(#2908));
#2908 = FILL_AREA_STYLE_COLOUR('',#2593);
#2909 = OVER_RIDING_STYLED_ITEM('overriding color',(#2910),#2444,#2553);
#2910 = PRESENTATION_STYLE_ASSIGNMENT((#2911));
#2911 = SURFACE_STYLE_USAGE(.BOTH.,#2912);
#2912 = SURFACE_SIDE_STYLE('',(#2913));
#2913 = SURFACE_STYLE_FILL_AREA(#2914);
#2914 = FILL_AREA_STYLE('',(#2915));
#2915 = FILL_AREA_STYLE_COLOUR('',#2593);
#2916 = OVER_RIDING_STYLED_ITEM('overriding color',(#2917),#2461,#2553);
#2917 = PRESENTATION_STYLE_ASSIGNMENT((#2918));
#2918 = SURFACE_STYLE_USAGE(.BOTH.,#2919);
#2919 = SURFACE_SIDE_STYLE('',(#2920));
#2920 = SURFACE_STYLE_FILL_AREA(#2921);
#2921 = FILL_AREA_STYLE('',(#2922));
#2922 = FILL_AREA_STYLE_COLOUR('',#2593);
#2923 = OVER_RIDING_STYLED_ITEM('overriding color',(#2924),#2487,#2553);
#2924 = PRESENTATION_STYLE_ASSIGNMENT((#2925));
#2925 = SURFACE_STYLE_USAGE(.BOTH.,#2926);
#2926 = SURFACE_SIDE_STYLE('',(#2927));
#2927 = SURFACE_STYLE_FILL_AREA(#2928);
#2928 = FILL_AREA_STYLE('',(#2929));
#2929 = FILL_AREA_STYLE_COLOUR('',#2593);
#2930 = OVER_RIDING_STYLED_ITEM('overriding color',(#2931),#2512,#2553);
#2931 = PRESENTATION_STYLE_ASSIGNMENT((#2932));
#2932 = SURFACE_STYLE_USAGE(.BOTH.,#2933);
#2933 = SURFACE_SIDE_STYLE('',(#2934));
#2934 = SURFACE_STYLE_FILL_AREA(#2935);
#2935 = FILL_AREA_STYLE('',(#2936));
#2936 = FILL_AREA_STYLE_COLOUR('',#2571);
#2937 = OVER_RIDING_STYLED_ITEM('overriding color',(#2938),#2537,#2553);
#2938 = PRESENTATION_STYLE_ASSIGNMENT((#2939));
#2939 = SURFACE_STYLE_USAGE(.BOTH.,#2940);
#2940 = SURFACE_SIDE_STYLE('',(#2941));
#2941 = SURFACE_STYLE_FILL_AREA(#2942);
#2942 = FILL_AREA_STYLE('',(#2943));
#2943 = FILL_AREA_STYLE_COLOUR('',#2571);
ENDSEC;
END-ISO-10303-21;
