ISO-10303-21;
HEADER;
FILE_DESCRIPTION(('FreeCAD Model'),'2;1');
FILE_NAME('Open CASCADE Shape Model','2024-11-01T19:26:12',('Author'),(
    ''),'Open CASCADE STEP processor 7.6','FreeCAD','Unknown');
FILE_SCHEMA(('AUTOMOTIVE_DESIGN { 1 0 10303 214 1 1 1 1 }'));
ENDSEC;
DATA;
#1 = APPLICATION_PROTOCOL_DEFINITION('international standard',
  'automotive_design',2000,#2);
#2 = APPLICATION_CONTEXT(
  'core data for automotive mechanical design processes');
#3 = SHAPE_DEFINITION_REPRESENTATION(#4,#10);
#4 = PRODUCT_DEFINITION_SHAPE('','',#5);
#5 = PRODUCT_DEFINITION('design','',#6,#9);
#6 = PRODUCT_DEFINITION_FORMATION('','',#7);
#7 = PRODUCT('soporte1865_vo3','soporte1865_vo3','',(#8));
#8 = PRODUCT_CONTEXT('',#2,'mechanical');
#9 = PRODUCT_DEFINITION_CONTEXT('part definition',#2,'design');
#10 = SHAPE_REPRESENTATION('',(#11,#15,#19,#23),#27);
#11 = AXIS2_PLACEMENT_3D('',#12,#13,#14);
#12 = CARTESIAN_POINT('',(0.,0.,0.));
#13 = DIRECTION('',(0.,0.,1.));
#14 = DIRECTION('',(1.,0.,-0.));
#15 = AXIS2_PLACEMENT_3D('',#16,#17,#18);
#16 = CARTESIAN_POINT('',(5.000254,20.502987,-9.996006008363));
#17 = DIRECTION('',(0.,0.,1.));
#18 = DIRECTION('',(1.,0.,0.));
#19 = AXIS2_PLACEMENT_3D('',#20,#21,#22);
#20 = CARTESIAN_POINT('',(5.000254,20.502987,12.003993991637));
#21 = DIRECTION('',(0.,0.,1.));
#22 = DIRECTION('',(1.,0.,0.));
#23 = AXIS2_PLACEMENT_3D('',#24,#25,#26);
#24 = CARTESIAN_POINT('',(0.,0.,0.));
#25 = DIRECTION('',(1.,0.,0.));
#26 = DIRECTION('',(0.,1.,0.));
#27 = ( GEOMETRIC_REPRESENTATION_CONTEXT(3) 
GLOBAL_UNCERTAINTY_ASSIGNED_CONTEXT((#31)) GLOBAL_UNIT_ASSIGNED_CONTEXT(
(#28,#29,#30)) REPRESENTATION_CONTEXT('Context #1',
  '3D Context with UNIT and UNCERTAINTY') );
#28 = ( LENGTH_UNIT() NAMED_UNIT(*) SI_UNIT(.MILLI.,.METRE.) );
#29 = ( NAMED_UNIT(*) PLANE_ANGLE_UNIT() SI_UNIT($,.RADIAN.) );
#30 = ( NAMED_UNIT(*) SI_UNIT($,.STERADIAN.) SOLID_ANGLE_UNIT() );
#31 = UNCERTAINTY_MEASURE_WITH_UNIT(LENGTH_MEASURE(2.E-06),#28,
  'distance_accuracy_value','confusion accuracy');
#32 = PRODUCT_RELATED_PRODUCT_CATEGORY('part',$,(#7));
#33 = SHAPE_DEFINITION_REPRESENTATION(#34,#40);
#34 = PRODUCT_DEFINITION_SHAPE('','',#35);
#35 = PRODUCT_DEFINITION('design','',#36,#39);
#36 = PRODUCT_DEFINITION_FORMATION('','',#37);
#37 = PRODUCT('M4-Tuerca','M4-Tuerca','',(#38));
#38 = PRODUCT_CONTEXT('',#2,'mechanical');
#39 = PRODUCT_DEFINITION_CONTEXT('part definition',#2,'design');
#40 = ADVANCED_BREP_SHAPE_REPRESENTATION('',(#11,#41),#720);
#41 = MANIFOLD_SOLID_BREP('',#42);
#42 = CLOSED_SHELL('',(#43,#76,#101,#175,#200,#224,#249,#274,#299,#324,
    #349,#366,#440,#480,#513,#546,#579,#612,#638,#654,#665,#676,#687,
    #698,#709));
#43 = ADVANCED_FACE('',(#44),#71,.F.);
#44 = FACE_BOUND('',#45,.F.);
#45 = EDGE_LOOP('',(#46,#55,#63,#70));
#46 = ORIENTED_EDGE('',*,*,#47,.T.);
#47 = EDGE_CURVE('',#48,#48,#50,.T.);
#48 = VERTEX_POINT('',#49);
#49 = CARTESIAN_POINT('',(1.621113885844,0.,3.018093013959));
#50 = CIRCLE('',#51,1.621113885844);
#51 = AXIS2_PLACEMENT_3D('',#52,#53,#54);
#52 = CARTESIAN_POINT('',(0.,0.,3.018093013959));
#53 = DIRECTION('',(0.,0.,1.));
#54 = DIRECTION('',(1.,0.,-0.));
#55 = ORIENTED_EDGE('',*,*,#56,.T.);
#56 = EDGE_CURVE('',#48,#57,#59,.T.);
#57 = VERTEX_POINT('',#58);
#58 = CARTESIAN_POINT('',(2.3,0.,3.2));
#59 = LINE('',#60,#61);
#60 = CARTESIAN_POINT('',(1.621113885844,0.,3.018093013959));
#61 = VECTOR('',#62,1.);
#62 = DIRECTION('',(0.965925826289,0.,0.258819045103));
#63 = ORIENTED_EDGE('',*,*,#64,.F.);
#64 = EDGE_CURVE('',#57,#57,#65,.T.);
#65 = CIRCLE('',#66,2.3);
#66 = AXIS2_PLACEMENT_3D('',#67,#68,#69);
#67 = CARTESIAN_POINT('',(0.,0.,3.2));
#68 = DIRECTION('',(0.,0.,1.));
#69 = DIRECTION('',(1.,0.,-0.));
#70 = ORIENTED_EDGE('',*,*,#56,.F.);
#71 = CONICAL_SURFACE('',#72,1.621113885844,1.308996938996);
#72 = AXIS2_PLACEMENT_3D('',#73,#74,#75);
#73 = CARTESIAN_POINT('',(0.,0.,3.018093013959));
#74 = DIRECTION('',(0.,0.,1.));
#75 = DIRECTION('',(1.,0.,-0.));
#76 = ADVANCED_FACE('',(#77),#96,.F.);
#77 = FACE_BOUND('',#78,.F.);
#78 = EDGE_LOOP('',(#79,#88,#94,#95));
#79 = ORIENTED_EDGE('',*,*,#80,.T.);
#80 = EDGE_CURVE('',#81,#81,#83,.T.);
#81 = VERTEX_POINT('',#82);
#82 = CARTESIAN_POINT('',(1.621113885844,0.,0.181906986041));
#83 = CIRCLE('',#84,1.621113885844);
#84 = AXIS2_PLACEMENT_3D('',#85,#86,#87);
#85 = CARTESIAN_POINT('',(0.,0.,0.181906986041));
#86 = DIRECTION('',(0.,0.,1.));
#87 = DIRECTION('',(1.,0.,-0.));
#88 = ORIENTED_EDGE('',*,*,#89,.T.);
#89 = EDGE_CURVE('',#81,#48,#90,.T.);
#90 = LINE('',#91,#92);
#91 = CARTESIAN_POINT('',(1.621113885844,0.,0.181906986041));
#92 = VECTOR('',#93,1.);
#93 = DIRECTION('',(0.,0.,1.));
#94 = ORIENTED_EDGE('',*,*,#47,.F.);
#95 = ORIENTED_EDGE('',*,*,#89,.F.);
#96 = CYLINDRICAL_SURFACE('',#97,1.621113885844);
#97 = AXIS2_PLACEMENT_3D('',#98,#99,#100);
#98 = CARTESIAN_POINT('',(0.,0.,0.181906986041));
#99 = DIRECTION('',(0.,0.,1.));
#100 = DIRECTION('',(1.,0.,-0.));
#101 = ADVANCED_FACE('',(#102,#105),#170,.T.);
#102 = FACE_BOUND('',#103,.F.);
#103 = EDGE_LOOP('',(#104));
#104 = ORIENTED_EDGE('',*,*,#64,.T.);
#105 = FACE_BOUND('',#106,.F.);
#106 = EDGE_LOOP('',(#107,#118,#127,#136,#145,#154,#163));
#107 = ORIENTED_EDGE('',*,*,#108,.F.);
#108 = EDGE_CURVE('',#109,#111,#113,.T.);
#109 = VERTEX_POINT('',#110);
#110 = CARTESIAN_POINT('',(3.5,0.,3.2));
#111 = VERTEX_POINT('',#112);
#112 = CARTESIAN_POINT('',(3.031088921769,1.749999985236,3.2));
#113 = CIRCLE('',#114,3.5);
#114 = AXIS2_PLACEMENT_3D('',#115,#116,#117);
#115 = CARTESIAN_POINT('',(0.,0.,3.2));
#116 = DIRECTION('',(0.,0.,1.));
#117 = DIRECTION('',(1.,0.,-0.));
#118 = ORIENTED_EDGE('',*,*,#119,.F.);
#119 = EDGE_CURVE('',#120,#109,#122,.T.);
#120 = VERTEX_POINT('',#121);
#121 = CARTESIAN_POINT('',(3.031088914019,-1.749999998661,3.2));
#122 = CIRCLE('',#123,3.5);
#123 = AXIS2_PLACEMENT_3D('',#124,#125,#126);
#124 = CARTESIAN_POINT('',(0.,0.,3.2));
#125 = DIRECTION('',(0.,0.,1.));
#126 = DIRECTION('',(1.,0.,-0.));
#127 = ORIENTED_EDGE('',*,*,#128,.F.);
#128 = EDGE_CURVE('',#129,#120,#131,.T.);
#129 = VERTEX_POINT('',#130);
#130 = CARTESIAN_POINT('',(-1.16E-13,-3.5,3.2));
#131 = CIRCLE('',#132,3.5);
#132 = AXIS2_PLACEMENT_3D('',#133,#134,#135);
#133 = CARTESIAN_POINT('',(0.,0.,3.2));
#134 = DIRECTION('',(0.,0.,1.));
#135 = DIRECTION('',(1.,0.,-0.));
#136 = ORIENTED_EDGE('',*,*,#137,.F.);
#137 = EDGE_CURVE('',#138,#129,#140,.T.);
#138 = VERTEX_POINT('',#139);
#139 = CARTESIAN_POINT('',(-3.031088921769,-1.749999985236,3.2));
#140 = CIRCLE('',#141,3.5);
#141 = AXIS2_PLACEMENT_3D('',#142,#143,#144);
#142 = CARTESIAN_POINT('',(0.,0.,3.2));
#143 = DIRECTION('',(0.,0.,1.));
#144 = DIRECTION('',(1.,0.,-0.));
#145 = ORIENTED_EDGE('',*,*,#146,.F.);
#146 = EDGE_CURVE('',#147,#138,#149,.T.);
#147 = VERTEX_POINT('',#148);
#148 = CARTESIAN_POINT('',(-3.03108891846,1.749999990969,3.2));
#149 = CIRCLE('',#150,3.5);
#150 = AXIS2_PLACEMENT_3D('',#151,#152,#153);
#151 = CARTESIAN_POINT('',(0.,0.,3.2));
#152 = DIRECTION('',(0.,0.,1.));
#153 = DIRECTION('',(1.,0.,-0.));
#154 = ORIENTED_EDGE('',*,*,#155,.F.);
#155 = EDGE_CURVE('',#156,#147,#158,.T.);
#156 = VERTEX_POINT('',#157);
#157 = CARTESIAN_POINT('',(-1.1E-14,3.5,3.2));
#158 = CIRCLE('',#159,3.5);
#159 = AXIS2_PLACEMENT_3D('',#160,#161,#162);
#160 = CARTESIAN_POINT('',(0.,0.,3.2));
#161 = DIRECTION('',(0.,0.,1.));
#162 = DIRECTION('',(1.,0.,-0.));
#163 = ORIENTED_EDGE('',*,*,#164,.F.);
#164 = EDGE_CURVE('',#111,#156,#165,.T.);
#165 = CIRCLE('',#166,3.5);
#166 = AXIS2_PLACEMENT_3D('',#167,#168,#169);
#167 = CARTESIAN_POINT('',(0.,0.,3.2));
#168 = DIRECTION('',(0.,0.,1.));
#169 = DIRECTION('',(1.,0.,-0.));
#170 = PLANE('',#171);
#171 = AXIS2_PLACEMENT_3D('',#172,#173,#174);
#172 = CARTESIAN_POINT('',(0.,0.,3.2));
#173 = DIRECTION('',(0.,0.,1.));
#174 = DIRECTION('',(1.,0.,-0.));
#175 = ADVANCED_FACE('',(#176),#195,.F.);
#176 = FACE_BOUND('',#177,.F.);
#177 = EDGE_LOOP('',(#178,#187,#193,#194));
#178 = ORIENTED_EDGE('',*,*,#179,.T.);
#179 = EDGE_CURVE('',#180,#180,#182,.T.);
#180 = VERTEX_POINT('',#181);
#181 = CARTESIAN_POINT('',(2.3,0.,0.));
#182 = CIRCLE('',#183,2.3);
#183 = AXIS2_PLACEMENT_3D('',#184,#185,#186);
#184 = CARTESIAN_POINT('',(0.,0.,0.));
#185 = DIRECTION('',(0.,0.,1.));
#186 = DIRECTION('',(1.,0.,-0.));
#187 = ORIENTED_EDGE('',*,*,#188,.T.);
#188 = EDGE_CURVE('',#180,#81,#189,.T.);
#189 = LINE('',#190,#191);
#190 = CARTESIAN_POINT('',(2.3,0.,0.));
#191 = VECTOR('',#192,1.);
#192 = DIRECTION('',(-0.965925826289,0.,0.258819045103));
#193 = ORIENTED_EDGE('',*,*,#80,.F.);
#194 = ORIENTED_EDGE('',*,*,#188,.F.);
#195 = CONICAL_SURFACE('',#196,2.3,1.308996938996);
#196 = AXIS2_PLACEMENT_3D('',#197,#198,#199);
#197 = CARTESIAN_POINT('',(0.,0.,0.));
#198 = DIRECTION('',(-0.,-0.,-1.));
#199 = DIRECTION('',(1.,0.,-0.));
#200 = ADVANCED_FACE('',(#201),#219,.T.);
#201 = FACE_BOUND('',#202,.F.);
#202 = EDGE_LOOP('',(#203,#211,#212));
#203 = ORIENTED_EDGE('',*,*,#204,.F.);
#204 = EDGE_CURVE('',#109,#205,#207,.T.);
#205 = VERTEX_POINT('',#206);
#206 = CARTESIAN_POINT('',(4.041451884327,0.,2.975723286139));
#207 = LINE('',#208,#209);
#208 = CARTESIAN_POINT('',(3.5,0.,3.2));
#209 = VECTOR('',#210,1.);
#210 = DIRECTION('',(0.923879532511,0.,-0.382683432365));
#211 = ORIENTED_EDGE('',*,*,#108,.T.);
#212 = ORIENTED_EDGE('',*,*,#213,.T.);
#213 = EDGE_CURVE('',#111,#205,#214,.T.);
#214 = HYPERBOLA('',#215,1.449747468306,3.5);
#215 = AXIS2_PLACEMENT_3D('',#216,#217,#218);
#216 = CARTESIAN_POINT('',(3.031088913246,1.75,4.649747468306));
#217 = DIRECTION('',(-0.866025403784,-0.5,0.));
#218 = DIRECTION('',(0.,-0.,-1.));
#219 = CONICAL_SURFACE('',#220,3.5,1.178097245096);
#220 = AXIS2_PLACEMENT_3D('',#221,#222,#223);
#221 = CARTESIAN_POINT('',(0.,0.,3.2));
#222 = DIRECTION('',(-0.,-0.,-1.));
#223 = DIRECTION('',(1.,0.,0.));
#224 = ADVANCED_FACE('',(#225),#244,.T.);
#225 = FACE_BOUND('',#226,.F.);
#226 = EDGE_LOOP('',(#227,#236,#237));
#227 = ORIENTED_EDGE('',*,*,#228,.T.);
#228 = EDGE_CURVE('',#229,#111,#231,.T.);
#229 = VERTEX_POINT('',#230);
#230 = CARTESIAN_POINT('',(2.020725942164,3.5,2.975723286139));
#231 = HYPERBOLA('',#232,1.449747468306,3.5);
#232 = AXIS2_PLACEMENT_3D('',#233,#234,#235);
#233 = CARTESIAN_POINT('',(3.031088913246,1.75,4.649747468306));
#234 = DIRECTION('',(-0.866025403784,-0.5,0.));
#235 = DIRECTION('',(0.,-0.,-1.));
#236 = ORIENTED_EDGE('',*,*,#164,.T.);
#237 = ORIENTED_EDGE('',*,*,#238,.T.);
#238 = EDGE_CURVE('',#156,#229,#239,.T.);
#239 = HYPERBOLA('',#240,1.449747468306,3.5);
#240 = AXIS2_PLACEMENT_3D('',#241,#242,#243);
#241 = CARTESIAN_POINT('',(7.7E-16,3.5,4.649747468306));
#242 = DIRECTION('',(-2.2E-16,-1.,0.));
#243 = DIRECTION('',(0.,-0.,-1.));
#244 = CONICAL_SURFACE('',#245,3.5,1.178097245096);
#245 = AXIS2_PLACEMENT_3D('',#246,#247,#248);
#246 = CARTESIAN_POINT('',(0.,0.,3.2));
#247 = DIRECTION('',(-0.,-0.,-1.));
#248 = DIRECTION('',(1.,0.,0.));
#249 = ADVANCED_FACE('',(#250),#269,.T.);
#250 = FACE_BOUND('',#251,.F.);
#251 = EDGE_LOOP('',(#252,#261,#262));
#252 = ORIENTED_EDGE('',*,*,#253,.T.);
#253 = EDGE_CURVE('',#254,#156,#256,.T.);
#254 = VERTEX_POINT('',#255);
#255 = CARTESIAN_POINT('',(-2.020725942164,3.5,2.975723286139));
#256 = HYPERBOLA('',#257,1.449747468306,3.5);
#257 = AXIS2_PLACEMENT_3D('',#258,#259,#260);
#258 = CARTESIAN_POINT('',(7.7E-16,3.5,4.649747468306));
#259 = DIRECTION('',(-2.2E-16,-1.,0.));
#260 = DIRECTION('',(0.,-0.,-1.));
#261 = ORIENTED_EDGE('',*,*,#155,.T.);
#262 = ORIENTED_EDGE('',*,*,#263,.T.);
#263 = EDGE_CURVE('',#147,#254,#264,.T.);
#264 = HYPERBOLA('',#265,1.449747468306,3.5);
#265 = AXIS2_PLACEMENT_3D('',#266,#267,#268);
#266 = CARTESIAN_POINT('',(-3.031088913246,1.75,4.649747468306));
#267 = DIRECTION('',(0.866025403784,-0.5,0.));
#268 = DIRECTION('',(0.,-0.,-1.));
#269 = CONICAL_SURFACE('',#270,3.5,1.178097245096);
#270 = AXIS2_PLACEMENT_3D('',#271,#272,#273);
#271 = CARTESIAN_POINT('',(0.,0.,3.2));
#272 = DIRECTION('',(-0.,-0.,-1.));
#273 = DIRECTION('',(1.,0.,0.));
#274 = ADVANCED_FACE('',(#275),#294,.T.);
#275 = FACE_BOUND('',#276,.F.);
#276 = EDGE_LOOP('',(#277,#286,#287));
#277 = ORIENTED_EDGE('',*,*,#278,.T.);
#278 = EDGE_CURVE('',#279,#147,#281,.T.);
#279 = VERTEX_POINT('',#280);
#280 = CARTESIAN_POINT('',(-4.041451884327,-7.9E-14,2.975723286139));
#281 = HYPERBOLA('',#282,1.449747468306,3.5);
#282 = AXIS2_PLACEMENT_3D('',#283,#284,#285);
#283 = CARTESIAN_POINT('',(-3.031088913246,1.75,4.649747468306));
#284 = DIRECTION('',(0.866025403784,-0.5,0.));
#285 = DIRECTION('',(0.,-0.,-1.));
#286 = ORIENTED_EDGE('',*,*,#146,.T.);
#287 = ORIENTED_EDGE('',*,*,#288,.T.);
#288 = EDGE_CURVE('',#138,#279,#289,.T.);
#289 = HYPERBOLA('',#290,1.449747468306,3.5);
#290 = AXIS2_PLACEMENT_3D('',#291,#292,#293);
#291 = CARTESIAN_POINT('',(-3.031088913246,-1.75,4.649747468306));
#292 = DIRECTION('',(0.866025403784,0.5,0.));
#293 = DIRECTION('',(0.,0.,-1.));
#294 = CONICAL_SURFACE('',#295,3.5,1.178097245096);
#295 = AXIS2_PLACEMENT_3D('',#296,#297,#298);
#296 = CARTESIAN_POINT('',(0.,0.,3.2));
#297 = DIRECTION('',(-0.,-0.,-1.));
#298 = DIRECTION('',(1.,0.,0.));
#299 = ADVANCED_FACE('',(#300),#319,.T.);
#300 = FACE_BOUND('',#301,.F.);
#301 = EDGE_LOOP('',(#302,#303,#312));
#302 = ORIENTED_EDGE('',*,*,#137,.T.);
#303 = ORIENTED_EDGE('',*,*,#304,.T.);
#304 = EDGE_CURVE('',#129,#305,#307,.T.);
#305 = VERTEX_POINT('',#306);
#306 = CARTESIAN_POINT('',(-2.020725942164,-3.5,2.975723286139));
#307 = HYPERBOLA('',#308,1.449747468306,3.5);
#308 = AXIS2_PLACEMENT_3D('',#309,#310,#311);
#309 = CARTESIAN_POINT('',(-2.31E-15,-3.5,4.649747468306));
#310 = DIRECTION('',(6.6E-16,1.,0.));
#311 = DIRECTION('',(0.,0.,-1.));
#312 = ORIENTED_EDGE('',*,*,#313,.T.);
#313 = EDGE_CURVE('',#305,#138,#314,.T.);
#314 = HYPERBOLA('',#315,1.449747468306,3.5);
#315 = AXIS2_PLACEMENT_3D('',#316,#317,#318);
#316 = CARTESIAN_POINT('',(-3.031088913246,-1.75,4.649747468306));
#317 = DIRECTION('',(0.866025403784,0.5,0.));
#318 = DIRECTION('',(0.,0.,-1.));
#319 = CONICAL_SURFACE('',#320,3.5,1.178097245096);
#320 = AXIS2_PLACEMENT_3D('',#321,#322,#323);
#321 = CARTESIAN_POINT('',(0.,0.,3.2));
#322 = DIRECTION('',(-0.,-0.,-1.));
#323 = DIRECTION('',(1.,0.,0.));
#324 = ADVANCED_FACE('',(#325),#344,.T.);
#325 = FACE_BOUND('',#326,.F.);
#326 = EDGE_LOOP('',(#327,#328,#337));
#327 = ORIENTED_EDGE('',*,*,#128,.T.);
#328 = ORIENTED_EDGE('',*,*,#329,.T.);
#329 = EDGE_CURVE('',#120,#330,#332,.T.);
#330 = VERTEX_POINT('',#331);
#331 = CARTESIAN_POINT('',(2.020725942164,-3.5,2.975723286139));
#332 = HYPERBOLA('',#333,1.449747468306,3.5);
#333 = AXIS2_PLACEMENT_3D('',#334,#335,#336);
#334 = CARTESIAN_POINT('',(3.031088913246,-1.75,4.649747468306));
#335 = DIRECTION('',(-0.866025403784,0.5,0.));
#336 = DIRECTION('',(0.,0.,-1.));
#337 = ORIENTED_EDGE('',*,*,#338,.T.);
#338 = EDGE_CURVE('',#330,#129,#339,.T.);
#339 = HYPERBOLA('',#340,1.449747468306,3.5);
#340 = AXIS2_PLACEMENT_3D('',#341,#342,#343);
#341 = CARTESIAN_POINT('',(-2.31E-15,-3.5,4.649747468306));
#342 = DIRECTION('',(6.6E-16,1.,0.));
#343 = DIRECTION('',(0.,0.,-1.));
#344 = CONICAL_SURFACE('',#345,3.5,1.178097245096);
#345 = AXIS2_PLACEMENT_3D('',#346,#347,#348);
#346 = CARTESIAN_POINT('',(0.,0.,3.2));
#347 = DIRECTION('',(-0.,-0.,-1.));
#348 = DIRECTION('',(1.,0.,0.));
#349 = ADVANCED_FACE('',(#350),#361,.T.);
#350 = FACE_BOUND('',#351,.F.);
#351 = EDGE_LOOP('',(#352,#353,#354));
#352 = ORIENTED_EDGE('',*,*,#119,.T.);
#353 = ORIENTED_EDGE('',*,*,#204,.T.);
#354 = ORIENTED_EDGE('',*,*,#355,.T.);
#355 = EDGE_CURVE('',#205,#120,#356,.T.);
#356 = HYPERBOLA('',#357,1.449747468306,3.5);
#357 = AXIS2_PLACEMENT_3D('',#358,#359,#360);
#358 = CARTESIAN_POINT('',(3.031088913246,-1.75,4.649747468306));
#359 = DIRECTION('',(-0.866025403784,0.5,0.));
#360 = DIRECTION('',(0.,0.,-1.));
#361 = CONICAL_SURFACE('',#362,3.5,1.178097245096);
#362 = AXIS2_PLACEMENT_3D('',#363,#364,#365);
#363 = CARTESIAN_POINT('',(0.,0.,3.2));
#364 = DIRECTION('',(-0.,-0.,-1.));
#365 = DIRECTION('',(1.,0.,0.));
#366 = ADVANCED_FACE('',(#367,#432),#435,.F.);
#367 = FACE_BOUND('',#368,.F.);
#368 = EDGE_LOOP('',(#369,#380,#389,#398,#407,#416,#425));
#369 = ORIENTED_EDGE('',*,*,#370,.T.);
#370 = EDGE_CURVE('',#371,#373,#375,.T.);
#371 = VERTEX_POINT('',#372);
#372 = CARTESIAN_POINT('',(3.5,0.,0.));
#373 = VERTEX_POINT('',#374);
#374 = CARTESIAN_POINT('',(3.031088921769,1.749999985236,0.));
#375 = CIRCLE('',#376,3.5);
#376 = AXIS2_PLACEMENT_3D('',#377,#378,#379);
#377 = CARTESIAN_POINT('',(0.,0.,0.));
#378 = DIRECTION('',(0.,0.,1.));
#379 = DIRECTION('',(1.,0.,-0.));
#380 = ORIENTED_EDGE('',*,*,#381,.T.);
#381 = EDGE_CURVE('',#373,#382,#384,.T.);
#382 = VERTEX_POINT('',#383);
#383 = CARTESIAN_POINT('',(-1.1E-14,3.5,0.));
#384 = CIRCLE('',#385,3.5);
#385 = AXIS2_PLACEMENT_3D('',#386,#387,#388);
#386 = CARTESIAN_POINT('',(0.,0.,0.));
#387 = DIRECTION('',(0.,0.,1.));
#388 = DIRECTION('',(1.,0.,-0.));
#389 = ORIENTED_EDGE('',*,*,#390,.T.);
#390 = EDGE_CURVE('',#382,#391,#393,.T.);
#391 = VERTEX_POINT('',#392);
#392 = CARTESIAN_POINT('',(-3.03108891846,1.749999990969,0.));
#393 = CIRCLE('',#394,3.5);
#394 = AXIS2_PLACEMENT_3D('',#395,#396,#397);
#395 = CARTESIAN_POINT('',(0.,0.,0.));
#396 = DIRECTION('',(0.,0.,1.));
#397 = DIRECTION('',(1.,0.,-0.));
#398 = ORIENTED_EDGE('',*,*,#399,.T.);
#399 = EDGE_CURVE('',#391,#400,#402,.T.);
#400 = VERTEX_POINT('',#401);
#401 = CARTESIAN_POINT('',(-3.031088921769,-1.749999985236,0.));
#402 = CIRCLE('',#403,3.5);
#403 = AXIS2_PLACEMENT_3D('',#404,#405,#406);
#404 = CARTESIAN_POINT('',(0.,0.,0.));
#405 = DIRECTION('',(0.,0.,1.));
#406 = DIRECTION('',(1.,0.,-0.));
#407 = ORIENTED_EDGE('',*,*,#408,.T.);
#408 = EDGE_CURVE('',#400,#409,#411,.T.);
#409 = VERTEX_POINT('',#410);
#410 = CARTESIAN_POINT('',(-1.16E-13,-3.5,0.));
#411 = CIRCLE('',#412,3.5);
#412 = AXIS2_PLACEMENT_3D('',#413,#414,#415);
#413 = CARTESIAN_POINT('',(0.,0.,0.));
#414 = DIRECTION('',(0.,0.,1.));
#415 = DIRECTION('',(1.,0.,-0.));
#416 = ORIENTED_EDGE('',*,*,#417,.T.);
#417 = EDGE_CURVE('',#409,#418,#420,.T.);
#418 = VERTEX_POINT('',#419);
#419 = CARTESIAN_POINT('',(3.031088914019,-1.749999998661,0.));
#420 = CIRCLE('',#421,3.5);
#421 = AXIS2_PLACEMENT_3D('',#422,#423,#424);
#422 = CARTESIAN_POINT('',(0.,0.,0.));
#423 = DIRECTION('',(0.,0.,1.));
#424 = DIRECTION('',(1.,0.,-0.));
#425 = ORIENTED_EDGE('',*,*,#426,.T.);
#426 = EDGE_CURVE('',#418,#371,#427,.T.);
#427 = CIRCLE('',#428,3.5);
#428 = AXIS2_PLACEMENT_3D('',#429,#430,#431);
#429 = CARTESIAN_POINT('',(0.,0.,0.));
#430 = DIRECTION('',(0.,0.,1.));
#431 = DIRECTION('',(1.,0.,-0.));
#432 = FACE_BOUND('',#433,.F.);
#433 = EDGE_LOOP('',(#434));
#434 = ORIENTED_EDGE('',*,*,#179,.F.);
#435 = PLANE('',#436);
#436 = AXIS2_PLACEMENT_3D('',#437,#438,#439);
#437 = CARTESIAN_POINT('',(0.,0.,0.));
#438 = DIRECTION('',(0.,0.,1.));
#439 = DIRECTION('',(1.,0.,-0.));
#440 = ADVANCED_FACE('',(#441),#475,.F.);
#441 = FACE_BOUND('',#442,.F.);
#442 = EDGE_LOOP('',(#443,#452,#458,#459,#460,#468));
#443 = ORIENTED_EDGE('',*,*,#444,.F.);
#444 = EDGE_CURVE('',#445,#373,#447,.T.);
#445 = VERTEX_POINT('',#446);
#446 = CARTESIAN_POINT('',(4.041451884327,0.,0.224276713861));
#447 = HYPERBOLA('',#448,1.449747468306,3.5);
#448 = AXIS2_PLACEMENT_3D('',#449,#450,#451);
#449 = CARTESIAN_POINT('',(3.031088913246,1.75,-1.449747468306));
#450 = DIRECTION('',(-0.866025403784,-0.5,0.));
#451 = DIRECTION('',(0.,0.,1.));
#452 = ORIENTED_EDGE('',*,*,#453,.F.);
#453 = EDGE_CURVE('',#205,#445,#454,.T.);
#454 = LINE('',#455,#456);
#455 = CARTESIAN_POINT('',(4.041451884327,0.,2.975723286139));
#456 = VECTOR('',#457,1.);
#457 = DIRECTION('',(0.,0.,-1.));
#458 = ORIENTED_EDGE('',*,*,#213,.F.);
#459 = ORIENTED_EDGE('',*,*,#228,.F.);
#460 = ORIENTED_EDGE('',*,*,#461,.F.);
#461 = EDGE_CURVE('',#462,#229,#464,.T.);
#462 = VERTEX_POINT('',#463);
#463 = CARTESIAN_POINT('',(2.020725942164,3.5,0.224276713861));
#464 = LINE('',#465,#466);
#465 = CARTESIAN_POINT('',(2.020725942164,3.5,0.));
#466 = VECTOR('',#467,1.);
#467 = DIRECTION('',(0.,0.,1.));
#468 = ORIENTED_EDGE('',*,*,#469,.F.);
#469 = EDGE_CURVE('',#373,#462,#470,.T.);
#470 = HYPERBOLA('',#471,1.449747468306,3.5);
#471 = AXIS2_PLACEMENT_3D('',#472,#473,#474);
#472 = CARTESIAN_POINT('',(3.031088913246,1.75,-1.449747468306));
#473 = DIRECTION('',(-0.866025403784,-0.5,0.));
#474 = DIRECTION('',(0.,0.,1.));
#475 = PLANE('',#476);
#476 = AXIS2_PLACEMENT_3D('',#477,#478,#479);
#477 = CARTESIAN_POINT('',(4.041451884327,0.,0.));
#478 = DIRECTION('',(-0.866025403784,-0.5,0.));
#479 = DIRECTION('',(-0.5,0.866025403784,0.));
#480 = ADVANCED_FACE('',(#481),#508,.F.);
#481 = FACE_BOUND('',#482,.F.);
#482 = EDGE_LOOP('',(#483,#490,#491,#492,#493,#501));
#483 = ORIENTED_EDGE('',*,*,#484,.F.);
#484 = EDGE_CURVE('',#462,#382,#485,.T.);
#485 = HYPERBOLA('',#486,1.449747468306,3.5);
#486 = AXIS2_PLACEMENT_3D('',#487,#488,#489);
#487 = CARTESIAN_POINT('',(7.7E-16,3.5,-1.449747468306));
#488 = DIRECTION('',(-2.2E-16,-1.,0.));
#489 = DIRECTION('',(0.,0.,1.));
#490 = ORIENTED_EDGE('',*,*,#461,.T.);
#491 = ORIENTED_EDGE('',*,*,#238,.F.);
#492 = ORIENTED_EDGE('',*,*,#253,.F.);
#493 = ORIENTED_EDGE('',*,*,#494,.F.);
#494 = EDGE_CURVE('',#495,#254,#497,.T.);
#495 = VERTEX_POINT('',#496);
#496 = CARTESIAN_POINT('',(-2.020725942164,3.5,0.224276713861));
#497 = LINE('',#498,#499);
#498 = CARTESIAN_POINT('',(-2.020725942164,3.5,0.));
#499 = VECTOR('',#500,1.);
#500 = DIRECTION('',(0.,0.,1.));
#501 = ORIENTED_EDGE('',*,*,#502,.F.);
#502 = EDGE_CURVE('',#382,#495,#503,.T.);
#503 = HYPERBOLA('',#504,1.449747468306,3.5);
#504 = AXIS2_PLACEMENT_3D('',#505,#506,#507);
#505 = CARTESIAN_POINT('',(7.7E-16,3.5,-1.449747468306));
#506 = DIRECTION('',(-2.2E-16,-1.,0.));
#507 = DIRECTION('',(0.,0.,1.));
#508 = PLANE('',#509);
#509 = AXIS2_PLACEMENT_3D('',#510,#511,#512);
#510 = CARTESIAN_POINT('',(2.020725942164,3.5,0.));
#511 = DIRECTION('',(-2.2E-16,-1.,0.));
#512 = DIRECTION('',(-1.,2.2E-16,0.));
#513 = ADVANCED_FACE('',(#514),#541,.F.);
#514 = FACE_BOUND('',#515,.F.);
#515 = EDGE_LOOP('',(#516,#523,#524,#525,#526,#534));
#516 = ORIENTED_EDGE('',*,*,#517,.F.);
#517 = EDGE_CURVE('',#495,#391,#518,.T.);
#518 = HYPERBOLA('',#519,1.449747468306,3.5);
#519 = AXIS2_PLACEMENT_3D('',#520,#521,#522);
#520 = CARTESIAN_POINT('',(-3.031088913246,1.75,-1.449747468306));
#521 = DIRECTION('',(0.866025403784,-0.5,0.));
#522 = DIRECTION('',(-0.,0.,1.));
#523 = ORIENTED_EDGE('',*,*,#494,.T.);
#524 = ORIENTED_EDGE('',*,*,#263,.F.);
#525 = ORIENTED_EDGE('',*,*,#278,.F.);
#526 = ORIENTED_EDGE('',*,*,#527,.F.);
#527 = EDGE_CURVE('',#528,#279,#530,.T.);
#528 = VERTEX_POINT('',#529);
#529 = CARTESIAN_POINT('',(-4.041451884327,-7.9E-14,0.224276713861));
#530 = LINE('',#531,#532);
#531 = CARTESIAN_POINT('',(-4.041451884327,1.33E-15,0.));
#532 = VECTOR('',#533,1.);
#533 = DIRECTION('',(0.,0.,1.));
#534 = ORIENTED_EDGE('',*,*,#535,.F.);
#535 = EDGE_CURVE('',#391,#528,#536,.T.);
#536 = HYPERBOLA('',#537,1.449747468306,3.5);
#537 = AXIS2_PLACEMENT_3D('',#538,#539,#540);
#538 = CARTESIAN_POINT('',(-3.031088913246,1.75,-1.449747468306));
#539 = DIRECTION('',(0.866025403784,-0.5,0.));
#540 = DIRECTION('',(-0.,0.,1.));
#541 = PLANE('',#542);
#542 = AXIS2_PLACEMENT_3D('',#543,#544,#545);
#543 = CARTESIAN_POINT('',(-2.020725942164,3.5,0.));
#544 = DIRECTION('',(0.866025403784,-0.5,0.));
#545 = DIRECTION('',(-0.5,-0.866025403784,0.));
#546 = ADVANCED_FACE('',(#547),#574,.F.);
#547 = FACE_BOUND('',#548,.F.);
#548 = EDGE_LOOP('',(#549,#556,#557,#558,#559,#567));
#549 = ORIENTED_EDGE('',*,*,#550,.F.);
#550 = EDGE_CURVE('',#528,#400,#551,.T.);
#551 = HYPERBOLA('',#552,1.449747468306,3.5);
#552 = AXIS2_PLACEMENT_3D('',#553,#554,#555);
#553 = CARTESIAN_POINT('',(-3.031088913246,-1.75,-1.449747468306));
#554 = DIRECTION('',(0.866025403784,0.5,-0.));
#555 = DIRECTION('',(0.,0.,1.));
#556 = ORIENTED_EDGE('',*,*,#527,.T.);
#557 = ORIENTED_EDGE('',*,*,#288,.F.);
#558 = ORIENTED_EDGE('',*,*,#313,.F.);
#559 = ORIENTED_EDGE('',*,*,#560,.F.);
#560 = EDGE_CURVE('',#561,#305,#563,.T.);
#561 = VERTEX_POINT('',#562);
#562 = CARTESIAN_POINT('',(-2.020725942164,-3.5,0.224276713861));
#563 = LINE('',#564,#565);
#564 = CARTESIAN_POINT('',(-2.020725942164,-3.5,0.));
#565 = VECTOR('',#566,1.);
#566 = DIRECTION('',(0.,0.,1.));
#567 = ORIENTED_EDGE('',*,*,#568,.F.);
#568 = EDGE_CURVE('',#400,#561,#569,.T.);
#569 = HYPERBOLA('',#570,1.449747468306,3.5);
#570 = AXIS2_PLACEMENT_3D('',#571,#572,#573);
#571 = CARTESIAN_POINT('',(-3.031088913246,-1.75,-1.449747468306));
#572 = DIRECTION('',(0.866025403784,0.5,-0.));
#573 = DIRECTION('',(0.,0.,1.));
#574 = PLANE('',#575);
#575 = AXIS2_PLACEMENT_3D('',#576,#577,#578);
#576 = CARTESIAN_POINT('',(-4.041451884327,1.33E-15,0.));
#577 = DIRECTION('',(0.866025403784,0.5,-0.));
#578 = DIRECTION('',(0.5,-0.866025403784,0.));
#579 = ADVANCED_FACE('',(#580),#607,.F.);
#580 = FACE_BOUND('',#581,.F.);
#581 = EDGE_LOOP('',(#582,#589,#590,#591,#592,#600));
#582 = ORIENTED_EDGE('',*,*,#583,.F.);
#583 = EDGE_CURVE('',#561,#409,#584,.T.);
#584 = HYPERBOLA('',#585,1.449747468306,3.5);
#585 = AXIS2_PLACEMENT_3D('',#586,#587,#588);
#586 = CARTESIAN_POINT('',(-2.31E-15,-3.5,-1.449747468306));
#587 = DIRECTION('',(6.6E-16,1.,-0.));
#588 = DIRECTION('',(0.,0.,1.));
#589 = ORIENTED_EDGE('',*,*,#560,.T.);
#590 = ORIENTED_EDGE('',*,*,#304,.F.);
#591 = ORIENTED_EDGE('',*,*,#338,.F.);
#592 = ORIENTED_EDGE('',*,*,#593,.F.);
#593 = EDGE_CURVE('',#594,#330,#596,.T.);
#594 = VERTEX_POINT('',#595);
#595 = CARTESIAN_POINT('',(2.020725942164,-3.5,0.224276713861));
#596 = LINE('',#597,#598);
#597 = CARTESIAN_POINT('',(2.020725942164,-3.5,0.));
#598 = VECTOR('',#599,1.);
#599 = DIRECTION('',(0.,0.,1.));
#600 = ORIENTED_EDGE('',*,*,#601,.F.);
#601 = EDGE_CURVE('',#409,#594,#602,.T.);
#602 = HYPERBOLA('',#603,1.449747468306,3.5);
#603 = AXIS2_PLACEMENT_3D('',#604,#605,#606);
#604 = CARTESIAN_POINT('',(-2.31E-15,-3.5,-1.449747468306));
#605 = DIRECTION('',(6.6E-16,1.,-0.));
#606 = DIRECTION('',(0.,0.,1.));
#607 = PLANE('',#608);
#608 = AXIS2_PLACEMENT_3D('',#609,#610,#611);
#609 = CARTESIAN_POINT('',(-2.020725942164,-3.5,0.));
#610 = DIRECTION('',(6.6E-16,1.,-0.));
#611 = DIRECTION('',(1.,-6.6E-16,0.));
#612 = ADVANCED_FACE('',(#613),#633,.F.);
#613 = FACE_BOUND('',#614,.F.);
#614 = EDGE_LOOP('',(#615,#622,#623,#624,#625,#626));
#615 = ORIENTED_EDGE('',*,*,#616,.F.);
#616 = EDGE_CURVE('',#594,#418,#617,.T.);
#617 = HYPERBOLA('',#618,1.449747468306,3.5);
#618 = AXIS2_PLACEMENT_3D('',#619,#620,#621);
#619 = CARTESIAN_POINT('',(3.031088913246,-1.75,-1.449747468306));
#620 = DIRECTION('',(-0.866025403784,0.5,0.));
#621 = DIRECTION('',(0.,0.,1.));
#622 = ORIENTED_EDGE('',*,*,#593,.T.);
#623 = ORIENTED_EDGE('',*,*,#329,.F.);
#624 = ORIENTED_EDGE('',*,*,#355,.F.);
#625 = ORIENTED_EDGE('',*,*,#453,.T.);
#626 = ORIENTED_EDGE('',*,*,#627,.F.);
#627 = EDGE_CURVE('',#418,#445,#628,.T.);
#628 = HYPERBOLA('',#629,1.449747468306,3.5);
#629 = AXIS2_PLACEMENT_3D('',#630,#631,#632);
#630 = CARTESIAN_POINT('',(3.031088913246,-1.75,-1.449747468306));
#631 = DIRECTION('',(-0.866025403784,0.5,0.));
#632 = DIRECTION('',(0.,0.,1.));
#633 = PLANE('',#634);
#634 = AXIS2_PLACEMENT_3D('',#635,#636,#637);
#635 = CARTESIAN_POINT('',(2.020725942164,-3.5,0.));
#636 = DIRECTION('',(-0.866025403784,0.5,0.));
#637 = DIRECTION('',(0.5,0.866025403784,0.));
#638 = ADVANCED_FACE('',(#639),#649,.T.);
#639 = FACE_BOUND('',#640,.F.);
#640 = EDGE_LOOP('',(#641,#647,#648));
#641 = ORIENTED_EDGE('',*,*,#642,.F.);
#642 = EDGE_CURVE('',#445,#371,#643,.T.);
#643 = LINE('',#644,#645);
#644 = CARTESIAN_POINT('',(4.041451884327,0.,0.224276713861));
#645 = VECTOR('',#646,1.);
#646 = DIRECTION('',(-0.923879532511,0.,-0.382683432365));
#647 = ORIENTED_EDGE('',*,*,#444,.T.);
#648 = ORIENTED_EDGE('',*,*,#370,.F.);
#649 = CONICAL_SURFACE('',#650,4.041451884327,1.178097245096);
#650 = AXIS2_PLACEMENT_3D('',#651,#652,#653);
#651 = CARTESIAN_POINT('',(0.,0.,0.224276713861));
#652 = DIRECTION('',(0.,0.,1.));
#653 = DIRECTION('',(1.,0.,0.));
#654 = ADVANCED_FACE('',(#655),#660,.T.);
#655 = FACE_BOUND('',#656,.F.);
#656 = EDGE_LOOP('',(#657,#658,#659));
#657 = ORIENTED_EDGE('',*,*,#469,.T.);
#658 = ORIENTED_EDGE('',*,*,#484,.T.);
#659 = ORIENTED_EDGE('',*,*,#381,.F.);
#660 = CONICAL_SURFACE('',#661,4.041451884327,1.178097245096);
#661 = AXIS2_PLACEMENT_3D('',#662,#663,#664);
#662 = CARTESIAN_POINT('',(0.,0.,0.224276713861));
#663 = DIRECTION('',(0.,0.,1.));
#664 = DIRECTION('',(1.,0.,0.));
#665 = ADVANCED_FACE('',(#666),#671,.T.);
#666 = FACE_BOUND('',#667,.F.);
#667 = EDGE_LOOP('',(#668,#669,#670));
#668 = ORIENTED_EDGE('',*,*,#502,.T.);
#669 = ORIENTED_EDGE('',*,*,#517,.T.);
#670 = ORIENTED_EDGE('',*,*,#390,.F.);
#671 = CONICAL_SURFACE('',#672,4.041451884327,1.178097245096);
#672 = AXIS2_PLACEMENT_3D('',#673,#674,#675);
#673 = CARTESIAN_POINT('',(0.,0.,0.224276713861));
#674 = DIRECTION('',(0.,0.,1.));
#675 = DIRECTION('',(1.,0.,0.));
#676 = ADVANCED_FACE('',(#677),#682,.T.);
#677 = FACE_BOUND('',#678,.F.);
#678 = EDGE_LOOP('',(#679,#680,#681));
#679 = ORIENTED_EDGE('',*,*,#535,.T.);
#680 = ORIENTED_EDGE('',*,*,#550,.T.);
#681 = ORIENTED_EDGE('',*,*,#399,.F.);
#682 = CONICAL_SURFACE('',#683,4.041451884327,1.178097245096);
#683 = AXIS2_PLACEMENT_3D('',#684,#685,#686);
#684 = CARTESIAN_POINT('',(0.,0.,0.224276713861));
#685 = DIRECTION('',(0.,0.,1.));
#686 = DIRECTION('',(1.,0.,0.));
#687 = ADVANCED_FACE('',(#688),#693,.T.);
#688 = FACE_BOUND('',#689,.F.);
#689 = EDGE_LOOP('',(#690,#691,#692));
#690 = ORIENTED_EDGE('',*,*,#568,.T.);
#691 = ORIENTED_EDGE('',*,*,#583,.T.);
#692 = ORIENTED_EDGE('',*,*,#408,.F.);
#693 = CONICAL_SURFACE('',#694,4.041451884327,1.178097245096);
#694 = AXIS2_PLACEMENT_3D('',#695,#696,#697);
#695 = CARTESIAN_POINT('',(0.,0.,0.224276713861));
#696 = DIRECTION('',(0.,0.,1.));
#697 = DIRECTION('',(1.,0.,0.));
#698 = ADVANCED_FACE('',(#699),#704,.T.);
#699 = FACE_BOUND('',#700,.F.);
#700 = EDGE_LOOP('',(#701,#702,#703));
#701 = ORIENTED_EDGE('',*,*,#601,.T.);
#702 = ORIENTED_EDGE('',*,*,#616,.T.);
#703 = ORIENTED_EDGE('',*,*,#417,.F.);
#704 = CONICAL_SURFACE('',#705,4.041451884327,1.178097245096);
#705 = AXIS2_PLACEMENT_3D('',#706,#707,#708);
#706 = CARTESIAN_POINT('',(0.,0.,0.224276713861));
#707 = DIRECTION('',(0.,0.,1.));
#708 = DIRECTION('',(1.,0.,0.));
#709 = ADVANCED_FACE('',(#710),#715,.T.);
#710 = FACE_BOUND('',#711,.F.);
#711 = EDGE_LOOP('',(#712,#713,#714));
#712 = ORIENTED_EDGE('',*,*,#627,.T.);
#713 = ORIENTED_EDGE('',*,*,#642,.T.);
#714 = ORIENTED_EDGE('',*,*,#426,.F.);
#715 = CONICAL_SURFACE('',#716,4.041451884327,1.178097245096);
#716 = AXIS2_PLACEMENT_3D('',#717,#718,#719);
#717 = CARTESIAN_POINT('',(0.,0.,0.224276713861));
#718 = DIRECTION('',(0.,0.,1.));
#719 = DIRECTION('',(1.,0.,0.));
#720 = ( GEOMETRIC_REPRESENTATION_CONTEXT(3) 
GLOBAL_UNCERTAINTY_ASSIGNED_CONTEXT((#724)) GLOBAL_UNIT_ASSIGNED_CONTEXT
((#721,#722,#723)) REPRESENTATION_CONTEXT('Context #1',
  '3D Context with UNIT and UNCERTAINTY') );
#721 = ( LENGTH_UNIT() NAMED_UNIT(*) SI_UNIT(.MILLI.,.METRE.) );
#722 = ( NAMED_UNIT(*) PLANE_ANGLE_UNIT() SI_UNIT($,.RADIAN.) );
#723 = ( NAMED_UNIT(*) SI_UNIT($,.STERADIAN.) SOLID_ANGLE_UNIT() );
#724 = UNCERTAINTY_MEASURE_WITH_UNIT(LENGTH_MEASURE(1.E-07),#721,
  'distance_accuracy_value','confusion accuracy');
#725 = CONTEXT_DEPENDENT_SHAPE_REPRESENTATION(#726,#728);
#726 = ( REPRESENTATION_RELATIONSHIP('','',#40,#10) 
REPRESENTATION_RELATIONSHIP_WITH_TRANSFORMATION(#727) 
SHAPE_REPRESENTATION_RELATIONSHIP() );
#727 = ITEM_DEFINED_TRANSFORMATION('','',#11,#15);
#728 = PRODUCT_DEFINITION_SHAPE('Placement','Placement of an item',#729
  );
#729 = NEXT_ASSEMBLY_USAGE_OCCURRENCE('1','M4-Tuerca','',#5,#35,$);
#730 = PRODUCT_RELATED_PRODUCT_CATEGORY('part',$,(#37));
#731 = SHAPE_DEFINITION_REPRESENTATION(#732,#738);
#732 = PRODUCT_DEFINITION_SHAPE('','',#733);
#733 = PRODUCT_DEFINITION('design','',#734,#737);
#734 = PRODUCT_DEFINITION_FORMATION('','',#735);
#735 = PRODUCT('(M3.5)x22-Tornillo','(M3.5)x22-Tornillo','',(#736));
#736 = PRODUCT_CONTEXT('',#2,'mechanical');
#737 = PRODUCT_DEFINITION_CONTEXT('part definition',#2,'design');
#738 = ADVANCED_BREP_SHAPE_REPRESENTATION('',(#11,#739),#1608);
#739 = MANIFOLD_SOLID_BREP('',#740);
#740 = CLOSED_SHELL('',(#741,#924,#954,#988,#1013,#1038,#1063,#1089,
    #1115,#1140,#1165,#1190,#1216,#1242,#1267,#1292,#1317,#1343,#1369,
    #1394,#1419,#1444,#1462,#1487,#1524,#1544,#1574,#1599));
#741 = ADVANCED_FACE('',(#742,#753),#919,.T.);
#742 = FACE_BOUND('',#743,.F.);
#743 = EDGE_LOOP('',(#744));
#744 = ORIENTED_EDGE('',*,*,#745,.F.);
#745 = EDGE_CURVE('',#746,#746,#748,.T.);
#746 = VERTEX_POINT('',#747);
#747 = CARTESIAN_POINT('',(2.606760972734,0.,2.4));
#748 = CIRCLE('',#749,2.606760972734);
#749 = AXIS2_PLACEMENT_3D('',#750,#751,#752);
#750 = CARTESIAN_POINT('',(0.,0.,2.4));
#751 = DIRECTION('',(0.,0.,1.));
#752 = DIRECTION('',(1.,0.,-0.));
#753 = FACE_BOUND('',#754,.F.);
#754 = EDGE_LOOP('',(#755,#766,#774,#782,#790,#798,#807,#815,#823,#831,
    #839,#848,#856,#864,#872,#880,#889,#897,#905,#913));
#755 = ORIENTED_EDGE('',*,*,#756,.F.);
#756 = EDGE_CURVE('',#757,#759,#761,.T.);
#757 = VERTEX_POINT('',#758);
#758 = CARTESIAN_POINT('',(1.037294912497,1.591860315639,2.4));
#759 = VERTEX_POINT('',#760);
#760 = CARTESIAN_POINT('',(1.591860315639,1.037294912497,2.4));
#761 = CIRCLE('',#762,1.9);
#762 = AXIS2_PLACEMENT_3D('',#763,#764,#765);
#763 = CARTESIAN_POINT('',(0.,0.,2.4));
#764 = DIRECTION('',(0.,0.,-1.));
#765 = DIRECTION('',(1.,0.,0.));
#766 = ORIENTED_EDGE('',*,*,#767,.T.);
#767 = EDGE_CURVE('',#757,#768,#770,.T.);
#768 = VERTEX_POINT('',#769);
#769 = CARTESIAN_POINT('',(0.395,1.052477970343,2.4));
#770 = LINE('',#771,#772);
#771 = CARTESIAN_POINT('',(0.801038964752,1.393458795238,2.4));
#772 = VECTOR('',#773,1.);
#773 = DIRECTION('',(-0.765790224195,-0.64309045439,0.));
#774 = ORIENTED_EDGE('',*,*,#775,.T.);
#775 = EDGE_CURVE('',#768,#776,#778,.T.);
#776 = VERTEX_POINT('',#777);
#777 = CARTESIAN_POINT('',(0.,0.909433095097,2.4));
#778 = LINE('',#779,#780);
#779 = CARTESIAN_POINT('',(-4.862678169254E-02,0.891823444664,2.4));
#780 = VECTOR('',#781,1.);
#781 = DIRECTION('',(-0.940244792048,-0.340499237924,0.));
#782 = ORIENTED_EDGE('',*,*,#783,.T.);
#783 = EDGE_CURVE('',#776,#784,#786,.T.);
#784 = VERTEX_POINT('',#785);
#785 = CARTESIAN_POINT('',(-0.395,1.052477970343,2.4));
#786 = LINE('',#787,#788);
#787 = CARTESIAN_POINT('',(4.862678169254E-02,0.891823444664,2.4));
#788 = VECTOR('',#789,1.);
#789 = DIRECTION('',(-0.940244792048,0.340499237924,0.));
#790 = ORIENTED_EDGE('',*,*,#791,.T.);
#791 = EDGE_CURVE('',#784,#792,#794,.T.);
#792 = VERTEX_POINT('',#793);
#793 = CARTESIAN_POINT('',(-1.037294912497,1.591860315639,2.4));
#794 = LINE('',#795,#796);
#795 = CARTESIAN_POINT('',(-0.801038964752,1.393458795238,2.4));
#796 = VECTOR('',#797,1.);
#797 = DIRECTION('',(-0.765790224195,0.64309045439,0.));
#798 = ORIENTED_EDGE('',*,*,#799,.F.);
#799 = EDGE_CURVE('',#800,#792,#802,.T.);
#800 = VERTEX_POINT('',#801);
#801 = CARTESIAN_POINT('',(-1.591860315639,1.037294912497,2.4));
#802 = CIRCLE('',#803,1.9);
#803 = AXIS2_PLACEMENT_3D('',#804,#805,#806);
#804 = CARTESIAN_POINT('',(0.,0.,2.4));
#805 = DIRECTION('',(0.,0.,-1.));
#806 = DIRECTION('',(1.,0.,0.));
#807 = ORIENTED_EDGE('',*,*,#808,.T.);
#808 = EDGE_CURVE('',#800,#809,#811,.T.);
#809 = VERTEX_POINT('',#810);
#810 = CARTESIAN_POINT('',(-1.052477970343,0.395,2.4));
#811 = LINE('',#812,#813);
#812 = CARTESIAN_POINT('',(-1.393458795238,0.801038964752,2.4));
#813 = VECTOR('',#814,1.);
#814 = DIRECTION('',(0.64309045439,-0.765790224195,0.));
#815 = ORIENTED_EDGE('',*,*,#816,.T.);
#816 = EDGE_CURVE('',#809,#817,#819,.T.);
#817 = VERTEX_POINT('',#818);
#818 = CARTESIAN_POINT('',(-0.909433095097,0.,2.4));
#819 = LINE('',#820,#821);
#820 = CARTESIAN_POINT('',(-0.891823444664,-4.862678169254E-02,2.4));
#821 = VECTOR('',#822,1.);
#822 = DIRECTION('',(0.340499237924,-0.940244792048,0.));
#823 = ORIENTED_EDGE('',*,*,#824,.T.);
#824 = EDGE_CURVE('',#817,#825,#827,.T.);
#825 = VERTEX_POINT('',#826);
#826 = CARTESIAN_POINT('',(-1.052477970343,-0.395,2.4));
#827 = LINE('',#828,#829);
#828 = CARTESIAN_POINT('',(-0.891823444664,4.862678169254E-02,2.4));
#829 = VECTOR('',#830,1.);
#830 = DIRECTION('',(-0.340499237924,-0.940244792048,0.));
#831 = ORIENTED_EDGE('',*,*,#832,.T.);
#832 = EDGE_CURVE('',#825,#833,#835,.T.);
#833 = VERTEX_POINT('',#834);
#834 = CARTESIAN_POINT('',(-1.591860315639,-1.037294912497,2.4));
#835 = LINE('',#836,#837);
#836 = CARTESIAN_POINT('',(-1.393458795238,-0.801038964752,2.4));
#837 = VECTOR('',#838,1.);
#838 = DIRECTION('',(-0.64309045439,-0.765790224195,0.));
#839 = ORIENTED_EDGE('',*,*,#840,.F.);
#840 = EDGE_CURVE('',#841,#833,#843,.T.);
#841 = VERTEX_POINT('',#842);
#842 = CARTESIAN_POINT('',(-1.037294912497,-1.591860315639,2.4));
#843 = CIRCLE('',#844,1.9);
#844 = AXIS2_PLACEMENT_3D('',#845,#846,#847);
#845 = CARTESIAN_POINT('',(0.,0.,2.4));
#846 = DIRECTION('',(0.,0.,-1.));
#847 = DIRECTION('',(1.,0.,0.));
#848 = ORIENTED_EDGE('',*,*,#849,.T.);
#849 = EDGE_CURVE('',#841,#850,#852,.T.);
#850 = VERTEX_POINT('',#851);
#851 = CARTESIAN_POINT('',(-0.395,-1.052477970343,2.4));
#852 = LINE('',#853,#854);
#853 = CARTESIAN_POINT('',(-0.801038964752,-1.393458795238,2.4));
#854 = VECTOR('',#855,1.);
#855 = DIRECTION('',(0.765790224195,0.64309045439,-0.));
#856 = ORIENTED_EDGE('',*,*,#857,.T.);
#857 = EDGE_CURVE('',#850,#858,#860,.T.);
#858 = VERTEX_POINT('',#859);
#859 = CARTESIAN_POINT('',(-0.,-0.909433095097,2.4));
#860 = LINE('',#861,#862);
#861 = CARTESIAN_POINT('',(4.862678169254E-02,-0.891823444664,2.4));
#862 = VECTOR('',#863,1.);
#863 = DIRECTION('',(0.940244792048,0.340499237924,-0.));
#864 = ORIENTED_EDGE('',*,*,#865,.T.);
#865 = EDGE_CURVE('',#858,#866,#868,.T.);
#866 = VERTEX_POINT('',#867);
#867 = CARTESIAN_POINT('',(0.395,-1.052477970343,2.4));
#868 = LINE('',#869,#870);
#869 = CARTESIAN_POINT('',(-4.862678169254E-02,-0.891823444664,2.4));
#870 = VECTOR('',#871,1.);
#871 = DIRECTION('',(0.940244792048,-0.340499237924,0.));
#872 = ORIENTED_EDGE('',*,*,#873,.T.);
#873 = EDGE_CURVE('',#866,#874,#876,.T.);
#874 = VERTEX_POINT('',#875);
#875 = CARTESIAN_POINT('',(1.037294912497,-1.591860315639,2.4));
#876 = LINE('',#877,#878);
#877 = CARTESIAN_POINT('',(0.801038964752,-1.393458795238,2.4));
#878 = VECTOR('',#879,1.);
#879 = DIRECTION('',(0.765790224195,-0.64309045439,0.));
#880 = ORIENTED_EDGE('',*,*,#881,.F.);
#881 = EDGE_CURVE('',#882,#874,#884,.T.);
#882 = VERTEX_POINT('',#883);
#883 = CARTESIAN_POINT('',(1.591860315639,-1.037294912497,2.4));
#884 = CIRCLE('',#885,1.9);
#885 = AXIS2_PLACEMENT_3D('',#886,#887,#888);
#886 = CARTESIAN_POINT('',(0.,0.,2.4));
#887 = DIRECTION('',(0.,0.,-1.));
#888 = DIRECTION('',(1.,0.,0.));
#889 = ORIENTED_EDGE('',*,*,#890,.T.);
#890 = EDGE_CURVE('',#882,#891,#893,.T.);
#891 = VERTEX_POINT('',#892);
#892 = CARTESIAN_POINT('',(1.052477970343,-0.395,2.4));
#893 = LINE('',#894,#895);
#894 = CARTESIAN_POINT('',(1.393458795238,-0.801038964752,2.4));
#895 = VECTOR('',#896,1.);
#896 = DIRECTION('',(-0.64309045439,0.765790224195,0.));
#897 = ORIENTED_EDGE('',*,*,#898,.T.);
#898 = EDGE_CURVE('',#891,#899,#901,.T.);
#899 = VERTEX_POINT('',#900);
#900 = CARTESIAN_POINT('',(0.909433095097,0.,2.4));
#901 = LINE('',#902,#903);
#902 = CARTESIAN_POINT('',(0.891823444664,4.862678169254E-02,2.4));
#903 = VECTOR('',#904,1.);
#904 = DIRECTION('',(-0.340499237924,0.940244792048,0.));
#905 = ORIENTED_EDGE('',*,*,#906,.T.);
#906 = EDGE_CURVE('',#899,#907,#909,.T.);
#907 = VERTEX_POINT('',#908);
#908 = CARTESIAN_POINT('',(1.052477970343,0.395,2.4));
#909 = LINE('',#910,#911);
#910 = CARTESIAN_POINT('',(0.891823444664,-4.862678169254E-02,2.4));
#911 = VECTOR('',#912,1.);
#912 = DIRECTION('',(0.340499237924,0.940244792048,-0.));
#913 = ORIENTED_EDGE('',*,*,#914,.T.);
#914 = EDGE_CURVE('',#907,#759,#915,.T.);
#915 = LINE('',#916,#917);
#916 = CARTESIAN_POINT('',(1.393458795238,0.801038964752,2.4));
#917 = VECTOR('',#918,1.);
#918 = DIRECTION('',(0.64309045439,0.765790224195,-0.));
#919 = PLANE('',#920);
#920 = AXIS2_PLACEMENT_3D('',#921,#922,#923);
#921 = CARTESIAN_POINT('',(0.,0.,2.4));
#922 = DIRECTION('',(0.,0.,1.));
#923 = DIRECTION('',(1.,0.,-0.));
#924 = ADVANCED_FACE('',(#925),#945,.F.);
#925 = FACE_BOUND('',#926,.F.);
#926 = EDGE_LOOP('',(#927,#928,#937,#944));
#927 = ORIENTED_EDGE('',*,*,#745,.T.);
#928 = ORIENTED_EDGE('',*,*,#929,.T.);
#929 = EDGE_CURVE('',#746,#930,#932,.T.);
#930 = VERTEX_POINT('',#931);
#931 = CARTESIAN_POINT('',(2.805999912353,0.,2.21743114855));
#932 = CIRCLE('',#933,0.2);
#933 = AXIS2_PLACEMENT_3D('',#934,#935,#936);
#934 = CARTESIAN_POINT('',(2.606760972734,0.,2.2));
#935 = DIRECTION('',(0.,1.,0.));
#936 = DIRECTION('',(2.22E-15,-0.,1.));
#937 = ORIENTED_EDGE('',*,*,#938,.F.);
#938 = EDGE_CURVE('',#930,#930,#939,.T.);
#939 = CIRCLE('',#940,2.805999912353);
#940 = AXIS2_PLACEMENT_3D('',#941,#942,#943);
#941 = CARTESIAN_POINT('',(0.,0.,2.21743114855));
#942 = DIRECTION('',(0.,0.,1.));
#943 = DIRECTION('',(1.,0.,-0.));
#944 = ORIENTED_EDGE('',*,*,#929,.F.);
#945 = SURFACE_OF_REVOLUTION('',#946,#951);
#946 = CIRCLE('',#947,0.2);
#947 = AXIS2_PLACEMENT_3D('',#948,#949,#950);
#948 = CARTESIAN_POINT('',(2.606760972734,0.,2.2));
#949 = DIRECTION('',(0.,1.,0.));
#950 = DIRECTION('',(2.22E-15,-0.,1.));
#951 = AXIS1_PLACEMENT('',#952,#953);
#952 = CARTESIAN_POINT('',(0.,0.,0.));
#953 = DIRECTION('',(0.,0.,1.));
#954 = ADVANCED_FACE('',(#955),#983,.F.);
#955 = FACE_BOUND('',#956,.T.);
#956 = EDGE_LOOP('',(#957,#968,#975,#976));
#957 = ORIENTED_EDGE('',*,*,#958,.F.);
#958 = EDGE_CURVE('',#959,#961,#963,.T.);
#959 = VERTEX_POINT('',#960);
#960 = CARTESIAN_POINT('',(1.014342551788,0.531163051833,0.885704270264)
  );
#961 = VERTEX_POINT('',#962);
#962 = CARTESIAN_POINT('',(0.531163051833,1.014342551788,0.885704270264)
  );
#963 = CIRCLE('',#964,1.145);
#964 = AXIS2_PLACEMENT_3D('',#965,#966,#967);
#965 = CARTESIAN_POINT('',(0.,0.,0.885704270264));
#966 = DIRECTION('',(0.,0.,1.));
#967 = DIRECTION('',(1.,0.,0.));
#968 = ORIENTED_EDGE('',*,*,#969,.T.);
#969 = EDGE_CURVE('',#959,#759,#970,.T.);
#970 = HYPERBOLA('',#971,0.531931332531,0.26124451767);
#971 = AXIS2_PLACEMENT_3D('',#972,#973,#974);
#972 = CARTESIAN_POINT('',(0.202494991918,-0.17004995918,-1.328785035002
    ));
#973 = DIRECTION('',(-0.763523591159,0.641186995685,7.688278291234E-02)
  );
#974 = DIRECTION('',(5.887608356314E-02,-4.94425837979E-02,
    0.997040138456));
#975 = ORIENTED_EDGE('',*,*,#756,.F.);
#976 = ORIENTED_EDGE('',*,*,#977,.T.);
#977 = EDGE_CURVE('',#757,#961,#978,.T.);
#978 = HYPERBOLA('',#979,0.531931332531,0.26124451767);
#979 = AXIS2_PLACEMENT_3D('',#980,#981,#982);
#980 = CARTESIAN_POINT('',(-0.17004995918,0.202494991918,-1.328785035002
    ));
#981 = DIRECTION('',(0.641186995685,-0.763523591159,7.688278291234E-02)
  );
#982 = DIRECTION('',(-4.94425837979E-02,5.887608356314E-02,
    0.997040138456));
#983 = CONICAL_SURFACE('',#984,2.373652527651,0.462512251778);
#984 = AXIS2_PLACEMENT_3D('',#985,#986,#987);
#985 = CARTESIAN_POINT('',(0.,0.,3.35));
#986 = DIRECTION('',(0.,0.,1.));
#987 = DIRECTION('',(1.,0.,0.));
#988 = ADVANCED_FACE('',(#989),#1008,.T.);
#989 = FACE_BOUND('',#990,.T.);
#990 = EDGE_LOOP('',(#991,#999,#1000,#1001));
#991 = ORIENTED_EDGE('',*,*,#992,.F.);
#992 = EDGE_CURVE('',#907,#993,#995,.T.);
#993 = VERTEX_POINT('',#994);
#994 = CARTESIAN_POINT('',(0.890868365168,0.395,0.795053594114));
#995 = LINE('',#996,#997);
#996 = CARTESIAN_POINT('',(1.243797910192,0.395,4.3));
#997 = VECTOR('',#998,1.);
#998 = DIRECTION('',(-0.100188061612,0.,-0.994968518251));
#999 = ORIENTED_EDGE('',*,*,#914,.T.);
#1000 = ORIENTED_EDGE('',*,*,#969,.F.);
#1001 = ORIENTED_EDGE('',*,*,#1002,.F.);
#1002 = EDGE_CURVE('',#993,#959,#1003,.T.);
#1003 = HYPERBOLA('',#1004,0.207393380127,0.388568709277);
#1004 = AXIS2_PLACEMENT_3D('',#1005,#1006,#1007);
#1005 = CARTESIAN_POINT('',(0.297812543747,-0.250095127922,
    0.285375067384));
#1006 = DIRECTION('',(-0.763523591159,0.641186995685,7.688278291234E-02)
  );
#1007 = DIRECTION('',(5.887608356314E-02,-4.94425837979E-02,
    0.997040138456));
#1008 = PLANE('',#1009);
#1009 = AXIS2_PLACEMENT_3D('',#1010,#1011,#1012);
#1010 = CARTESIAN_POINT('',(2.35764739977,1.962567725894,2.288448485506)
  );
#1011 = DIRECTION('',(-0.763523591159,0.641186995685,7.688278291234E-02)
  );
#1012 = DIRECTION('',(0.64309045439,0.765790224195,-1.387778780781E-17)
  );
#1013 = ADVANCED_FACE('',(#1014),#1033,.T.);
#1014 = FACE_BOUND('',#1015,.T.);
#1015 = EDGE_LOOP('',(#1016,#1025,#1031,#1032));
#1016 = ORIENTED_EDGE('',*,*,#1017,.F.);
#1017 = EDGE_CURVE('',#1018,#993,#1020,.T.);
#1018 = VERTEX_POINT('',#1019);
#1019 = CARTESIAN_POINT('',(0.735,0.,0.667703403283));
#1020 = HYPERBOLA('',#1021,0.350222911598,0.654909647025);
#1021 = AXIS2_PLACEMENT_3D('',#1022,#1023,#1024);
#1022 = CARTESIAN_POINT('',(0.616557125368,-0.223279334382,
    0.294449054822));
#1023 = DIRECTION('',(-0.93605880101,0.33898332763,9.425616500203E-02));
#1024 = DIRECTION('',(8.862386826157E-02,-3.209415235281E-02,
    0.995547977427));
#1025 = ORIENTED_EDGE('',*,*,#1026,.F.);
#1026 = EDGE_CURVE('',#899,#1018,#1027,.T.);
#1027 = LINE('',#1028,#1029);
#1028 = CARTESIAN_POINT('',(1.100753034945,0.,4.3));
#1029 = VECTOR('',#1030,1.);
#1030 = DIRECTION('',(-0.100188061612,0.,-0.994968518251));
#1031 = ORIENTED_EDGE('',*,*,#906,.T.);
#1032 = ORIENTED_EDGE('',*,*,#992,.T.);
#1033 = PLANE('',#1034);
#1034 = AXIS2_PLACEMENT_3D('',#1035,#1036,#1037);
#1035 = CARTESIAN_POINT('',(0.969722885855,0.1975,2.288448485506));
#1036 = DIRECTION('',(-0.93605880101,0.33898332763,9.425616500203E-02));
#1037 = DIRECTION('',(0.340499237924,0.940244792048,-3.469446951954E-18)
  );
#1038 = ADVANCED_FACE('',(#1039),#1058,.T.);
#1039 = FACE_BOUND('',#1040,.T.);
#1040 = EDGE_LOOP('',(#1041,#1049,#1050,#1051));
#1041 = ORIENTED_EDGE('',*,*,#1042,.F.);
#1042 = EDGE_CURVE('',#891,#1043,#1045,.T.);
#1043 = VERTEX_POINT('',#1044);
#1044 = CARTESIAN_POINT('',(0.890868365168,-0.395,0.795053594114));
#1045 = LINE('',#1046,#1047);
#1046 = CARTESIAN_POINT('',(1.243797910192,-0.395,4.3));
#1047 = VECTOR('',#1048,1.);
#1048 = DIRECTION('',(-0.100188061612,0.,-0.994968518251));
#1049 = ORIENTED_EDGE('',*,*,#898,.T.);
#1050 = ORIENTED_EDGE('',*,*,#1026,.T.);
#1051 = ORIENTED_EDGE('',*,*,#1052,.F.);
#1052 = EDGE_CURVE('',#1043,#1018,#1053,.T.);
#1053 = HYPERBOLA('',#1054,0.350222911598,0.654909647025);
#1054 = AXIS2_PLACEMENT_3D('',#1055,#1056,#1057);
#1055 = CARTESIAN_POINT('',(0.616557125368,0.223279334382,0.294449054822
    ));
#1056 = DIRECTION('',(-0.93605880101,-0.33898332763,9.425616500203E-02)
  );
#1057 = DIRECTION('',(8.862386826157E-02,3.209415235281E-02,
    0.995547977427));
#1058 = PLANE('',#1059);
#1059 = AXIS2_PLACEMENT_3D('',#1060,#1061,#1062);
#1060 = CARTESIAN_POINT('',(0.969722885855,-0.1975,2.288448485506));
#1061 = DIRECTION('',(-0.93605880101,-0.33898332763,9.425616500203E-02)
  );
#1062 = DIRECTION('',(-0.340499237924,0.940244792048,3.469446951954E-18)
  );
#1063 = ADVANCED_FACE('',(#1064),#1084,.T.);
#1064 = FACE_BOUND('',#1065,.T.);
#1065 = EDGE_LOOP('',(#1066,#1075,#1076,#1077));
#1066 = ORIENTED_EDGE('',*,*,#1067,.F.);
#1067 = EDGE_CURVE('',#882,#1068,#1070,.T.);
#1068 = VERTEX_POINT('',#1069);
#1069 = CARTESIAN_POINT('',(1.014342551788,-0.531163051833,
    0.885704270264));
#1070 = HYPERBOLA('',#1071,0.531931332531,0.26124451767);
#1071 = AXIS2_PLACEMENT_3D('',#1072,#1073,#1074);
#1072 = CARTESIAN_POINT('',(0.202494991918,0.17004995918,-1.328785035002
    ));
#1073 = DIRECTION('',(-0.763523591159,-0.641186995685,7.688278291234E-02
    ));
#1074 = DIRECTION('',(5.887608356314E-02,4.94425837979E-02,
    0.997040138456));
#1075 = ORIENTED_EDGE('',*,*,#890,.T.);
#1076 = ORIENTED_EDGE('',*,*,#1042,.T.);
#1077 = ORIENTED_EDGE('',*,*,#1078,.F.);
#1078 = EDGE_CURVE('',#1068,#1043,#1079,.T.);
#1079 = HYPERBOLA('',#1080,0.207393380127,0.388568709277);
#1080 = AXIS2_PLACEMENT_3D('',#1081,#1082,#1083);
#1081 = CARTESIAN_POINT('',(0.297812543747,0.250095127922,0.285375067384
    ));
#1082 = DIRECTION('',(-0.763523591159,-0.641186995685,7.688278291234E-02
    ));
#1083 = DIRECTION('',(5.887608356314E-02,4.94425837979E-02,
    0.997040138456));
#1084 = PLANE('',#1085);
#1085 = AXIS2_PLACEMENT_3D('',#1086,#1087,#1088);
#1086 = CARTESIAN_POINT('',(2.35764739977,-1.962567725894,2.288448485506
    ));
#1087 = DIRECTION('',(-0.763523591159,-0.641186995685,7.688278291234E-02
    ));
#1088 = DIRECTION('',(-0.64309045439,0.765790224195,1.387778780781E-17)
  );
#1089 = ADVANCED_FACE('',(#1090),#1110,.F.);
#1090 = FACE_BOUND('',#1091,.T.);
#1091 = EDGE_LOOP('',(#1092,#1101,#1108,#1109));
#1092 = ORIENTED_EDGE('',*,*,#1093,.F.);
#1093 = EDGE_CURVE('',#1094,#1068,#1096,.T.);
#1094 = VERTEX_POINT('',#1095);
#1095 = CARTESIAN_POINT('',(0.531163051833,-1.014342551788,
    0.885704270264));
#1096 = CIRCLE('',#1097,1.145);
#1097 = AXIS2_PLACEMENT_3D('',#1098,#1099,#1100);
#1098 = CARTESIAN_POINT('',(0.,0.,0.885704270264));
#1099 = DIRECTION('',(0.,0.,1.));
#1100 = DIRECTION('',(1.,0.,0.));
#1101 = ORIENTED_EDGE('',*,*,#1102,.T.);
#1102 = EDGE_CURVE('',#1094,#874,#1103,.T.);
#1103 = HYPERBOLA('',#1104,0.531931332531,0.26124451767);
#1104 = AXIS2_PLACEMENT_3D('',#1105,#1106,#1107);
#1105 = CARTESIAN_POINT('',(-0.17004995918,-0.202494991918,
    -1.328785035002));
#1106 = DIRECTION('',(0.641186995685,0.763523591159,7.688278291234E-02)
  );
#1107 = DIRECTION('',(-4.94425837979E-02,-5.887608356314E-02,
    0.997040138456));
#1108 = ORIENTED_EDGE('',*,*,#881,.F.);
#1109 = ORIENTED_EDGE('',*,*,#1067,.T.);
#1110 = CONICAL_SURFACE('',#1111,2.373652527651,0.462512251778);
#1111 = AXIS2_PLACEMENT_3D('',#1112,#1113,#1114);
#1112 = CARTESIAN_POINT('',(0.,0.,3.35));
#1113 = DIRECTION('',(0.,0.,1.));
#1114 = DIRECTION('',(1.,0.,0.));
#1115 = ADVANCED_FACE('',(#1116),#1135,.T.);
#1116 = FACE_BOUND('',#1117,.T.);
#1117 = EDGE_LOOP('',(#1118,#1126,#1127,#1128));
#1118 = ORIENTED_EDGE('',*,*,#1119,.F.);
#1119 = EDGE_CURVE('',#866,#1120,#1122,.T.);
#1120 = VERTEX_POINT('',#1121);
#1121 = CARTESIAN_POINT('',(0.395,-0.890868365168,0.795053594114));
#1122 = LINE('',#1123,#1124);
#1123 = CARTESIAN_POINT('',(0.395,-1.243797910192,4.3));
#1124 = VECTOR('',#1125,1.);
#1125 = DIRECTION('',(0.,0.100188061612,-0.994968518251));
#1126 = ORIENTED_EDGE('',*,*,#873,.T.);
#1127 = ORIENTED_EDGE('',*,*,#1102,.F.);
#1128 = ORIENTED_EDGE('',*,*,#1129,.F.);
#1129 = EDGE_CURVE('',#1120,#1094,#1130,.T.);
#1130 = HYPERBOLA('',#1131,0.207393380127,0.388568709277);
#1131 = AXIS2_PLACEMENT_3D('',#1132,#1133,#1134);
#1132 = CARTESIAN_POINT('',(-0.250095127922,-0.297812543747,
    0.285375067384));
#1133 = DIRECTION('',(0.641186995685,0.763523591159,7.688278291234E-02)
  );
#1134 = DIRECTION('',(-4.94425837979E-02,-5.887608356314E-02,
    0.997040138456));
#1135 = PLANE('',#1136);
#1136 = AXIS2_PLACEMENT_3D('',#1137,#1138,#1139);
#1137 = CARTESIAN_POINT('',(1.962567725894,-2.35764739977,2.288448485506
    ));
#1138 = DIRECTION('',(0.641186995685,0.763523591159,7.688278291234E-02)
  );
#1139 = DIRECTION('',(0.765790224195,-0.64309045439,-1.387778780781E-17)
  );
#1140 = ADVANCED_FACE('',(#1141),#1160,.T.);
#1141 = FACE_BOUND('',#1142,.T.);
#1142 = EDGE_LOOP('',(#1143,#1151,#1152,#1153));
#1143 = ORIENTED_EDGE('',*,*,#1144,.F.);
#1144 = EDGE_CURVE('',#858,#1145,#1147,.T.);
#1145 = VERTEX_POINT('',#1146);
#1146 = CARTESIAN_POINT('',(0.,-0.735,0.667703403283));
#1147 = LINE('',#1148,#1149);
#1148 = CARTESIAN_POINT('',(0.,-1.100753034945,4.3));
#1149 = VECTOR('',#1150,1.);
#1150 = DIRECTION('',(0.,0.100188061612,-0.994968518251));
#1151 = ORIENTED_EDGE('',*,*,#865,.T.);
#1152 = ORIENTED_EDGE('',*,*,#1119,.T.);
#1153 = ORIENTED_EDGE('',*,*,#1154,.F.);
#1154 = EDGE_CURVE('',#1145,#1120,#1155,.T.);
#1155 = HYPERBOLA('',#1156,0.350222911598,0.654909647025);
#1156 = AXIS2_PLACEMENT_3D('',#1157,#1158,#1159);
#1157 = CARTESIAN_POINT('',(-0.223279334382,-0.616557125368,
    0.294449054822));
#1158 = DIRECTION('',(0.33898332763,0.93605880101,9.425616500203E-02));
#1159 = DIRECTION('',(-3.209415235281E-02,-8.862386826157E-02,
    0.995547977427));
#1160 = PLANE('',#1161);
#1161 = AXIS2_PLACEMENT_3D('',#1162,#1163,#1164);
#1162 = CARTESIAN_POINT('',(0.1975,-0.969722885855,2.288448485506));
#1163 = DIRECTION('',(0.33898332763,0.93605880101,9.425616500203E-02));
#1164 = DIRECTION('',(0.940244792048,-0.340499237924,-3.469446951954E-18
    ));
#1165 = ADVANCED_FACE('',(#1166),#1185,.T.);
#1166 = FACE_BOUND('',#1167,.T.);
#1167 = EDGE_LOOP('',(#1168,#1176,#1177,#1178));
#1168 = ORIENTED_EDGE('',*,*,#1169,.F.);
#1169 = EDGE_CURVE('',#850,#1170,#1172,.T.);
#1170 = VERTEX_POINT('',#1171);
#1171 = CARTESIAN_POINT('',(-0.395,-0.890868365168,0.795053594114));
#1172 = LINE('',#1173,#1174);
#1173 = CARTESIAN_POINT('',(-0.395,-1.243797910192,4.3));
#1174 = VECTOR('',#1175,1.);
#1175 = DIRECTION('',(0.,0.100188061612,-0.994968518251));
#1176 = ORIENTED_EDGE('',*,*,#857,.T.);
#1177 = ORIENTED_EDGE('',*,*,#1144,.T.);
#1178 = ORIENTED_EDGE('',*,*,#1179,.F.);
#1179 = EDGE_CURVE('',#1170,#1145,#1180,.T.);
#1180 = HYPERBOLA('',#1181,0.350222911598,0.654909647025);
#1181 = AXIS2_PLACEMENT_3D('',#1182,#1183,#1184);
#1182 = CARTESIAN_POINT('',(0.223279334382,-0.616557125368,
    0.294449054822));
#1183 = DIRECTION('',(-0.33898332763,0.93605880101,9.425616500203E-02));
#1184 = DIRECTION('',(3.209415235281E-02,-8.862386826157E-02,
    0.995547977427));
#1185 = PLANE('',#1186);
#1186 = AXIS2_PLACEMENT_3D('',#1187,#1188,#1189);
#1187 = CARTESIAN_POINT('',(-0.1975,-0.969722885855,2.288448485506));
#1188 = DIRECTION('',(-0.33898332763,0.93605880101,9.425616500203E-02));
#1189 = DIRECTION('',(0.940244792048,0.340499237924,3.469446951954E-18)
  );
#1190 = ADVANCED_FACE('',(#1191),#1211,.T.);
#1191 = FACE_BOUND('',#1192,.T.);
#1192 = EDGE_LOOP('',(#1193,#1202,#1203,#1204));
#1193 = ORIENTED_EDGE('',*,*,#1194,.F.);
#1194 = EDGE_CURVE('',#841,#1195,#1197,.T.);
#1195 = VERTEX_POINT('',#1196);
#1196 = CARTESIAN_POINT('',(-0.531163051833,-1.014342551788,
    0.885704270264));
#1197 = HYPERBOLA('',#1198,0.531931332531,0.26124451767);
#1198 = AXIS2_PLACEMENT_3D('',#1199,#1200,#1201);
#1199 = CARTESIAN_POINT('',(0.17004995918,-0.202494991918,
    -1.328785035002));
#1200 = DIRECTION('',(-0.641186995685,0.763523591159,7.688278291234E-02)
  );
#1201 = DIRECTION('',(4.94425837979E-02,-5.887608356314E-02,
    0.997040138456));
#1202 = ORIENTED_EDGE('',*,*,#849,.T.);
#1203 = ORIENTED_EDGE('',*,*,#1169,.T.);
#1204 = ORIENTED_EDGE('',*,*,#1205,.F.);
#1205 = EDGE_CURVE('',#1195,#1170,#1206,.T.);
#1206 = HYPERBOLA('',#1207,0.207393380127,0.388568709277);
#1207 = AXIS2_PLACEMENT_3D('',#1208,#1209,#1210);
#1208 = CARTESIAN_POINT('',(0.250095127922,-0.297812543747,
    0.285375067384));
#1209 = DIRECTION('',(-0.641186995685,0.763523591159,7.688278291234E-02)
  );
#1210 = DIRECTION('',(4.94425837979E-02,-5.887608356314E-02,
    0.997040138456));
#1211 = PLANE('',#1212);
#1212 = AXIS2_PLACEMENT_3D('',#1213,#1214,#1215);
#1213 = CARTESIAN_POINT('',(-1.962567725894,-2.35764739977,
    2.288448485506));
#1214 = DIRECTION('',(-0.641186995685,0.763523591159,7.688278291234E-02)
  );
#1215 = DIRECTION('',(0.765790224195,0.64309045439,1.387778780781E-17));
#1216 = ADVANCED_FACE('',(#1217),#1237,.F.);
#1217 = FACE_BOUND('',#1218,.T.);
#1218 = EDGE_LOOP('',(#1219,#1228,#1235,#1236));
#1219 = ORIENTED_EDGE('',*,*,#1220,.F.);
#1220 = EDGE_CURVE('',#1221,#1195,#1223,.T.);
#1221 = VERTEX_POINT('',#1222);
#1222 = CARTESIAN_POINT('',(-1.014342551788,-0.531163051833,
    0.885704270264));
#1223 = CIRCLE('',#1224,1.145);
#1224 = AXIS2_PLACEMENT_3D('',#1225,#1226,#1227);
#1225 = CARTESIAN_POINT('',(0.,0.,0.885704270264));
#1226 = DIRECTION('',(0.,0.,1.));
#1227 = DIRECTION('',(1.,0.,0.));
#1228 = ORIENTED_EDGE('',*,*,#1229,.T.);
#1229 = EDGE_CURVE('',#1221,#833,#1230,.T.);
#1230 = HYPERBOLA('',#1231,0.531931332531,0.26124451767);
#1231 = AXIS2_PLACEMENT_3D('',#1232,#1233,#1234);
#1232 = CARTESIAN_POINT('',(-0.202494991918,0.17004995918,
    -1.328785035002));
#1233 = DIRECTION('',(0.763523591159,-0.641186995685,7.688278291234E-02)
  );
#1234 = DIRECTION('',(-5.887608356314E-02,4.94425837979E-02,
    0.997040138456));
#1235 = ORIENTED_EDGE('',*,*,#840,.F.);
#1236 = ORIENTED_EDGE('',*,*,#1194,.T.);
#1237 = CONICAL_SURFACE('',#1238,2.373652527651,0.462512251778);
#1238 = AXIS2_PLACEMENT_3D('',#1239,#1240,#1241);
#1239 = CARTESIAN_POINT('',(0.,0.,3.35));
#1240 = DIRECTION('',(0.,0.,1.));
#1241 = DIRECTION('',(1.,0.,0.));
#1242 = ADVANCED_FACE('',(#1243),#1262,.T.);
#1243 = FACE_BOUND('',#1244,.T.);
#1244 = EDGE_LOOP('',(#1245,#1253,#1254,#1255));
#1245 = ORIENTED_EDGE('',*,*,#1246,.F.);
#1246 = EDGE_CURVE('',#825,#1247,#1249,.T.);
#1247 = VERTEX_POINT('',#1248);
#1248 = CARTESIAN_POINT('',(-0.890868365168,-0.395,0.795053594114));
#1249 = LINE('',#1250,#1251);
#1250 = CARTESIAN_POINT('',(-1.243797910192,-0.395,4.3));
#1251 = VECTOR('',#1252,1.);
#1252 = DIRECTION('',(0.100188061612,-0.,-0.994968518251));
#1253 = ORIENTED_EDGE('',*,*,#832,.T.);
#1254 = ORIENTED_EDGE('',*,*,#1229,.F.);
#1255 = ORIENTED_EDGE('',*,*,#1256,.F.);
#1256 = EDGE_CURVE('',#1247,#1221,#1257,.T.);
#1257 = HYPERBOLA('',#1258,0.207393380127,0.388568709277);
#1258 = AXIS2_PLACEMENT_3D('',#1259,#1260,#1261);
#1259 = CARTESIAN_POINT('',(-0.297812543747,0.250095127922,
    0.285375067384));
#1260 = DIRECTION('',(0.763523591159,-0.641186995685,7.688278291234E-02)
  );
#1261 = DIRECTION('',(-5.887608356314E-02,4.94425837979E-02,
    0.997040138456));
#1262 = PLANE('',#1263);
#1263 = AXIS2_PLACEMENT_3D('',#1264,#1265,#1266);
#1264 = CARTESIAN_POINT('',(-2.35764739977,-1.962567725894,
    2.288448485506));
#1265 = DIRECTION('',(0.763523591159,-0.641186995685,7.688278291234E-02)
  );
#1266 = DIRECTION('',(-0.64309045439,-0.765790224195,-1.387778780781E-17
    ));
#1267 = ADVANCED_FACE('',(#1268),#1287,.T.);
#1268 = FACE_BOUND('',#1269,.T.);
#1269 = EDGE_LOOP('',(#1270,#1278,#1279,#1280));
#1270 = ORIENTED_EDGE('',*,*,#1271,.F.);
#1271 = EDGE_CURVE('',#817,#1272,#1274,.T.);
#1272 = VERTEX_POINT('',#1273);
#1273 = CARTESIAN_POINT('',(-0.735,0.,0.667703403283));
#1274 = LINE('',#1275,#1276);
#1275 = CARTESIAN_POINT('',(-1.100753034945,0.,4.3));
#1276 = VECTOR('',#1277,1.);
#1277 = DIRECTION('',(0.100188061612,-0.,-0.994968518251));
#1278 = ORIENTED_EDGE('',*,*,#824,.T.);
#1279 = ORIENTED_EDGE('',*,*,#1246,.T.);
#1280 = ORIENTED_EDGE('',*,*,#1281,.F.);
#1281 = EDGE_CURVE('',#1272,#1247,#1282,.T.);
#1282 = HYPERBOLA('',#1283,0.350222911598,0.654909647025);
#1283 = AXIS2_PLACEMENT_3D('',#1284,#1285,#1286);
#1284 = CARTESIAN_POINT('',(-0.616557125368,0.223279334382,
    0.294449054822));
#1285 = DIRECTION('',(0.93605880101,-0.33898332763,9.425616500203E-02));
#1286 = DIRECTION('',(-8.862386826157E-02,3.209415235281E-02,
    0.995547977427));
#1287 = PLANE('',#1288);
#1288 = AXIS2_PLACEMENT_3D('',#1289,#1290,#1291);
#1289 = CARTESIAN_POINT('',(-0.969722885855,-0.1975,2.288448485506));
#1290 = DIRECTION('',(0.93605880101,-0.33898332763,9.425616500203E-02));
#1291 = DIRECTION('',(-0.340499237924,-0.940244792048,
    -3.469446951954E-18));
#1292 = ADVANCED_FACE('',(#1293),#1312,.T.);
#1293 = FACE_BOUND('',#1294,.T.);
#1294 = EDGE_LOOP('',(#1295,#1303,#1304,#1305));
#1295 = ORIENTED_EDGE('',*,*,#1296,.F.);
#1296 = EDGE_CURVE('',#809,#1297,#1299,.T.);
#1297 = VERTEX_POINT('',#1298);
#1298 = CARTESIAN_POINT('',(-0.890868365168,0.395,0.795053594114));
#1299 = LINE('',#1300,#1301);
#1300 = CARTESIAN_POINT('',(-1.243797910192,0.395,4.3));
#1301 = VECTOR('',#1302,1.);
#1302 = DIRECTION('',(0.100188061612,-0.,-0.994968518251));
#1303 = ORIENTED_EDGE('',*,*,#816,.T.);
#1304 = ORIENTED_EDGE('',*,*,#1271,.T.);
#1305 = ORIENTED_EDGE('',*,*,#1306,.F.);
#1306 = EDGE_CURVE('',#1297,#1272,#1307,.T.);
#1307 = HYPERBOLA('',#1308,0.350222911598,0.654909647025);
#1308 = AXIS2_PLACEMENT_3D('',#1309,#1310,#1311);
#1309 = CARTESIAN_POINT('',(-0.616557125368,-0.223279334382,
    0.294449054822));
#1310 = DIRECTION('',(0.93605880101,0.33898332763,9.425616500203E-02));
#1311 = DIRECTION('',(-8.862386826157E-02,-3.209415235281E-02,
    0.995547977427));
#1312 = PLANE('',#1313);
#1313 = AXIS2_PLACEMENT_3D('',#1314,#1315,#1316);
#1314 = CARTESIAN_POINT('',(-0.969722885855,0.1975,2.288448485506));
#1315 = DIRECTION('',(0.93605880101,0.33898332763,9.425616500203E-02));
#1316 = DIRECTION('',(0.340499237924,-0.940244792048,3.469446951954E-18)
  );
#1317 = ADVANCED_FACE('',(#1318),#1338,.T.);
#1318 = FACE_BOUND('',#1319,.T.);
#1319 = EDGE_LOOP('',(#1320,#1329,#1330,#1331));
#1320 = ORIENTED_EDGE('',*,*,#1321,.F.);
#1321 = EDGE_CURVE('',#800,#1322,#1324,.T.);
#1322 = VERTEX_POINT('',#1323);
#1323 = CARTESIAN_POINT('',(-1.014342551788,0.531163051833,
    0.885704270264));
#1324 = HYPERBOLA('',#1325,0.531931332531,0.26124451767);
#1325 = AXIS2_PLACEMENT_3D('',#1326,#1327,#1328);
#1326 = CARTESIAN_POINT('',(-0.202494991918,-0.17004995918,
    -1.328785035002));
#1327 = DIRECTION('',(0.763523591159,0.641186995685,7.688278291234E-02)
  );
#1328 = DIRECTION('',(-5.887608356314E-02,-4.94425837979E-02,
    0.997040138456));
#1329 = ORIENTED_EDGE('',*,*,#808,.T.);
#1330 = ORIENTED_EDGE('',*,*,#1296,.T.);
#1331 = ORIENTED_EDGE('',*,*,#1332,.F.);
#1332 = EDGE_CURVE('',#1322,#1297,#1333,.T.);
#1333 = HYPERBOLA('',#1334,0.207393380127,0.388568709277);
#1334 = AXIS2_PLACEMENT_3D('',#1335,#1336,#1337);
#1335 = CARTESIAN_POINT('',(-0.297812543747,-0.250095127922,
    0.285375067384));
#1336 = DIRECTION('',(0.763523591159,0.641186995685,7.688278291234E-02)
  );
#1337 = DIRECTION('',(-5.887608356314E-02,-4.94425837979E-02,
    0.997040138456));
#1338 = PLANE('',#1339);
#1339 = AXIS2_PLACEMENT_3D('',#1340,#1341,#1342);
#1340 = CARTESIAN_POINT('',(-2.35764739977,1.962567725894,2.288448485506
    ));
#1341 = DIRECTION('',(0.763523591159,0.641186995685,7.688278291234E-02)
  );
#1342 = DIRECTION('',(0.64309045439,-0.765790224195,1.387778780781E-17)
  );
#1343 = ADVANCED_FACE('',(#1344),#1364,.F.);
#1344 = FACE_BOUND('',#1345,.T.);
#1345 = EDGE_LOOP('',(#1346,#1355,#1362,#1363));
#1346 = ORIENTED_EDGE('',*,*,#1347,.F.);
#1347 = EDGE_CURVE('',#1348,#1322,#1350,.T.);
#1348 = VERTEX_POINT('',#1349);
#1349 = CARTESIAN_POINT('',(-0.531163051833,1.014342551788,
    0.885704270264));
#1350 = CIRCLE('',#1351,1.145);
#1351 = AXIS2_PLACEMENT_3D('',#1352,#1353,#1354);
#1352 = CARTESIAN_POINT('',(0.,0.,0.885704270264));
#1353 = DIRECTION('',(0.,0.,1.));
#1354 = DIRECTION('',(1.,0.,0.));
#1355 = ORIENTED_EDGE('',*,*,#1356,.T.);
#1356 = EDGE_CURVE('',#1348,#792,#1357,.T.);
#1357 = HYPERBOLA('',#1358,0.531931332531,0.26124451767);
#1358 = AXIS2_PLACEMENT_3D('',#1359,#1360,#1361);
#1359 = CARTESIAN_POINT('',(0.17004995918,0.202494991918,-1.328785035002
    ));
#1360 = DIRECTION('',(-0.641186995685,-0.763523591159,7.688278291234E-02
    ));
#1361 = DIRECTION('',(4.94425837979E-02,5.887608356314E-02,
    0.997040138456));
#1362 = ORIENTED_EDGE('',*,*,#799,.F.);
#1363 = ORIENTED_EDGE('',*,*,#1321,.T.);
#1364 = CONICAL_SURFACE('',#1365,2.373652527651,0.462512251778);
#1365 = AXIS2_PLACEMENT_3D('',#1366,#1367,#1368);
#1366 = CARTESIAN_POINT('',(0.,0.,3.35));
#1367 = DIRECTION('',(0.,0.,1.));
#1368 = DIRECTION('',(1.,0.,0.));
#1369 = ADVANCED_FACE('',(#1370),#1389,.T.);
#1370 = FACE_BOUND('',#1371,.T.);
#1371 = EDGE_LOOP('',(#1372,#1380,#1381,#1382));
#1372 = ORIENTED_EDGE('',*,*,#1373,.F.);
#1373 = EDGE_CURVE('',#784,#1374,#1376,.T.);
#1374 = VERTEX_POINT('',#1375);
#1375 = CARTESIAN_POINT('',(-0.395,0.890868365168,0.795053594114));
#1376 = LINE('',#1377,#1378);
#1377 = CARTESIAN_POINT('',(-0.395,1.243797910192,4.3));
#1378 = VECTOR('',#1379,1.);
#1379 = DIRECTION('',(-0.,-0.100188061612,-0.994968518251));
#1380 = ORIENTED_EDGE('',*,*,#791,.T.);
#1381 = ORIENTED_EDGE('',*,*,#1356,.F.);
#1382 = ORIENTED_EDGE('',*,*,#1383,.F.);
#1383 = EDGE_CURVE('',#1374,#1348,#1384,.T.);
#1384 = HYPERBOLA('',#1385,0.207393380127,0.388568709277);
#1385 = AXIS2_PLACEMENT_3D('',#1386,#1387,#1388);
#1386 = CARTESIAN_POINT('',(0.250095127922,0.297812543747,0.285375067384
    ));
#1387 = DIRECTION('',(-0.641186995685,-0.763523591159,7.688278291234E-02
    ));
#1388 = DIRECTION('',(4.94425837979E-02,5.887608356314E-02,
    0.997040138456));
#1389 = PLANE('',#1390);
#1390 = AXIS2_PLACEMENT_3D('',#1391,#1392,#1393);
#1391 = CARTESIAN_POINT('',(-1.962567725894,2.35764739977,2.288448485506
    ));
#1392 = DIRECTION('',(-0.641186995685,-0.763523591159,7.688278291234E-02
    ));
#1393 = DIRECTION('',(-0.765790224195,0.64309045439,-1.387778780781E-17)
  );
#1394 = ADVANCED_FACE('',(#1395),#1414,.T.);
#1395 = FACE_BOUND('',#1396,.T.);
#1396 = EDGE_LOOP('',(#1397,#1405,#1406,#1407));
#1397 = ORIENTED_EDGE('',*,*,#1398,.F.);
#1398 = EDGE_CURVE('',#776,#1399,#1401,.T.);
#1399 = VERTEX_POINT('',#1400);
#1400 = CARTESIAN_POINT('',(0.,0.735,0.667703403283));
#1401 = LINE('',#1402,#1403);
#1402 = CARTESIAN_POINT('',(0.,1.100753034945,4.3));
#1403 = VECTOR('',#1404,1.);
#1404 = DIRECTION('',(-0.,-0.100188061612,-0.994968518251));
#1405 = ORIENTED_EDGE('',*,*,#783,.T.);
#1406 = ORIENTED_EDGE('',*,*,#1373,.T.);
#1407 = ORIENTED_EDGE('',*,*,#1408,.F.);
#1408 = EDGE_CURVE('',#1399,#1374,#1409,.T.);
#1409 = HYPERBOLA('',#1410,0.350222911598,0.654909647025);
#1410 = AXIS2_PLACEMENT_3D('',#1411,#1412,#1413);
#1411 = CARTESIAN_POINT('',(0.223279334382,0.616557125368,0.294449054822
    ));
#1412 = DIRECTION('',(-0.33898332763,-0.93605880101,9.425616500203E-02)
  );
#1413 = DIRECTION('',(3.209415235281E-02,8.862386826157E-02,
    0.995547977427));
#1414 = PLANE('',#1415);
#1415 = AXIS2_PLACEMENT_3D('',#1416,#1417,#1418);
#1416 = CARTESIAN_POINT('',(-0.1975,0.969722885855,2.288448485506));
#1417 = DIRECTION('',(-0.33898332763,-0.93605880101,9.425616500203E-02)
  );
#1418 = DIRECTION('',(-0.940244792048,0.340499237924,-3.469446951954E-18
    ));
#1419 = ADVANCED_FACE('',(#1420),#1439,.T.);
#1420 = FACE_BOUND('',#1421,.T.);
#1421 = EDGE_LOOP('',(#1422,#1430,#1431,#1432));
#1422 = ORIENTED_EDGE('',*,*,#1423,.F.);
#1423 = EDGE_CURVE('',#768,#1424,#1426,.T.);
#1424 = VERTEX_POINT('',#1425);
#1425 = CARTESIAN_POINT('',(0.395,0.890868365168,0.795053594114));
#1426 = LINE('',#1427,#1428);
#1427 = CARTESIAN_POINT('',(0.395,1.243797910192,4.3));
#1428 = VECTOR('',#1429,1.);
#1429 = DIRECTION('',(-0.,-0.100188061612,-0.994968518251));
#1430 = ORIENTED_EDGE('',*,*,#775,.T.);
#1431 = ORIENTED_EDGE('',*,*,#1398,.T.);
#1432 = ORIENTED_EDGE('',*,*,#1433,.F.);
#1433 = EDGE_CURVE('',#1424,#1399,#1434,.T.);
#1434 = HYPERBOLA('',#1435,0.350222911598,0.654909647025);
#1435 = AXIS2_PLACEMENT_3D('',#1436,#1437,#1438);
#1436 = CARTESIAN_POINT('',(-0.223279334382,0.616557125368,
    0.294449054822));
#1437 = DIRECTION('',(0.33898332763,-0.93605880101,9.425616500203E-02));
#1438 = DIRECTION('',(-3.209415235281E-02,8.862386826157E-02,
    0.995547977427));
#1439 = PLANE('',#1440);
#1440 = AXIS2_PLACEMENT_3D('',#1441,#1442,#1443);
#1441 = CARTESIAN_POINT('',(0.1975,0.969722885855,2.288448485506));
#1442 = DIRECTION('',(0.33898332763,-0.93605880101,9.425616500203E-02));
#1443 = DIRECTION('',(-0.940244792048,-0.340499237924,3.469446951954E-18
    ));
#1444 = ADVANCED_FACE('',(#1445),#1457,.T.);
#1445 = FACE_BOUND('',#1446,.T.);
#1446 = EDGE_LOOP('',(#1447,#1448,#1449,#1450));
#1447 = ORIENTED_EDGE('',*,*,#977,.F.);
#1448 = ORIENTED_EDGE('',*,*,#767,.T.);
#1449 = ORIENTED_EDGE('',*,*,#1423,.T.);
#1450 = ORIENTED_EDGE('',*,*,#1451,.F.);
#1451 = EDGE_CURVE('',#961,#1424,#1452,.T.);
#1452 = HYPERBOLA('',#1453,0.207393380127,0.388568709277);
#1453 = AXIS2_PLACEMENT_3D('',#1454,#1455,#1456);
#1454 = CARTESIAN_POINT('',(-0.250095127922,0.297812543747,
    0.285375067384));
#1455 = DIRECTION('',(0.641186995685,-0.763523591159,7.688278291234E-02)
  );
#1456 = DIRECTION('',(-4.94425837979E-02,5.887608356314E-02,
    0.997040138456));
#1457 = PLANE('',#1458);
#1458 = AXIS2_PLACEMENT_3D('',#1459,#1460,#1461);
#1459 = CARTESIAN_POINT('',(1.962567725894,2.35764739977,2.288448485506)
  );
#1460 = DIRECTION('',(0.641186995685,-0.763523591159,7.688278291234E-02)
  );
#1461 = DIRECTION('',(-0.765790224195,-0.64309045439,1.387778780781E-17)
  );
#1462 = ADVANCED_FACE('',(#1463),#1482,.T.);
#1463 = FACE_BOUND('',#1464,.F.);
#1464 = EDGE_LOOP('',(#1465,#1466,#1474,#1481));
#1465 = ORIENTED_EDGE('',*,*,#938,.T.);
#1466 = ORIENTED_EDGE('',*,*,#1467,.T.);
#1467 = EDGE_CURVE('',#930,#1468,#1470,.T.);
#1468 = VERTEX_POINT('',#1469);
#1469 = CARTESIAN_POINT('',(3.,0.,0.));
#1470 = LINE('',#1471,#1472);
#1471 = CARTESIAN_POINT('',(2.805999912353,0.,2.21743114855));
#1472 = VECTOR('',#1473,1.);
#1473 = DIRECTION('',(8.715574274766E-02,0.,-0.996194698092));
#1474 = ORIENTED_EDGE('',*,*,#1475,.F.);
#1475 = EDGE_CURVE('',#1468,#1468,#1476,.T.);
#1476 = CIRCLE('',#1477,3.);
#1477 = AXIS2_PLACEMENT_3D('',#1478,#1479,#1480);
#1478 = CARTESIAN_POINT('',(0.,0.,0.));
#1479 = DIRECTION('',(0.,0.,1.));
#1480 = DIRECTION('',(1.,0.,-0.));
#1481 = ORIENTED_EDGE('',*,*,#1467,.F.);
#1482 = CONICAL_SURFACE('',#1483,2.805999912353,8.726646259972E-02);
#1483 = AXIS2_PLACEMENT_3D('',#1484,#1485,#1486);
#1484 = CARTESIAN_POINT('',(0.,0.,2.21743114855));
#1485 = DIRECTION('',(-0.,-0.,-1.));
#1486 = DIRECTION('',(1.,0.,0.));
#1487 = ADVANCED_FACE('',(#1488),#1519,.F.);
#1488 = FACE_BOUND('',#1489,.T.);
#1489 = EDGE_LOOP('',(#1490,#1491,#1499,#1500,#1501,#1502,#1503,#1504,
    #1505,#1506,#1507,#1508,#1509,#1510,#1511,#1512,#1513,#1514,#1515,
    #1516,#1517,#1518));
#1490 = ORIENTED_EDGE('',*,*,#1052,.T.);
#1491 = ORIENTED_EDGE('',*,*,#1492,.T.);
#1492 = EDGE_CURVE('',#1018,#1493,#1495,.T.);
#1493 = VERTEX_POINT('',#1494);
#1494 = CARTESIAN_POINT('',(0.,0.,0.276896971012));
#1495 = LINE('',#1496,#1497);
#1496 = CARTESIAN_POINT('',(1.145,0.,0.885704270264));
#1497 = VECTOR('',#1498,1.);
#1498 = DIRECTION('',(-0.882947592859,0.,-0.469471562786));
#1499 = ORIENTED_EDGE('',*,*,#1492,.F.);
#1500 = ORIENTED_EDGE('',*,*,#1017,.T.);
#1501 = ORIENTED_EDGE('',*,*,#1002,.T.);
#1502 = ORIENTED_EDGE('',*,*,#958,.T.);
#1503 = ORIENTED_EDGE('',*,*,#1451,.T.);
#1504 = ORIENTED_EDGE('',*,*,#1433,.T.);
#1505 = ORIENTED_EDGE('',*,*,#1408,.T.);
#1506 = ORIENTED_EDGE('',*,*,#1383,.T.);
#1507 = ORIENTED_EDGE('',*,*,#1347,.T.);
#1508 = ORIENTED_EDGE('',*,*,#1332,.T.);
#1509 = ORIENTED_EDGE('',*,*,#1306,.T.);
#1510 = ORIENTED_EDGE('',*,*,#1281,.T.);
#1511 = ORIENTED_EDGE('',*,*,#1256,.T.);
#1512 = ORIENTED_EDGE('',*,*,#1220,.T.);
#1513 = ORIENTED_EDGE('',*,*,#1205,.T.);
#1514 = ORIENTED_EDGE('',*,*,#1179,.T.);
#1515 = ORIENTED_EDGE('',*,*,#1154,.T.);
#1516 = ORIENTED_EDGE('',*,*,#1129,.T.);
#1517 = ORIENTED_EDGE('',*,*,#1093,.T.);
#1518 = ORIENTED_EDGE('',*,*,#1078,.T.);
#1519 = CONICAL_SURFACE('',#1520,1.145,1.082104136236);
#1520 = AXIS2_PLACEMENT_3D('',#1521,#1522,#1523);
#1521 = CARTESIAN_POINT('',(0.,0.,0.885704270264));
#1522 = DIRECTION('',(0.,0.,1.));
#1523 = DIRECTION('',(1.,0.,0.));
#1524 = ADVANCED_FACE('',(#1525,#1528),#1539,.F.);
#1525 = FACE_BOUND('',#1526,.F.);
#1526 = EDGE_LOOP('',(#1527));
#1527 = ORIENTED_EDGE('',*,*,#1475,.T.);
#1528 = FACE_BOUND('',#1529,.F.);
#1529 = EDGE_LOOP('',(#1530));
#1530 = ORIENTED_EDGE('',*,*,#1531,.F.);
#1531 = EDGE_CURVE('',#1532,#1532,#1534,.T.);
#1532 = VERTEX_POINT('',#1533);
#1533 = CARTESIAN_POINT('',(1.85,0.,-0.));
#1534 = CIRCLE('',#1535,1.85);
#1535 = AXIS2_PLACEMENT_3D('',#1536,#1537,#1538);
#1536 = CARTESIAN_POINT('',(0.,0.,-1.E-17));
#1537 = DIRECTION('',(0.,0.,1.));
#1538 = DIRECTION('',(1.,0.,-0.));
#1539 = PLANE('',#1540);
#1540 = AXIS2_PLACEMENT_3D('',#1541,#1542,#1543);
#1541 = CARTESIAN_POINT('',(0.,0.,0.));
#1542 = DIRECTION('',(0.,0.,1.));
#1543 = DIRECTION('',(1.,0.,-0.));
#1544 = ADVANCED_FACE('',(#1545),#1565,.F.);
#1545 = FACE_BOUND('',#1546,.F.);
#1546 = EDGE_LOOP('',(#1547,#1548,#1557,#1564));
#1547 = ORIENTED_EDGE('',*,*,#1531,.T.);
#1548 = ORIENTED_EDGE('',*,*,#1549,.T.);
#1549 = EDGE_CURVE('',#1532,#1550,#1552,.T.);
#1550 = VERTEX_POINT('',#1551);
#1551 = CARTESIAN_POINT('',(1.75,0.,-0.1));
#1552 = CIRCLE('',#1553,0.1);
#1553 = AXIS2_PLACEMENT_3D('',#1554,#1555,#1556);
#1554 = CARTESIAN_POINT('',(1.85,0.,-0.1));
#1555 = DIRECTION('',(0.,-1.,0.));
#1556 = DIRECTION('',(0.,0.,1.));
#1557 = ORIENTED_EDGE('',*,*,#1558,.F.);
#1558 = EDGE_CURVE('',#1550,#1550,#1559,.T.);
#1559 = CIRCLE('',#1560,1.75);
#1560 = AXIS2_PLACEMENT_3D('',#1561,#1562,#1563);
#1561 = CARTESIAN_POINT('',(0.,0.,-1.E-01));
#1562 = DIRECTION('',(0.,0.,1.));
#1563 = DIRECTION('',(1.,0.,-0.));
#1564 = ORIENTED_EDGE('',*,*,#1549,.F.);
#1565 = SURFACE_OF_REVOLUTION('',#1566,#1571);
#1566 = CIRCLE('',#1567,0.1);
#1567 = AXIS2_PLACEMENT_3D('',#1568,#1569,#1570);
#1568 = CARTESIAN_POINT('',(1.85,0.,-0.1));
#1569 = DIRECTION('',(0.,-1.,0.));
#1570 = DIRECTION('',(0.,0.,1.));
#1571 = AXIS1_PLACEMENT('',#1572,#1573);
#1572 = CARTESIAN_POINT('',(0.,0.,0.));
#1573 = DIRECTION('',(0.,0.,1.));
#1574 = ADVANCED_FACE('',(#1575),#1594,.T.);
#1575 = FACE_BOUND('',#1576,.F.);
#1576 = EDGE_LOOP('',(#1577,#1578,#1586,#1593));
#1577 = ORIENTED_EDGE('',*,*,#1558,.T.);
#1578 = ORIENTED_EDGE('',*,*,#1579,.T.);
#1579 = EDGE_CURVE('',#1550,#1580,#1582,.T.);
#1580 = VERTEX_POINT('',#1581);
#1581 = CARTESIAN_POINT('',(1.75,0.,-22.));
#1582 = LINE('',#1583,#1584);
#1583 = CARTESIAN_POINT('',(1.75,0.,-1.E-01));
#1584 = VECTOR('',#1585,1.);
#1585 = DIRECTION('',(0.,0.,-1.));
#1586 = ORIENTED_EDGE('',*,*,#1587,.F.);
#1587 = EDGE_CURVE('',#1580,#1580,#1588,.T.);
#1588 = CIRCLE('',#1589,1.75);
#1589 = AXIS2_PLACEMENT_3D('',#1590,#1591,#1592);
#1590 = CARTESIAN_POINT('',(0.,0.,-22.));
#1591 = DIRECTION('',(0.,0.,1.));
#1592 = DIRECTION('',(1.,0.,-0.));
#1593 = ORIENTED_EDGE('',*,*,#1579,.F.);
#1594 = CYLINDRICAL_SURFACE('',#1595,1.75);
#1595 = AXIS2_PLACEMENT_3D('',#1596,#1597,#1598);
#1596 = CARTESIAN_POINT('',(0.,0.,-1.E-01));
#1597 = DIRECTION('',(-0.,-0.,-1.));
#1598 = DIRECTION('',(1.,0.,0.));
#1599 = ADVANCED_FACE('',(#1600),#1603,.F.);
#1600 = FACE_BOUND('',#1601,.F.);
#1601 = EDGE_LOOP('',(#1602));
#1602 = ORIENTED_EDGE('',*,*,#1587,.T.);
#1603 = PLANE('',#1604);
#1604 = AXIS2_PLACEMENT_3D('',#1605,#1606,#1607);
#1605 = CARTESIAN_POINT('',(0.,0.,-22.));
#1606 = DIRECTION('',(0.,0.,1.));
#1607 = DIRECTION('',(1.,0.,-0.));
#1608 = ( GEOMETRIC_REPRESENTATION_CONTEXT(3) 
GLOBAL_UNCERTAINTY_ASSIGNED_CONTEXT((#1612)) 
GLOBAL_UNIT_ASSIGNED_CONTEXT((#1609,#1610,#1611)) REPRESENTATION_CONTEXT
('Context #1','3D Context with UNIT and UNCERTAINTY') );
#1609 = ( LENGTH_UNIT() NAMED_UNIT(*) SI_UNIT(.MILLI.,.METRE.) );
#1610 = ( NAMED_UNIT(*) PLANE_ANGLE_UNIT() SI_UNIT($,.RADIAN.) );
#1611 = ( NAMED_UNIT(*) SI_UNIT($,.STERADIAN.) SOLID_ANGLE_UNIT() );
#1612 = UNCERTAINTY_MEASURE_WITH_UNIT(LENGTH_MEASURE(1.E-07),#1609,
  'distance_accuracy_value','confusion accuracy');
#1613 = CONTEXT_DEPENDENT_SHAPE_REPRESENTATION(#1614,#1616);
#1614 = ( REPRESENTATION_RELATIONSHIP('','',#738,#10) 
REPRESENTATION_RELATIONSHIP_WITH_TRANSFORMATION(#1615) 
SHAPE_REPRESENTATION_RELATIONSHIP() );
#1615 = ITEM_DEFINED_TRANSFORMATION('','',#11,#19);
#1616 = PRODUCT_DEFINITION_SHAPE('Placement','Placement of an item',
  #1617);
#1617 = NEXT_ASSEMBLY_USAGE_OCCURRENCE('2','(M3.5)x22-Tornillo','',#5,
  #733,$);
#1618 = PRODUCT_RELATED_PRODUCT_CATEGORY('part',$,(#735));
#1619 = SHAPE_DEFINITION_REPRESENTATION(#1620,#1626);
#1620 = PRODUCT_DEFINITION_SHAPE('','',#1621);
#1621 = PRODUCT_DEFINITION('design','',#1622,#1625);
#1622 = PRODUCT_DEFINITION_FORMATION('','',#1623);
#1623 = PRODUCT('Pocket002','Pocket002','',(#1624));
#1624 = PRODUCT_CONTEXT('',#2,'mechanical');
#1625 = PRODUCT_DEFINITION_CONTEXT('part definition',#2,'design');
#1626 = ADVANCED_BREP_SHAPE_REPRESENTATION('',(#11,#1627),#2569);
#1627 = MANIFOLD_SOLID_BREP('',#1628);
#1628 = CLOSED_SHELL('',(#1629,#1669,#1718,#1743,#1776,#1801,#1909,#1933
    ,#2034,#2052,#2094,#2112,#2130,#2156,#2181,#2213,#2230,#2247,#2264,
    #2292,#2309,#2321,#2339,#2365,#2382,#2399,#2424,#2436,#2551));
#1629 = ADVANCED_FACE('',(#1630),#1664,.T.);
#1630 = FACE_BOUND('',#1631,.T.);
#1631 = EDGE_LOOP('',(#1632,#1642,#1650,#1658));
#1632 = ORIENTED_EDGE('',*,*,#1633,.F.);
#1633 = EDGE_CURVE('',#1634,#1636,#1638,.T.);
#1634 = VERTEX_POINT('',#1635);
#1635 = CARTESIAN_POINT('',(-3.001912999998,-2.741E-03,9.));
#1636 = VERTEX_POINT('',#1637);
#1637 = CARTESIAN_POINT('',(-3.001912999998,-2.741000000002E-03,1.));
#1638 = LINE('',#1639,#1640);
#1639 = CARTESIAN_POINT('',(-3.001912999998,-2.741000000002E-03,
    2.22229175));
#1640 = VECTOR('',#1641,1.);
#1641 = DIRECTION('',(5.E-16,-2.5E-16,-1.));
#1642 = ORIENTED_EDGE('',*,*,#1643,.T.);
#1643 = EDGE_CURVE('',#1634,#1644,#1646,.T.);
#1644 = VERTEX_POINT('',#1645);
#1645 = CARTESIAN_POINT('',(-3.001912999998,4.E-15,9.));
#1646 = LINE('',#1647,#1648);
#1647 = CARTESIAN_POINT('',(-3.001912999998,-9.001185,9.));
#1648 = VECTOR('',#1649,1.);
#1649 = DIRECTION('',(6.E-17,1.,0.));
#1650 = ORIENTED_EDGE('',*,*,#1651,.F.);
#1651 = EDGE_CURVE('',#1652,#1644,#1654,.T.);
#1652 = VERTEX_POINT('',#1653);
#1653 = CARTESIAN_POINT('',(-3.001912999998,2.E-15,1.));
#1654 = LINE('',#1655,#1656);
#1655 = CARTESIAN_POINT('',(-3.001912999998,1.29E-15,-6.7E-16));
#1656 = VECTOR('',#1657,1.);
#1657 = DIRECTION('',(-4.4E-16,2.8E-16,1.));
#1658 = ORIENTED_EDGE('',*,*,#1659,.F.);
#1659 = EDGE_CURVE('',#1636,#1652,#1660,.T.);
#1660 = LINE('',#1661,#1662);
#1661 = CARTESIAN_POINT('',(-3.001912999998,-9.001185,1.));
#1662 = VECTOR('',#1663,1.);
#1663 = DIRECTION('',(6.E-17,1.,0.));
#1664 = PLANE('',#1665);
#1665 = AXIS2_PLACEMENT_3D('',#1666,#1667,#1668);
#1666 = CARTESIAN_POINT('',(-3.001912999998,-9.001185,3.33E-15));
#1667 = DIRECTION('',(-1.,2.2E-16,-4.4E-16));
#1668 = DIRECTION('',(2.2E-16,1.,-4.4E-16));
#1669 = ADVANCED_FACE('',(#1670),#1713,.F.);
#1670 = FACE_BOUND('',#1671,.F.);
#1671 = EDGE_LOOP('',(#1672,#1673,#1682,#1690,#1698,#1706));
#1672 = ORIENTED_EDGE('',*,*,#1633,.F.);
#1673 = ORIENTED_EDGE('',*,*,#1674,.T.);
#1674 = EDGE_CURVE('',#1634,#1675,#1677,.T.);
#1675 = VERTEX_POINT('',#1676);
#1676 = CARTESIAN_POINT('',(-2.001912999998,-2.741E-03,10.));
#1677 = CIRCLE('',#1678,1.);
#1678 = AXIS2_PLACEMENT_3D('',#1679,#1680,#1681);
#1679 = CARTESIAN_POINT('',(-2.001912999998,-2.741E-03,9.));
#1680 = DIRECTION('',(1.2E-16,1.,0.));
#1681 = DIRECTION('',(-2.8E-16,3.36E-32,1.));
#1682 = ORIENTED_EDGE('',*,*,#1683,.F.);
#1683 = EDGE_CURVE('',#1684,#1675,#1686,.T.);
#1684 = VERTEX_POINT('',#1685);
#1685 = CARTESIAN_POINT('',(-4.E-15,-2.741000000001E-03,10.));
#1686 = LINE('',#1687,#1688);
#1687 = CARTESIAN_POINT('',(9.980928796042,-2.741000000006E-03,10.));
#1688 = VECTOR('',#1689,1.);
#1689 = DIRECTION('',(-1.,4.8E-16,-2.2E-16));
#1690 = ORIENTED_EDGE('',*,*,#1691,.F.);
#1691 = EDGE_CURVE('',#1692,#1684,#1694,.T.);
#1692 = VERTEX_POINT('',#1693);
#1693 = CARTESIAN_POINT('',(0.,-2.741000000003E-03,0.));
#1694 = LINE('',#1695,#1696);
#1695 = CARTESIAN_POINT('',(-7.7E-16,-2.741000000003E-03,2.22229175));
#1696 = VECTOR('',#1697,1.);
#1697 = DIRECTION('',(-5.E-16,2.5E-16,1.));
#1698 = ORIENTED_EDGE('',*,*,#1699,.T.);
#1699 = EDGE_CURVE('',#1692,#1700,#1702,.T.);
#1700 = VERTEX_POINT('',#1701);
#1701 = CARTESIAN_POINT('',(-2.001912999998,-2.741000000002E-03,3.E-15)
  );
#1702 = LINE('',#1703,#1704);
#1703 = CARTESIAN_POINT('',(9.980928796042,-2.741000000008E-03,3.36E-15)
  );
#1704 = VECTOR('',#1705,1.);
#1705 = DIRECTION('',(-1.,4.8E-16,-2.2E-16));
#1706 = ORIENTED_EDGE('',*,*,#1707,.T.);
#1707 = EDGE_CURVE('',#1700,#1636,#1708,.T.);
#1708 = CIRCLE('',#1709,1.);
#1709 = AXIS2_PLACEMENT_3D('',#1710,#1711,#1712);
#1710 = CARTESIAN_POINT('',(-2.001912999998,-2.741000000002E-03,1.));
#1711 = DIRECTION('',(1.2E-16,1.,0.));
#1712 = DIRECTION('',(2.8E-16,-3.36E-32,-1.));
#1713 = PLANE('',#1714);
#1714 = AXIS2_PLACEMENT_3D('',#1715,#1716,#1717);
#1715 = CARTESIAN_POINT('',(-0.540479,-2.741000000002E-03,4.4445835));
#1716 = DIRECTION('',(4.2E-16,1.,-2.5E-16));
#1717 = DIRECTION('',(1.,-4.2E-16,0.));
#1718 = ADVANCED_FACE('',(#1719),#1738,.T.);
#1719 = FACE_BOUND('',#1720,.T.);
#1720 = EDGE_LOOP('',(#1721,#1729,#1730,#1731));
#1721 = ORIENTED_EDGE('',*,*,#1722,.F.);
#1722 = EDGE_CURVE('',#1700,#1723,#1725,.T.);
#1723 = VERTEX_POINT('',#1724);
#1724 = CARTESIAN_POINT('',(-2.001912999998,2.E-15,3.E-15));
#1725 = LINE('',#1726,#1727);
#1726 = CARTESIAN_POINT('',(-2.001912999998,-9.001185,3.33E-15));
#1727 = VECTOR('',#1728,1.);
#1728 = DIRECTION('',(6.E-17,1.,0.));
#1729 = ORIENTED_EDGE('',*,*,#1707,.T.);
#1730 = ORIENTED_EDGE('',*,*,#1659,.T.);
#1731 = ORIENTED_EDGE('',*,*,#1732,.F.);
#1732 = EDGE_CURVE('',#1723,#1652,#1733,.T.);
#1733 = CIRCLE('',#1734,1.);
#1734 = AXIS2_PLACEMENT_3D('',#1735,#1736,#1737);
#1735 = CARTESIAN_POINT('',(-2.001912999998,1.78E-15,1.));
#1736 = DIRECTION('',(6.E-17,1.,0.));
#1737 = DIRECTION('',(2.8E-16,-1.68E-32,-1.));
#1738 = CYLINDRICAL_SURFACE('',#1739,1.);
#1739 = AXIS2_PLACEMENT_3D('',#1740,#1741,#1742);
#1740 = CARTESIAN_POINT('',(-2.001912999998,-9.001185,1.));
#1741 = DIRECTION('',(6.E-17,1.,0.));
#1742 = DIRECTION('',(2.8E-16,-1.68E-32,-1.));
#1743 = ADVANCED_FACE('',(#1744),#1771,.T.);
#1744 = FACE_BOUND('',#1745,.F.);
#1745 = EDGE_LOOP('',(#1746,#1756,#1763,#1764));
#1746 = ORIENTED_EDGE('',*,*,#1747,.T.);
#1747 = EDGE_CURVE('',#1748,#1750,#1752,.T.);
#1748 = VERTEX_POINT('',#1749);
#1749 = CARTESIAN_POINT('',(9.002529070622,12.003993991637,1.));
#1750 = VERTEX_POINT('',#1751);
#1751 = CARTESIAN_POINT('',(9.002529070622,12.003993991637,9.));
#1752 = LINE('',#1753,#1754);
#1753 = CARTESIAN_POINT('',(9.002529070622,12.003993991637,-3.33E-15));
#1754 = VECTOR('',#1755,1.);
#1755 = DIRECTION('',(-4.4E-16,2.8E-16,1.));
#1756 = ORIENTED_EDGE('',*,*,#1757,.F.);
#1757 = EDGE_CURVE('',#1644,#1750,#1758,.T.);
#1758 = CIRCLE('',#1759,12.003993999999);
#1759 = AXIS2_PLACEMENT_3D('',#1760,#1761,#1762);
#1760 = CARTESIAN_POINT('',(9.002081000001,1.1362E-12,9.));
#1761 = DIRECTION('',(2.8E-16,-2.2E-16,-1.));
#1762 = DIRECTION('',(-1.,-9.438E-14,-2.8E-16));
#1763 = ORIENTED_EDGE('',*,*,#1651,.F.);
#1764 = ORIENTED_EDGE('',*,*,#1765,.T.);
#1765 = EDGE_CURVE('',#1652,#1748,#1766,.T.);
#1766 = CIRCLE('',#1767,12.003993999999);
#1767 = AXIS2_PLACEMENT_3D('',#1768,#1769,#1770);
#1768 = CARTESIAN_POINT('',(9.002081000001,1.13442E-12,1.));
#1769 = DIRECTION('',(2.8E-16,-2.2E-16,-1.));
#1770 = DIRECTION('',(-1.,-9.449E-14,-2.8E-16));
#1771 = CYLINDRICAL_SURFACE('',#1772,12.003993999999);
#1772 = AXIS2_PLACEMENT_3D('',#1773,#1774,#1775);
#1773 = CARTESIAN_POINT('',(9.002081000001,1.13524E-12,2.E-15));
#1774 = DIRECTION('',(2.2E-16,-4.4E-16,-1.));
#1775 = DIRECTION('',(1.,-4.4E-16,2.2E-16));
#1776 = ADVANCED_FACE('',(#1777),#1796,.T.);
#1777 = FACE_BOUND('',#1778,.F.);
#1778 = EDGE_LOOP('',(#1779,#1787,#1788,#1789));
#1779 = ORIENTED_EDGE('',*,*,#1780,.F.);
#1780 = EDGE_CURVE('',#1675,#1781,#1783,.T.);
#1781 = VERTEX_POINT('',#1782);
#1782 = CARTESIAN_POINT('',(-2.001912999998,4.E-15,10.));
#1783 = LINE('',#1784,#1785);
#1784 = CARTESIAN_POINT('',(-2.001912999998,-9.001185,10.));
#1785 = VECTOR('',#1786,1.);
#1786 = DIRECTION('',(6.E-17,1.,0.));
#1787 = ORIENTED_EDGE('',*,*,#1674,.F.);
#1788 = ORIENTED_EDGE('',*,*,#1643,.T.);
#1789 = ORIENTED_EDGE('',*,*,#1790,.F.);
#1790 = EDGE_CURVE('',#1781,#1644,#1791,.T.);
#1791 = CIRCLE('',#1792,1.);
#1792 = AXIS2_PLACEMENT_3D('',#1793,#1794,#1795);
#1793 = CARTESIAN_POINT('',(-2.001912999998,3.55E-15,9.));
#1794 = DIRECTION('',(-6.E-17,-1.,0.));
#1795 = DIRECTION('',(-2.8E-16,1.68E-32,1.));
#1796 = CYLINDRICAL_SURFACE('',#1797,1.);
#1797 = AXIS2_PLACEMENT_3D('',#1798,#1799,#1800);
#1798 = CARTESIAN_POINT('',(-2.001912999998,-9.001185,9.));
#1799 = DIRECTION('',(6.E-17,1.,0.));
#1800 = DIRECTION('',(-2.8E-16,1.68E-32,1.));
#1801 = ADVANCED_FACE('',(#1802),#1904,.F.);
#1802 = FACE_BOUND('',#1803,.F.);
#1803 = EDGE_LOOP('',(#1804,#1805,#1806,#1814,#1823,#1831,#1839,#1847,
    #1856,#1864,#1872,#1880,#1889,#1897));
#1804 = ORIENTED_EDGE('',*,*,#1722,.F.);
#1805 = ORIENTED_EDGE('',*,*,#1699,.F.);
#1806 = ORIENTED_EDGE('',*,*,#1807,.F.);
#1807 = EDGE_CURVE('',#1808,#1692,#1810,.T.);
#1808 = VERTEX_POINT('',#1809);
#1809 = CARTESIAN_POINT('',(0.,0.,0.));
#1810 = LINE('',#1811,#1812);
#1811 = CARTESIAN_POINT('',(0.,0.,0.));
#1812 = VECTOR('',#1813,1.);
#1813 = DIRECTION('',(1.2655E-13,-1.,0.));
#1814 = ORIENTED_EDGE('',*,*,#1815,.F.);
#1815 = EDGE_CURVE('',#1816,#1808,#1818,.T.);
#1816 = VERTEX_POINT('',#1817);
#1817 = CARTESIAN_POINT('',(18.004162000001,2.E-15,0.));
#1818 = CIRCLE('',#1819,9.002081000001);
#1819 = AXIS2_PLACEMENT_3D('',#1820,#1821,#1822);
#1820 = CARTESIAN_POINT('',(9.002081000001,1.13924E-12,0.));
#1821 = DIRECTION('',(0.,0.,1.));
#1822 = DIRECTION('',(1.,0.,0.));
#1823 = ORIENTED_EDGE('',*,*,#1824,.T.);
#1824 = EDGE_CURVE('',#1816,#1825,#1827,.T.);
#1825 = VERTEX_POINT('',#1826);
#1826 = CARTESIAN_POINT('',(18.004162,-9.002741,0.));
#1827 = LINE('',#1828,#1829);
#1828 = CARTESIAN_POINT('',(18.004162000001,0.,0.));
#1829 = VECTOR('',#1830,1.);
#1830 = DIRECTION('',(-1.2667E-13,-1.,0.));
#1831 = ORIENTED_EDGE('',*,*,#1832,.T.);
#1832 = EDGE_CURVE('',#1825,#1833,#1835,.T.);
#1833 = VERTEX_POINT('',#1834);
#1834 = CARTESIAN_POINT('',(23.006294,-9.002741,0.));
#1835 = LINE('',#1836,#1837);
#1836 = CARTESIAN_POINT('',(18.004162,-9.002741,0.));
#1837 = VECTOR('',#1838,1.);
#1838 = DIRECTION('',(1.,0.,0.));
#1839 = ORIENTED_EDGE('',*,*,#1840,.T.);
#1840 = EDGE_CURVE('',#1833,#1841,#1843,.T.);
#1841 = VERTEX_POINT('',#1842);
#1842 = CARTESIAN_POINT('',(23.006294,1.E-15,0.));
#1843 = LINE('',#1844,#1845);
#1844 = CARTESIAN_POINT('',(23.006294,-9.002741,0.));
#1845 = VECTOR('',#1846,1.);
#1846 = DIRECTION('',(0.,1.,0.));
#1847 = ORIENTED_EDGE('',*,*,#1848,.F.);
#1848 = EDGE_CURVE('',#1849,#1841,#1851,.T.);
#1849 = VERTEX_POINT('',#1850);
#1850 = CARTESIAN_POINT('',(40.997367998332,0.,0.));
#1851 = CIRCLE('',#1852,8.995536999166);
#1852 = AXIS2_PLACEMENT_3D('',#1853,#1854,#1855);
#1853 = CARTESIAN_POINT('',(32.001830999166,0.,0.));
#1854 = DIRECTION('',(0.,0.,1.));
#1855 = DIRECTION('',(1.,0.,0.));
#1856 = ORIENTED_EDGE('',*,*,#1857,.T.);
#1857 = EDGE_CURVE('',#1849,#1858,#1860,.T.);
#1858 = VERTEX_POINT('',#1859);
#1859 = CARTESIAN_POINT('',(40.997367998332,-4.44100000002E-03,5.E-15));
#1860 = LINE('',#1861,#1862);
#1861 = CARTESIAN_POINT('',(40.997367998332,0.,0.));
#1862 = VECTOR('',#1863,1.);
#1863 = DIRECTION('',(0.,-1.,0.));
#1864 = ORIENTED_EDGE('',*,*,#1865,.F.);
#1865 = EDGE_CURVE('',#1866,#1858,#1868,.T.);
#1866 = VERTEX_POINT('',#1867);
#1867 = CARTESIAN_POINT('',(43.00582499247,-4.441000000021E-03,1.5E-14)
  );
#1868 = LINE('',#1869,#1870);
#1869 = CARTESIAN_POINT('',(31.462421546042,-4.441000000014E-03,9.78E-15
    ));
#1870 = VECTOR('',#1871,1.);
#1871 = DIRECTION('',(-1.,5.9E-16,-2.2E-16));
#1872 = ORIENTED_EDGE('',*,*,#1873,.F.);
#1873 = EDGE_CURVE('',#1874,#1866,#1876,.T.);
#1874 = VERTEX_POINT('',#1875);
#1875 = CARTESIAN_POINT('',(43.00582499247,-6.E-15,1.2E-14));
#1876 = LINE('',#1877,#1878);
#1877 = CARTESIAN_POINT('',(43.00582499247,5.E-16,1.066E-14));
#1878 = VECTOR('',#1879,1.);
#1879 = DIRECTION('',(-6.E-17,-1.,-0.));
#1880 = ORIENTED_EDGE('',*,*,#1881,.F.);
#1881 = EDGE_CURVE('',#1882,#1874,#1884,.T.);
#1882 = VERTEX_POINT('',#1883);
#1883 = CARTESIAN_POINT('',(32.001631000066,11.003993991637,1.E-15));
#1884 = CIRCLE('',#1885,11.003993993304);
#1885 = AXIS2_PLACEMENT_3D('',#1886,#1887,#1888);
#1886 = CARTESIAN_POINT('',(32.001830999166,-1.377E-14,8.85E-15));
#1887 = DIRECTION('',(2.8E-16,-2.2E-16,-1.));
#1888 = DIRECTION('',(-1.666104634137E-05,0.999999999861,
    -2.200046650624E-16));
#1889 = ORIENTED_EDGE('',*,*,#1890,.F.);
#1890 = EDGE_CURVE('',#1891,#1882,#1893,.T.);
#1891 = VERTEX_POINT('',#1892);
#1892 = CARTESIAN_POINT('',(9.002491743827,11.003993992334,0.));
#1893 = LINE('',#1894,#1895);
#1894 = CARTESIAN_POINT('',(9.002529070622,11.003993991637,2.2E-16));
#1895 = VECTOR('',#1896,1.);
#1896 = DIRECTION('',(1.,0.,6.E-17));
#1897 = ORIENTED_EDGE('',*,*,#1898,.F.);
#1898 = EDGE_CURVE('',#1723,#1891,#1899,.T.);
#1899 = CIRCLE('',#1900,11.003993999999);
#1900 = AXIS2_PLACEMENT_3D('',#1901,#1902,#1903);
#1901 = CARTESIAN_POINT('',(9.002081000001,1.1342E-12,2.51E-15));
#1902 = DIRECTION('',(2.8E-16,-2.2E-16,-1.));
#1903 = DIRECTION('',(-1.,-9.449E-14,-2.8E-16));
#1904 = PLANE('',#1905);
#1905 = AXIS2_PLACEMENT_3D('',#1906,#1907,#1908);
#1906 = CARTESIAN_POINT('',(20.502336592084,2.747757344478,3.94E-15));
#1907 = DIRECTION('',(-2.2E-16,2.2E-16,1.));
#1908 = DIRECTION('',(1.,0.,2.2E-16));
#1909 = ADVANCED_FACE('',(#1910),#1928,.T.);
#1910 = FACE_BOUND('',#1911,.T.);
#1911 = EDGE_LOOP('',(#1912,#1913,#1921,#1927));
#1912 = ORIENTED_EDGE('',*,*,#1807,.F.);
#1913 = ORIENTED_EDGE('',*,*,#1914,.T.);
#1914 = EDGE_CURVE('',#1808,#1915,#1917,.T.);
#1915 = VERTEX_POINT('',#1916);
#1916 = CARTESIAN_POINT('',(-4.E-15,3.E-15,10.));
#1917 = LINE('',#1918,#1919);
#1918 = CARTESIAN_POINT('',(0.,4.9E-16,0.));
#1919 = VECTOR('',#1920,1.);
#1920 = DIRECTION('',(-4.4E-16,2.8E-16,1.));
#1921 = ORIENTED_EDGE('',*,*,#1922,.T.);
#1922 = EDGE_CURVE('',#1915,#1684,#1923,.T.);
#1923 = LINE('',#1924,#1925);
#1924 = CARTESIAN_POINT('',(-4.E-15,3.E-15,10.));
#1925 = VECTOR('',#1926,1.);
#1926 = DIRECTION('',(1.2655E-13,-1.,0.));
#1927 = ORIENTED_EDGE('',*,*,#1691,.F.);
#1928 = PLANE('',#1929);
#1929 = AXIS2_PLACEMENT_3D('',#1930,#1931,#1932);
#1930 = CARTESIAN_POINT('',(0.,0.,0.));
#1931 = DIRECTION('',(1.,1.2633E-13,4.4E-16));
#1932 = DIRECTION('',(1.2633E-13,-1.,4.4E-16));
#1933 = ADVANCED_FACE('',(#1934),#2029,.T.);
#1934 = FACE_BOUND('',#1935,.T.);
#1935 = EDGE_LOOP('',(#1936,#1937,#1938,#1939,#1948,#1956,#1964,#1972,
    #1981,#1989,#1997,#2005,#2014,#2022));
#1936 = ORIENTED_EDGE('',*,*,#1780,.F.);
#1937 = ORIENTED_EDGE('',*,*,#1683,.F.);
#1938 = ORIENTED_EDGE('',*,*,#1922,.F.);
#1939 = ORIENTED_EDGE('',*,*,#1940,.F.);
#1940 = EDGE_CURVE('',#1941,#1915,#1943,.T.);
#1941 = VERTEX_POINT('',#1942);
#1942 = CARTESIAN_POINT('',(18.004162000001,5.E-15,10.));
#1943 = CIRCLE('',#1944,9.002081000001);
#1944 = AXIS2_PLACEMENT_3D('',#1945,#1946,#1947);
#1945 = CARTESIAN_POINT('',(9.002081000001,1.14224E-12,10.));
#1946 = DIRECTION('',(0.,0.,1.));
#1947 = DIRECTION('',(1.,0.,0.));
#1948 = ORIENTED_EDGE('',*,*,#1949,.T.);
#1949 = EDGE_CURVE('',#1941,#1950,#1952,.T.);
#1950 = VERTEX_POINT('',#1951);
#1951 = CARTESIAN_POINT('',(18.004162,-9.002741,10.));
#1952 = LINE('',#1953,#1954);
#1953 = CARTESIAN_POINT('',(18.004162000001,3.E-15,10.));
#1954 = VECTOR('',#1955,1.);
#1955 = DIRECTION('',(-1.2667E-13,-1.,0.));
#1956 = ORIENTED_EDGE('',*,*,#1957,.T.);
#1957 = EDGE_CURVE('',#1950,#1958,#1960,.T.);
#1958 = VERTEX_POINT('',#1959);
#1959 = CARTESIAN_POINT('',(23.006294,-9.002741,10.));
#1960 = LINE('',#1961,#1962);
#1961 = CARTESIAN_POINT('',(18.004162,-9.002741,10.));
#1962 = VECTOR('',#1963,1.);
#1963 = DIRECTION('',(1.,0.,0.));
#1964 = ORIENTED_EDGE('',*,*,#1965,.T.);
#1965 = EDGE_CURVE('',#1958,#1966,#1968,.T.);
#1966 = VERTEX_POINT('',#1967);
#1967 = CARTESIAN_POINT('',(23.006294,4.E-15,10.));
#1968 = LINE('',#1969,#1970);
#1969 = CARTESIAN_POINT('',(23.006294,-9.002741,10.));
#1970 = VECTOR('',#1971,1.);
#1971 = DIRECTION('',(0.,1.,0.));
#1972 = ORIENTED_EDGE('',*,*,#1973,.F.);
#1973 = EDGE_CURVE('',#1974,#1966,#1976,.T.);
#1974 = VERTEX_POINT('',#1975);
#1975 = CARTESIAN_POINT('',(40.997367998332,3.E-15,10.));
#1976 = CIRCLE('',#1977,8.995536999166);
#1977 = AXIS2_PLACEMENT_3D('',#1978,#1979,#1980);
#1978 = CARTESIAN_POINT('',(32.001830999166,3.E-15,10.));
#1979 = DIRECTION('',(0.,0.,1.));
#1980 = DIRECTION('',(1.,0.,0.));
#1981 = ORIENTED_EDGE('',*,*,#1982,.T.);
#1982 = EDGE_CURVE('',#1974,#1983,#1985,.T.);
#1983 = VERTEX_POINT('',#1984);
#1984 = CARTESIAN_POINT('',(40.997367998332,-4.441000000017E-03,10.));
#1985 = LINE('',#1986,#1987);
#1986 = CARTESIAN_POINT('',(40.997367998332,3.E-15,10.));
#1987 = VECTOR('',#1988,1.);
#1988 = DIRECTION('',(0.,-1.,0.));
#1989 = ORIENTED_EDGE('',*,*,#1990,.F.);
#1990 = EDGE_CURVE('',#1991,#1983,#1993,.T.);
#1991 = VERTEX_POINT('',#1992);
#1992 = CARTESIAN_POINT('',(43.00582499247,-4.441000000018E-03,10.));
#1993 = LINE('',#1994,#1995);
#1994 = CARTESIAN_POINT('',(31.462421546042,-4.441000000011E-03,10.));
#1995 = VECTOR('',#1996,1.);
#1996 = DIRECTION('',(-1.,5.9E-16,-2.2E-16));
#1997 = ORIENTED_EDGE('',*,*,#1998,.F.);
#1998 = EDGE_CURVE('',#1999,#1991,#2001,.T.);
#1999 = VERTEX_POINT('',#2000);
#2000 = CARTESIAN_POINT('',(43.00582499247,3.E-15,10.));
#2001 = LINE('',#2002,#2003);
#2002 = CARTESIAN_POINT('',(43.00582499247,3.61E-15,10.));
#2003 = VECTOR('',#2004,1.);
#2004 = DIRECTION('',(-6.E-17,-1.,-0.));
#2005 = ORIENTED_EDGE('',*,*,#2006,.F.);
#2006 = EDGE_CURVE('',#2007,#1999,#2009,.T.);
#2007 = VERTEX_POINT('',#2008);
#2008 = CARTESIAN_POINT('',(32.001631000066,11.003993991637,10.));
#2009 = CIRCLE('',#2010,11.003993993304);
#2010 = AXIS2_PLACEMENT_3D('',#2011,#2012,#2013);
#2011 = CARTESIAN_POINT('',(32.001830999166,-1.155E-14,10.));
#2012 = DIRECTION('',(2.8E-16,-2.2E-16,-1.));
#2013 = DIRECTION('',(-1.666104634192E-05,0.999999999861,
    -2.200046650624E-16));
#2014 = ORIENTED_EDGE('',*,*,#2015,.F.);
#2015 = EDGE_CURVE('',#2016,#2007,#2018,.T.);
#2016 = VERTEX_POINT('',#2017);
#2017 = CARTESIAN_POINT('',(9.002491743827,11.003993992334,10.));
#2018 = LINE('',#2019,#2020);
#2019 = CARTESIAN_POINT('',(9.002529070622,11.003993991637,10.));
#2020 = VECTOR('',#2021,1.);
#2021 = DIRECTION('',(1.,0.,6.E-17));
#2022 = ORIENTED_EDGE('',*,*,#2023,.F.);
#2023 = EDGE_CURVE('',#1781,#2016,#2024,.T.);
#2024 = CIRCLE('',#2025,11.003993999999);
#2025 = AXIS2_PLACEMENT_3D('',#2026,#2027,#2028);
#2026 = CARTESIAN_POINT('',(9.002081000001,1.13642E-12,10.));
#2027 = DIRECTION('',(2.8E-16,-2.2E-16,-1.));
#2028 = DIRECTION('',(-1.,-9.438E-14,-2.8E-16));
#2029 = PLANE('',#2030);
#2030 = AXIS2_PLACEMENT_3D('',#2031,#2032,#2033);
#2031 = CARTESIAN_POINT('',(20.502336592084,2.747757344478,10.));
#2032 = DIRECTION('',(-2.2E-16,2.2E-16,1.));
#2033 = DIRECTION('',(1.,0.,2.2E-16));
#2034 = ADVANCED_FACE('',(#2035),#2047,.T.);
#2035 = FACE_BOUND('',#2036,.F.);
#2036 = EDGE_LOOP('',(#2037,#2038,#2039,#2046));
#2037 = ORIENTED_EDGE('',*,*,#1732,.F.);
#2038 = ORIENTED_EDGE('',*,*,#1898,.T.);
#2039 = ORIENTED_EDGE('',*,*,#2040,.T.);
#2040 = EDGE_CURVE('',#1891,#1748,#2041,.T.);
#2041 = CIRCLE('',#2042,1.);
#2042 = AXIS2_PLACEMENT_3D('',#2043,#2044,#2045);
#2043 = CARTESIAN_POINT('',(9.002491743827,11.003993992334,1.));
#2044 = DIRECTION('',(0.999999999303,-3.732679486326E-05,2.8E-16));
#2045 = DIRECTION('',(3.732679486326E-05,0.999999999303,-2.2E-16));
#2046 = ORIENTED_EDGE('',*,*,#1765,.F.);
#2047 = TOROIDAL_SURFACE('',#2048,11.003993999999,1.);
#2048 = AXIS2_PLACEMENT_3D('',#2049,#2050,#2051);
#2049 = CARTESIAN_POINT('',(9.002081000001,1.13442E-12,1.));
#2050 = DIRECTION('',(-2.8E-16,2.2E-16,1.));
#2051 = DIRECTION('',(-1.,-9.449E-14,-2.8E-16));
#2052 = ADVANCED_FACE('',(#2053,#2078),#2089,.T.);
#2053 = FACE_BOUND('',#2054,.T.);
#2054 = EDGE_LOOP('',(#2055,#2056,#2064,#2072));
#2055 = ORIENTED_EDGE('',*,*,#1747,.T.);
#2056 = ORIENTED_EDGE('',*,*,#2057,.T.);
#2057 = EDGE_CURVE('',#1750,#2058,#2060,.T.);
#2058 = VERTEX_POINT('',#2059);
#2059 = CARTESIAN_POINT('',(32.001631000066,12.003993991637,9.));
#2060 = LINE('',#2061,#2062);
#2061 = CARTESIAN_POINT('',(9.002529070622,12.003993991637,9.));
#2062 = VECTOR('',#2063,1.);
#2063 = DIRECTION('',(1.,0.,6.E-17));
#2064 = ORIENTED_EDGE('',*,*,#2065,.F.);
#2065 = EDGE_CURVE('',#2066,#2058,#2068,.T.);
#2066 = VERTEX_POINT('',#2067);
#2067 = CARTESIAN_POINT('',(32.001631000066,12.003993991637,1.));
#2068 = LINE('',#2069,#2070);
#2069 = CARTESIAN_POINT('',(32.001631000066,12.003993991637,1.77E-15));
#2070 = VECTOR('',#2071,1.);
#2071 = DIRECTION('',(-4.4E-16,2.8E-16,1.));
#2072 = ORIENTED_EDGE('',*,*,#2073,.F.);
#2073 = EDGE_CURVE('',#1748,#2066,#2074,.T.);
#2074 = LINE('',#2075,#2076);
#2075 = CARTESIAN_POINT('',(9.002529070622,12.003993991637,1.));
#2076 = VECTOR('',#2077,1.);
#2077 = DIRECTION('',(1.,0.,6.E-17));
#2078 = FACE_BOUND('',#2079,.T.);
#2079 = EDGE_LOOP('',(#2080));
#2080 = ORIENTED_EDGE('',*,*,#2081,.F.);
#2081 = EDGE_CURVE('',#2082,#2082,#2084,.T.);
#2082 = VERTEX_POINT('',#2083);
#2083 = CARTESIAN_POINT('',(23.503395,12.003993991637,5.002841));
#2084 = CIRCLE('',#2085,3.);
#2085 = AXIS2_PLACEMENT_3D('',#2086,#2087,#2088);
#2086 = CARTESIAN_POINT('',(20.503395,12.003993991637,5.002841));
#2087 = DIRECTION('',(5.E-16,1.,-2.8E-16));
#2088 = DIRECTION('',(1.,-5.E-16,0.));
#2089 = PLANE('',#2090);
#2090 = AXIS2_PLACEMENT_3D('',#2091,#2092,#2093);
#2091 = CARTESIAN_POINT('',(9.002529070622,12.003993991637,-3.33E-15));
#2092 = DIRECTION('',(4.4E-16,1.,-2.8E-16));
#2093 = DIRECTION('',(1.,-4.4E-16,2.2E-16));
#2094 = ADVANCED_FACE('',(#2095),#2107,.T.);
#2095 = FACE_BOUND('',#2096,.T.);
#2096 = EDGE_LOOP('',(#2097,#2098,#2099,#2106));
#2097 = ORIENTED_EDGE('',*,*,#1790,.F.);
#2098 = ORIENTED_EDGE('',*,*,#2023,.T.);
#2099 = ORIENTED_EDGE('',*,*,#2100,.T.);
#2100 = EDGE_CURVE('',#2016,#1750,#2101,.T.);
#2101 = CIRCLE('',#2102,1.);
#2102 = AXIS2_PLACEMENT_3D('',#2103,#2104,#2105);
#2103 = CARTESIAN_POINT('',(9.002491743827,11.003993992334,9.));
#2104 = DIRECTION('',(-0.999999999303,3.732679486337E-05,-2.8E-16));
#2105 = DIRECTION('',(3.732679486337E-05,0.999999999303,-2.2E-16));
#2106 = ORIENTED_EDGE('',*,*,#1757,.F.);
#2107 = TOROIDAL_SURFACE('',#2108,11.003993999999,1.);
#2108 = AXIS2_PLACEMENT_3D('',#2109,#2110,#2111);
#2109 = CARTESIAN_POINT('',(9.002081000001,1.1362E-12,9.));
#2110 = DIRECTION('',(2.8E-16,-2.2E-16,-1.));
#2111 = DIRECTION('',(-1.,-9.438E-14,-2.8E-16));
#2112 = ADVANCED_FACE('',(#2113),#2125,.T.);
#2113 = FACE_BOUND('',#2114,.T.);
#2114 = EDGE_LOOP('',(#2115,#2116,#2117,#2124));
#2115 = ORIENTED_EDGE('',*,*,#2040,.T.);
#2116 = ORIENTED_EDGE('',*,*,#2073,.T.);
#2117 = ORIENTED_EDGE('',*,*,#2118,.F.);
#2118 = EDGE_CURVE('',#1882,#2066,#2119,.T.);
#2119 = CIRCLE('',#2120,1.);
#2120 = AXIS2_PLACEMENT_3D('',#2121,#2122,#2123);
#2121 = CARTESIAN_POINT('',(32.001631000066,11.003993991637,1.));
#2122 = DIRECTION('',(1.,0.,6.E-17));
#2123 = DIRECTION('',(6.E-17,-2.2E-16,-1.));
#2124 = ORIENTED_EDGE('',*,*,#1890,.F.);
#2125 = CYLINDRICAL_SURFACE('',#2126,1.);
#2126 = AXIS2_PLACEMENT_3D('',#2127,#2128,#2129);
#2127 = CARTESIAN_POINT('',(9.002529070622,11.003993991637,1.));
#2128 = DIRECTION('',(1.,0.,6.E-17));
#2129 = DIRECTION('',(6.E-17,-2.2E-16,-1.));
#2130 = ADVANCED_FACE('',(#2131),#2151,.T.);
#2131 = FACE_BOUND('',#2132,.F.);
#2132 = EDGE_LOOP('',(#2133,#2134,#2135,#2144));
#2133 = ORIENTED_EDGE('',*,*,#2118,.F.);
#2134 = ORIENTED_EDGE('',*,*,#1881,.T.);
#2135 = ORIENTED_EDGE('',*,*,#2136,.T.);
#2136 = EDGE_CURVE('',#1874,#2137,#2139,.T.);
#2137 = VERTEX_POINT('',#2138);
#2138 = CARTESIAN_POINT('',(44.00582499247,-5.E-15,1.));
#2139 = CIRCLE('',#2140,1.);
#2140 = AXIS2_PLACEMENT_3D('',#2141,#2142,#2143);
#2141 = CARTESIAN_POINT('',(43.00582499247,-5.32E-15,1.));
#2142 = DIRECTION('',(7.5E-16,-1.,2.2E-16));
#2143 = DIRECTION('',(1.,7.5E-16,2.8E-16));
#2144 = ORIENTED_EDGE('',*,*,#2145,.F.);
#2145 = EDGE_CURVE('',#2066,#2137,#2146,.T.);
#2146 = CIRCLE('',#2147,12.003993993304);
#2147 = AXIS2_PLACEMENT_3D('',#2148,#2149,#2150);
#2148 = CARTESIAN_POINT('',(32.001830999166,-1.355E-14,1.));
#2149 = DIRECTION('',(2.8E-16,-2.2E-16,-1.));
#2150 = DIRECTION('',(-1.666104634137E-05,0.999999999861,
    -2.200046650624E-16));
#2151 = TOROIDAL_SURFACE('',#2152,11.003993993304,1.);
#2152 = AXIS2_PLACEMENT_3D('',#2153,#2154,#2155);
#2153 = CARTESIAN_POINT('',(32.001830999166,-1.355E-14,1.));
#2154 = DIRECTION('',(-2.8E-16,2.2E-16,1.));
#2155 = DIRECTION('',(-1.666104634137E-05,0.999999999861,
    -2.200046650624E-16));
#2156 = ADVANCED_FACE('',(#2157),#2176,.T.);
#2157 = FACE_BOUND('',#2158,.T.);
#2158 = EDGE_LOOP('',(#2159,#2160,#2161,#2169));
#2159 = ORIENTED_EDGE('',*,*,#1873,.F.);
#2160 = ORIENTED_EDGE('',*,*,#2136,.T.);
#2161 = ORIENTED_EDGE('',*,*,#2162,.T.);
#2162 = EDGE_CURVE('',#2137,#2163,#2165,.T.);
#2163 = VERTEX_POINT('',#2164);
#2164 = CARTESIAN_POINT('',(44.00582499247,-4.441000000021E-03,1.));
#2165 = LINE('',#2166,#2167);
#2166 = CARTESIAN_POINT('',(44.00582499247,4.4E-16,1.));
#2167 = VECTOR('',#2168,1.);
#2168 = DIRECTION('',(-6.E-17,-1.,-0.));
#2169 = ORIENTED_EDGE('',*,*,#2170,.F.);
#2170 = EDGE_CURVE('',#1866,#2163,#2171,.T.);
#2171 = CIRCLE('',#2172,1.);
#2172 = AXIS2_PLACEMENT_3D('',#2173,#2174,#2175);
#2173 = CARTESIAN_POINT('',(43.00582499247,-4.441000000021E-03,1.));
#2174 = DIRECTION('',(-1.7E-16,-1.,0.));
#2175 = DIRECTION('',(2.8E-16,-4.76E-32,-1.));
#2176 = CYLINDRICAL_SURFACE('',#2177,1.);
#2177 = AXIS2_PLACEMENT_3D('',#2178,#2179,#2180);
#2178 = CARTESIAN_POINT('',(43.00582499247,5.E-16,1.));
#2179 = DIRECTION('',(-6.E-17,-1.,-0.));
#2180 = DIRECTION('',(2.8E-16,-1.68E-32,-1.));
#2181 = ADVANCED_FACE('',(#2182),#2208,.F.);
#2182 = FACE_BOUND('',#2183,.F.);
#2183 = EDGE_LOOP('',(#2184,#2185,#2186,#2192,#2193,#2202));
#2184 = ORIENTED_EDGE('',*,*,#2170,.F.);
#2185 = ORIENTED_EDGE('',*,*,#1865,.T.);
#2186 = ORIENTED_EDGE('',*,*,#2187,.T.);
#2187 = EDGE_CURVE('',#1858,#1983,#2188,.T.);
#2188 = LINE('',#2189,#2190);
#2189 = CARTESIAN_POINT('',(40.997367998332,-4.441000000019E-03,
    2.4282025));
#2190 = VECTOR('',#2191,1.);
#2191 = DIRECTION('',(-5.5E-16,2.5E-16,1.));
#2192 = ORIENTED_EDGE('',*,*,#1990,.F.);
#2193 = ORIENTED_EDGE('',*,*,#2194,.F.);
#2194 = EDGE_CURVE('',#2195,#1991,#2197,.T.);
#2195 = VERTEX_POINT('',#2196);
#2196 = CARTESIAN_POINT('',(44.00582499247,-4.441000000019E-03,9.));
#2197 = CIRCLE('',#2198,1.);
#2198 = AXIS2_PLACEMENT_3D('',#2199,#2200,#2201);
#2199 = CARTESIAN_POINT('',(43.00582499247,-4.441000000019E-03,9.));
#2200 = DIRECTION('',(-1.7E-16,-1.,0.));
#2201 = DIRECTION('',(-2.8E-16,4.76E-32,1.));
#2202 = ORIENTED_EDGE('',*,*,#2203,.T.);
#2203 = EDGE_CURVE('',#2195,#2163,#2204,.T.);
#2204 = LINE('',#2205,#2206);
#2205 = CARTESIAN_POINT('',(44.00582499247,-4.441000000022E-03,2.4282025
    ));
#2206 = VECTOR('',#2207,1.);
#2207 = DIRECTION('',(5.5E-16,-2.5E-16,-1.));
#2208 = PLANE('',#2209);
#2209 = AXIS2_PLACEMENT_3D('',#2210,#2211,#2212);
#2210 = CARTESIAN_POINT('',(42.4225065,-4.441000000019E-03,4.856405));
#2211 = DIRECTION('',(5.4E-16,1.,-2.5E-16));
#2212 = DIRECTION('',(1.,-5.4E-16,0.));
#2213 = ADVANCED_FACE('',(#2214),#2225,.F.);
#2214 = FACE_BOUND('',#2215,.F.);
#2215 = EDGE_LOOP('',(#2216,#2217,#2223,#2224));
#2216 = ORIENTED_EDGE('',*,*,#1857,.F.);
#2217 = ORIENTED_EDGE('',*,*,#2218,.T.);
#2218 = EDGE_CURVE('',#1849,#1974,#2219,.T.);
#2219 = LINE('',#2220,#2221);
#2220 = CARTESIAN_POINT('',(40.997367998332,-1.821E-14,9.1E-15));
#2221 = VECTOR('',#2222,1.);
#2222 = DIRECTION('',(-4.4E-16,2.8E-16,1.));
#2223 = ORIENTED_EDGE('',*,*,#1982,.T.);
#2224 = ORIENTED_EDGE('',*,*,#2187,.F.);
#2225 = PLANE('',#2226);
#2226 = AXIS2_PLACEMENT_3D('',#2227,#2228,#2229);
#2227 = CARTESIAN_POINT('',(40.997367998332,-1.821E-14,9.1E-15));
#2228 = DIRECTION('',(1.,-2.2E-16,4.4E-16));
#2229 = DIRECTION('',(-2.2E-16,-1.,4.4E-16));
#2230 = ADVANCED_FACE('',(#2231),#2242,.F.);
#2231 = FACE_BOUND('',#2232,.T.);
#2232 = EDGE_LOOP('',(#2233,#2234,#2235,#2241));
#2233 = ORIENTED_EDGE('',*,*,#2218,.T.);
#2234 = ORIENTED_EDGE('',*,*,#1973,.T.);
#2235 = ORIENTED_EDGE('',*,*,#2236,.F.);
#2236 = EDGE_CURVE('',#1841,#1966,#2237,.T.);
#2237 = LINE('',#2238,#2239);
#2238 = CARTESIAN_POINT('',(23.006294,-9.67E-15,5.11E-15));
#2239 = VECTOR('',#2240,1.);
#2240 = DIRECTION('',(-4.4E-16,2.8E-16,1.));
#2241 = ORIENTED_EDGE('',*,*,#1848,.F.);
#2242 = CYLINDRICAL_SURFACE('',#2243,8.995536999166);
#2243 = AXIS2_PLACEMENT_3D('',#2244,#2245,#2246);
#2244 = CARTESIAN_POINT('',(32.001830999166,-1.421E-14,7.11E-15));
#2245 = DIRECTION('',(2.2E-16,-4.4E-16,-1.));
#2246 = DIRECTION('',(1.,-4.4E-16,2.2E-16));
#2247 = ADVANCED_FACE('',(#2248),#2259,.F.);
#2248 = FACE_BOUND('',#2249,.F.);
#2249 = EDGE_LOOP('',(#2250,#2256,#2257,#2258));
#2250 = ORIENTED_EDGE('',*,*,#2251,.T.);
#2251 = EDGE_CURVE('',#1833,#1958,#2252,.T.);
#2252 = LINE('',#2253,#2254);
#2253 = CARTESIAN_POINT('',(23.006294,-9.002741,9.11E-15));
#2254 = VECTOR('',#2255,1.);
#2255 = DIRECTION('',(-4.4E-16,2.8E-16,1.));
#2256 = ORIENTED_EDGE('',*,*,#1965,.T.);
#2257 = ORIENTED_EDGE('',*,*,#2236,.F.);
#2258 = ORIENTED_EDGE('',*,*,#1840,.F.);
#2259 = PLANE('',#2260);
#2260 = AXIS2_PLACEMENT_3D('',#2261,#2262,#2263);
#2261 = CARTESIAN_POINT('',(23.006294,-9.002741,9.11E-15));
#2262 = DIRECTION('',(-1.,2.2E-16,-4.4E-16));
#2263 = DIRECTION('',(2.2E-16,1.,-4.4E-16));
#2264 = ADVANCED_FACE('',(#2265,#2276),#2287,.F.);
#2265 = FACE_BOUND('',#2266,.F.);
#2266 = EDGE_LOOP('',(#2267,#2273,#2274,#2275));
#2267 = ORIENTED_EDGE('',*,*,#2268,.T.);
#2268 = EDGE_CURVE('',#1825,#1950,#2269,.T.);
#2269 = LINE('',#2270,#2271);
#2270 = CARTESIAN_POINT('',(18.004162,-9.002741,8.E-15));
#2271 = VECTOR('',#2272,1.);
#2272 = DIRECTION('',(-4.4E-16,2.8E-16,1.));
#2273 = ORIENTED_EDGE('',*,*,#1957,.T.);
#2274 = ORIENTED_EDGE('',*,*,#2251,.F.);
#2275 = ORIENTED_EDGE('',*,*,#1832,.F.);
#2276 = FACE_BOUND('',#2277,.F.);
#2277 = EDGE_LOOP('',(#2278));
#2278 = ORIENTED_EDGE('',*,*,#2279,.F.);
#2279 = EDGE_CURVE('',#2280,#2280,#2282,.T.);
#2280 = VERTEX_POINT('',#2281);
#2281 = CARTESIAN_POINT('',(19.051426,-9.002741,5.000254));
#2282 = CIRCLE('',#2283,1.451561);
#2283 = AXIS2_PLACEMENT_3D('',#2284,#2285,#2286);
#2284 = CARTESIAN_POINT('',(20.502987,-9.002741,5.000254));
#2285 = DIRECTION('',(7.8E-16,1.,-3.9E-16));
#2286 = DIRECTION('',(-1.,7.8E-16,-2.2E-16));
#2287 = PLANE('',#2288);
#2288 = AXIS2_PLACEMENT_3D('',#2289,#2290,#2291);
#2289 = CARTESIAN_POINT('',(18.004162,-9.002741,8.E-15));
#2290 = DIRECTION('',(4.4E-16,1.,-2.8E-16));
#2291 = DIRECTION('',(1.,-4.4E-16,2.2E-16));
#2292 = ADVANCED_FACE('',(#2293),#2304,.F.);
#2293 = FACE_BOUND('',#2294,.F.);
#2294 = EDGE_LOOP('',(#2295,#2301,#2302,#2303));
#2295 = ORIENTED_EDGE('',*,*,#2296,.T.);
#2296 = EDGE_CURVE('',#1816,#1941,#2297,.T.);
#2297 = LINE('',#2298,#2299);
#2298 = CARTESIAN_POINT('',(18.004162000001,-6.06E-15,4.E-15));
#2299 = VECTOR('',#2300,1.);
#2300 = DIRECTION('',(-4.4E-16,2.8E-16,1.));
#2301 = ORIENTED_EDGE('',*,*,#1949,.T.);
#2302 = ORIENTED_EDGE('',*,*,#2268,.F.);
#2303 = ORIENTED_EDGE('',*,*,#1824,.F.);
#2304 = PLANE('',#2305);
#2305 = AXIS2_PLACEMENT_3D('',#2306,#2307,#2308);
#2306 = CARTESIAN_POINT('',(18.004162000001,-8.E-15,4.E-15));
#2307 = DIRECTION('',(1.,-1.269E-13,4.4E-16));
#2308 = DIRECTION('',(-1.269E-13,-1.,4.4E-16));
#2309 = ADVANCED_FACE('',(#2310),#2316,.F.);
#2310 = FACE_BOUND('',#2311,.T.);
#2311 = EDGE_LOOP('',(#2312,#2313,#2314,#2315));
#2312 = ORIENTED_EDGE('',*,*,#2296,.T.);
#2313 = ORIENTED_EDGE('',*,*,#1940,.T.);
#2314 = ORIENTED_EDGE('',*,*,#1914,.F.);
#2315 = ORIENTED_EDGE('',*,*,#1815,.F.);
#2316 = CYLINDRICAL_SURFACE('',#2317,9.002081000001);
#2317 = AXIS2_PLACEMENT_3D('',#2318,#2319,#2320);
#2318 = CARTESIAN_POINT('',(9.002081000001,1.13524E-12,2.E-15));
#2319 = DIRECTION('',(2.2E-16,-4.4E-16,-1.));
#2320 = DIRECTION('',(1.,-4.4E-16,2.2E-16));
#2321 = ADVANCED_FACE('',(#2322),#2334,.T.);
#2322 = FACE_BOUND('',#2323,.F.);
#2323 = EDGE_LOOP('',(#2324,#2325,#2326,#2333));
#2324 = ORIENTED_EDGE('',*,*,#2100,.T.);
#2325 = ORIENTED_EDGE('',*,*,#2057,.T.);
#2326 = ORIENTED_EDGE('',*,*,#2327,.F.);
#2327 = EDGE_CURVE('',#2007,#2058,#2328,.T.);
#2328 = CIRCLE('',#2329,1.);
#2329 = AXIS2_PLACEMENT_3D('',#2330,#2331,#2332);
#2330 = CARTESIAN_POINT('',(32.001631000066,11.003993991637,9.));
#2331 = DIRECTION('',(-1.,0.,-6.E-17));
#2332 = DIRECTION('',(-6.E-17,2.2E-16,1.));
#2333 = ORIENTED_EDGE('',*,*,#2015,.F.);
#2334 = CYLINDRICAL_SURFACE('',#2335,1.);
#2335 = AXIS2_PLACEMENT_3D('',#2336,#2337,#2338);
#2336 = CARTESIAN_POINT('',(9.002529070622,11.003993991637,9.));
#2337 = DIRECTION('',(1.,0.,6.E-17));
#2338 = DIRECTION('',(-6.E-17,2.2E-16,1.));
#2339 = ADVANCED_FACE('',(#2340),#2360,.T.);
#2340 = FACE_BOUND('',#2341,.T.);
#2341 = EDGE_LOOP('',(#2342,#2343,#2344,#2353));
#2342 = ORIENTED_EDGE('',*,*,#2327,.F.);
#2343 = ORIENTED_EDGE('',*,*,#2006,.T.);
#2344 = ORIENTED_EDGE('',*,*,#2345,.T.);
#2345 = EDGE_CURVE('',#1999,#2346,#2348,.T.);
#2346 = VERTEX_POINT('',#2347);
#2347 = CARTESIAN_POINT('',(44.00582499247,4.E-15,9.));
#2348 = CIRCLE('',#2349,1.);
#2349 = AXIS2_PLACEMENT_3D('',#2350,#2351,#2352);
#2350 = CARTESIAN_POINT('',(43.00582499247,2.46E-15,9.));
#2351 = DIRECTION('',(-1.29E-15,1.,-2.2E-16));
#2352 = DIRECTION('',(1.,1.29E-15,2.8E-16));
#2353 = ORIENTED_EDGE('',*,*,#2354,.F.);
#2354 = EDGE_CURVE('',#2058,#2346,#2355,.T.);
#2355 = CIRCLE('',#2356,12.003993993304);
#2356 = AXIS2_PLACEMENT_3D('',#2357,#2358,#2359);
#2357 = CARTESIAN_POINT('',(32.001830999166,-1.177E-14,9.));
#2358 = DIRECTION('',(2.8E-16,-2.2E-16,-1.));
#2359 = DIRECTION('',(-1.666104634192E-05,0.999999999861,
    -2.200046650624E-16));
#2360 = TOROIDAL_SURFACE('',#2361,11.003993993304,1.);
#2361 = AXIS2_PLACEMENT_3D('',#2362,#2363,#2364);
#2362 = CARTESIAN_POINT('',(32.001830999166,-1.177E-14,9.));
#2363 = DIRECTION('',(2.8E-16,-2.2E-16,-1.));
#2364 = DIRECTION('',(-1.666104634192E-05,0.999999999861,
    -2.200046650624E-16));
#2365 = ADVANCED_FACE('',(#2366),#2377,.T.);
#2366 = FACE_BOUND('',#2367,.F.);
#2367 = EDGE_LOOP('',(#2368,#2369,#2370,#2376));
#2368 = ORIENTED_EDGE('',*,*,#1998,.F.);
#2369 = ORIENTED_EDGE('',*,*,#2345,.T.);
#2370 = ORIENTED_EDGE('',*,*,#2371,.T.);
#2371 = EDGE_CURVE('',#2346,#2195,#2372,.T.);
#2372 = LINE('',#2373,#2374);
#2373 = CARTESIAN_POINT('',(44.00582499247,3.55E-15,9.));
#2374 = VECTOR('',#2375,1.);
#2375 = DIRECTION('',(-6.E-17,-1.,-0.));
#2376 = ORIENTED_EDGE('',*,*,#2194,.T.);
#2377 = CYLINDRICAL_SURFACE('',#2378,1.);
#2378 = AXIS2_PLACEMENT_3D('',#2379,#2380,#2381);
#2379 = CARTESIAN_POINT('',(43.00582499247,3.61E-15,9.));
#2380 = DIRECTION('',(-6.E-17,-1.,-0.));
#2381 = DIRECTION('',(-2.8E-16,1.68E-32,1.));
#2382 = ADVANCED_FACE('',(#2383),#2394,.T.);
#2383 = FACE_BOUND('',#2384,.F.);
#2384 = EDGE_LOOP('',(#2385,#2391,#2392,#2393));
#2385 = ORIENTED_EDGE('',*,*,#2386,.T.);
#2386 = EDGE_CURVE('',#2137,#2346,#2387,.T.);
#2387 = LINE('',#2388,#2389);
#2388 = CARTESIAN_POINT('',(44.00582499247,-1.954E-14,9.77E-15));
#2389 = VECTOR('',#2390,1.);
#2390 = DIRECTION('',(-4.4E-16,2.8E-16,1.));
#2391 = ORIENTED_EDGE('',*,*,#2354,.F.);
#2392 = ORIENTED_EDGE('',*,*,#2065,.F.);
#2393 = ORIENTED_EDGE('',*,*,#2145,.T.);
#2394 = CYLINDRICAL_SURFACE('',#2395,12.003993993304);
#2395 = AXIS2_PLACEMENT_3D('',#2396,#2397,#2398);
#2396 = CARTESIAN_POINT('',(32.001830999166,-1.421E-14,7.11E-15));
#2397 = DIRECTION('',(2.2E-16,-4.4E-16,-1.));
#2398 = DIRECTION('',(1.,-4.4E-16,2.2E-16));
#2399 = ADVANCED_FACE('',(#2400),#2419,.F.);
#2400 = FACE_BOUND('',#2401,.T.);
#2401 = EDGE_LOOP('',(#2402,#2403,#2411,#2418));
#2402 = ORIENTED_EDGE('',*,*,#2081,.T.);
#2403 = ORIENTED_EDGE('',*,*,#2404,.T.);
#2404 = EDGE_CURVE('',#2082,#2405,#2407,.T.);
#2405 = VERTEX_POINT('',#2406);
#2406 = CARTESIAN_POINT('',(23.503395,8.003993991637,5.002841));
#2407 = LINE('',#2408,#2409);
#2408 = CARTESIAN_POINT('',(23.503395,12.003993991637,5.002841));
#2409 = VECTOR('',#2410,1.);
#2410 = DIRECTION('',(-5.6E-16,-1.,2.8E-16));
#2411 = ORIENTED_EDGE('',*,*,#2412,.F.);
#2412 = EDGE_CURVE('',#2405,#2405,#2413,.T.);
#2413 = CIRCLE('',#2414,3.);
#2414 = AXIS2_PLACEMENT_3D('',#2415,#2416,#2417);
#2415 = CARTESIAN_POINT('',(20.503395,8.003993991637,5.002841));
#2416 = DIRECTION('',(5.E-16,1.,-2.8E-16));
#2417 = DIRECTION('',(1.,-5.E-16,0.));
#2418 = ORIENTED_EDGE('',*,*,#2404,.F.);
#2419 = CYLINDRICAL_SURFACE('',#2420,3.);
#2420 = AXIS2_PLACEMENT_3D('',#2421,#2422,#2423);
#2421 = CARTESIAN_POINT('',(20.503395,12.003993991637,5.002841));
#2422 = DIRECTION('',(-5.E-16,-1.,2.8E-16));
#2423 = DIRECTION('',(1.,-5.E-16,0.));
#2424 = ADVANCED_FACE('',(#2425),#2431,.F.);
#2425 = FACE_BOUND('',#2426,.F.);
#2426 = EDGE_LOOP('',(#2427,#2428,#2429,#2430));
#2427 = ORIENTED_EDGE('',*,*,#2203,.F.);
#2428 = ORIENTED_EDGE('',*,*,#2371,.F.);
#2429 = ORIENTED_EDGE('',*,*,#2386,.F.);
#2430 = ORIENTED_EDGE('',*,*,#2162,.T.);
#2431 = PLANE('',#2432);
#2432 = AXIS2_PLACEMENT_3D('',#2433,#2434,#2435);
#2433 = CARTESIAN_POINT('',(44.00582499247,-9.004441,1.377E-14));
#2434 = DIRECTION('',(-1.,2.2E-16,-4.4E-16));
#2435 = DIRECTION('',(2.2E-16,1.,-4.4E-16));
#2436 = ADVANCED_FACE('',(#2437),#2546,.F.);
#2437 = FACE_BOUND('',#2438,.F.);
#2438 = EDGE_LOOP('',(#2439,#2493,#2499,#2500,#2501));
#2439 = ORIENTED_EDGE('',*,*,#2440,.F.);
#2440 = EDGE_CURVE('',#2441,#2443,#2445,.T.);
#2441 = VERTEX_POINT('',#2442);
#2442 = CARTESIAN_POINT('',(19.051426,7.073844511478,5.000254));
#2443 = VERTEX_POINT('',#2444);
#2444 = CARTESIAN_POINT('',(21.954545694698,7.073351439273,5.002841));
#2445 = B_SPLINE_CURVE_WITH_KNOTS('',6,(#2446,#2447,#2448,#2449,#2450,
    #2451,#2452,#2453,#2454,#2455,#2456,#2457,#2458,#2459,#2460,#2461,
    #2462,#2463,#2464,#2465,#2466,#2467,#2468,#2469,#2470,#2471,#2472,
    #2473,#2474,#2475,#2476,#2477,#2478,#2479,#2480,#2481,#2482,#2483,
    #2484,#2485,#2486,#2487,#2488,#2489,#2490,#2491,#2492),
  .UNSPECIFIED.,.F.,.F.,(7,5,5,5,5,5,5,5,5,7),(0.,0.193026782101,
    0.304646748793,0.379067230749,0.430359423017,0.550044625363,
    0.696883325032,0.760242827588,0.853766912983,1.),.UNSPECIFIED.);
#2446 = CARTESIAN_POINT('',(19.051426,7.073844511478,5.000254));
#2447 = CARTESIAN_POINT('',(19.051426,7.073687487709,5.146928041909));
#2448 = CARTESIAN_POINT('',(19.069211045667,7.07352741044,5.29361773532)
  );
#2449 = CARTESIAN_POINT('',(19.104787385158,7.073367221857,
    5.437571521355));
#2450 = CARTESIAN_POINT('',(19.157576406971,7.073209864627,
    5.576133521366));
#2451 = CARTESIAN_POINT('',(19.226533866655,7.073058208568,
    5.706793689733));
#2452 = CARTESIAN_POINT('',(19.358392398591,7.072832095341,5.89698270904
    ));
#2453 = CARTESIAN_POINT('',(19.411588572156,7.072752044531,
    5.963279077339));
#2454 = CARTESIAN_POINT('',(19.469369835677,7.072675301817,6.02575785866
    ));
#2455 = CARTESIAN_POINT('',(19.531390074609,7.072602346464,
    6.084027861261));
#2456 = CARTESIAN_POINT('',(19.597260132513,7.072533619205,
    6.137740806113));
#2457 = CARTESIAN_POINT('',(19.712750429792,7.072426778726,
    6.219167781634));
#2458 = CARTESIAN_POINT('',(19.760471004302,7.072386095394,
    6.249581266729));
#2459 = CARTESIAN_POINT('',(19.809586463832,7.072347584986,
    6.277746342623));
#2460 = CARTESIAN_POINT('',(19.859964203275,7.072311354729,
    6.303584346051));
#2461 = CARTESIAN_POINT('',(19.911465912088,7.072277501482,
    6.327027171427));
#2462 = CARTESIAN_POINT('',(20.000119061459,7.072224477255,
    6.362484097549));
#2463 = CARTESIAN_POINT('',(20.036756254133,7.072204012865,
    6.375785905632));
#2464 = CARTESIAN_POINT('',(20.073812131887,7.07218474678,6.387903933179
    ));
#2465 = CARTESIAN_POINT('',(20.111238877985,7.072166704558,
    6.398822005296));
#2466 = CARTESIAN_POINT('',(20.148987879383,7.072149909111,
    6.408526534114));
#2467 = CARTESIAN_POINT('',(20.275729905994,7.072098146705,
    6.436793715182));
#2468 = CARTESIAN_POINT('',(20.365938154065,7.072068810562,6.44991396589
    ));
#2469 = CARTESIAN_POINT('',(20.457003656238,7.072046630662,
    6.456227083898));
#2470 = CARTESIAN_POINT('',(20.548285465405,7.072031780975,
    6.455672852529));
#2471 = CARTESIAN_POINT('',(20.639140146696,7.07202434943,6.448271249095
    ));
#2472 = CARTESIAN_POINT('',(20.839089577148,7.072024320206,
    6.416764138571));
#2473 = CARTESIAN_POINT('',(20.947655298018,7.072035470789,
    6.389248156413));
#2474 = CARTESIAN_POINT('',(21.053443789802,7.072057787643,
    6.351761684724));
#2475 = CARTESIAN_POINT('',(21.155320614439,7.072091071595,
    6.304668222191));
#2476 = CARTESIAN_POINT('',(21.252219793961,7.072134930302,
    6.248499679522));
#2477 = CARTESIAN_POINT('',(21.382405436586,7.072212021121,
    6.156094929791));
#2478 = CARTESIAN_POINT('',(21.42053932351,7.072237119817,6.126680179339
    ));
#2479 = CARTESIAN_POINT('',(21.457487636219,7.072264033585,
    6.095759281837));
#2480 = CARTESIAN_POINT('',(21.493176569702,7.072292710276,
    6.063392274396));
#2481 = CARTESIAN_POINT('',(21.527536452221,7.072323091921,
    6.029643953484));
#2482 = CARTESIAN_POINT('',(21.609161358509,7.072402383174,
    5.942832177873));
#2483 = CARTESIAN_POINT('',(21.654783070893,7.072453228128,
    5.888221643591));
#2484 = CARTESIAN_POINT('',(21.697156070126,7.072507444261,5.83097618173
    ));
#2485 = CARTESIAN_POINT('',(21.736092816073,7.07256480196,5.771338646628
    ));
#2486 = CARTESIAN_POINT('',(21.771430311856,7.072625049111,
    5.709569045816));
#2487 = CARTESIAN_POINT('',(21.852442400785,7.072786205844,
    5.546457468063));
#2488 = CARTESIAN_POINT('',(21.892721542623,7.072890902902,
    5.442425939412));
#2489 = CARTESIAN_POINT('',(21.923341700641,7.073000953903,
    5.334907856452));
#2490 = CARTESIAN_POINT('',(21.943944956201,7.073115214027,
    5.225025174424));
#2491 = CARTESIAN_POINT('',(21.954347689073,7.073232465491,
    5.113941419778));
#2492 = CARTESIAN_POINT('',(21.954545694698,7.073351439273,5.002841));
#2493 = ORIENTED_EDGE('',*,*,#2494,.T.);
#2494 = EDGE_CURVE('',#2441,#2280,#2495,.T.);
#2495 = LINE('',#2496,#2497);
#2496 = CARTESIAN_POINT('',(19.051426,12.003993991637,5.000254));
#2497 = VECTOR('',#2498,1.);
#2498 = DIRECTION('',(-5.6E-16,-1.,6.1E-16));
#2499 = ORIENTED_EDGE('',*,*,#2279,.T.);
#2500 = ORIENTED_EDGE('',*,*,#2494,.F.);
#2501 = ORIENTED_EDGE('',*,*,#2502,.F.);
#2502 = EDGE_CURVE('',#2443,#2441,#2503,.T.);
#2503 = B_SPLINE_CURVE_WITH_KNOTS('',6,(#2504,#2505,#2506,#2507,#2508,
    #2509,#2510,#2511,#2512,#2513,#2514,#2515,#2516,#2517,#2518,#2519,
    #2520,#2521,#2522,#2523,#2524,#2525,#2526,#2527,#2528,#2529,#2530,
    #2531,#2532,#2533,#2534,#2535,#2536,#2537,#2538,#2539,#2540,#2541,
    #2542,#2543,#2544,#2545),.UNSPECIFIED.,.F.,.F.,(7,5,5,5,5,5,5,5,7),(
    0.,4.976806108346E-02,7.490215308403E-02,8.746887300288E-02,
    0.10003537643,0.32517398869,0.550268835504,0.775363725716,1.),
  .UNSPECIFIED.);
#2504 = CARTESIAN_POINT('',(21.954545694698,7.073351439273,5.002841));
#2505 = CARTESIAN_POINT('',(21.954613117773,7.073391951144,
    4.965010095058));
#2506 = CARTESIAN_POINT('',(21.953497388919,7.073432663492,
    4.927176520813));
#2507 = CARTESIAN_POINT('',(21.951198369922,7.07347352663,4.889386645227
    ));
#2508 = CARTESIAN_POINT('',(21.947718327137,7.073514490674,
    4.851686659531));
#2509 = CARTESIAN_POINT('',(21.943061931486,7.07355550554,4.814122578224
    ));
#2510 = CARTESIAN_POINT('',(21.93429415064,7.073617234734,4.757861240558
    ));
#2511 = CARTESIAN_POINT('',(21.93105381741,7.073637948674,4.739028581801
    ));
#2512 = CARTESIAN_POINT('',(21.927516169243,7.073658656302,
    4.720248155724));
#2513 = CARTESIAN_POINT('',(21.923682270655,7.073679351161,
    4.701525825459));
#2514 = CARTESIAN_POINT('',(21.919553340207,7.073700026802,
    4.682867424346));
#2515 = CARTESIAN_POINT('',(21.912919513035,7.073731001501,
    4.654984662898));
#2516 = CARTESIAN_POINT('',(21.91063486447,7.073741319808,4.645708001701
    ));
#2517 = CARTESIAN_POINT('',(21.908276976304,7.073751630895,
    4.636449497378));
#2518 = CARTESIAN_POINT('',(21.905846029532,7.073761933959,
    4.627209872532));
#2519 = CARTESIAN_POINT('',(21.90334221465,7.073772228196,4.617989847336
    ));
#2520 = CARTESIAN_POINT('',(21.898189293049,7.073792797238,
    4.599590590221));
#2521 = CARTESIAN_POINT('',(21.895540188807,7.073803072042,
    4.590411357508));
#2522 = CARTESIAN_POINT('',(21.892818618922,7.073813336418,
    4.581253159102));
#2523 = CARTESIAN_POINT('',(21.890024792782,7.073823589564,
    4.572116709908));
#2524 = CARTESIAN_POINT('',(21.887158929174,7.073833830683,
    4.563002722029));
#2525 = CARTESIAN_POINT('',(21.831590578158,7.074027306745,
    4.391042893887));
#2526 = CARTESIAN_POINT('',(21.755893668041,7.074206496883,
    4.235558738782));
#2527 = CARTESIAN_POINT('',(21.658456449055,7.074376905267,4.09166663023
    ));
#2528 = CARTESIAN_POINT('',(21.541599860891,7.074534228339,
    3.963031377301));
#2529 = CARTESIAN_POINT('',(21.408331287737,7.074674625753,
    3.852781568989));
#2530 = CARTESIAN_POINT('',(21.116547968614,7.07491539761,3.673652024243
    ));
#2531 = CARTESIAN_POINT('',(20.957944464756,7.075015857136,
    3.604706738779));
#2532 = CARTESIAN_POINT('',(20.790360345455,7.075093285924,
    3.558706896029));
#2533 = CARTESIAN_POINT('',(20.61794393102,7.075145634849,3.536926046312
    ));
#2534 = CARTESIAN_POINT('',(20.44501504799,7.075171733865,3.539783080519
    ));
#2535 = CARTESIAN_POINT('',(20.106845582865,7.075171495181,
    3.593339630608));
#2536 = CARTESIAN_POINT('',(19.941496314216,7.075145157394,
    3.644056368853));
#2537 = CARTESIAN_POINT('',(19.784247405005,7.075092575743,3.71804696274
    ));
#2538 = CARTESIAN_POINT('',(19.639077849353,7.075014926108,
    3.813578213311));
#2539 = CARTESIAN_POINT('',(19.509539440434,7.074914263036,
    3.928157082575));
#2540 = CARTESIAN_POINT('',(19.28763265145,7.074673397023,4.188389240741
    ));
#2541 = CARTESIAN_POINT('',(19.195118284709,7.07453319821,4.33406176194)
  );
#2542 = CARTESIAN_POINT('',(19.123792162203,7.074376168755,
    4.492100959734));
#2543 = CARTESIAN_POINT('',(19.075537516387,7.074206124909,
    4.658629567433));
#2544 = CARTESIAN_POINT('',(19.051426,7.074027341918,4.829474251383));
#2545 = CARTESIAN_POINT('',(19.051426,7.073844511478,5.000254));
#2546 = CYLINDRICAL_SURFACE('',#2547,1.451561);
#2547 = AXIS2_PLACEMENT_3D('',#2548,#2549,#2550);
#2548 = CARTESIAN_POINT('',(20.502987,12.003993991637,5.000254));
#2549 = DIRECTION('',(7.8E-16,1.,-3.9E-16));
#2550 = DIRECTION('',(-1.,7.8E-16,-2.2E-16));
#2551 = ADVANCED_FACE('',(#2552),#2564,.F.);
#2552 = FACE_BOUND('',#2553,.T.);
#2553 = EDGE_LOOP('',(#2554,#2560,#2561,#2562,#2563));
#2554 = ORIENTED_EDGE('',*,*,#2555,.F.);
#2555 = EDGE_CURVE('',#2405,#2443,#2556,.T.);
#2556 = LINE('',#2557,#2558);
#2557 = CARTESIAN_POINT('',(23.503395,8.003993991637,5.002841));
#2558 = VECTOR('',#2559,1.);
#2559 = DIRECTION('',(-0.857167300702,-0.51503807491,1.4E-16));
#2560 = ORIENTED_EDGE('',*,*,#2412,.T.);
#2561 = ORIENTED_EDGE('',*,*,#2555,.T.);
#2562 = ORIENTED_EDGE('',*,*,#2440,.F.);
#2563 = ORIENTED_EDGE('',*,*,#2502,.F.);
#2564 = CONICAL_SURFACE('',#2565,3.,1.029744258677);
#2565 = AXIS2_PLACEMENT_3D('',#2566,#2567,#2568);
#2566 = CARTESIAN_POINT('',(20.503395,8.003993991637,5.002841));
#2567 = DIRECTION('',(5.E-16,1.,-2.8E-16));
#2568 = DIRECTION('',(1.,-5.E-16,0.));
#2569 = ( GEOMETRIC_REPRESENTATION_CONTEXT(3) 
GLOBAL_UNCERTAINTY_ASSIGNED_CONTEXT((#2573)) 
GLOBAL_UNIT_ASSIGNED_CONTEXT((#2570,#2571,#2572)) REPRESENTATION_CONTEXT
('Context #1','3D Context with UNIT and UNCERTAINTY') );
#2570 = ( LENGTH_UNIT() NAMED_UNIT(*) SI_UNIT(.MILLI.,.METRE.) );
#2571 = ( NAMED_UNIT(*) PLANE_ANGLE_UNIT() SI_UNIT($,.RADIAN.) );
#2572 = ( NAMED_UNIT(*) SI_UNIT($,.STERADIAN.) SOLID_ANGLE_UNIT() );
#2573 = UNCERTAINTY_MEASURE_WITH_UNIT(LENGTH_MEASURE(1.E-05),#2570,
  'distance_accuracy_value','confusion accuracy');
#2574 = CONTEXT_DEPENDENT_SHAPE_REPRESENTATION(#2575,#2577);
#2575 = ( REPRESENTATION_RELATIONSHIP('','',#1626,#10) 
REPRESENTATION_RELATIONSHIP_WITH_TRANSFORMATION(#2576) 
SHAPE_REPRESENTATION_RELATIONSHIP() );
#2576 = ITEM_DEFINED_TRANSFORMATION('','',#11,#23);
#2577 = PRODUCT_DEFINITION_SHAPE('Placement','Placement of an item',
  #2578);
#2578 = NEXT_ASSEMBLY_USAGE_OCCURRENCE('3','Pocket002','',#5,#1621,$);
#2579 = PRODUCT_RELATED_PRODUCT_CATEGORY('part',$,(#1623));
#2580 = MECHANICAL_DESIGN_GEOMETRIC_PRESENTATION_REPRESENTATION('',(
    #2581),#720);
#2581 = STYLED_ITEM('color',(#2582),#41);
#2582 = PRESENTATION_STYLE_ASSIGNMENT((#2583,#2589));
#2583 = SURFACE_STYLE_USAGE(.BOTH.,#2584);
#2584 = SURFACE_SIDE_STYLE('',(#2585));
#2585 = SURFACE_STYLE_FILL_AREA(#2586);
#2586 = FILL_AREA_STYLE('',(#2587));
#2587 = FILL_AREA_STYLE_COLOUR('',#2588);
#2588 = COLOUR_RGB('',0.423529408994,0.423529408994,0.423529408994);
#2589 = CURVE_STYLE('',#2590,POSITIVE_LENGTH_MEASURE(0.1),#2591);
#2590 = DRAUGHTING_PRE_DEFINED_CURVE_FONT('continuous');
#2591 = COLOUR_RGB('',9.803921802644E-02,9.803921802644E-02,
  9.803921802644E-02);
#2592 = MECHANICAL_DESIGN_GEOMETRIC_PRESENTATION_REPRESENTATION('',(
    #2593),#1608);
#2593 = STYLED_ITEM('color',(#2594),#739);
#2594 = PRESENTATION_STYLE_ASSIGNMENT((#2595,#2601));
#2595 = SURFACE_STYLE_USAGE(.BOTH.,#2596);
#2596 = SURFACE_SIDE_STYLE('',(#2597));
#2597 = SURFACE_STYLE_FILL_AREA(#2598);
#2598 = FILL_AREA_STYLE('',(#2599));
#2599 = FILL_AREA_STYLE_COLOUR('',#2600);
#2600 = COLOUR_RGB('',0.454901963324,0.454901963324,0.454901963324);
#2601 = CURVE_STYLE('',#2602,POSITIVE_LENGTH_MEASURE(0.1),#2591);
#2602 = DRAUGHTING_PRE_DEFINED_CURVE_FONT('continuous');
#2603 = MECHANICAL_DESIGN_GEOMETRIC_PRESENTATION_REPRESENTATION('',(
    #2604),#2569);
#2604 = STYLED_ITEM('color',(#2605),#1627);
#2605 = PRESENTATION_STYLE_ASSIGNMENT((#2606,#2612));
#2606 = SURFACE_STYLE_USAGE(.BOTH.,#2607);
#2607 = SURFACE_SIDE_STYLE('',(#2608));
#2608 = SURFACE_STYLE_FILL_AREA(#2609);
#2609 = FILL_AREA_STYLE('',(#2610));
#2610 = FILL_AREA_STYLE_COLOUR('',#2611);
#2611 = COLOUR_RGB('',0.,0.666666687201,1.);
#2612 = CURVE_STYLE('',#2613,POSITIVE_LENGTH_MEASURE(0.1),#2591);
#2613 = DRAUGHTING_PRE_DEFINED_CURVE_FONT('continuous');
ENDSEC;
END-ISO-10303-21;
