:020000040800F2
:1000000000000220AD270008E91F0008F11F0008CA
:10001000F91F000801200008092000080000000066
:100020000000000000000000000000001120000897
:100030001F200008000000002D2000083B200008C1
:10004000FD270008FD270008FD270008FD27000800
:10005000FD270008FD270008FD270008FD270008F0
:10006000FD270008FD270008FD270008FD270008E0
:10007000FD270008FD270008FD270008FD270008D0
:10008000FD270008FD27000849200008FD2700087B
:10009000FD270008FD270008FD270008FD270008B0
:1000A000FD270008FD270008FD270008FD270008A0
:1000B000FD270008FD270008FD270008FD27000890
:1000C000FD270008FD270008FD270008FD27000880
:1000D000FD270008FD270008FD270008FD27000870
:1000E000FD270008FD270008FD270008FD27000860
:1000F000FD270008FD270008FD270008FD27000850
:10010000FD270008FD270008FD270008FD2700083F
:10011000FD270008FD270008FD270008FD2700082F
:100120005D200008FD270008FD270008FD270008C6
:10013000FD2700080000000000000000FD27000867
:10014000FD270008FD270008FD270008FD270008FF
:10015000FD270008FD270008FD270008FD270008EF
:10016000FD270008FD270008FD270008FD270008DF
:10017000FD270008FD270008000000000000000027
:08018000FD270008FD2700081F
:1001900010B5054C237833B9044B13B10448AFF3C1
:1001A00000800123237010BDD40100200000000056
:1001B000949D000808B5034B1BB103490348AFF3F6
:1001C000008008BD00000000D8010020949D0008B8
:1001D00001F0FF01102A2BDB10F0070F08D010F8F8
:1001E000013B013A8B422DD010F0070F42B3F6D1FC
:1001F000F0B441EA012141EA014122F007047FF015
:1002000000070023F0E80256083C85EA010586EA6B
:10021000010685FA47F5A3FA87F586FA47F6A5FAA7
:1002200087F68EB9EED1F0BC01F0FF0102F00702B3
:1002300032B110F8013B013A83EA010313B1F8D15E
:100240000020704701387047002D06BF354603383F
:10025000073815F0010F07D1013015F4807F02BF78
:10026000013015F4C03F0130F0BC0138704700BFC9
:10027000034613F8012B002AFBD1181A01387047E6
:1002800081F0004102E000BF83F0004330B54FEA47
:1002900041044FEA430594EA050F08BF90EA020FB4
:1002A0001FBF54EA000C55EA020C7FEA645C7FEA47
:1002B000655C00F0E2804FEA5454D4EB5555B8BF6A
:1002C0006D420CDD2C4480EA020281EA030382EADB
:1002D000000083EA010180EA020281EA0303362D6D
:1002E00088BF30BD11F0004F4FEA01314FF4801C40
:1002F0004CEA113102D0404261EB410113F0004F52
:100300004FEA03334CEA133302D0524263EB430308
:1003100094EA050F00F0A780A4F10104D5F1200EA6
:100320000DDB02FA0EFC22FA05F2801841F1000101
:1003300003FA0EF2801843FA05F359410EE0A5F1D5
:1003400020050EF1200E012A03FA0EFC28BF4CF006
:10035000020C43FA05F3C01851EBE37101F00045BC
:1003600007D54FF0000EDCF1000C7EEB00006EEBC9
:100370000101B1F5801F1BD3B1F5001F0CD3490853
:100380005FEA30004FEA3C0C04F101044FEA4452AA
:1003900012F5800F80F09A80BCF1004F08BF5FEA31
:1003A000500C50F1000041EB045141EA050130BD11
:1003B0005FEA4C0C404141EB0101013C28BFB1F523
:1003C000801FE9D291F0000F04BF01460020B1FA6E
:1003D00081F308BF2033A3F10B03B3F120020CDA41
:1003E0000C3208DD02F1140CC2F10C0201FA0CF01F
:1003F00021FA02F10CE002F11402D8BFC2F1200C84
:1004000001FA02F120FA0CFCDCBF41EA0C01904039
:10041000E41AA2BF01EB0451294330BD6FEA040482
:100420001F3C1CDA0C340EDC04F11404C4F120026D
:1004300020FA04F001FA02F340EA030021FA04F37F
:1004400045EA030130BDC4F10C04C4F1200220FAD6
:1004500002F001FA04F340EA0300294630BD21FA14
:1004600004F0294630BD94F0000F83F4801306BFDA
:1004700081F480110134013D4EE77FEA645C18BFCE
:100480007FEA655C29D094EA050F08BF90EA020F65
:1004900005D054EA000C04BF1946104630BD91EA5D
:1004A000030F1EBF0021002030BD5FEA545C05D160
:1004B0004000494128BF41F0004130BD14F580049F
:1004C0003CBF01F5801130BD01F0004545F0FE4113
:1004D00041F470014FF0000030BD7FEA645C1ABF48
:1004E000194610467FEA655C1CBF0B46024650EA7F
:1004F000013406BF52EA033591EA030F41F40021AB
:1005000030BD00BF90F0000F04BF0021704730B530
:100510004FF4806404F132044FF000054FF0000105
:1005200050E700BF90F0000F04BF0021704730B5C6
:100530004FF4806404F1320410F0004548BF40429B
:100540004FF000013EE700BF42004FEAE2014FEAF0
:1005500031014FEA02701FBF12F07F4393F07F4FCB
:1005600081F06051704732F07F4208BF704793F0CE
:100570007F4F04BF41F40021704730B54FF46074E1
:1005800001F0004521F000411CE700BF50EA0102E4
:1005900008BF704730B54FF000050AE050EA01028D
:1005A00008BF704730B511F0004502D5404261EBFD
:1005B00041014FF4806404F132045FEA915C3FF43E
:1005C000D8AE4FF003025FEADC0C18BF03325FEADB
:1005D000DC0C18BF033202EBDC02C2F1200300FA8C
:1005E00003FC20FA02F001FA03FE40EA0E0021FAB1
:1005F00002F11444BDE600BF70B54FF0FF0C4CF49F
:10060000E06C1CEA11541DBF1CEA135594EA0C0F50
:1006100095EA0C0F00F0DEF82C4481EA030621EA8B
:100620004C5123EA4C5350EA013518BF52EA0335C6
:1006300041F4801143F4801338D0A0FB02CE4FF078
:100640000005E1FB02E506F00042E0FB03E54FF0A8
:100650000006E1FB03569CF0000F18BF4EF0010EA0
:10066000A4F1FF04B6F5007F64F5407404D25FEA9C
:100670004E0E6D4146EB060642EAC62141EA55514F
:100680004FEAC52040EA5E504FEACE2EB4F1FD0C91
:1006900088BFBCF5E06F1ED8BEF1004F08BF5FEA0F
:1006A000500E50F1000041EB045170BD06F00046C1
:1006B00046EA010140EA020081EA0301B4EB5C046E
:1006C000C2BFD4EB0C0541EA045170BD41F4801166
:1006D0004FF0000E013C00F3AB8014F1360FDEBF8B
:1006E000002001F0004170BDC4F10004203C35DA67
:1006F0000C341BDC04F11404C4F1200500FA05F3EA
:1007000020FA04F001FA05F240EA020001F000428A
:1007100021F0004110EBD37021FA04F642EB060100
:100720005EEA430E08BF20EAD37070BDC4F10C042A
:10073000C4F1200500FA04F320FA05F001FA04F2EE
:1007400040EA020001F0004110EBD37041F10001DA
:100750005EEA430E08BF20EAD37070BDC4F12005E5
:1007600000FA05F24EEA020E20FA04F301FA05F24D
:1007700043EA020321FA04F001F0004121FA04F2F5
:1007800020EA020000EBD3705EEA430E08BF20EAC5
:10079000D37070BD94F0000F0FD101F000464000FF
:1007A00041EB010111F4801F08BF013CF7D041EA81
:1007B000060195F0000F18BF704703F00046520085
:1007C00043EB030313F4801F08BF013DF7D043EA56
:1007D0000603704794EA0C0F0CEA135518BF95EA0C
:1007E0000C0F0CD050EA410618BF52EA4306D1D193
:1007F00081EA030101F000414FF0000070BD50EAB2
:10080000410606BF1046194652EA430619D094EA3B
:100810000C0F02D150EA013613D195EA0C0F05D125
:1008200052EA03361CBF104619460AD181EA030179
:1008300001F0004141F0FE4141F470014FF0000031
:1008400070BD41F0FE4141F4780170BD70B54FF0CC
:10085000FF0C4CF4E06C1CEA11541DBF1CEA13554C
:1008600094EA0C0F95EA0C0F00F0A7F8A4EB05042E
:1008700081EA030E52EA03354FEA013100F0888025
:100880004FEA03334FF0805545EA131343EA1263EE
:100890004FEA022245EA111545EA10654FEA0026A3
:1008A0000EF000419D4208BF964244F1FD0404F55C
:1008B000407402D25B084FEA3202B61A65EB0305B8
:1008C0005B084FEA32024FF480104FF4002CB6EB75
:1008D000020E75EB030E22BFB61A754640EA0C00F5
:1008E0005B084FEA3202B6EB020E75EB030E22BF35
:1008F000B61A754640EA5C005B084FEA3202B6EB76
:10090000020E75EB030E22BFB61A754640EA9C0034
:100910005B084FEA3202B6EB020E75EB030E22BF04
:10092000B61A754640EADC0055EA060E18D04FEAC2
:10093000051545EA16754FEA06164FEAC30343EA62
:1009400052734FEAC2025FEA1C1CC0D111F4801F2F
:100950000BD141EA00014FF000004FF0004CB6E728
:1009600011F4801F04BF01430020B4F1FD0C88BFC7
:10097000BCF5E06F3FF6AFAEB5EB030C04BFB6EBD2
:10098000020C5FEA500C50F1000041EB045170BDC5
:100990000EF0004E4EEA113114EB5C04C2BFD4EBF2
:1009A0000C0541EA045170BD41F480114FF0000E76
:1009B000013C90E645EA060E8DE60CEA135594EAF2
:1009C0000C0F08BF95EA0C0F3FF43BAF94EA0C0FF5
:1009D0000AD150EA01347FF434AF95EA0C0F7FF46A
:1009E00025AF104619462CE795EA0C0F06D152EABE
:1009F00003353FF4FDAE1046194622E750EA4106A2
:100A000018BF52EA43067FF4C5AE50EA41047FF4B2
:100A10000DAF52EA43057FF4EBAE12E74FF0FF3C17
:100A200006E000BF4FF0010C02E000BF4FF0010CE8
:100A30004DF804CD4FEA410C7FEA6C5C4FEA430C61
:100A400018BF7FEA6C5C1BD001B050EA410C0CBFB0
:100A500052EA430C91EA030F02BF90EA020F002012
:100A6000704710F1000F91EA030F58BF994208BF79
:100A700090422CBFD8176FEAE37040F00100704736
:100A80004FEA410C7FEA6C5C02D150EA013C07D18D
:100A90004FEA430C7FEA6C5CD6D152EA033CD3D0D8
:100AA0005DF8040B704700BF8446104662468C46D2
:100AB0001946634600E000BF01B5FFF7B7FF002805
:100AC00048BF10F1000F01BD4DF808EDFFF7F4FF2E
:100AD0000CBF012000205DF808FB00BF4DF808EDB9
:100AE000FFF7EAFF34BF012000205DF808FB00BFDC
:100AF0004DF808EDFFF7E0FF94BF012000205DF8FE
:100B000008FB00BF4DF808EDFFF7CEFF94BF0120B2
:100B100000205DF808FB00BF4DF808EDFFF7C4FFAB
:100B200034BF012000205DF808FB00BF4FEA410CF4
:100B30007FEA6C5C02D150EA013C0AD14FEA430CD7
:100B40007FEA6C5C02D152EA033C02D14FF0000014
:100B500070474FF0010070474FEA410212F5001252
:100B600015D211D56FF47873B3EB625212D94FEAF4
:100B7000C12343F0004343EA505311F0004F23FADE
:100B800002F018BF404270474FF00000704750EA33
:100B9000013005D111F0004008BF6FF000407047F0
:100BA0004FF00000704700BF4A0011D212F500124A
:100BB00011D20DD56FF47873B3EB62520ED44FEAB5
:100BC000C12343F0004343EA505323FA02F0704735
:100BD0004FF00000704750EA013002D14FF0FF3073
:100BE00070474FF00000704753B94AB9002908BF59
:100BF00000281CBF4FF0FF314FF0FF3000F06AB902
:100C0000ADF1080C6DE904CE00F006F8DDF804E063
:100C1000DDE9022304B070472DE9F047089D0C463A
:100C2000002B4ED194468C458646B2FA82F262D9A8
:100C30004AB1C2F12003914020FA03F30CFA02FCFE
:100C4000194300FA02FE4FEA1C471FFA8CF6B1FB6B
:100C5000F7F44FEA1E4307FB141143EA014304FB78
:100C600006F199420AD91CEB030304F1FF3080F02E
:100C70001281994240F20F81023C6344591A1FFAD3
:100C80008EF3B1FBF7F007FB101143EA014300FBC1
:100C900006F69E420AD91CEB030300F1FF3180F0F7
:100CA000FC809E4240F2F980634402389B1B40EA7C
:100CB000044000211DB1D3400022C5E90032BDE847
:100CC000F0878B4205D90DB1C5E900010021084626
:100CD000F5E7B3FA83F1002946D1A34202D390424B
:100CE000C0F0F080861A64EB03030120002DE6D0EB
:100CF000C5E90063E3E7002A40F09080A1EB0C0413
:100D00004FEA1C481FFA8CF70121B4FBF8F64FEAB2
:100D10001E4308FB164443EA044307FB06F09842CF
:100D200008D91CEB030306F1FF3402D2984200F20B
:100D3000CD8026461C1A1FFA8EF3B4FBF8F008FB90
:100D4000104443EA044300FB07F79F4208D91CEB19
:100D5000030300F1FF3402D29F4200F2B08020462C
:100D6000DB1B40EA0640A5E7C1F120068B4022FAD2
:100D700006F71F4320FA06FC04FA01F343EA0C03CA
:100D8000F44000FA01F8380C4FEA1349B4FBF0FEC6
:100D90001FFA87FC00FB1E4449EA04440EFB0CF9D1
:100DA000A14502FA01F20AD93C190EF1FF3A80F08E
:100DB0008480A14540F28180AEF1020E3C44A4EB58
:100DC00009041FFA83F9B4FBF0F300FB134449EA6A
:100DD000044403FB0CFCA44507D93C1903F1FF3084
:100DE00067D2A44565D9023B3C4443EA0E40A0FBD0
:100DF0000293A4EB0C049C42CE469C4651D34ED0A9
:100E000055B1B8EB0E0364EB0C0404FA06F6CB40C4
:100E10001E43CC40C5E90064002150E7C2F1200325
:100E200020FA03F10CFA02FC24FA03F394400C4379
:100E30004FEA1C4800FA02FE1FFA8CF7B3FBF8F0E9
:100E400008FB1031230C43EA014300FB07F19942F0
:100E500008D91CEB030300F1FF362CD299422AD9A2
:100E6000023863445B1AA4B2B3FBF8F108FB1133F8
:100E700044EA034401FB07F3A34208D91CEB040432
:100E800001F1FF3613D2A34211D902396444E41AA6
:100E900041EA004139E70446F0E6084606E7C8455E
:100EA000AED2B9EB020E63EB070C0138A8E731466E
:100EB000EDE7034699E73046D4E7D6467FE763443B
:100EC00002384DE70646234608460FE7023E6344D4
:100ED00030E700BF704700BF80B584B000AF3B462D
:100EE00000221A605A609A60DA607C4B7C4A1A6071
:100EF0007A4B00225A60794B00229A60774B01228C
:100F00001A61764B01221A76744B002283F8202056
:100F1000724B0022DA62714B724A9A626F4B002266
:100F2000DA606E4B0E22DA616C4B012283F83020BE
:100F30006A4B01225A61694801F0F8FC0346002B14
:100F400001D000F021FF01233B6001237B600723D8
:100F5000BB603B461946614801F06AFF0346002B1F
:100F600001D000F011FF02233B6002237B603B466F
:100F700019465A4801F05CFF0346002B01D000F0EF
:100F800003FF04233B6003237B603B461946534821
:100F900001F04EFF0346002B01D000F0F5FE0523C3
:100FA0003B6004237B603B4619464C4801F040FF00
:100FB0000346002B01D000F0E7FE06233B6005232B
:100FC0007B603B461946454801F032FF0346002B43
:100FD00001D000F0D9FE07233B6006237B603B462F
:100FE00019463E4801F024FF0346002B01D000F0D3
:100FF000CBFE08233B6007237B603B4619463748FE
:1010000001F016FF0346002B01D000F0BDFE0923BE
:101010003B6008237B603B461946304801F008FFDF
:101020000346002B01D000F0AFFE0A233B600923EA
:101030007B603B461946294801F0FAFE0346002B27
:1010400001D000F0A1FE0B233B600A237B603B46EE
:101050001946224801F0ECFE0346002B01D000F0B7
:1010600093FE0C233B600B237B603B4619461B48D9
:1010700001F0DEFE0346002B01D000F085FE0D23BB
:101080003B600C237B603B461946144801F0D0FEC0
:101090000346002B01D000F077FE0E233B600D23AA
:1010A0007B603B4619460D4801F0C2FE0346002B0B
:1010B00001D000F069FE0F233B600E237B603B46AE
:1010C0001946064801F0B4FE0346002B01D000F09B
:1010D0005BFE00BF1037BD4680BD00BFF0010020A1
:1010E000002001400100000F80B58CB000AF786097
:1010F00007F11C0300221A605A609A60DA601A61D4
:101100007B681B684D4A934240F094800023BB618A
:101110004B4B5B6C4A4A43F480735364484B5B6CA3
:1011200003F48073BB61BB6900237B61444B1B6B81
:10113000434A43F004031363414B1B6B03F0040366
:101140007B617B6900233B613D4B1B6B3C4A43F059
:10115000010313633A4B1B6B03F001033B613B69D3
:101160000023FB60364B1B6B354A43F002031363CD
:10117000334B1B6B03F00203FB60FB683F23FB61F7
:1011800003233B6200237B6207F11C0319462D48B1
:1011900002F07AFDF623FB6103233B6200237B62AE
:1011A00007F11C031946284802F06EFD0323FB617A
:1011B00003233B6200237B6207F11C03194623488B
:1011C00002F062FD224B234A1A60214B00225A6032
:1011D0001F4B00229A601E4B0022DA601C4B4FF41A
:1011E00080621A611A4B4FF400625A61184B4FF437
:1011F00000529A61164B4FF48072DA61144B002250
:101200001A62134B00225A62114802F0CDF90346CC
:10121000002B01D000F0B8FD7B680D4A9A630C4AA0
:101220007B68936300220021122002F086F91220CD
:1012300002F09FF900BF3037BD4680BD002001405D
:101240000038024000080240000002400004024052
:10125000380200201064024080B582B000AF03461F
:10126000FB80FB881846FFF75DF90DA3D3E9002347
:10127000FFF7C2F902460B46104619460AA3D3E906
:101280000023FFF7B9F902460B4610461946FFF74F
:101290008BFC03469BB218460837BD4680BD00BF95
:1012A0003108AC1C5A64E33F9A9CC9999CC9E93F38
:1012B00080B582B000AF0346FB80FB881846FFF77D
:1012C00031F90DA3D3E90023FFF796F902460B4647
:1012D000104619460AA3D3E90023FFF78DF9024609
:1012E0000B4610461946FFF75FFC03469BB21846B3
:1012F0000837BD4680BD00BF3108AC1C5A64E33FCF
:101300009A9CC9999CC9E93F80B586B004AF4FF05B
:10131000FF330293022301933B1D0093012302221A
:1013200080210E4803F0A8F83B791B021AB27B79A2
:101330001BB213431BB2FB80FB88DB08FB80FB88DE
:1013400007EE903AF8EEE77A9FED057A67EE877A36
:10135000B0EE670A0837BD4680BD00BF9802002086
:101360006F12833B80B586B004AF4FF0FF3302931A
:10137000022301933B1D00930123012280210C488D
:1013800003F07AF83B791B021AB27B791BB2134344
:10139000FB80B7F9063007EE903AF8EEE77A9FED5A
:1013A000057A67EE877AB0EE670A0837BD4680BDDA
:1013B000980200200AD7233C80B586B004AF4FF0D6
:1013C000FF330293022301933B1D00930123042268
:1013D00080210A4803F050F83B791B021AB27B794E
:1013E0001BB21343FB80B7F9063007EE903AF8EED4
:1013F000E77AB0EE670A0837BD4680BD9802002044
:1014000080B586B004AF4FF0FF33029302230193FF
:101410003B1D00930123032280210C4803F02CF88C
:101420003B791B021AB27B791BB213431BB2FB80C0
:10143000FB8807EE903AF8EEE77AB3EE047A67EEAF
:10144000877AB0EE670A0837BD4680BD9802002053
:1014500080B582B000AF00237B600C4B1B6B0B4A46
:1014600043F480031363094B1B6B03F480037B601D
:101470007B6800220021382002F05FF8382002F05B
:1014800078F800BF0837BD4680BD00BF0038024075
:1014900080B58AB000AF07F1140300221A605A60C9
:1014A0009A60DA601A6100233B61594B1B6B584A02
:1014B00043F004031363564B1B6B03F004033B61BF
:1014C0003B690023FB60524B1B6B514A43F0800386
:1014D00013634F4B1B6B03F08003FB60FB6800231F
:1014E000BB604B4B1B6B4A4A43F001031363484BF1
:1014F0001B6B03F00103BB60BB6800237B60444BA4
:101500001B6B434A43F002031363414B1B6B03F015
:1015100002037B607B6800233B603D4B1B6B3C4AB6
:1015200043F0080313633A4B1B6B03F008033B6063
:101530003B68002245F60441364802F041FD002296
:101540004FF40071344802F03BFD4FF2C0137B6151
:101550000323BB610023FB6107F1140319462F48E5
:1015600002F092FB45F604437B610123BB6101233A
:10157000FB6100233B6207F114031946254802F082
:1015800083FB4AF238037B610323BB610023FB61C9
:1015900007F1140319461F4802F076FB4FF400735D
:1015A0007B610123BB610123FB6100233B6207F1E7
:1015B00014031946184802F067FB4FF404437B619B
:1015C0000323BB610023FB6107F114031946124892
:1015D00002F05AFB04237B610323BB610023FB6100
:1015E00007F1140319460E4802F04EFB4FF48073C6
:1015F0007B610023BB610123FB6107F114031946E2
:10160000044802F041FB00BF2837BD4680BD00BF43
:10161000003802400004024000000240000802407E
:10162000000C024080B500AF124B134A1A60114BF8
:10163000124A5A600F4B00229A600E4B0022DA6069
:101640000C4B4FF480421A610A4B00225A61094B3D
:1016500000229A61074B0022DA61064B00221A62CF
:10166000044802F0C7FC0346002B01D000F08CFBBD
:1016700000BF80BD9802002000540040801A060080
:1016800080B500AF124B134A1A60114B124A5A60D0
:101690000F4B00229A600E4B0022DA600C4B4FF485
:1016A00080421A610A4B00225A61094B00229A615A
:1016B000074B0022DA61064B00221A62044802F04E
:1016C00099FC0346002B01D000F05EFB00BF80BDFB
:1016D000EC020020005C0040A086010080B58CB0C8
:1016E00000AF786007F11C0300221A605A609A600C
:1016F000DA601A617B681B68424A93422CD100234E
:10170000BB61414B1B6B404A43F0020313633E4BEA
:101710001B6B03F00203BB61BB69C023FB61122397
:101720003B6200237B620323BB620423FB6207F15D
:101730001C031946354802F0A7FA00237B61324B9F
:101740001B6C314A43F4001313642F4B1B6C03F4DE
:1017500000137B617B6950E07B681B682C4A9342D5
:101760004BD100233B61284B1B6B274A43F00403FA
:101770001363254B1B6B03F004033B613B690023A0
:10178000FB60214B1B6B204A43F0010313631E4B8C
:101790001B6B03F00103FB60FB684FF40073FB61FC
:1017A00012233B6201237B620323BB620423FB629F
:1017B00007F11C031946174802F066FA4FF48073CC
:1017C000FB6112233B6201237B620323BB62042380
:1017D000FB6207F11C0319460F4802F055FA00237B
:1017E000BB60094B1B6C084A43F400031364064BAF
:1017F0001B6C03F40003BB60BB6800BF3037BD4601
:1018000080BD00BF00540040003802400004024088
:10181000005C0040000802400000024080B594B027
:1018200002AF786087ED000A3868FEF78DFE024649
:101830000B4607F10800CDE900237B680D4A4021E3
:1018400006F086F807F108031846FEF711FD034677
:101850009BB207F108024FF0FF31009110210648BA
:1018600002F00CFD0A2001F03DF800BF4837BD46EC
:1018700080BD00BFB09D0008EC02002080B483B0A2
:1018800000AF7860044B01221A7000BF0C37BD46D0
:101890005DF8047B704700BF4003002080B5ADF5C4
:1018A000007D04AF00F0ACFF00F006FAFFF7F0FD9A
:1018B000FFF7CEFDFFF710FBFFF7E2FE00F0B0FCF4
:1018C00000F006FD00F05CFD00F084FE00F0F4FE88
:1018D000FFF7A8FE07F5DC700C2302934D4B019334
:1018E0000A2300930B234C4A4C4900F053FA07F5A6
:1018F000CA70002302934A4B01930C2300930D23DB
:10190000454A484900F046FA07F5B87000230293AB
:10191000454B01930123009302233F4A434900F0C2
:1019200039FA07F5AA7004230293414B01930F2360
:1019300000930E23384A3F4900F0E6FA07F59C7001
:101940004FF4805302933A4B0193042300930523F1
:10195000314A394900F0D8FA07F58E704FF4006328
:101960000293334B01930723009306232A4A3349FA
:1019700000F0CAFA07F580704FF4806302932C4B95
:101980000193092300930823234A2D4900F0BCFA50
:1019900007F5F873A3F586704FF400730293294B93
:1019A00001930023009300230022274900F0ACFAA2
:1019B00007F1C8030E221946174801F00BF9D7F8B2
:1019C000A031D7F8A4211146184604F01FF9D7F822
:1019D000A431002B06D197F8B021D7F8A0311B68AD
:1019E0005A633AE0D7F8A431042B07D197F8B01125
:1019F000D7F8A0311A680B4693632EE0D7F8A431CC
:101A0000082B23D197F8B011D7F8A0311A680B46EC
:101A1000D36322E090030020F0010020BC9D000869
:101A200048030020C49D0008D8030020CC9D000876
:101A300000040240D49D0008D89D0008E09D0008E5
:101A4000E49D000800000240EC9D000897F8B011EA
:101A5000D7F8A0311A680B46136407F58E73184641
:101A600000F079FA07F59C73184600F074FA07F154
:101A7000E403184600F06FFA07F5AA73184600F061
:101A80007AFA07F58073184600F075FA00BF804BAC
:101A90001B78002BFBD007F5F873A3F594731B8814
:101AA0001846FFF7D9FB0346A7F8863107F5F87308
:101AB000A3F594735B881846FFF7FAFB0346A7F873
:101AC000843107F5F873A3F594739B881846FFF7E4
:101AD000C3FB0346A7F8463107F5F873A3F59473E3
:101AE000DB881846FFF7E4FB0346A7F8443107F507
:101AF000F873A3F594731B891846FFF7D9FB0346C7
:101B0000A7F8283107F5F873A3F594735B89184695
:101B1000FFF7A2FB0346A7F82A3107F5F873A3F5F0
:101B200094739B891846FFF7C3FB0346A7F80C3153
:101B300007F5F873A3F59473DB891846FFF78CFB60
:101B40000346A7F80E3107F5F873A3F594731B8AC3
:101B50001846FFF781FB0346A7F8CE3107F5F87367
:101B6000A3F594735B8A1846FFF7A2FB0346A7F818
:101B7000CC3107F5F873A3F594739B8A1846FFF7E9
:101B80006BFB0346A7F8AA3107F5F873A3F5947326
:101B9000DB8A1846FFF78CFB0346A7F8A83107F548
:101BA000F873A3F594731B8B1846FFF781FB03466C
:101BB000A7F8603107F5F873A3F594735B8B1846AB
:101BC000FFF74AFB0346A7F862313B46314AC8217A
:101BD000184605F0BDFE3B461846FEF749FB034696
:101BE0009BB23A464FF0FF31009110212A4802F093
:101BF00045FB07F5DC73184600F010F907F5CA73CA
:101C0000184600F00BF907F5B873184600F006F90E
:101C1000FFF7A8FB87ED7B0AFFF776FB87ED7A0AD3
:101C2000FFF7CAFB87ED790AFFF7EAFB87ED780A31
:101C300097ED7B7ADFED196AC7EE267A97ED7A7A0F
:101C400077EE277AC7ED777A97ED7A0A1448FFF78F
:101C5000E5FD97ED7B0A1348FFF7E0FD97ED770A66
:101C60001148FFF7DBFD97ED790A1048FFF7D6FD25
:101C700097ED780A0E48FFF7D1FD01224FF480411D
:101C80000C4802F09DF94FF47A7000F02BFEFDE64F
:101C900040030020F49D0008EC02002000007A447C
:101CA000189E0008289E0008389E0008489E0008DC
:101CB000549E00080004024080B594B000AF07F1C4
:101CC000200330220021184605F058FF07F10C03CD
:101CD00000221A605A609A60DA601A610023BB60C1
:101CE000274B1B6C264A43F080531364244B1B6C18
:101CF00003F08053BB60BB6800237B60214B1B68F3
:101D0000204A43F4804313601E4B1B6803F4804356
:101D10007B607B6801233B624FF480337B6202234C
:101D2000BB634FF48003FB6304233B6460237B6449
:101D30000623BB640423FB6407F12003184603F069
:101D40007DFA0346002B01D000F01EF80F23FB6044
:101D500002233B6180237B614FF48053BB610023EE
:101D6000FB6107F10C030021184603F0DFFC03467A
:101D7000002B01D000F008F800BF5037BD4680BDF1
:101D8000003802400070004080B400AF72B600BF5F
:101D900000BFFDE7B0B58EB000AFF860B9607A6003
:101DA0003B607B687B613B68BB61BB6CFB61FB6C30
:101DB0003B623B6D7B6200233B8500237B850023D8
:101DC000BB850023FB85134BDB681846FEF79AFBA7
:101DD0004FF00002104BFEF70FFC02460B46104678
:101DE0001946FEF7E1FE0346DBB287F830300023E8
:101DF00087F83130BB687B63FB681D4607F114042C
:101E00000FCC0FC50FCC0FC523682B60F86838378F
:101E1000BD46B0BD480300200000E03F80B5B6B02D
:101E200002AF78607B681A6A7B689B8A07F10800BA
:101E3000304905F0C1FD07F108031846FEF718FA0E
:101E400003469BB207F108024FF0FF3100911021C9
:101E5000294802F013FA7B68DB8A1A4607F1080367
:101E60002649184605F0A8FD07F108031846FEF7B5
:101E7000FFF903469BB207F108024FF0FF310091D2
:101E800010211D4802F0FAF97B681B8B1A4607F1F6
:101E900008031B49184605F08FFD07F10803184693
:101EA000FEF7E6F903469BB207F108024FF0FF3157
:101EB00000911021104802F0E1F97B681B7F1A465F
:101EC00007F108030F49184605F076FD07F10803EE
:101ED0001846FEF7CDF903469BB207F108024FF012
:101EE000FF3100911021044802F0C8F900BFD0373B
:101EF000BD4680BD5C9E0008EC020020689E000884
:101F0000749E00087C9E0008B0B48DB000AFF860ED
:101F1000B9607A603B607B687B613B68BB613B6C0E
:101F2000FB6100233B8400237B84BB687B627B6C6A
:101F3000BB62B7F84830BB85FB681D4607F1140447
:101F40000FCC0FC594E8070085E80700F868343720
:101F5000BD46B0BC704780B582B000AF78607B688A
:101F600058697B681B8B0122194602F029F800BFD3
:101F70000837BD4680BD80B582B000AF78607B6811
:101F800058697B681B8B0022194602F019F800BFC4
:101F90000837BD4680BD000080B483B000AF002389
:101FA0007B60104B5B6C0F4A43F4804353640D4BD2
:101FB0005B6C03F480437B607B6800233B60094BD0
:101FC0001B6C084A43F080531364064B1B6C03F0F0
:101FD00080533B603B6800BF0C37BD465DF8047B17
:101FE000704700BF0038024080B400AF00BFFDE77B
:101FF00080B400AF00BFFDE780B400AF00BFFDE7D5
:1020000080B400AF00BFFDE780B400AF00BFFDE7C4
:1020100080B400AF00BFBD465DF8047B704780B45C
:1020200000AF00BFBD465DF8047B704780B400AFD1
:1020300000BFBD465DF8047B704780B500AF00F07F
:1020400031FC00BF80BD000080B500AF024800F049
:10205000B0FC00BF80BD00BFF001002080B500AF24
:10206000024801F0A7FB00BF80BD00BF380200207E
:1020700080B400AF01231846BD465DF8047B70476D
:1020800080B582B000AF7860396005F083FD03460B
:1020900016221A604FF0FF3318460837BD4680BD40
:1020A00080B582B000AF78604FF0FF317868FFF7FD
:1020B000E7FF00BFFDE780B586B000AFF860B9600C
:1020C0007A6000237B610AE0AFF300800146BB68C1
:1020D0005A1CBA60CAB21A707B6901337B617A6993
:1020E0007B689A42F0DB7B6818461837BD4680BD96
:1020F00080B586B000AFF860B9607A6000237B617C
:1021000009E0BB685A1CBA601B781846AFF3008020
:102110007B6901337B617A697B689A42F1DB7B687A
:1021200018461837BD4680BD80B483B000AF7860D4
:102130004FF0FF3318460C37BD465DF8047B7047FF
:1021400080B483B000AF786039603B684FF40052D0
:102150005A60002318460C37BD465DF8047B704773
:1021600080B483B000AF7860012318460C37BD46B9
:102170005DF8047B704780B485B000AFF860B9604B
:102180007A60002318461437BD465DF8047B70471B
:1021900080B586B000AF7860144A154BD31A7B61C6
:1021A0007B693B61134B1B68002B02D1114B124A18
:1021B0001A60104B1A687B6813443A699A4207D236
:1021C00005F0E8FC03460C221A604FF0FF3309E0EB
:1021D000084B1B68FB60074B1A687B681344054A71
:1021E0001360FB6818461837BD4680BD000002200A
:1021F0000004000044030020A00A002080B400AFC7
:10220000064BD3F88830054A43F47003C2F888308F
:1022100000BFBD465DF8047B704700BF00ED00E0E5
:1022200080B58AB000AF07F1200300221A605A601F
:102230003B1D00221A605A609A60DA601A615A6186
:102240009A61224B4FF080421A60204B00225A6064
:102250001E4B00229A601D4B5022DA601B4B00225D
:102260001A611A4B00229A61184803F07FFC03465A
:10227000002B01D0FFF788FD00233B6200237B6227
:1022800007F120031946114804F0CCF80346002B4F
:1022900001D0FFF779FD60237B600023BB60002342
:1022A000FB6004237B613B1D00221946074803F0B5
:1022B00075FD0346002B01D0FFF766FD034800F0D3
:1022C00003F900BF2837BD4680BD00BF480300208A
:1022D00080B58AB000AF07F1200300221A605A606F
:1022E0003B1D00221A605A609A60DA601A615A61D6
:1022F0009A61214B214A1A601F4B01225A601E4BE2
:1023000000229A601C4BFF22DA601B4B00221A61EC
:10231000194B00229A61184803F028FC0346002B51
:1023200001D0FFF731FD00233B6200237B6207F100
:1023300020031946104804F075F80346002B01D01D
:10234000FFF722FD60237B600023BB600023FB605E
:1023500000237B613B1D0C221946074803F01EFD3C
:102360000346002B01D0FFF70FFD034800F0ACF847
:1023700000BF2837BD4680BD900300200008004004
:1023800080B58AB000AF07F1200300221A605A60BE
:102390003B1D00221A605A609A60DA601A615A6125
:1023A0009A61214B214A1A601F4B00225A601E4B32
:1023B00000229A601C4BFF22DA601B4B00221A613C
:1023C000194B00229A61184803F0D0FB0346002BFA
:1023D00001D0FFF7D9FC00233B6200237B6207F1A9
:1023E00020031946104804F01DF80346002B01D0C5
:1023F000FFF7CAFC60237B600023BB600023FB6007
:1024000004237B613B1D0C221946074803F0C6FCE0
:102410000346002B01D0FFF7B7FC034800F054F847
:1024200000BF2837BD4680BDD8030020000C004007
:1024300080B487B000AF78607B681B68B3F1804FD1
:102440000ED100237B611D4B1B6C1C4A43F0010322
:1024500013641A4B1B6C03F001037B617B6926E05C
:102460007B681B68164A93420ED100233B61134BD5
:102470001B6C124A43F004031364104B1B6C03F0F3
:1024800004033B613B6912E07B681B680D4A934281
:102490000DD10023FB60094B1B6C084A43F0080375
:1024A0001364064B1B6C03F00803FB60FB6800BF62
:1024B0001C37BD465DF8047B704700BF0038024002
:1024C00000080040000C004080B58AB000AF786082
:1024D00007F1140300221A605A609A60DA601A61E8
:1024E0007B681B68B3F1804F1ED100233B61344BE6
:1024F0001B6B334A43F001031363314B1B6B03F037
:1025000001033B613B6901237B610223BB61002323
:10251000FB6100233B6201237B6207F11403194630
:10252000284801F0B1FB47E07B681B68264A9342CC
:102530001FD10023FB60224B1B6B214A43F0020397
:1025400013631F4B1B6B03F00203FB60FB684FF42C
:1025500000737B610223BB610023FB6100233B62AC
:1025600002237B6207F114031946184801F08CFB23
:1025700022E07B681B68164A93421DD10023BB6092
:102580000F4B1B6B0E4A43F0010313630C4B1B6B89
:1025900003F00103BB60BB6808237B610223BB61BE
:1025A0000023FB6100233B6202237B6207F11403DB
:1025B0001946044801F068FB00BF2837BD4680BDBE
:1025C00000380240000002400008004000040240C1
:1025D000000C004080B500AF114B124A1A60104B3E
:1025E0004FF4E1325A600E4B00229A600C4B0022ED
:1025F000DA600B4B00221A61094B0C225A61084B1E
:1026000000229A61064B0022DA61054803F086FF3A
:102610000346002B01D0FFF7B7FB00BF80BD00BF12
:1026200020040020004C004080B58AB000AF7860E4
:1026300007F1140300221A605A609A60DA601A6186
:102640007B681B68194A93422CD100233B61184BCD
:102650001B6C174A43F400231364154B1B6C03F4E3
:1026600000233B613B690023FB60114B1B6B104A4D
:1026700043F0040313630E4B1B6B03F00403FB6076
:10268000FB684FF440637B610223BB610123FB6164
:1026900003233B6208237B6207F1140319460548B4
:1026A00001F0F2FA00BF2837BD4680BD004C004063
:1026B000003802400008024080B500AF144B4FF0D4
:1026C000A0421A60124B04221A71114B0222DA71D5
:1026D0000F4B00229A710E4B02225A720C4B0022B1
:1026E0009A720B4B0022DA72094B00221A73084BC4
:1026F00000229A73064B0022DA73054802F08EFC22
:102700000346002B01D0FFF73FFB00BF80BD00BF99
:102710006804002080B58AB000AF786007F1140328
:1027200000221A605A609A60DA601A617B681B683E
:10273000B3F1A04F32D100233B611A4B1B6B194AF6
:1027400043F001031363174B1B6B03F001033B6161
:102750003B694FF4C0537B610223BB610023FB61E3
:1027600003233B620A237B6207F1140319460E48D8
:1027700001F08AFA0B4B5B6B0A4A43F08003536308
:102780000023FB60074B5B6C064A43F480435364B1
:10279000044B5B6C03F48043FB60FB6800BF28378D
:1027A000BD4680BD0038024000000240DFF834D052
:1027B000FFF724FD0C480D490D4A002302E0D458D0
:1027C000C4500433C4188C42F9D30A4A0A4C00237B
:1027D00001E013600432A242FBD305F0E1F9FFF7F8
:1027E0005DF870470000022000000020D4010020A6
:1027F00030A20008D40100209C0A0020FEE700005F
:1028000080B500AF0E4B1B680D4A43F40073136094
:102810000B4B1B680A4A43F480631360084B1B6828
:10282000074A43F480731360032000F07BFE0F20FF
:1028300000F008F8FFF7B0FB0023184680BD00BF8A
:10284000003C024080B582B000AF7860124B1A683D
:10285000124B1B7819464FF47A73B3FBF1F3B2FBBA
:10286000F3F3184600F093FE0346002B01D001233A
:102870000EE07B680F2B0AD8002279684FF0FF30FA
:1028800000F05BFE064A7B681360002300E0012332
:1028900018460837BD4680BD000000200800002013
:1028A0000400002080B400AF064B1B781A46064B8C
:1028B0001B681344044A136000BFBD465DF8047BE7
:1028C000704700BF080000204C09002080B400AF12
:1028D000034B1B681846BD465DF8047B704700BF7C
:1028E0004C09002080B584B000AF7860FFF7EEFFA0
:1028F000B8607B68FB60FB68B3F1FF3F05D00A4B13
:102900001B781A46FB681344FB6000BFFFF7DEFF2D
:102910000246BB68D31AFA689A42F7D800BF00BFD4
:102920001037BD4680BD00BF0800002080B584B0D0
:1029300000AF78600023FB737B68002B01D101237B
:1029400033E07B681B6C002B09D17868FEF7CCFB69
:102950007B6800225A647B68002283F83C207B68F5
:102960001B6C03F01003002B18D17B681B6C23F445
:10297000885323F0020343F002027B681A647868EC
:1029800000F078FB7B6800225A647B681B6C23F0A4
:10299000030343F001027B681A6401E00123FB7327
:1029A0007B68002283F83C20FB7B18461037BD462D
:1029B00080BD80B586B000AF786000237B610023C6
:1029C0003B617B681B681B68FB607B681B685B68FE
:1029D000BB60FB6803F002037B61BB6803F020036C
:1029E0003B617B69002B49D03B69002B46D07B685B
:1029F0001B6C03F01003002B05D17B681B6C43F4A8
:102A000000727B681A647B681B689B6803F0405304
:102A1000002B2BD17B681B7E002B27D17B681B688A
:102A2000DB6A03F47003002B06D07B681B689B688D
:102A300003F48063002B19D17B681B685A687B689C
:102A40001B6822F020025A607B681B6C23F48072A2
:102A50007B681A647B681B6C03F48053002B05D1E0
:102A60007B681B6C43F001027B681A647868FEF790
:102A700005FF7B681B686FF012021A60FB6803F0A9
:102A800004037B61BB6803F080033B617B69002B1F
:102A900057D03B69002B54D07B681B6C03F01003AC
:102AA000002B05D17B681B6C43F400527B681A64D1
:102AB0007B681B689B6803F44013002B39D17B684B
:102AC0001B689B6B03F44013002B06D07B681B68CC
:102AD0009B6803F48063002B2BD17B681B685B68C9
:102AE00003F48063002B24D17B681B689B6803F090
:102AF0004053002B1DD17B681B7E002B19D17B68B6
:102B00001B685A687B681B6822F080025A607B68E9
:102B10001B6C23F480527B681A647B681B6C03F483
:102B20008073002B05D17B681B6C43F001027B682E
:102B30001A64786800F01CFC7B681B686FF00C025C
:102B40001A60FB6803F001037B61BB6803F040037C
:102B50003B617B69002B17D03B69002B14D07B684D
:102B60001B681B6803F00103012B0DD17B681B6CF4
:102B700043F480327B681A64786800F045F97B681A
:102B80001B686FF001021A60FB6803F020037B6191
:102B9000BB6803F080633B617B69002B15D03B6908
:102BA000002B12D07B685B6C43F002027B685A6496
:102BB0007B681B686FF020021A60786800F02EF9BD
:102BC0007B681B686FF020021A6000BF1837BD4693
:102BD00080BD000080B586B000AFF860B9607A6053
:102BE00000233B61FB6893F83C30012B01D10223A9
:102BF000E9E0FB68012283F83C20FB681B689B68C6
:102C000003F00103012B18D0FB681B689A68FB686E
:102C10001B6842F001029A606D4B1B686D4AA2FB73
:102C200003239A0C13465B0013443B6102E03B69AB
:102C3000013B3B613B69002BF9D1FB681B689B683A
:102C400003F48073B3F5807F07D1FB681B689A6833
:102C5000FB681B6822F480729A60FB681B689B68A3
:102C600003F00103012B40F0A180FB681B6C23F4EF
:102C7000E06323F0010343F48072FB681A64FB688D
:102C80001B685B6803F48063002B07D0FB681B6C38
:102C900023F4405343F48052FB681A64FB681B6CB6
:102CA00003F48053B3F5805F06D1FB685B6C23F0BF
:102CB0000602FB685A6402E0FB6800225A64FB6863
:102CC000002283F83C20444B7B61FB689B6B434AAA
:102CD000DA63FB689B6B424A1A64FB689B6B414A50
:102CE000DA64FB681B686FF022021A60FB681B68DD
:102CF0005A68FB681B6842F080625A60FB681B6878
:102D00009A68FB681B6842F480729A60FB68986B53
:102D1000FB681B684C331946BA687B6800F0F2FC0C
:102D20007B695B6803F01F03002B2AD1FB681B68DB
:102D30002D4A934215D0FB681B682C4A934205D15B
:102D4000254B5B6803F01F03002B0AD0FB681B6850
:102D5000274A934236D1204B5B6803F01003002BC7
:102D600030D1FB681B689B6803F04053002B29D1CE
:102D7000FB681B689A68FB681B6842F080429A6097
:102D800020E0FB681B68184A93421BD1FB681B6854
:102D90009B6803F04053002B14D1FB681B689A68B2
:102DA000FB681B6842F080429A600BE0FB681B6C7A
:102DB00043F01002FB681A64FB685B6C43F001028D
:102DC000FB685A64002318461837BD4680BD00BF13
:102DD0000000002083DE1B43002301406D32000809
:102DE0002733000843330008002001400021014040
:102DF0000022014080B483B000AF786000BF0C3780
:102E0000BD465DF8047B704780B483B000AF786046
:102E100000BF0C37BD465DF8047B704780B483B0BB
:102E200000AF786000BF0C37BD465DF8047B70478B
:102E300080B485B000AF786039600023BB607B68E8
:102E400093F83C30012B01D1022305E17B6801227C
:102E500083F83C203B681B68092B25D97B681B68DD
:102E6000D9683B681B689BB21A4613465B00134443
:102E70001E3B072202FA03F3DA437B681B680A4011
:102E8000DA607B681B68D9683B689A683B681B6896
:102E90009BB2184603465B0003441E3B9A407B6886
:102EA0001B680A43DA6022E07B681B6819693B688B
:102EB0001B689BB21A4613465B001344072202FAB2
:102EC00003F3DA437B681B680A401A617B681B685E
:102ED00019693B689A683B681B689BB218460346B1
:102EE0005B0003449A407B681B680A431A613B6895
:102EF0005B68062B24D87B681B68596B3B685A6853
:102F000013469B001344053B1F2202FA03F3DA43E6
:102F10007B681B680A405A637B681B68596B3B6877
:102F20001B689BB218463B685A6813469B001344C3
:102F3000053B00FA03F27B681B680A435A634CE0C6
:102F40003B685B680C2B24D87B681B68196B3B685B
:102F50005A6813469B001344233B1F2202FA03F3D3
:102F6000DA437B681B680A401A637B681B68196B2D
:102F70003B681B689BB218463B685A6813469B0027
:102F80001344233B00FA03F27B681B680A431A636D
:102F900023E07B681B68D96A3B685A6813469B002C
:102FA0001344413B1F2202FA03F3DA437B681B6898
:102FB0000A40DA627B681B68D96A3B681B689BB26F
:102FC00018463B685A6813469B001344413B00FA7D
:102FD00003F27B681B680A43DA62224BFB607B6862
:102FE0001B68214A934209D13B681B68122B05D10B
:102FF000FB685B6843F48002FB685A607B681B686F
:10300000194A934223D13B681B68102B03D03B68BD
:103010001B68112B1BD1FB685B6843F40002FB6843
:103020005A603B681B68102B11D1104B1B68104A6B
:10303000A2FB03239A0C13469B0013445B00BB6066
:1030400002E0BB68013BBB60BB68002BF9D17B6829
:10305000002283F83C20002318461437BD465DF853
:10306000047B704700230140002001400000002045
:1030700083DE1B4380B485B000AF7860794BFB6082
:10308000FB685B6823F44032FB685A60FB685A684F
:103090007B685B681A43FB685A607B681B685A68E8
:1030A0007B681B6822F480725A607B681B685968D1
:1030B0007B681B691A027B681B680A435A607B683D
:1030C0001B685A687B681B6822F040725A607B68F4
:1030D0001B6859687B689A687B681B680A435A605A
:1030E0007B681B689A687B681B6822F400629A60A0
:1030F0007B681B6899687B68DA687B681B680A4391
:103100009A607B689B6A584A934222D07B681B680E
:103110009A687B681B6822F070629A607B681B6803
:1031200099687B689A6A7B681B680A439A607B6827
:103130001B689A687B681B6822F040529A607B6823
:103140001B6899687B68DA6A7B681B680A439A6027
:103150000FE07B681B689A687B681B6822F07062CE
:103160009A607B681B689A687B681B6822F04052F3
:103170009A607B681B689A687B681B6822F0020271
:103180009A607B681B6899687B681B7E5A007B6825
:103190001B680A439A607B6893F82030002B1BD091
:1031A0007B681B685A687B681B6842F400625A603F
:1031B0007B681B685A687B681B6822F460425A600F
:1031C0007B681B6859687B685B6A013B5A037B68B4
:1031D0001B680A435A6007E07B681B685A687B6873
:1031E0001B6822F400625A607B681B68DA6A7B689D
:1031F0001B6822F47002DA627B681B68D96A7B68FC
:10320000DB69013B1A057B681B680A43DA627B684D
:103210001B689A687B681B6822F400729A607B685E
:103220001B6899687B6893F830305A027B681B688A
:103230000A439A607B681B689A687B681B6822F463
:1032400080629A607B681B6899687B685B699A02F8
:103250007B681B680A439A6000BF1437BD465DF85F
:10326000047B7047002301400100000F80B584B04B
:1032700000AF78607B689B6BFB60FB681B6C03F0A6
:103280005003002B3CD1FB681B6C43F40072FB68BD
:103290001A64FB681B689B6803F04053002B2BD11A
:1032A000FB681B7E002B27D1FB681B68DB6A03F4DD
:1032B0007003002B06D0FB681B689B6803F48063D7
:1032C000002B19D1FB681B685A68FB681B6822F049
:1032D00020025A60FB681B6C23F48072FB681A643E
:1032E000FB681B6C03F48053002B05D1FB681B6C3F
:1032F00043F00102FB681A64F868FEF7BFFA0EE0BB
:10330000FB681B6C03F01003002B03D0F868FFF779
:1033100085FD04E0FB689B6BDB6C7868984700BF19
:103320001037BD4680BD80B584B000AF78607B6843
:103330009B6BFB60F868FFF75DFD00BF1037BD4673
:1033400080BD80B584B000AF78607B689B6BFB600C
:10335000FB6840221A64FB685B6C43F00402FB6864
:103360005A64F868FFF75AFD00BF1037BD4680BDAC
:1033700080B483B000AF786000BF0C37BD465DF805
:10338000047B704780B485B000AF78607B6803F041
:103390000703FB600C4BDB68BB60BA684FF6FF03AA
:1033A0001340BB60FB681A02BB68134343F0BF6362
:1033B00043F40033BB60044ABB68D36000BF1437DA
:1033C000BD465DF8047B704700ED00E080B400AFBF
:1033D000044BDB681B0A03F007031846BD465DF883
:1033E000047B704700ED00E080B483B000AF03467B
:1033F000FB7197F90730002B0BDBFB7903F01F0201
:10340000074997F907305B09012000FA02F241F8F9
:10341000232000BF0C37BD465DF8047B704700BF1A
:1034200000E100E080B483B000AF03463960FB7177
:1034300097F90730002B0ADB3B68DAB20C4997F9A1
:1034400007301201D2B20B4483F800230AE03B6834
:10345000DAB20849FB7903F00F03043B1201D2B240
:103460000B441A7600BF0C37BD465DF8047B7047ED
:1034700000E100E000ED00E080B489B000AFF8604A
:10348000B9607A60FB6803F00703FB61FB69C3F175
:103490000703042B28BF0423BB61FB690433062BFD
:1034A00002D9FB69033B00E000237B614FF0FF3250
:1034B000BB6902FA03F3DA43BB681A407B699A409E
:1034C0004FF0FF317B6901FA03F3D9437B680B406E
:1034D000134318462437BD465DF8047B704700004F
:1034E00080B582B000AF78607B68013BB3F1807F2C
:1034F00001D301230FE00A4A7B68013B53600F218F
:103500004FF0FF30FFF78EFF054B00229A60044B0F
:1035100007221A60002318460837BD4680BD00BF49
:1035200010E000E080B582B000AF78607868FFF707
:1035300029FF00BF0837BD4680BD80B586B000AF0B
:103540000346B9607A60FB7300237B61FFF73EFF9F
:1035500078617A68B9687869FFF78EFF024697F953
:103560000F3011461846FFF75DFF00BF1837BD4604
:1035700080BD80B582B000AF0346FB7197F907307C
:103580001846FFF731FF00BF0837BD4680BD80B544
:1035900082B000AF78607868FFF7A2FF0346184654
:1035A0000837BD4680BD000080B586B000AF7860AA
:1035B00000237B61FFF78AF938617B68002B01D11A
:1035C000012399E07B68022283F835207B68002282
:1035D00083F834207B681B681A687B681B6822F0BC
:1035E00001021A600FE0FFF771F902463B69D31A36
:1035F000052B08D97B6820225A657B68032283F853
:103600003520032378E07B681B681B6803F0010307
:10361000002BE8D17B681B681B687B617A69384B9B
:1036200013407B617B685A687B689B681A437B68A0
:10363000DB681A437B681B691A437B685B691A4322
:103640007B689B691A437B68DB691A437B681B6A4A
:1036500013437A6913437B617B685B6A042B07D150
:103660007B68DA6A7B681B6B13437A6913437B615F
:103670007B681B687A691A607B681B685B697B6181
:103680007B6923F007037B617B685B6A7A6913437C
:103690007B617B685B6A042B17D17B689B6A7A69C4
:1036A00013437B617B68DB6A002B0ED0786800F0E7
:1036B0006FFA0346002B08D07B6840225A657B686E
:1036C000012283F83520012316E07B681B687A69A4
:1036D0005A61786800F026FA0346FB607B68DB6D70
:1036E0003F229A40FB689A607B6800225A657B689B
:1036F000012283F83520002318461837BD4680BDC7
:103700003F8010F080B586B000AFF860B9607A6095
:103710003B600023FB75FB689B6D3B61FB6893F886
:103720003430012B01D1022340E0FB68012283F8F1
:103730003420FB6893F83530DBB2012B2FD1FB68C6
:10374000022283F83520FB6800225A653B687A68BC
:10375000B968F86800F0B8F9FB68DB6D3F229A4061
:103760003B699A60FB681B681A68FB681B6842F03B
:1037700016021A60FB681B6C002B07D0FB681B68E5
:103780001A68FB681B6842F008021A60FB681B6835
:103790001A68FB681B6842F001021A6005E0FB68CA
:1037A000002283F834200223FB75FB7D184618376E
:1037B000BD4680BD80B586B000AF78600023BB6099
:1037C0008E4B1B688E4AA2FB03239B0A7B617B689E
:1037D0009B6D3B613B691B68FB607B68DB6D08226E
:1037E0009A40FB681340002B1AD07B681B681B684B
:1037F00003F00403002B13D07B681B681A687B68F6
:103800001B6822F004021A607B68DB6D08229A4074
:103810003B699A607B685B6D43F001027B685A6587
:103820007B68DB6D01229A40FB681340002B12D0AD
:103830007B681B685B6903F08003002B0BD07B68FF
:10384000DB6D01229A403B699A607B685B6D43F0B7
:1038500002027B685A657B68DB6D04229A40FB6834
:103860001340002B12D07B681B681B6803F0020317
:10387000002B0BD07B68DB6D04229A403B699A6079
:103880007B685B6D43F004027B685A657B68DB6D87
:1038900010229A40FB681340002B43D07B681B68C2
:1038A0001B6803F00803002B3CD07B68DB6D102203
:1038B0009A403B699A607B681B681B6803F480230D
:1038C000002B18D07B681B681B6803F40023002BB7
:1038D00008D17B681B6C002B24D07B681B6C78683C
:1038E00098471FE07B689B6C002B1BD07B689B6C10
:1038F0007868984716E07B681B681B6803F4807340
:10390000002B07D17B681B681A687B681B6822F054
:1039100008021A607B681B6C002B03D07B681B6C51
:10392000786898477B68DB6D20229A40FB681340DB
:10393000002B00F08F807B681B681B6803F010036E
:10394000002B00F087807B68DB6D20229A403B696A
:103950009A607B6893F83530DBB2052B36D17B68F3
:103960001B681A687B681B6822F016021A607B6865
:103970001B685A697B681B6822F080025A617B6869
:103980001B6C002B03D17B689B6C002B07D07B68E2
:103990001B681A687B681B6822F008021A607B6843
:1039A000DB6D3F229A403B699A607B68012283F875
:1039B00035207B68002283F834207B681B6D002B48
:1039C0007ED07B681B6D7868984779E07B681B68C0
:1039D0001B6803F48023002B1DD07B681B681B68C9
:1039E00003F40023002B0DD17B685B6C002B31D0DE
:1039F0007B685B6C786898472CE000BF0000002073
:103A0000B5814E1B7B68DB6B002B23D07B68DB6BA7
:103A1000786898471EE07B681B681B6803F4807316
:103A2000002B0FD17B681B681A687B681B6822F02B
:103A300010021A607B68012283F835207B6800221F
:103A400083F834207B68DB6B002B03D07B68DB6B57
:103A5000786898477B685B6D002B32D07B685B6D24
:103A600003F00103002B22D07B68052283F8352068
:103A70007B681B681A687B681B6822F001021A6069
:103A8000BB680133BB607A699A4207D37B681B68C5
:103A90001B6803F00103002BF2D100E000BF7B683C
:103AA000012283F835207B68002283F834207B686C
:103AB000DB6C002B05D07B68DB6C7868984700E0F6
:103AC00000BF1837BD4680BD80B485B000AFF86038
:103AD000B9607A603B60FB681B681A68FB681B680A
:103AE00022F480221A60FB681B683A685A60FB68FF
:103AF0009B68402B08D1FB681B687A689A60FB685A
:103B00001B68BA68DA6007E0FB681B68BA689A60ED
:103B1000FB681B687A68DA6000BF1437BD465DF841
:103B2000047B704780B485B000AF78607B681B6809
:103B3000DBB2103B144AA2FB03231B09FB60134AB0
:103B4000FB6813441B781A467B68DA65FB68032B15
:103B500009D97B681B6823F47F7323F003031A1DC4
:103B60007B689A6507E07B681B6823F47F7323F00A
:103B700003037A6893657B689B6D18461437BD46CE
:103B80005DF8047B704700BFABAAAAAAA49E0008F8
:103B900080B485B000AF78600023FB737B689B6ABC
:103BA000BB607B689B69002B1FD1BB68032B56D879
:103BB00001A252F823F000BFC93B0008DB3B00081C
:103BC000C93B00085F3C00087B68DB6A03F0807338
:103BD000002B46D00123FB7343E07B68DB6AB3F123
:103BE000C07F40D10123FB733DE07B689B69B3F547
:103BF000005F21D1BB68032B37D801A252F823F014
:103C0000113C0008173C0008113C0008293C000842
:103C10000123FB7330E07B68DB6A03F08073002BC9
:103C200025D00123FB7322E07B68DB6AB3F1C07F00
:103C30001FD10123FB731CE0BB68022B03D9BB68B7
:103C4000032B03D018E00123FB7315E07B68DB6ACC
:103C500003F08073002B0ED00123FB730BE000BF39
:103C60000AE000BF08E000BF06E000BF04E000BFBC
:103C700002E000BF00E000BFFB7B18461437BD46E2
:103C80005DF8047B704700BF80B489B000AF7860F6
:103C9000396000237B6100233B610023BB6100236B
:103CA000FB616BE10122FB6902FA03F37B613B6874
:103CB0001B687A6913403B613A697B699A4240F01C
:103CC0005A813B685B6803F00303012B05D03B6816
:103CD0005B6803F00303022B30D17B689B68BB61F8
:103CE000FB695B00032202FA03F3DB43BA6913406A
:103CF000BB613B68DA68FB695B0002FA03F3BA69EF
:103D00001343BB617B68BA699A607B685B68BB617F
:103D10000122FB6902FA03F3DB43BA691340BB617A
:103D20003B685B681B0903F00102FB6902FA03F3BD
:103D3000BA691343BB617B68BA695A603B685B68C8
:103D400003F00303032B17D07B68DB68BB61FB69BF
:103D50005B00032202FA03F3DB43BA691340BB6141
:103D60003B689A68FB695B0002FA03F3BA69134384
:103D7000BB617B68BA69DA603B685B6803F0030388
:103D8000022B23D1FB69DA087B68083253F8223012
:103D9000BB61FB6903F007039B000F2202FA03F3E8
:103DA000DB43BA691340BB613B681A69FB6903F0E6
:103DB00007039B0002FA03F3BA691343BB61FB6973
:103DC000DA087B680832B96943F822107B681B68FF
:103DD000BB61FB695B00032202FA03F3DB43BA69B0
:103DE0001340BB613B685B6803F00302FB695B0047
:103DF00002FA03F3BA691343BB617B68BA691A60BC
:103E00003B685B6803F44033002B00F0B480002370
:103E1000FB60604B5B6C5F4A43F4804353645D4BD3
:103E20005B6C03F48043FB60FB685B4AFB699B08A7
:103E3000023352F82330BB61FB6903F003039B009C
:103E40000F2202FA03F3DB43BA691340BB617B68BC
:103E5000524A93422BD07B68514A934225D07B68CB
:103E6000504A93421FD07B684F4A934219D07B68D7
:103E70004E4A934213D07B684D4A93420DD07B68E3
:103E80004C4A934207D07B684B4A934201D10723A7
:103E90000EE008230CE006230AE0052308E00423D3
:103EA00006E0032304E0022302E0012300E00023F4
:103EB000FA6902F0030292009340BA691343BB61AE
:103EC0003549FB699B080233BA6941F823203B4B13
:103ED0009B68BB613B69DB43BA691340BB613B68CC
:103EE0005B6803F48013002B03D0BA693B6913436A
:103EF000BB61324ABB699360304BDB68BB613B6995
:103F0000DB43BA691340BB613B685B6803F4001391
:103F1000002B03D0BA693B691343BB61274ABB69D5
:103F2000D360264B5B68BB613B69DB43BA691340D6
:103F3000BB613B685B6803F40033002B03D0BA69B4
:103F40003B691343BB611D4ABB6953601B4B1B6834
:103F5000BB613B69DB43BA691340BB613B685B688B
:103F600003F48033002B03D0BA693B691343BB6170
:103F7000124ABB691360FB690133FB61FB690F2BBC
:103F80007FF690AE00BF00BF2437BD465DF8047BCE
:103F9000704700BF00380240003801400000024076
:103FA0000004024000080240000C024000100240E1
:103FB0000014024000180240001C0240003C014076
:103FC00080B483B000AF78600B467B8013467B7073
:103FD0007B78002B03D07A887B689A6103E07B882A
:103FE0001A047B689A6100BF0C37BD465DF8047BFC
:103FF0007047000080B584B000AF78607B68002B0C
:1040000001D101232BE17B6893F83D30DBB2002B1B
:1040100006D17B68002283F83C207868FDF75EFBC0
:104020007B68242283F83D207B681B681A687B68C4
:104030001B6822F001021A607B681B681A687B68A3
:104040001B6842F400421A607B681B681A687B6830
:104050001B6822F400421A6001F060FDF8607B6882
:104060005B68814A934207D8FB68804A934294BFB9
:1040700001230023DBB206E0FB687D4A934294BF34
:1040800001230023DBB2002B01D00123E7E0FB6812
:10409000784AA2FB03239B0CBB607B681B685B68B0
:1040A00023F03F017B681B68BA680A435A607B684B
:1040B0001B681B6A23F03F017B685B686A4A934276
:1040C00002D8BB68013309E0BB684FF4967202FB6B
:1040D00003F3694AA2FB03239B0901337A68126840
:1040E0000B4313627B681B68DB6923F44F4222F0A9
:1040F000FF027B685B685C498B4219D8FB68591EDC
:104100007B685B685B00B1FBF3F3591C40F6FC7302
:104110000B40002B0AD0FB68591E7B685B685B0074
:10412000B1FBF3F30133C3F30B0351E004234FE07E
:104130007B689B68002B11D1FB68581E7B6859680F
:104140000B465B000B44B0FBF3F30133C3F30B03EB
:10415000002B0CBF01230023DBB212E0FB68581ECA
:104160007B6859680B469B000B4499000B44B0FBDD
:10417000F3F30133C3F30B03002B0CBF0123002324
:10418000DBB2002B01D0012322E07B689B68002B6F
:104190000ED1FB68581E7B6859680B465B000B44C8
:1041A000B0FBF3F30133C3F30B0343F400430FE01D
:1041B000FB68581E7B6859680B469B000B449900AE
:1041C0000B44B0FBF3F30133C3F30B0343F440435D
:1041D000796809681343CB617B681B681B6823F00F
:1041E000C0017B68DA697B681B6A1A437B681B68BD
:1041F0000A431A607B681B689B6823F4034323F01F
:10420000FF037A6811697A68D26811437A68126884
:104210000B4393607B681B68DB6823F0FF017B68BE
:104220005A697B689B691A437B681B680A43DA609A
:104230007B681B681A687B681B6842F001021A6081
:104240007B6800221A647B68202283F83D207B680B
:1042500000221A637B68002283F83E200023184660
:104260001037BD4680BD00BFA08601007F841E00C0
:10427000FF083D0083DE1B43D34D621080B588B03C
:1042800002AFF8607A601A460B467B8113463B8189
:10429000FEF71CFB7861FB6893F83D30DBB2202B06
:1042A00040F0E0807B690093192301227049F8688F
:1042B00000F07EFC0346002B01D00223D3E0FB6814
:1042C00093F83C30012B01D10223CCE0FB680122A2
:1042D00083F83C20FB681B681B6803F00103012B7B
:1042E00007D0FB681B681A68FB681B6842F0010274
:1042F0001A60FB681B681A68FB681B6822F400627E
:104300001A60FB68212283F83D20FB68102283F8A5
:104310003E20FB6800221A64FB687A685A62FB68D8
:104320003A895A85FB685B8D9AB2FB681A85FB68EF
:10433000504ADA6279897B693A6AF86800F0CEFA05
:104340000346002B01D001238DE000233B61FB6875
:104350001B685B693B61FB681B689B693B613B6950
:1043600066E07A69396AF86800F03CFD0346002B84
:104370000DD0FB681B6C042B07D1FB681B681A6807
:10438000FB681B6842F400721A6001236BE0FB6853
:104390005B6A1A78FB681B681A61FB685B6A5A1CC7
:1043A000FB685A62FB685B8D9BB2013B9AB2FB686B
:1043B0005A85FB681B8D013B9AB2FB681A85FB6826
:1043C0001B685B6903F00403042B1BD1FB681B8D86
:1043D000002B17D0FB685B6A1A78FB681B681A61B0
:1043E000FB685B6A5A1CFB685A62FB685B8D9BB278
:1043F000013B9AB2FB685A85FB681B8D013B9AB260
:10440000FB681A857A69396AF86800F033FD03465B
:10441000002B0DD0FB681B6C042B07D1FB681B68BD
:104420001A68FB681B6842F400721A6001231AE0E4
:10443000FB681B8D002B94D1FB681B681A68FB6816
:104440001B6842F400721A60FB68202283F83D204A
:10445000FB68002283F83E20FB68002283F83C20A2
:10446000002300E0022318461837BD4680BD00BF78
:10447000020010000000FFFF80B58CB002AFF860B2
:10448000084611461A4603467B810B463B8113467C
:10449000FB80FEF71BFA7862FB6893F83D30DBB2D5
:1044A000202B40F014827B6A0093192301227B4960
:1044B000F86800F07DFB0346002B01D0022307E2E1
:1044C000FB6893F83C30012B01D1022300E2FB682A
:1044D000012283F83C20FB681B681B6803F0010382
:1044E000012B07D0FB681B681A68FB681B6842F049
:1044F00001021A60FB681B681A68FB681B6822F4DB
:1045000000621A60FB68222283F83D20FB6840228B
:1045100083F83E20FB6800221A64FB683A6B5A62FB
:10452000FB68BA8E5A85FB685B8D9AB2FB681A8568
:10453000FB685B4ADA62F8883A8979897B6A019379
:10454000BB6B00930346F86800F04AFA0346002B61
:1045500001D00123BCE1FB681B8D002B13D100238C
:104560003B62FB681B685B693B62FB681B689B697D
:104570003B623B6AFB681B681A68FB681B6842F475
:1045800000721A6090E1FB681B8D012B1BD1FB6848
:104590001B681A68FB681B6822F480621A6000239B
:1045A000FB61FB681B685B69FB61FB681B689B69BF
:1045B000FB61FB69FB681B681A68FB681B6842F4B7
:1045C00000721A6070E1FB681B8D022B1BD1FB6827
:1045D0001B681A68FB681B6822F480621A60FB681B
:1045E0001B681A68FB681B6842F400621A600023AB
:1045F000BB61FB681B685B69BB61FB681B689B69EF
:10460000BB61BB6950E100237B61FB681B685B6990
:104610007B61FB681B689B697B617B6944E1FB688C
:104620001B8D032B00F2F180FB681B8D012B23D126
:104630007A6AB96BF86800F065FC0346002B01D07C
:10464000012345E1FB681B681A69FB685B6AD2B20B
:104650001A70FB685B6A5A1CFB685A62FB681B8D08
:10466000013B9AB2FB681A85FB685B8D9BB2013BEC
:104670009AB2FB685A8517E1FB681B8D022B4ED15D
:104680007B6A0093BB6B00220649F86800F090FA41
:104690000346002B08D001231AE100BF02001000DE
:1046A0000000FFFF04000100FB681B681A68FB683C
:1046B0001B6842F400721A60FB681B681A69FB6889
:1046C0005B6AD2B21A70FB685B6A5A1CFB685A625A
:1046D000FB681B8D013B9AB2FB681A85FB685B8DFA
:1046E0009BB2013B9AB2FB685A85FB681B681A694A
:1046F000FB685B6AD2B21A70FB685B6A5A1CFB6883
:104700005A62FB681B8D013B9AB2FB681A85FB68F5
:104710005B8D9BB2013B9AB2FB685A85C4E07B6A11
:104720000093BB6B00226C49F86800F041FA034625
:10473000002B01D00123CBE0FB681B681A68FB68E3
:104740001B6822F480621A60FB681B681A69FB68A8
:104750005B6AD2B21A70FB685B6A5A1CFB685A62C9
:10476000FB681B8D013B9AB2FB681A85FB685B8D69
:104770009BB2013B9AB2FB685A857B6A0093BB6B84
:1047800000225549F86800F013FA0346002B01D0C7
:1047900001239DE0FB681B681A68FB681B6842F4F4
:1047A00000721A60FB681B681A69FB685B6AD2B208
:1047B0001A70FB685B6A5A1CFB685A62FB681B8DA7
:1047C000013B9AB2FB681A85FB685B8D9BB2013B8B
:1047D0009AB2FB685A85FB681B681A69FB685B6ABA
:1047E000D2B21A70FB685B6A5A1CFB685A62FB689B
:1047F0001B8D013B9AB2FB681A85FB685B8D9BB2EF
:10480000013B9AB2FB685A854EE07A6AB96BF86848
:1048100000F078FB0346002B01D0012358E0FB6831
:104820001B681A69FB685B6AD2B21A70FB685B6A24
:104830005A1CFB685A62FB681B8D013B9AB2FB68ED
:104840001A85FB685B8D9BB2013B9AB2FB685A8567
:10485000FB681B685B6903F00403042B24D1FB682D
:104860001B8D032B07D1FB681B681A68FB681B684C
:1048700022F480621A60FB681B681A69FB685B6A35
:10488000D2B21A70FB685B6A5A1CFB685A62FB68FA
:104890001B8D013B9AB2FB681A85FB685B8D9BB24E
:1048A000013B9AB2FB685A85FB681B8D002B7FF495
:1048B000B6AEFB68202283F83D20FB68002283F817
:1048C0003E20FB68002283F83C20002300E0022306
:1048D00018462837BD4680BD0400010080B588B069
:1048E00002AFF8607A603B600B467B81FB68DB6A55
:1048F0007B617B69082B06D07B69012B03D07B6928
:1049000013F5803F08D1FB681B681A68FB681B68B9
:1049100042F480721A600BE0FB681B6B122B07D10C
:10492000FB681B681A68FB681B6842F480721A6097
:104930003B6800937B6800224FF00111F86800F09B
:1049400037F90346002B0DD0FB681B681B6803F486
:104950008073B3F5807F03D1FB684FF400721A6453
:10496000032335E0FB681B69B3F5804F08D17B89D1
:10497000DBB21A46FB681B6802F0FE021A611BE0FC
:104980007B89DB11DBB203F00603DBB263F00F03BC
:10499000DAB2FB681B681A613B687A680E49F868EE
:1049A00000F080F90346002B01D0012310E07B8941
:1049B000DAB2FB681B681A613B687A680749F868D5
:1049C00000F070F90346002B01D0012300E0002322
:1049D00018461837BD4680BD0800010002000100DE
:1049E00080B588B002AFF860084611461A46034603
:1049F0007B810B463B811346FB80FB681B681A6872
:104A0000FB681B6842F480621A60FB681B681A68C6
:104A1000FB681B6842F480721A607B6A00933B6AF1
:104A200000224FF00111F86800F0C2F80346002B95
:104A30000DD0FB681B681B6803F48073B3F5807F9F
:104A400003D1FB684FF400721A640323AAE07B8948
:104A5000DBB21A46FB681B6802F0FE021A617B6A31
:104A60003A6A5249F86800F01DF90346002B01D05C
:104A7000012397E000237B61FB681B685B697B6116
:104A8000FB681B689B697B617B697A6A396AF86895
:104A900000F0A8F90346002B0DD0FB681B6C042B1B
:104AA00007D1FB681B681A68FB681B6842F4007238
:104AB0001A60012376E0FB88012B05D13B89DAB22D
:104AC000FB681B681A6121E03B891B0A9BB2DAB2C2
:104AD000FB681B681A617A6A396AF86800F082F923
:104AE0000346002B0DD0FB681B6C042B07D1FB6821
:104AF0001B681A68FB681B6842F400721A60012385
:104B000050E03B89DAB2FB681B681A617A6A396A3D
:104B1000F86800F067F90346002B0DD0FB681B6CAA
:104B2000042B07D1FB681B681A68FB681B6842F4FA
:104B300000721A60012335E0FB681B681A68FB6885
:104B40001B6842F480721A607B6A00933B6A002201
:104B50004FF00111F86800F02BF80346002B0DD040
:104B6000FB681B681B6803F48073B3F5807F03D177
:104B7000FB684FF400721A64032313E07B89DBB2F5
:104B800043F00103DAB2FB681B681A617B6A3A6A78
:104B90000649F86800F086F80346002B01D001238F
:104BA00000E0002318461837BD4680BD0200010012
:104BB00080B584B000AFF860B9603B601346FB710C
:104BC00048E03B68B3F1FF3F44D0FDF77FFE02466B
:104BD000BB69D31A3A689A4202D33B68002B39D199
:104BE000BB681B0CDBB2012B0DD1FB681B685B693A
:104BF000DA43BB6813409BB2002B0CBF0123002398
:104C0000DBB21A460CE0FB681B689B69DA43BB68A1
:104C100013409BB2002B0CBF01230023DBB21A46CA
:104C2000FB799A4216D1FB6800221A63FB682022A6
:104C300083F83D20FB68002283F83E20FB681B6C54
:104C400043F02002FB681A64FB68002283F83C20D2
:104C5000012323E0BB681B0CDBB2012B0DD1FB68E9
:104C60001B685B69DA43BB6813409BB2002B0CBF27
:104C700001230023DBB21A460CE0FB681B689B692A
:104C8000DA43BB6813409BB2002B0CBF0123002307
:104C9000DBB21A46FB799A4293D0002318461037AC
:104CA000BD4680BD80B584B000AFF860B9607A6061
:104CB0003B6071E0FB681B685B6903F48063B3F5DC
:104CC000806F23D1FB681B681A68FB681B6842F47D
:104CD00000721A60FB681B686FF480625A61FB689F
:104CE00000221A63FB68202283F83D20FB68002223
:104CF00083F83E20FB681B6C43F00402FB681A64D7
:104D0000FB68002283F83C20012367E07B68B3F155
:104D1000FF3F41D0FDF7DAFD02463B68D31A7A68BF
:104D20009A4202D37B68002B36D1BB681B0CDBB2E6
:104D3000012B0CD1FB681B685B69DA43BB6813402D
:104D40009BB2002B14BF01230023DBB20BE0FB68F6
:104D50001B689B69DA43BB6813409BB2002B14BFEE
:104D600001230023DBB2002B16D0FB6800221A635C
:104D7000FB68202283F83D20FB68002283F83E2058
:104D8000FB681B6C43F02002FB681A64FB6800227E
:104D900083F83C20012321E0BB681B0CDBB2012B14
:104DA0000CD1FB681B685B69DA43BB6813409BB29C
:104DB000002B14BF01230023DBB20BE0FB681B6850
:104DC0009B69DA43BB6813409BB2002B14BF0123DD
:104DD0000023DBB2002B7FF46DAF002318461037A1
:104DE000BD4680BD80B584B000AFF860B9607A6020
:104DF00034E0F86800F0E3F80346002B01D001230B
:104E000034E0BB68B3F1FF3F28D0FDF75FFD0246F9
:104E10007B68D31ABA689A4202D3BB68002B1DD1B3
:104E2000FB681B685B6903F08003802B16D0FB686E
:104E300000221A63FB68202283F83D20FB680022D1
:104E400083F83E20FB681B6C43F02002FB681A6469
:104E5000FB68002283F83C20012307E0FB681B6805
:104E60005B6903F08003802BC3D100231846103701
:104E7000BD4680BD80B584B000AFF860B9607A608F
:104E800034E0F86800F09BF80346002B01D00123C2
:104E900034E0BB68B3F1FF3F28D0FDF717FD0246B1
:104EA0007B68D31ABA689A4202D3BB68002B1DD123
:104EB000FB681B685B6903F00403042B16D0FB68D6
:104EC00000221A63FB68202283F83D20FB68002241
:104ED00083F83E20FB681B6C43F02002FB681A64D9
:104EE000FB68002283F83C20012307E0FB681B6875
:104EF0005B6903F00403042BC3D100231846103769
:104F0000BD4680BD80B584B000AFF860B9607A60FE
:104F100049E0FB681B685B6903F01003102B19D193
:104F2000FB681B686FF010025A61FB6800221A636D
:104F3000FB68202283F83D20FB68002283F83E2096
:104F4000FB681A6CFB681A64FB68002283F83C203B
:104F5000012330E0FDF7BAFC02467B68D31ABA6839
:104F60009A4202D3BB68002B1DD1FB681B685B69AA
:104F700003F04003402B16D0FB6800221A63FB6845
:104F8000202283F83D20FB68002283F83E20FB6846
:104F90001B6C43F02002FB681A64FB68002283F854
:104FA0003C20012307E0FB681B685B6903F04003BA
:104FB000402BAED1002318461037BD4680BD80B4CB
:104FC00083B000AF78607B681B685B6903F4806323
:104FD000B3F5806F1BD17B681B686FF480625A61E8
:104FE0007B6800221A637B68202283F83D207B685F
:104FF000002283F83E207B681B6C43F004027B6830
:105000001A647B68002283F83C20012300E000231F
:1050100018460C37BD465DF8047B704780B586B0F6
:1050200002AF78607B68002B01D1012301E17B682E
:105030001B68BB607B6893F89534DBB2002B06D10C
:105040007B68002283F894247868FDF763FB7B6813
:10505000032283F89524BB68B3F1A04F02D17B688B
:1050600000229A717B681B68184601F07FFD7B68FF
:1050700018687B681A7C8DF8002004330ECB01F091
:1050800011FD0346002B05D07B68022283F895248E
:105090000123CEE07B681B680021184601F077FDF4
:1050A0000346002B05D07B68022283F89524012358
:1050B000BFE00023FB734AE0FA7B79681346DB000C
:1050C00013449B000B44153301221A70FA7B796854
:1050D0001346DB0013449B000B441433FA7B1A7015
:1050E000FA7BFB7B98B279681346DB0013449B0084
:1050F0000B442E3302461A80FA7B79681346DB0094
:1051000013449B000B44183300221A70FA7B796811
:105110001346DB0013449B000B441C3300221A602F
:10512000FA7B79681346DB0013449B000B44203361
:1051300000221A60FA7B79681346DB0013449B0057
:105140000B44243300221A60FB7B0133FB737B6822
:105150001B79FA7B9A42AFD30023FB7344E0FA7BBE
:1051600079681346DB0013449B000B4403F255237C
:1051700000221A70FA7B79681346DB0013449B0007
:105180000B4403F51573FA7B1A70FA7B79681346A2
:10519000DB0013449B000B4403F5167300221A70C6
:1051A000FA7B79681346DB0013449B000B4403F53C
:1051B000177300221A60FA7B79681346DB001344E8
:1051C0009B000B4403F5187300221A60FA7B796880
:1051D0001346DB0013449B000B4403F519730022B4
:1051E0001A60FB7B0133FB737B681B79FA7B9A4265
:1051F000B5D37B6818687B681A7C8DF8002004336F
:105200000ECB01F011FD0346002B05D07B68022276
:1052100083F8952401230CE07B6800225A747B6894
:10522000012283F895247B681B68184601F0D9FE9B
:10523000002318461037BD4680BD000080B586B0FB
:1052400000AF78607B68002B01D1012367E27B68A7
:105250001B6803F00103002B75D0884B9B6803F09B
:105260000C03042B0CD0854B9B6803F00C03082B1C
:1052700012D1824B5B6803F48003B3F5800F0BD12E
:105280007E4B1B6803F40033002B5BD07B685B68AC
:10529000002B57D1012342E27B685B68B3F5803F66
:1052A00006D1764B1B68754A43F4803313601DE0CA
:1052B0007B685B68B3F5A02F0CD1704B1B686F4AFD
:1052C00043F4802313606D4B1B686C4A43F48033B6
:1052D00013600BE0694B1B68684A23F4803313604A
:1052E000664B1B68654A23F4802313607B685B6808
:1052F000002B13D0FDF7EAFA386108E0FDF7E6FA73
:1053000002463B69D31A642B01D9032307E25B4BA6
:105310001B6803F40033002BF0D014E0FDF7D6FA3D
:10532000386108E0FDF7D2FA02463B69D31A642BD4
:1053300001D90323F3E1514B1B6803F40033002B25
:10534000F0D100E000BF7B681B6803F00203002B74
:1053500063D04A4B9B6803F00C03002B0BD0474BE8
:105360009B6803F00C03082B1CD1444B5B6803F4CF
:105370008003002B16D1414B1B6803F00203002B66
:1053800005D07B68DB68012B01D00123C7E13B4BD3
:105390001B6823F0F8027B681B69DB003749134365
:1053A0000B603AE07B68DB68002B20D0344B012295
:1053B0001A60FDF78BFA386108E0FDF787FA0246BC
:1053C0003B69D31A022B01D90323A8E12B4B1B689D
:1053D00003F00203002BF0D0284B1B6823F0F802E7
:1053E0007B681B69DB00254913430B6015E0244BE8
:1053F00000221A60FDF76AFA386108E0FDF766FAE4
:1054000002463B69D31A022B01D9032387E11B4BC8
:105410001B6803F00203002BF0D17B681B6803F0CC
:105420000803002B36D07B685B69002B16D0154B28
:1054300001221A60FDF74AFA386108E0FDF746FAE2
:1054400002463B69D31A022B01D9032367E10B4BB8
:105450005B6F03F00203002BF0D01BE0094B00222E
:105460001A60FDF733FA38610EE0FDF72FFA0246B5
:105470003B69D31A022B07D9032350E100380240BD
:1054800000004742800E4742884B5B6F03F00203E7
:10549000002BEAD17B681B6803F00403002B00F0AB
:1054A00097800023FB75814B1B6C03F08053002B0E
:1054B0000FD10023BB607D4B1B6C7C4A43F08053B3
:1054C00013647A4B1B6C03F08053BB60BB680123F1
:1054D000FB75774B1B6803F48073002B18D1744B5A
:1054E0001B68734A43F480731360FDF7EFF938616A
:1054F00008E0FDF7EBF902463B69D31A022B01D90C
:1055000003230CE16A4B1B6803F48073002BF0D07B
:105510007B689B68012B06D1644B1B6F634A43F089
:10552000010313671CE07B689B68052B0CD15F4B64
:105530001B6F5E4A43F0040313675C4B1B6F5B4AAF
:1055400043F0010313670BE0584B1B6F574A23F0DE
:1055500001031367554B1B6F544A23F00403136771
:105560007B689B68002B15D0FDF7B0F938610AE025
:10557000FDF7ACF902463B69D31A41F288329342F7
:1055800001D90323CBE0494B1B6F03F00203002B2F
:10559000EED014E0FDF79AF938610AE0FDF796F9CC
:1055A00002463B69D31A41F28832934201D9032360
:1055B000B5E03E4B1B6F03F00203002BEED1FB7DE9
:1055C000012B05D1394B1B6C384A23F080531364EF
:1055D0007B689B69002B00F0A180344B9B6803F033
:1055E0000C03082B5CD07B689B69022B41D1314BAB
:1055F00000221A60FDF76AF9386108E0FDF766F9E4
:1056000002463B69D31A022B01D9032387E0274BBB
:105610001B6803F00073002BF0D17B68DA697B68AC
:105620001B6A1A437B685B6A9B011A437B689B6A0F
:105630005B08013B1B041A437B68DB6A1B061B49A2
:1056400013434B601B4B01221A60FDF73FF9386191
:1056500008E0FDF73BF902463B69D31A022B01D95A
:1056600003235CE0114B1B6803F00073002BF0D0A8
:1056700054E0104B00221A60FDF728F9386108E069
:10568000FDF724F902463B69D31A022B01D9032303
:1056900045E0064B1B6803F00073002BF0D13DE0A2
:1056A0007B689B69012B07D1012338E00038024059
:1056B00000700040600047421B4B5B68FB607B68EA
:1056C0009B69012B28D0FB6803F480027B68DB69AF
:1056D0009A4221D1FB6803F03F027B681B6A9A4221
:1056E0001AD1FA6847F6C07313407A68526A920179
:1056F000934211D1FB6803F440327B689B6A5B08DC
:10570000013B1B049A4207D1FB6803F070627B687F
:10571000DB6A1B069A4201D0012300E000231846F1
:105720001837BD4680BD00BF0038024080B584B048
:1057300000AF786039607B68002B01D10123CCE099
:10574000684B1B6803F007033A689A420CD9654B13
:105750003A68D2B21A70634B1B6803F007033A68C9
:105760009A4201D00123B8E07B681B6803F0020372
:10577000002B20D07B681B6803F00403002B05D0AE
:10578000594B9B68584A43F4E05393607B681B680D
:1057900003F00803002B05D0534B9B68524A43F497
:1057A00060439360504B9B6823F0F0027B689B68DA
:1057B0004D4913438B607B681B6803F00103002B8A
:1057C00044D07B685B68012B07D1474B1B6803F40F
:1057D0000033002B19D101237FE07B685B68022B2B
:1057E00003D07B685B68032B07D13F4B1B6803F03A
:1057F0000073002B09D101236FE03B4B1B6803F0C2
:105800000203002B01D1012367E0374B9B6823F093
:1058100003027B685B68344913438B60FDF756F8DD
:10582000F8600AE0FDF752F80246FB68D31A41F22D
:105830008832934201D903234FE02B4B9B6803F03E
:105840000C027B685B689B009A42EBD1254B1B687E
:1058500003F007033A689A420CD2224B3A68D2B25C
:105860001A70204B1B6803F007033A689A4201D074
:10587000012332E07B681B6803F00403002B08D08F
:10588000194B9B6823F4E0527B68DB68164913438D
:105890008B607B681B6803F00803002B09D0124B58
:1058A0009B6823F460427B681B69DB000E4913434D
:1058B0008B6000F021F802460B4B9B681B0903F03C
:1058C0000F030A49CB5C22FA03F3094A1360094B20
:1058D0001B681846FCF7B6FF002318461037BD4674
:1058E00080BD00BF003C0240003802408C9E000892
:1058F00000000020040000202DE9B04F94B000AF5C
:1059000000237B640023FB6400233B640023BB640F
:10591000794B9B6803F00C03082B0DD0082B00F289
:10592000E180002B02D0042B03D0DBE0734BBB647F
:10593000DBE0734BBB64D8E06F4B5B6803F03F0365
:105940007B646D4B5B6803F48003002B63D06A4B70
:105950005B689B090022BB63FA63BB6BC3F308035C
:105960003B6300237B63D7E90C4522462B464FF06F
:1059700000004FF00001590141EAD2615001024696
:105980000B462146511A3961294663EB01037B61BD
:105990004FF000024FF00003D7E904AB59468B01EA
:1059A000514643EA916351468A015146B2EB0108E0
:1059B000594663EB01094FF000024FF000034FEA34
:1059C000C90343EA58734FEAC802904699462346F2
:1059D00018EB0303BB602B4649EB0303FB604FF05E
:1059E00000024FF00003D7E9024529464B02214649
:1059F00043EAD15321464A02104619467B6C0022E5
:105A0000BB62FA62D7E90A23FBF7EEF802460B46BF
:105A10001346FB6458E0384B5B689B09002218462C
:105A20001146C0F308033B6200237B62D7E9088973
:105A300042464B464FF000004FF00001590141EA49
:105A4000D261500102460B464146B2EB010A49467B
:105A500063EB010B4FF000024FF000034FEA8B1392
:105A600043EA9A634FEA8A12B2EB0A0463EB0B052E
:105A70004FF000024FF00003EB0043EA5473E200E2
:105A800014461D464346E3183B604B4645EB030373
:105A90007B604FF000024FF00003D7E90045294634
:105AA0008B02214643EA915321468A021046194649
:105AB0007B6C0022BB61FA61D7E90623FBF794F8FF
:105AC00002460B461346FB640B4B5B681B0C03F052
:105AD000030301335B003B64FA6C3B6CB2FBF3F3F2
:105AE000BB6402E0054BBB6400BFBB6C184650377B
:105AF000BD46BDE8B08F00BF003802400024F4006E
:105B000000127A0080B400AF034B1B681846BD46F4
:105B10005DF8047B704700BF0000002080B500AF37
:105B2000FFF7F0FF0246054B9B689B0A03F0070353
:105B30000349CB5C22FA03F3184680BD00380240CB
:105B40009C9E000880B500AFFFF7DCFF0246054BC6
:105B50009B685B0B03F007030349CB5C22FA03F35A
:105B6000184680BD003802409C9E000880B582B077
:105B700000AF78607B68002B01D1012341E07B6896
:105B800093F83D30DBB2002B06D17B68002283F80E
:105B90003C207868FCF74CFC7B68022283F83D20AF
:105BA0007B681A687B6804331946104600F0B8F920
:105BB0007B68012283F846207B68012283F83E201F
:105BC0007B68012283F83F207B68012283F8402014
:105BD0007B68012283F841207B68012283F8422000
:105BE0007B68012283F843207B68012283F84420EC
:105BF0007B68012283F845207B68012283F83D20E1
:105C0000002318460837BD4680BD000080B584B02B
:105C100000AF786039603B68002B09D17B6893F84E
:105C20003E30DBB2012B14BF01230023DBB222E0A4
:105C30003B68042B09D17B6893F83F30DBB2012B22
:105C400014BF01230023DBB215E03B68082B09D108
:105C50007B6893F84030DBB2012B14BF0123002393
:105C6000DBB208E07B6893F84130DBB2012B14BF54
:105C700001230023DBB2002B01D001237CE03B6831
:105C8000002B04D17B68022283F83E2013E03B689E
:105C9000042B04D17B68022283F83F200BE03B6891
:105CA000082B04D17B68022283F8402003E07B6844
:105CB000022283F841207B681B680122396818465C
:105CC00000F08AFB7B681B682D4A934204D07B68F6
:105CD0001B682C4A934201D1012300E00023002BD2
:105CE00007D07B681B685A6C7B681B6842F40042D3
:105CF0005A647B681B68224A934222D07B681B68E7
:105D0000B3F1804F1DD07B681B681F4A934218D0A7
:105D10007B681B681D4A934213D07B681B681C4A32
:105D200093420ED07B681B68164A934209D07B6869
:105D30001B68184A934204D07B681B68164A93423A
:105D400011D17B681B689B6803F00703FB60FB684D
:105D5000062B10D07B681B681A687B681B6842F0B2
:105D600001021A6007E07B681B681A687B681B6881
:105D700042F001021A60002318461037BD4680BD6C
:105D80000000014000040140000400400008004001
:105D9000000C0040004001400018004080B586B073
:105DA00000AFF860B9607A600023FB75FB6893F878
:105DB0003C30012B01D10223AEE0FB68012283F8C5
:105DC0003C207B680C2B00F29F8001A252F823F04C
:105DD000055E0008095F0008095F0008095F000808
:105DE000455E0008095F0008095F0008095F0008B8
:105DF000875E0008095F0008095F0008095F000866
:105E0000C75E0008FB681B68B968184600F034F9E3
:105E1000FB681B689A69FB681B6842F008029A617C
:105E2000FB681B689A69FB681B6822F004029A6190
:105E3000FB681B689969BB681A69FB681B680A43A1
:105E40009A6164E0FB681B68B968184600F084F941
:105E5000FB681B689A69FB681B6842F400629A61E0
:105E6000FB681B689A69FB681B6822F480629A6170
:105E7000FB681B689969BB681B691A02FB681B6891
:105E80000A439A6143E0FB681B68B968184600F052
:105E9000D9F9FB681B68DA69FB681B6842F00802E5
:105EA000DA61FB681B68DA69FB681B6822F0040290
:105EB000DA61FB681B68D969BB681A69FB681B68F3
:105EC0000A43DA6123E0FB681B68B968184600F0F2
:105ED0002DFAFB681B68DA69FB681B6842F40062F4
:105EE000DA61FB681B68DA69FB681B6822F4806270
:105EF000DA61FB681B68D969BB681B691A02FB6819
:105F00001B680A43DA6102E00123FB7500BFFB68EE
:105F1000002283F83C20FB7D18461837BD4680BD23
:105F200080B485B000AF786039607B681B68FB6027
:105F30007B68464A934213D07B68B3F1804F0FD001
:105F40007B68434A93420BD07B68424A934207D016
:105F50007B68414A934203D07B68404A934208D110
:105F6000FB6823F07003FB603B685B68FA681343CF
:105F7000FB607B68354A93422BD07B68B3F1804F3E
:105F800027D07B68324A934223D07B68314A9342C0
:105F90001FD07B68304A93421BD07B682F4A9342C4
:105FA00017D07B682E4A934213D07B682D4A9342C8
:105FB0000FD07B682C4A93420BD07B682B4A9342CC
:105FC00007D07B682A4A934203D07B68294A9342D0
:105FD00008D1FB6823F44073FB603B68DB68FA6818
:105FE0001343FB60FB6823F080023B685B6913434B
:105FF000FB607B68FA681A603B689A687B68DA62C3
:106000003B681A687B689A627B68104A934203D0A7
:106010007B68124A934203D13B681A697B681A6312
:106020007B6801225A617B681B6903F00103012B25
:1060300005D17B681B6923F001027B681A6100BFF0
:106040001437BD465DF8047B704700BF0000014077
:106050000004004000080040000C00400004014023
:106060000040014000440140004801400018004049
:10607000001C00400020004080B487B000AF786072
:1060800039607B681B6A7B617B681B6A23F00102B5
:106090007B681A627B685B683B617B689B69FB601D
:1060A000FB6823F07003FB60FB6823F00303FB60D5
:1060B0003B681B68FA681343FB607B6923F00203AB
:1060C0007B613B689B687A6913437B617B68204AEC
:1060D000934203D07B681F4A93420CD17B6923F023
:1060E00008037B613B68DB687A6913437B617B69EA
:1060F00023F004037B617B68154A934203D07B68DD
:10610000144A934211D13B6923F480733B613B698C
:1061100023F400733B613B685B693A6913433B615D
:106120003B689B693A6913433B617B683A695A60F3
:106130007B68FA689A613B685A687B685A637B6837
:106140007A691A6200BF1C37BD465DF8047B704750
:10615000000001400004014080B487B000AF7860C7
:1061600039607B681B6A7B617B681B6A23F01002C5
:106170007B681A627B685B683B617B689B69FB603C
:10618000FB6823F4E043FB60FB6823F44073FB608F
:106190003B681B681B02FA681343FB607B6923F0B2
:1061A00020037B613B689B681B017A6913437B6119
:1061B0007B68224A934203D07B68214A93420DD1E7
:1061C0007B6923F080037B613B68DB681B017A6994
:1061D00013437B617B6923F040037B617B68174A33
:1061E000934203D07B68164A934213D13B6923F450
:1061F00080633B613B6923F400633B613B685B69FF
:106200009B003A6913433B613B689B699B003A6979
:1062100013433B617B683A695A607B68FA689A610C
:106220003B685A687B689A637B687A691A6200BF28
:106230001C37BD465DF8047B704700BF000001407D
:106240000004014080B487B000AF786039607B689B
:106250001B6A7B617B681B6A23F480727B681A620D
:106260007B685B683B617B68DB69FB60FB6823F0F4
:106270007003FB60FB6823F00303FB603B681B6853
:10628000FA681343FB607B6923F400737B613B680E
:106290009B681B027A6913437B617B68214A9342A6
:1062A00003D07B68204A93420DD17B6923F40063BD
:1062B0007B613B68DB681B027A6913437B617B6906
:1062C00023F480637B617B68164A934203D07B682A
:1062D000154A934213D13B6923F480533B613B69D8
:1062E00023F400533B613B685B691B013A6913432C
:1062F0003B613B689B691B013A6913433B617B68C7
:106300003A695A607B68FA68DA613B685A687B6868
:10631000DA637B687A691A6200BF1C37BD465DF894
:10632000047B7047000001400004014080B487B046
:1063300000AF786039607B681B6A3B617B681B6AD1
:1063400023F480527B681A627B685B687B617B68A0
:10635000DB69FB60FB6823F4E043FB60FB6823F42C
:106360004073FB603B681B681B02FA681343FB60C9
:106370003B6923F400533B613B689B681B033A690C
:1063800013433B617B68124A934203D07B68114AF6
:10639000934209D17B6923F480437B613B685B694D
:1063A0009B017A6913437B617B687A695A607B68D9
:1063B000FA68DA613B685A687B681A647B683A69F4
:1063C0001A6200BF1C37BD465DF8047B704700BFF2
:1063D000000001400004014080B487B000AFF860C5
:1063E000B9607A60BB6803F01F03012202FA03F36D
:1063F0007B61FB681A6A7B69DB431A40FB681A629F
:10640000FB681A6ABB6803F01F03796801FA03F39B
:106410001A43FB681A6200BF1C37BD465DF8047B57
:106420007047000080B485B000AF786039607B6849
:1064300093F83C30012B01D102235AE07B68012202
:1064400083F83C207B68022283F83D207B681B6830
:106450005B68FB607B681B689B68BB60FB6823F024
:106460007003FB603B681B68FA681343FB607B6842
:106470001B68FA685A607B681B68214A934222D0E5
:106480007B681B68B3F1804F1DD07B681B681D4A79
:10649000934218D07B681B681B4A934213D07B68D9
:1064A0001B681A4A93420ED07B681B68184A9342B5
:1064B00009D07B681B68174A934204D07B681B682D
:1064C000154A93420CD1BB6823F08003BB603B6844
:1064D0005B68BA681343BB607B681B68BA689A60E4
:1064E0007B68012283F83D207B68002283F83C20F2
:1064F000002318461437BD465DF8047B704700BF83
:10650000000001400004004000080040000C004072
:1065100000040140004001400018004080B582B0F6
:1065200000AF78607B68002B01D1012342E07B68DB
:1065300093F84130DBB2002B06D17B68002283F850
:1065400040207868FCF770F87B68242283F84120AB
:106550007B681B68DA687B681B6822F40052DA608B
:10656000786800F02BF87B681B681A697B681B68E9
:1065700022F490421A617B681B685A697B681B6829
:1065800022F02A025A617B681B68DA687B681B6804
:1065900042F40052DA607B6800225A647B68202251
:1065A00083F841207B68202283F842207B68002208
:1065B0005A63002318460837BD4680BD2DE9B04F09
:1065C000C0B000AFC7F8F400D7F8F4301B681B69FF
:1065D00023F44050D7F8F430D968D7F8F4301A686B
:1065E00040EA01031361D7F8F4309A68D7F8F43021
:1065F0001B691A43D7F8F4305B691A43D7F8F430B3
:10660000DB691343C7F8F830D7F8F4301B68DB6850
:1066100023F4164121F00C01D7F8F4301A68D7F8AA
:10662000F8300B43D360D7F8F4301B685B6923F470
:106630004070D7F8F4309969D7F8F4301A6840EA16
:1066400001035361D7F8F4301A688F4B9A4205D092
:10665000D7F8F4301A688D4B9A4204D1FFF772FADA
:10666000C7F8FC0003E0FFF759FAC7F8FC00D7F8B9
:10667000F430DB69B3F5004F40F00C81D7F8FC3003
:106680000022C7F8E830C7F8EC20D7E93A4522469F
:106690002B469118B9655B41FB65D7E91623214666
:1066A00012EB0108294643EB01094FF000024FF0BD
:1066B00000034FEAC90343EA58734FEAC802904601
:1066C0009946234618EB0303C7F8E0302B4649EB05
:1066D0000303C7F8E430D7F8F4305B680022C7F84A
:1066E000D830C7F8DC20D7E936120B46DB183B65FB
:1066F000134642EB03037B65D7E91423D7E938013E
:10670000FAF772FA02460B46614BA3FB02235B09C0
:106710001C01D7F8FC300022C7F8D030C7F8D420CD
:10672000D7E9348942464B469118B9645B41FB6412
:10673000D7E91223414612EB010A494643EB010B0C
:106740004FF000024FF000034FEACB0343EA5A73C5
:106750004FEACA0292469B4643461AEB0303C7F828
:10676000C8304B464BEB0303C7F8CC30D7F8F430B6
:106770005B680022C7F8C030C7F8C420D7E93012E0
:106780000B46DB183B64134642EB03037B64D7E9FB
:106790001023D7E93201FAF727FA02460B461146D1
:1067A0003B4BA3FB01235B09642202FB03F3CB1ADF
:1067B000DB0003F13202364BA3FB02235B095B00D3
:1067C00003F4F8731C44D7F8FC300022C7F8B83043
:1067D000C7F8BC20D7E92E8942464B469118B963C9
:1067E0005B41FB63D7E90E234146511839634946A3
:1067F0004B417B634FF000024FF00003D7E90CAB35
:106800005946CB00514643EA51735146CA001046DF
:106810001946034642469B18C7F8B0304B460A4615
:1068200042EB0303C7F8B430D7F8F4305B680022BA
:10683000C7F8A830C7F8AC20D7E92A120B46DB18F6
:10684000BB62134642EB0303FB62D7E90A23D7E995
:106850002C01FAF7C9F902460B460D4BA3FB0213B4
:106860005B09642101FB03F3D31ADB003233084ACE
:10687000A2FB03235B0903F00702D7F8F4301B687F
:1068800022449A6006E100BF00100140001401405C
:106890001F85EB51D7F8FC300022C7F8A030C7F8AD
:1068A000A420D7E9288942464B46911839625B41BA
:1068B0007B62D7E9082341465418494643EB01055A
:1068C0004FF000024FF00003EB0043EA5473E20084
:1068D00014461D464346E318C7F898304B4645EB2F
:1068E0000303C7F89C30D7F8F4305B680022C7F880
:1068F0009030C7F894204FF000024FF00003D7E922
:10690000244529468B00214643EA917321468A009B
:10691000D7E92601FAF768F902460B46604BA3FB5C
:1069200002235B091C01D7F8FC300022C7F888302D
:10693000C7F88C20D7E9228942464B469118B961A5
:106940005B41FB61D7E9062341465118396149464D
:106950004B417B614FF000024FF00003D7E904ABDD
:106960005946CB00514643EA51735146CA0010467E
:106970001946034642469B18C7F880304B460A46E4
:1069800042EB0303C7F88430D7F8F4305B68002289
:10699000BB67FA674FF000024FF00003D7E91E898A
:1069A00049468B00414643EA917341468A00D7E944
:1069B0002001FAF719F902460B461146384BA3FBA2
:1069C00001235B09642202FB03F3CB1A1B01323360
:1069D000334AA2FB03235B0903F0F0031C44D7F8FE
:1069E000FC3000223B677A67D7E91C8942464B4658
:1069F0009118B9605B41FB60D7E902234146511809
:106A0000396049464B417B604FF000024FF0000374
:106A1000D7E900AB5946CB00514643EA5173514682
:106A2000CA0010461946034642469B18BB664B46B1
:106A30000A4642EB0303FB66D7F8F4305B6800229A
:106A40003B667A664FF000024FF00003D7E91889E1
:106A500049468B00414643EA917341468A00D7E993
:106A60001A01FAF7C1F802460B460D4BA3FB0213BD
:106A70005B09642101FB03F3D31A1B013233084A7B
:106A8000A2FB03235B0903F00F02D7F8F4301B6865
:106A900022449A6000BF07F58077BD46BDE8B08FFD
:106AA0001F85EB5184B080B584B000AF786007F1EA
:106AB0001C0080E80E0097F82130012B23D17B6861
:106AC0009B6B23F480327B689A637B68DB6823F4DA
:106AD000840323F040037A68D3607B68DB6823F487
:106AE00040127B68DA6097F82830012B05D17B686B
:106AF000DB6843F480127B68DA60786800F0A0FA03
:106B00000346FB731BE07B68DB6843F040027B6855
:106B1000DA60786800F094FA0346FB7397F8253042
:106B2000002B06D17B689B6B43F480327B689A63B1
:106B300005E07B689B6B23F480327B689A63BB7FA4
:106B4000012B0BD17B689B6843F006027B689A603F
:106B50007B689B6843F020027B689A60FB7B184649
:106B60001037BD46BDE8804004B0704780B483B0A4
:106B700000AF78607B689B6823F001027B689A60B5
:106B8000002318460C37BD465DF8047B704780B57E
:106B900084B000AF78600B46FB700023FB607B681D
:106BA000DB6823F0C0427B68DA60FB78012B15D1EB
:106BB0007B68DB6843F000527B68DA600A20FBF7F1
:106BC00091FEFB680A33FB60786800F02BFA0346FD
:106BD000012B1ED0FB68C72BF0D91AE0FB78002BE5
:106BE00015D17B68DB6843F080427B68DA600A205D
:106BF000FBF778FEFB680A33FB60786800F012FA56
:106C00000346002B05D0FB68C72BF0D901E0012318
:106C100005E0FB68C82B01D1012300E000231846E2
:106C20001037BD4680BD000084B080B586B000AF8F
:106C3000786007F1240080E80E000023FB757B6874
:106C4000FB6000233B6109E07A683B6940339B00AD
:106C5000134400225A603B6901333B613B690E2BB0
:106C6000F2D997F82E30002B1CD1FB6803F5006396
:106C70005B68FA6802F5006243F0020353607B68C8
:106C80009B6B43F400127B689A637B689B6B23F4D5
:106C900000227B689A637B689B6B23F480227B686D
:106CA0009A630BE07B689B6B23F400127B689A630A
:106CB0007B689B6B43F400227B689A63FB6803F557
:106CC00060631A460023136097F82930012B0DD119
:106CD00097F82730002B04D10021786800F068F97C
:106CE00008E00121786800F063F903E00321786887
:106CF00000F05EF91021786800F0FAF80346002BE6
:106D000001D00123FB75786800F024F90346002BBD
:106D100001D00123FB75FB6803F500631A460023CD
:106D20001361FB6803F500631A4600235361FB6897
:106D300003F500631A460023D36100233B6143E05F
:106D40003B695A01FB68134403F510631B6803F0A9
:106D50000043B3F1004F18D13B69002B0AD13B69C6
:106D60005A01FB68134403F510631A464FF00063A1
:106D7000136013E03B695A01FB68134403F5106389
:106D80001A464FF09043136008E03B695A01FB68D4
:106D9000134403F510631A46002313603B695A013C
:106DA000FB68134403F510631A46002313613B6923
:106DB0005A01FB68134403F510631A464FF67F33FC
:106DC00093603B6901333B6197F824301A463B6975
:106DD0009342B5D300233B6143E03B695A01FB6812
:106DE000134403F530631B6803F00043B3F1004F15
:106DF00018D13B69002B0AD13B695A01FB68134447
:106E000003F530631A464FF00063136013E03B69EB
:106E10005A01FB68134403F530631A464FF0904360
:106E2000136008E03B695A01FB68134403F53063C3
:106E30001A46002313603B695A01FB68134403F5AB
:106E400030631A46002313613B695A01FB681344FF
:106E500003F530631A464FF67F3393603B69013385
:106E60003B6197F824301A463B699342B5D3FB68DF
:106E700003F500631B69FA6802F5006223F480736E
:106E800013617B6800229A617B686FF080425A61CF
:106E900097F82630002B05D17B689B6943F01002E0
:106EA0007B689A617B689A69104B13437A68936197
:106EB00097F82A30002B05D07B689B6943F00802C5
:106EC0007B689A6197F82E30012B07D17B689B690C
:106ED00043F0804343F004037A689361FB7D1846D6
:106EE0001837BD46BDE8804004B0704700383C808C
:106EF00080B485B000AF786039600023FB60FB6828
:106F00000133FB60FB68B3F1706F01D903231BE011
:106F10007B681B69002BF2DA0023FB603B689B0156
:106F200043F020027B681A61FB680133FB60FB6859
:106F3000B3F1706F01D9032306E07B681B6903F08E
:106F40002003202BF0D0002318461437BD465DF8EF
:106F5000047B704780B485B000AF78600023FB608D
:106F6000FB680133FB60FB68B3F1706F01D9032349
:106F700018E07B681B69002BF2DA0023FB607B685A
:106F800010221A61FB680133FB60FB68B3F1706F7C
:106F900001D9032306E07B681B6903F01003102B63
:106FA000F0D0002318461437BD465DF8047B7047C7
:106FB00080B485B000AF78600B46FB707B68FB60E7
:106FC000FB6803F500631A68FB78F96801F5006156
:106FD00013430B60002318461437BD465DF8047B4D
:106FE000704780B485B000AF78607B68FB60FB6859
:106FF00003F560631B68FA6802F5606223F003031F
:107000001360FB6803F500635B68FA6802F50062D1
:1070100043F002035360002318461437BD465DF861
:10702000047B704780B483B000AF78607B685B6995
:1070300003F0010318460C37BD465DF8047B70472A
:1070400080B485B000AF78600023FB60FB6801333B
:10705000FB60FB68B3F1706F01D903231BE07B6811
:107060001B69002BF2DA0023FB607B681B6943F08D
:1070700001027B681A61FB680133FB60FB68B3F1B6
:10708000706F01D9032306E07B681B6903F00103DD
:10709000012BF0D0002318461437BD465DF8047B61
:1070A00070472DE9FF4757EC106B002F0C4619462F
:1070B0003B46BBBF07F100431F4600232D230B7047
:1070C0000D9BDDF830A0914623F02008BCBF32466E
:1070D0001646B8F1460F05D0B8F1450F00D101347E
:1070E000022100E0032103AB019302AB009347ECC4
:1070F000106B5346224600F003FEB8F1470F0546D9
:1071000019D119F0010F0ED000EB04090022002361
:1071100030463946F9F7D8FC08B1CDF80C9030224A
:10712000039B4B451ED3039B0E9A5B1B28461360A3
:1071300004B0BDE8F087B8F1460F00EB0409E5D1D3
:107140000378302B0AD10022002330463946F9F764
:10715000BBFC18B9C4F10104CAF80040DAF80030E9
:107160009944D3E7591C03911A70D9E7F7B5002960
:10717000BABF49422D232B2309290270437029DD10
:107180000DF107031D460A271A46B1FBF7F607FB68
:107190001614303402F8014C0C46632C03F1FF3313
:1071A0003146F1DC3031941E03F8011C411C2346AA
:1071B000AB420AD30DF109039B1AAC4288BF0023EE
:1071C00002330344181A03B0F0BD13F8016B01F841
:1071D000016FEDE7302330318370C170031DF1E79B
:1071E0002DE9F04F8DB00C46DDF8588016461F464D
:1071F000054600F0CBFC036804931846F9F738F80D
:1072000000230A93D8F800300590073323F00703D2
:1072100003F1080294F818A0D4F800B0C8F80020D0
:10722000D3E9008929F000430793CDF81880C4E919
:107230001289DDE906019C4B4FF0FF32F9F776FC2D
:1072400070BBDDE90601984B4FF0FF32F9F750FCB7
:1072500030BB0022002340464946F9F73FFC10B1FD
:107260002D2384F84330914A914BBAF1470F94BFD4
:1072700090469846032323612BF0040323604FF0CC
:107280000009009733460BAA2146284600F0D2F9A0
:10729000013040F08D804FF0FF300DB0BDE8F08F31
:1072A00042464B4640464946F9F740FC40B14B4602
:1072B000002BBCBF2D2384F843307E4A7E4BD4E79D
:1072C00063680AF0DF0206925A1C3BD10623636012
:1072D0004BF480620023226003930AABCDE901A343
:1072E00009AB0093616849EC108B0DF1230328462C
:1072F000FFF7D7FE069B0999472B804629D1C81C6A
:1073000002DB6368994241DDAAF1020A5FFA8AFA58
:107310000139524604F150000991FFF727FF0A9AFC
:107320001318012A8146236102DC2268D20701D5A5
:10733000013323619DF82330002BA2D02D2384F844
:1073400043309EE7069A472AC2D1002BC0D10123C1
:10735000BDE7BAF1650FDBD9BAF1660F18D1002984
:1073600063680BDD216113B92268D00702D50133B0
:107370000B442361A1654FF00009DBE713B92268D4
:10738000D20701D50233F4E70123F2E74FF0670A91
:107390000A9B994205DB23682161D807EAD54B1C7B
:1073A000E7E70029D4BFC1F1020201221344E0E75C
:1073B00023685A0507D42369424631462846B84710
:1073C00001302BD167E7BAF1650F40F2DD80D4E9D7
:1073D000120100220023F9F777FB002833D0374A47
:1073E000012331462846B84701303FF454AFDDE968
:1073F0000938434502DB2368D8070FD5DDE90423AC
:1074000031462846B84701303FF445AF4FF00009F8
:1074100008F1FF3804F11A0AC84509DC23689B0704
:1074200000F10381E0680B9B9842B8BF184634E72F
:107430000123524631462846B84701303FF42BAF6E
:1074400009F10109E8E7099B002B39DC1B4A0123FC
:1074500031462846B84701303FF41DAFDDE9093910
:1074600059EA030302D12368D907D7D5DDE90423FC
:1074700031462846B84701303FF40DAF4FF0000ABF
:1074800004F11A0B099B5B42534501DC4B4693E721
:1074900001235A4631462846B84701303FF4FBAE37
:1074A0000AF1010AEEE700BFFFFFEF7FAC9E000884
:1074B000B09E0008B49E0008B89E0008BC9E00085C
:1074C000A36DDDF828A05345A8BF5346002B99466D
:1074D00036DC4FF0000B29EAE97904F11A02A36DBA
:1074E0000693A3EB09035B4531DC099B9A453ADC23
:1074F0002368DA0737D4099BAAEB0309069BAAEB9A
:1075000003039945A8BF9946B9F1000F33DC4FF04A
:10751000000829EAE97904F11A0B099BAAEB030395
:10752000A3EB090343457FF779AF01235A46314660
:107530002846B84701303FF4AEAE08F10108ECE749
:10754000424631462846B8470130C2D1A3E601235E
:10755000314628460692B84701303FF49CAE069A61
:107560000BF1010BBBE7DDE9042331462846B847A0
:107570000130C0D18FE6069A4B4642443146284638
:10758000B8470130C3D186E6DDF828A0BAF1010F73
:1075900001DCDB0736D50123424631462846B84791
:1075A00001303FF478AEDDE9042331462846B84780
:1075B00001303FF470AED4E91201002200230AF139
:1075C000FF3AF9F781FAC0B9534608F10102314692
:1075D0002846B84701300CD15DE601235A463146B2
:1075E0002846B84701303FF456AE08F10108D045AF
:1075F000F3DB4B4604F15002DFE64FF0000804F1E4
:107600001A0BF4E701234246E1E701234A463146DB
:107610002846B84701303FF43EAE08F10108E36860
:107620000B995B1A4345F0DCFCE64FF0000804F1CF
:107630001909F4E72DE9F047164698468A680B6960
:10764000DDF820909342B8BF1346336091F8432091
:1076500007460C460AB1013333602368990642BFDE
:10766000336802333360256815F0060506D104F14E
:10767000190AE36832689B1AAB4226DC94F843305F
:107680002268003B18BF012392062BD404F1430269
:1076900041463846C84701301ED02368226903F0AE
:1076A0000603042B02BFE5683368ED1AA3680CBF1C
:1076B00025EAE57500259342C4BF9B1AED18002604
:1076C0001A34B5421AD1002008E00123524641463F
:1076D0003846C847013003D14FF0FF30BDE8F0878E
:1076E0000135C6E7E1185A1C302081F843002244D6
:1076F00094F8451082F843100233C7E7012322466D
:1077000041463846C8470130E6D00136D9E7000087
:107710002DE9FF470F7E0C9E782F914680460C4640
:107720009A4601F1430207D8622F0AD8002F00F0D1
:10773000D280582F00F0B98004F1420684F84270DC
:107740003AE0A7F16303152BF6D801A151F823F015
:10775000A9770008BD770008397700083977000855
:107760003977000839770008BD77000839770008B5
:10777000397700083977000839770008BD780008A4
:10778000E77700087778000839770008397700082C
:10779000DF78000839770008E777000839770008B4
:1077A000397700087F78000833681A1D1B6832603B
:1077B00004F1420684F8423001239DE033682068DA
:1077C000191D3160060601D51D6803E04506FBD58D
:1077D000B3F90050002D03DA2D236D4284F84330B5
:1077E00059480A2311E021683368080653F8045BFE
:1077F00002D4490648BFADB26F2F5348336014BF5F
:107800000A230823002184F843106668A660002E2E
:10781000A2BF216821F0040121600DB9002E4BD0D8
:107820001646B5FBF3F103FB1157C75D06F8017D62
:107830002F46BB420D46F4D9082B0BD12368DF0736
:1078400008D5236961689942DEBF302306F8013C00
:1078500006F1FF36921B2261CDF800A04B4603AA29
:1078600021464046FFF7E6FE01304AD14FF0FF3097
:1078700004B0BDE8F087236843F020032360334859
:10788000782784F84570236831681F0651F8045B37
:1078900002D45F0648BFADB23160D90744BF43F0A0
:1078A000200323601DB11023ACE72748E9E72368D4
:1078B00023F020032360F6E71646BDE7336825680A
:1078C0006169181D30602E061B6801D5196002E041
:1078D0006806FBD51980002323611646BCE7336890
:1078E0001A1D32601E68626800213046F8F770FC8D
:1078F00008B1801B606063682361002384F8433013
:10790000AAE72369324649464046D0470130ADD008
:1079100023689B0713D4E068039B9842B8BF1846BE
:10792000A6E70123324649464046D04701309DD064
:107930000135E36803995B1AAB42F2DCEBE7002503
:1079400004F11906F5E700BFBE9E0008CF9E0008AF
:107950000CB430B5174B0C1E1D689DB008DA8B2394
:107960002B604FF0FF301DB0BDE8304002B07047D3
:107970004FF40273ADF8143014BF04F1FF33234603
:10798000049307934FF6FF7302900690ADF81630FC
:10799000209A21AB02A92846019300F0D1FF431C95
:1079A000BCBF8B232B60002CDDD0029B00221A7001
:1079B000D9E700BF180000200EB400B59CB01DAB85
:1079C000029006906FF0004109480791049109491F
:1079D00053F8042B05910068019302A900F0B0FF51
:1079E000029B00221A701CB05DF804EB03B07047D4
:1079F000180000200802FFFF002310B50446C0E96C
:107A00000033C0E90433836081814366C2818361AE
:107A1000194608225C3000F0B1F80D4B63620D4B43
:107A2000A3620D4BE3620D4B23630D4B24629C421A
:107A300006D003F16802944202D0D0339C4205D1B3
:107A400004F15800BDE8104000F0CEB810BD00BFF2
:107A500001950008239500085B9500087F950008B4
:107A600050090020024A0349034800F069B800BFEA
:107A70000C000020958D00081C00002041680C4B74
:107A8000994210B5044601D001F084F9A168094B70
:107A9000994202D0204601F07DF9E168064B9942F7
:107AA00004D02046BDE8104001F074B910BD00BFFD
:107AB00050090020B8090020200A002010B50B4B07
:107AC0000B4C0C4A1A60204600220421FFF794FF59
:107AD00004F1680001220921FFF78EFF04F1D000B4
:107AE0000222BDE810401221FFF786BF880A00205D
:107AF00050090020657A0008014800F076B800BF00
:107B00008D0A0020014800F071B800BF8D0A0020E6
:107B100010B50446FFF7F0FF236A1BB1BDE8104023
:107B2000FFF7F0BF044B2362044B1B68002BF5D119
:107B3000FFF7C4FFF2E700BF7D7A0008880A002043
:107B40002DE9F8430746884614460026D4E90195F6
:107B5000B9F1010905D52468002CF7D13046BDE8FC
:107B6000F883AB89012B07D9B5F90E30013303D067
:107B700029463846C04706436835E9E702440346CC
:107B8000934200D1704703F8011BF9E700487047A2
:107B900058010020014B1868704700BF18000020F2
:107BA00070B50D4D0D4C641BA4100026A64209D1E2
:107BB0000B4D0C4C02F0EEF8641BA4100026A642FC
:107BC00005D170BD55F8043B98470136EEE755F8EE
:107BD000043B98470136F2E728A2000828A20008D3
:107BE00028A200082CA200087047704770472DE9B2
:107BF000F74F03690C69A34207467EDB013C01F1A4
:107C00001408A30000F11405009305EB840301930D
:107C100058F8243055F8242001339A4208EB84099F
:107C2000B2FBF3F62ED34FF0000AC446AE46D3465D
:107C30005CF8043B98B206FB00A0020C1B0C06FB90
:107C40000323DEF8002080B292B2121A5A44DEF802
:107C500000004FEA134A9BB2C3EB224303EB1043ED
:107C600092B242EA0342E1454EF8042B4FEA234B1D
:107C7000DED2009BEB582BB9019B043B9D421A4678
:107C80002FD33C61384601F033FB002825DB294621
:107C9000002058F8042BD1F800C01FFA82FE1FFA0A
:107CA0008CF3A3EB0E030344120CC2EB234202EB52
:107CB0001C429BB243EA0243C14541F8043B4FEAF0
:107CC0002240E6D255F8242005EB840322B9043B78
:107CD0009D421A460BD33C610136304603B0BDE8E5
:107CE000F08F1268043B002ACBD1013CC6E7126832
:107CF000043B002AEFD1013CEAE70020EEE7000058
:107D00002DE9F04FC76999B08DED020B55EC104B82
:107D1000229E099183460E9213937FB9102000F0A2
:107D20000BFF0246CBF81C0020B9A74BEF21A74858
:107D300001F0D6FCC0E901770760C760DBF81C30B2
:107D4000196859B15A684A60012393408B605846BC
:107D500001F094F8DBF81C3000221A602B1EB9BF2A
:107D600023F00043039300233360039F984BBCBF71
:107D700001223260BB4312D1139A42F20F73136097
:107D8000C7F31303234300F04D85239BDFF854A270
:107D9000002B00F04F850AF1030300F049BD9DED73
:107DA000027B002251EC170B00238DED0C7BF8F7C2
:107DB0008BFE804658B1139A01231360239B13B1A5
:107DC000239A844B1360DFF820A200F033BD9DEDB1
:107DD0000C0B16AA17A9584601F03AFBC7F30A562E
:107DE0008146002E77D00D9BCDF85080C3F313034E
:107DF000DDE90C0143F07F5343F44013A6F2FF3654
:107E000019460022744BF8F73FFA69A3D3E900231F
:107E1000F8F7F2FB68A3D3E90023F8F737FA044632
:107E200030460D46F8F77EFB65A3D3E90023F8F74B
:107E3000E3FB02460B4620462946F8F727FA04469C
:107E40000D46F8F789FE0022074600232046294602
:107E5000F8F744FE40B13846F8F764FB22462B465B
:107E6000F8F732FE00B9013F162F51D85B4B03EBF8
:107E7000C703D3E90023DDE90C01F8F72FFE002842
:107E800048D0013F00231293169B9B1B5A1E44BFF0
:107E9000C3F101080023089254BF4FF00008089373
:107EA000002F39DB089B0F973B44089300230A936C
:107EB000099B092B64D8052BC4BF043B0993099B7C
:107EC000A3F10203CCBF00240124032B63D8DFE815
:107ED00003F02A373555DDE916631E4406F23243B6
:107EE000202BC1BFC3F140039F4006F2124324FA86
:107EF00003F3D6BFC3F1200347EA030004FA03F0FB
:107F0000F8F700FB0122A1F1F873013E149277E724
:107F10000123B8E71290B7E77B420A930023A8EB4E
:107F200007080F93C4E700230B930E9B002B35DC4F
:107F30000123009307931A460E920BE00123F3E707
:107F400000230B930E9BFB1800930133012B079327
:107F5000B8BF0123DBF81C000021042202F1140544
:107F60009D421FD94160584600F048FF82460028D4
:107F70003CD11B4B024640F2AF11D8E60123E0E7AB
:107F80000124002309930B944FF0FF3300930793D0
:107F900000221223D0E701230B93F5E70E9B0093F9
:107FA0000793D7E701315200D8E700BFAFF3008055
:107FB00061436F63A787D23FB3C8608B288AC63FEF
:107FC000FB799F501344D33FED9E0008049F0008A7
:107FD0000000F07FBD9E00080000F83F10A00008E0
:107FE0005C9F0008E99E0008BC9E0008DBF81C307E
:107FF0001860079B0E2B00F2A480002C00F0A180DB
:10800000002F33DDAD4B07F00F0203EBC20393EDFE
:10801000007BF8058DED047B4FEA271416D5A84B9D
:10802000DDE90C01D3E90823F8F710FCCDE90201E2
:1080300004F00F040326A24D54B9DDE90423DDE961
:108040000201F8F703FCCDE9020128E00226F2E77D
:10805000E10708D5DDE90401D5E90023F8F7CCFAFA
:10806000CDE90401013664100835E5E700F0D2805F
:108070007C42924B924D04F00F0203EBC203D3E912
:108080000023DDE90C01F8F7B7FACDE9020124116C
:1080900000230226002C40F0B280002BD3D1129B8B
:1080A000DDE90245002B00F0B780864B0022204618
:1080B0002946F8F713FD002800F0AE80079B002B3F
:1080C00000F0AA80009B002B37DD7B1E0493204626
:1080D0007D4B00222946F8F78FFACDE90201009C7A
:1080E00001363046F8F71EFADDE90223F8F784FA84
:1080F000764B0022F8F7CAF80546A1F15076002C1D
:1081000040F08D80DDE90201714B0022F8F7BCF8E8
:1081100002460B46CDE902232A463346F8F7FCFC1B
:10812000002840F08B82DDE902012A4606F1004377
:10813000F8F7D4FC002840F02881DDE90C34CDE9C3
:108140000234179B002BC0F25A810E2F00F3578187
:108150005A4B03EBC70393ED007B0E9B002B8DED79
:10816000007B03DA079B002B40F30181DDE9024528
:108170005646DDE9002320462946F8F767FBF8F765
:10818000EBFC8046F8F7CEF9DDE90023F8F734FA86
:1081900002460B462046294608F13004F8F774F8E9
:1081A00006F8014B079DA6EB0A04A54202460B46C2
:1081B00040F01781F8F76AF8DDE9002304460D4620
:1081C000F8F7AAFC002840F0F980DDE900232046FA
:1081D0002946F8F779FC18B118F0010F40F0EE804D
:1081E0004946584600F04AFE00233370139B01377E
:1081F0001F60239B002B00F01D831E601AE3E20723
:1082000005D5D5E90023F8F7F7F901360123641005
:1082100008353FE7022642E7079C049761E7274BB2
:108220000B9903EBC40353E902235444002953D0B0
:1082300028490020F8F70AFB33462A46F8F724F8C5
:10824000CDE910015646DDE90201F8F785FC054647
:10825000F8F768F902460B46DDE90201F8F714F871
:10826000303502460B46CDE9022306F8015BDDE915
:108270001023F8F733FC002871D1DDE902231149FE
:108280000020F8F701F8DDE91023F8F727FC0028B3
:1082900040F09580A6423FF450AFDDE910010A4B53
:1082A0000022F8F7A9F9084BCDE910010022DDE919
:1082B0000201F8F7A1F9CDE90201C4E710A0000816
:1082C000E89F00080000F03F0000244000001C4030
:1082D000000014400000E03F31462846F8F78CF9D2
:1082E000CDE9100115945646DDE90201F8F734FC9A
:1082F0000546F8F717F902460B46DDE90201F7F7E4
:10830000C3FF303506F8015B02460B46A642CDE9B5
:1083100002234FF0000224D1AC4BDDE91001F7F746
:10832000B5FF02460B46DDE90201F8F7F5FB002830
:1083300045D1DDE91023A5490020F7F7A5FF024646
:108340000B46DDE90201F8F7C9FB00283FF4F5AE62
:10835000159E731E159316F8013C302BF8D0049F20
:108360003EE79B4BF8F748F9CDE90201BCE70CD199
:10837000984B0022DDE90001F8F73EF9DDE9022320
:10838000F8F7C0FB002800F05781002425460E9B1B
:10839000DB430493564600272146584600F06EFD05
:1083A000002DDCD02FB1AF4203D03946584600F043
:1083B00065FD2946584600F061FDD0E70497334635
:1083C0001E4613F8012D392A07D19A45F8D1049A8F
:1083D0000132049230228AF800201A7801321A7091
:1083E000BDE77B4B0022F8F707F900220023044683
:1083F0000D46F8F769FB00283FF4BBAEF0E60B9A98
:10840000002A00F0DB80099A012A00F3BF80149A49
:10841000002A00F0B78003F233430A9C4646089ACC
:1084200001211A4458469844089200F0DBFD0546A5
:108430005EB1089B002B08DDB342089AA8BF334603
:10844000A8EB0308F61AD31A08930A9BF3B10B9B07
:10845000002B00F0B7808CB129462246584600F028
:1084600081FE4A4601460546584600F0D1FD494680
:108470000490584600F002FD049B99460A9B1A1B83
:1084800004D04946584600F06DFE81460121584609
:1084900000F0A8FD0F9B0446002B00F0CF811A4688
:1084A0000146584600F05EFE099B012B044600F38E
:1084B0009580029B002B40F08780039BC3F313033E
:1084C000002B40F08980039B23F000431B0D1B050C
:1084D0002BB1089B0133089308F1010801230A938B
:1084E0000F9B002B00F0B081236904EB8303186914
:1084F00000F02CFDC0F12000089B184410F01F0074
:1085000077D0C0F12003042B6BDD089BC0F11C0069
:108510000344804406440893B8F1000F05DD494642
:108520004246584600F078FE8146089B002B05DD48
:1085300021461A46584600F06FFE0446129B002B57
:1085400059D02146484600F0D3FE002853DA7B1E5E
:108550000493494600230A22584600F0B1FC0B9BC5
:108560008146002B00F07281002329460A225846DA
:1085700000F0A6FC009B002B054667DC099B022B44
:1085800041DC63E0169BC3F1360346E7079B5C1EA4
:108590000A9BA342BFBF0A9B0F9A0A94E31AB4BF77
:1085A000D2181C1B079BBCBF0F920024002BB5BF29
:1085B000A8EB0306079B0023464630E70A9C0B9D69
:1085C000464635E70A9A5CE7002388E70000E03F6B
:1085D0000000244000001440029B80E700230A931F
:1085E00082E799D0089A1C331A4498441E44089292
:1085F00092E70346F6E7079B0497002B20DC0093E5
:10860000099B022B1EDD009B002B7FF4C0AE214690
:108610000522584600F054FC01460446484600F046
:1086200067FE00287FF7B3AE5646312306F8013BBC
:10863000049B01330493AEE6079C04972546F3E7B9
:10864000079B00930B9B002B00F00481002E05DD9F
:1086500029463246584600F0DFFD05460A9B002BAE
:108660005AD06968584600F0C9FB064628B9844BC1
:10867000024640F2EF21FFF75ABB2A69023292000C
:1086800005F10C010C3001F01DF80122314658466D
:1086900000F0C2FD0AF101030793009B53440B93C2
:1086A000029B03F001032F460A930546079B2146D0
:1086B000013B48460093FFF79AFA3946029000F1D1
:1086C0003008484600F014FE2A46089021465846D5
:1086D00000F02AFEC268064602BB0146484600F08A
:1086E00007FE0246314658460E9200F0C7FB099B32
:1086F0000E9A079E43EA02010A9B194310D1B8F172
:10870000390F29D0089B002B02DD029B03F13108B1
:10871000009B83F800803FE62846BBE70122E1E7A3
:10872000089B002B04DB09990B430A990B4320D1CA
:10873000002AEDDD49460122584600F06DFD214634
:10874000814600F0D5FD002803DCE1D118F0010FCF
:10875000DED0B8F1390FD8D1009A392313703346DF
:108760001E46013B16F8012C392A52D001321A70EC
:1087700012E6002A07DDB8F1390FEDD0009A08F1B2
:108780000103137008E6079B079A03F8018C0B9B03
:10879000934228D0494600230A22584600F090FB15
:1087A000AF4281464FF000034FF00A023946584667
:1087B00007D100F085FB07460546079B0133079369
:1087C00074E700F07DFB2946074600230A2258463D
:1087D00000F076FB0546F0E7009B002BCCBF1E4661
:1087E00001265644002749460122584600F014FD50
:1087F0002146814600F07CFD0028B0DC02D118F053
:10880000010FACD133461E4613F8012D302AFAD0A1
:10881000C2E59A45A4D1049B0133049331238AF81D
:108820000030B9E5239BDFF85CA01BB10AF1080317
:10883000239A1360504619B0BDE8F08F099B012BB5
:108840007FF737AE0F9B0A93012055E6009B002B64
:108850007FF7D6AE564621464846FFF7C8F900F1E5
:10886000300806F8018B009BA6EB0A029342B3DDA9
:10887000494600230A22584600F022FB8146EAE7D7
:108880005C9F0008E09E00082DE9F0478E681F46B7
:10889000BE420B6882460C4690462DD8B1F90C209A
:1088A00012F4906F26D06569096905EB4505A3EBC5
:1088B000010905EBD5757B1C4B446D109D4238BFFB
:1088C0001D46530527D5294600F060F9064660B3DA
:1088D00021694A4600F0F6FEA38923F4906343F031
:1088E0008003A381266165614E44A5EB09052660DE
:1088F000A5603E46BE4200D93E462068324641460B
:1089000000F06FFEA3689B1BA360236833442360C1
:108910000020BDE8F0872A4600F035FE0646002814
:10892000E0D12169504600F00DFF0C23CAF8003059
:10893000A38943F04003A3814FF0FF30E9E7000033
:108940002DE9F04F98468B891B069DB007460D46D2
:10895000144610D50B6973B9402100F017F928604F
:10896000286130B90C233B604FF0FF301DB0BDE8EB
:10897000F08F40236B610023099320238DF8293069
:10898000CDF80C803023DFF89C818DF82A304FF031
:10899000010923469A4613F8012B0AB1252AF9D179
:1089A000BAEB040B0BD05B46224629463846FFF74C
:1089B0006BFF013000F0A780099A5A4409929AF897
:1089C0000030002B00F09F8000234FF0FF32CDE9F4
:1089D00005230AF1010A049307938DF853301A9383
:1089E0005446052214F8011B4E48F7F7F1FB049A90
:1089F000D8B9D00644BF20238DF85330110744BFA7
:108A00002B238DF853309AF800302A2B15D0079A73
:108A1000544600204FF00A0C214611F8013B303B30
:108A2000092B4BD9B0B1079214E0A0EB080309FA67
:108A300003F313430493A246D2E7039B191D1B685B
:108A40000391002BBBBF5B4242F0020207930793E6
:108A5000B8BF049223782E2B0AD163782A2B32D107
:108A6000039B1A1D1B68039243EAE37302340593C8
:108A7000DFF8C0A0217803225046F7F7A9FB38B1F0
:108A8000049BA0EB0A00402282401343013404936C
:108A900014F8011B24488DF828100622F7F798FBDC
:108AA000002836D0214B1BBB039B073323F0070361
:108AB00008330393099B334409936AE70CFB0232A2
:108AC0000C460120A8E700230134059319464FF016
:108AD0000A0C204610F8012B303A092A03D9002B42
:108AE000C6D00591C4E70CFB012104460123F0E741
:108AF00003AB00932A460E4B04A93846FEF770FBE1
:108B0000421C0646D6D1AB895B063FF52DAF0998CE
:108B10002CE703AB00932A46054B04A93846FEF721
:108B2000F7FDEDE76D9F0008779F0008E1710008F1
:108B300089880008739F0008024B0146186800F0FE
:108B400025B800BF1800002070B50F4E0C463168E4
:108B5000054611B900F094FD30602146284600F02A
:108B60008FFD431C03D14FF0FF34204670BDC41C61
:108B700024F00304A042F8D0211A284600F080FD1A
:108B80000130F2D1EFE700BF900A00202DE9F84351
:108B9000CD1C25F0030508350C2D38BF0C25002D04
:108BA000064601DBA94204D90C2333600020BDE84E
:108BB000F883DFF8D48000F015F9D8F800301C46AF
:108BC00044BB29463046FFF7BFFF431C044658D13B
:108BD000D8F800402746002F43D1002C4BD0236803
:108BE0003946304604EB030900F04AFD814542D185
:108BF00021686D1A29463046FFF7A6FF01303AD0AA
:108C000023682B442360D8F800305A6862BBC8F848
:108C100000700FE02268521B20D40B2A17D961196B
:108C2000A342256018BF5960636808BFC8F80010E8
:108C300062514B60304600F0DBF804F10B00231D5D
:108C400020F00700C21A1CBF1B1AA350AFE76268CE
:108C5000A3420CBFC8F800205A60EBE723466468C3
:108C6000AEE73C467F68B6E71A465B68A342FBD195
:108C700000235360DEE70C233360304600F0B8F881
:108C800094E70560D6E700BF940A0020B1F90C20F4
:108C90002DE9F041160705460C4654D44B68002BCD
:108CA00002DC0B6C002B48DDE66A002E45D0002369
:108CB00012F480522F68216A2B6030D0626DA38934
:108CC000590705D56368D21A636B0BB1236CD21AAE
:108CD0000023E66A216A2846B047431CA38906D1CF
:108CE00029681D292BD82A4A0A41D60727D40022F1
:108CF0006260D9042269226004D5421C01D12B682C
:108D000003B96065616B2F60B9B104F14403994206
:108D100002D0284600F016FD002363630DE0012316
:108D20002846B0470246501CC9D12B68002BC6D03C
:108D30001D2B01D0162B1ED12F60002022E043F006
:108D400040031BB21BE00F69002FF6D093070E689B
:108D500008BF4B690F6018BF0023A6EB07088B60A4
:108D6000B8F1000FE9DD216AA66A43463A46284673
:108D7000B047002808DCB4F90C3043F04003A3816D
:108D80004FF0FF30BDE8F0810744A8EB0008E7E7AB
:108D9000FEFFBFDF38B50B6905460C4613B9002549
:108DA000284638BD18B1036A0BB9FEF7B1FEB4F915
:108DB0000C30002BF3D0626ED00704D4990502D496
:108DC000A06DFEF712FF28462146FFF75FFF636E96
:108DD000DA070546E4D4A3899B05E1D4A06DFEF72C
:108DE00005FFDDE70148FEF700BF00BF8C0A002049
:108DF0000148FEF7FBBE00BF8C0A002070B5C669B3
:108E000004460D4676B91020FFF796FE0246E06153
:108E100020B9184B18486B2100F062FCC0E90166CC
:108E20000660C660E669F36883B1E369DB6853F8FE
:108E30002500B8B9012101FA05F6721D92002046FD
:108E400000F06CFC60B1C0E901560EE02122042163
:108E5000204600F063FCE369F060DB68002BE4D19E
:108E6000002070BD026843F825200023C0E90333C9
:108E7000F7E700BFED9E00087E9F000870B5C66949
:108E800005460C4676B91020FFF756FE0246E8610B
:108E900020B9094B09488F2100F022FCC0E9016686
:108EA0000660C6603CB1EB696268DB6853F822106B
:108EB000216043F8224070BDED9E00087E9F0008AF
:108EC0002DE9F0410D6907460C461E4601F1140CD0
:108ED0000020DCF8003099B202FB01611E0C0B0C83
:108EE00002FB063389B2013001EB034185424CF8A5
:108EF000041B4FEA1346ECDC0EB3A368AB4219DC4B
:108F0000616838460131FFF779FF804628B902468B
:108F10000C4B0D48BA2100F0E3FB2269023204F148
:108F20000C0192000C3000F0CDFB21463846FFF7D3
:108F3000A5FF444604EB850301355E6125612046AB
:108F4000BDE8F0815C9F00087E9F0008B0F5803F7F
:108F5000034636BF030400201020B3F1807F3CBFDE
:108F60001B020830B3F1805F3CBF1B010430B3F13A
:108F7000804F3CBF9B000230002B05DB13F0804F7D
:108F800000F1010008BF202070470368024613F07B
:108F900007000BD0D90721D4980749BF5B089B086D
:108FA000012013605CBF13600220704799B209B9B9
:108FB0001B0C1020D9B209B908301B0A190704BFCD
:108FC0001B090430990704BF9B080230D90703D45A
:108FD0005B0800F1010003D0136070470020704768
:108FE0002020704710B50C460121FFF707FF02460D
:108FF00028B9054B054840F2451100F071FB0123EB
:109000004461036110BD00BF5C9F00087E9F0008A3
:109010002DE9F04F14460A6923699A42A8BF2346F6
:109020000F46A4BF0C461F46D4F810A0D7F81090E6
:10903000A36861680AEB0906B34285B0B8BF013185
:10904000FFF7DCFE30B90246444B45484FF4B1719E
:1090500000F046FB00F1140505EB86082B460022C4
:10906000434521D307F1140104F1140202EB8A02F3
:1090700001EB89030293131B153B23F00303043315
:1090800004F11507BA4238BF04230193029B0391F0
:109090008B420CD8002E03DD58F8043D002B5BD02A
:1090A000066105B0BDE8F08F43F8042BD8E7B1F8AE
:1090B00000A0BAF1000F24D004F1140EA9464FF01D
:1090C000000C5EF8047BD9F800301FFA87FB9BB2D6
:1090D0000AFB0B334FEA174BD9F8007063444FEA91
:1090E000174C0AFB0BC707EB13479BB243EA074336
:1090F000724549F8043B4FEA174CE2D8019B45F80A
:1091000003C0039BB3F802900431B9F1000F21D0E2
:109110002B6804F1140CAE464FF0000ABCF800B006
:10912000BEF8027009FB0B7757449BB243EA074332
:109130004EF8043B5CF8043B4FEA134ABEF800309B
:1091400009FB0A3303EB174362454FEA134AE5D89C
:10915000019FEB51043599E7013E9BE75C9F0008B6
:109160007E9F00082DE9F843154612F003020746DA
:109170000E4607D0254C013A002354F82220FFF771
:109180009FFE0646AD103DD0FC697CB91020FFF76C
:10919000D3FC0246F86128B91D4B1E4840F2B311BA
:1091A00000F09EFAC0E901440460C460D7F81C8056
:1091B000D8F808404CB940F271213846FFF712FF49
:1091C0000023C8F80800044603604FF00009EB07CD
:1091D0000AD5314622463846FFF71AFF3146804607
:1091E0003846FFF74BFE46466D100BD0206838B965
:1091F000224621463846FFF70BFF2060C0F800905A
:109200000446E4E73046BDE8F88300BFD89F000875
:10921000ED9E00087E9F00082DE9F0470C46496846
:10922000236903EB6218A368074691464FEA621A66
:1092300008F10106B3420BDB3846FFF7DFFD0546B8
:1092400048B90246284B29484FF4EF7100F048FA1C
:1092500001315B00EEE7002300F1140100F1100280
:109260001846534533DB20692AEAEA7A04F11403ED
:1092700019F01F0901EB8A0103EB800C2BD0C9F117
:10928000200E8A460022186800FA09F010434AF8B6
:10929000040B53F8042B9C4522FA0EF2F3D8ACEBE6
:1092A0000403153B23F00303043304F11500844544
:1092B00038BF0423CA500AB108F10206013E3846FD
:1092C0002E612146FFF7DAFD2846BDE8F08742F817
:1092D000040F0133C5E7043953F8042B41F8042F78
:1092E0009C45F9D8EAE700BF5C9F00087E9F000814
:1092F0000A6903460069801A30B50ED1143314315F
:1093000003EB820401EB820154F8045D51F8042D53
:10931000954203D005D24FF0FF3030BDA342F3D3C6
:10932000FBE70120F9E700002DE9F74F89460646E3
:10933000114648461446FFF7DBFF051E12D12946A9
:109340003046FFF75BFD024628B93F4B40F237211C
:109350003E4800F0C5F90123C0E90435104603B0CA
:10936000BDE8F08FBCBF4B46A1463046D9F804108B
:10937000BABF1C4601250025FFF740FD024618B97B
:10938000314B40F24521E3E7D9F810702669C560FA
:1093900009F1100309F1140504F1140E00F1140B86
:1093A00005EB87080EEB86060193D9464FF0000CBB
:1093B000019B5EF8040B53F804AF01931FFA8AF384
:1093C000194683B2CB1A000C6344C0EB1A4000EB81
:1093D00023409BB243EA0043764549F8043B4FEAF9
:1093E000204CE5D8331B153B23F00303153404331D
:1093F000A64238BF04231D445B441E462C46444508
:109400000ED308F10301491B21F00301033DA845D8
:1094100038BF00210B4453F8041D91B117619DE73B
:1094200054F8041BE646080C1CFA81FC714400EB5E
:109430002C4089B241EA004146F8041B4FEA204C17
:10944000DDE7013FE7E700BF5C9F00087E9F000863
:109450002DE9F7430F46012159EC108B1646FFF713
:10946000CDFC044630B90246234B244840F20F316C
:1094700000F036F9C9F30A55C9F313030DB143F4EB
:1094800080130193B8F1000323D068460093FFF7DF
:109490007CFDDDE90012D0B1C0F1200302FA03F334
:1094A0000B43C24063610192019BA361002B0CBF7F
:1094B000012202222261A5B1A5F2334505443D6097
:1094C000C0F135003060204603B0BDE8F083616133
:1094D000EAE701A8FFF759FD019B636120300122F3
:1094E000E8E704EB8203A0F2324038601869FFF726
:1094F0002DFDC0EB4210E5E75C9F00087E9F000851
:1095000010B50C46B1F90E1000F0A8F80028ABBF5A
:10951000636DA3891B1823F48053ACBF6365A381DB
:1095200010BD2DE9F0411F468B89DB0505460C4631
:10953000164605D5B1F90E100223002200F07CF882
:10954000A389B4F90E1023F48053A38132463B461D
:109550002846BDE8F04100F0A3B810B50C46B1F9BB
:109560000E1000F069F8431CA38915BF606523F451
:10957000805343F48053A38118BFA38110BDB1F978
:109580000E1000F049B82DE9F041804615460C4612
:1095900021B9BDE8F0411146FFF7F8BA2AB900F049
:1095A000D1F800242046BDE8F08100F027F985427B
:1095B000064602D8B5EB500FF4D829464046FFF7CF
:1095C000E5FA07460028ECD0B5422A46214628BFD6
:1095D000324600F077F82146404600F0B3F83C46AA
:1095E000E0E7884210B501EB020402D98442234629
:1095F00007D8431EA14208D011F8012B03F8012F10
:10960000F8E7024401468A4200D110BD13F8014D2B
:1096100002F8014DF7E7000038B5064D0023044677
:1096200008462B60F8F780FD431C02D12B6803B17C
:10963000236038BD980A002038B5074D0446084617
:10964000114600222A601A46F8F795FD431C02D104
:109650002B6803B1236038BD980A002038B5074D48
:1096600004460846114600222A601A46F8F723FDF0
:10967000431C02D12B6803B1236038BD980A002037
:1096800038B5064D0023044608462B60F8F780FDE8
:10969000431C02D12B6803B1236038BD980A002017
:1096A00038B5074D04460846114600222A601A467E
:1096B000F8F71EFD431C02D12B6803B1236038BDAF
:1096C000980A00200A44914200F1FF3300D170470C
:1096D00010B511F8014B03F8014F9142F9D110BDBB
:1096E0001FB514461A46094B1B680546D86854B97D
:1096F000074B1C46CDE9013400912B46054900F08B
:1097000085F800F0A2F8044BF4E700BF1800002031
:109710001EA20008F0A10008E3A1000870B5A1FB9B
:1097200002543CB92946FFF731FA064628B900260B
:10973000304670BD0C220260F9E72A462146FEF74A
:109740001DFAF5E738B50546002941D051F8043C2B
:109750000C1F002BB8BFE418FFF744FB1D4A136829
:1097600033B9636014602846BDE83840FFF740BB5A
:10977000A34208D9206821188B4201BF19685B6891
:1097800009182160EDE71A465B680BB1A342FAD9CC
:1097900011685018A0420BD1206801445018834230
:1097A0001160E0D118685B68536008441060DAE724
:1097B00002D90C232B60D6E7206821188B4204BF06
:1097C00019685B68636004BF091821605460CAE7C8
:1097D00038BD00BF940A002082B001B901A942B18E
:1097E0004BB113780B601278101E18BF012002B025
:1097F00070471046FBE76FF00100F8E751F8043CB2
:10980000181F002BBCBF0B58C01870470EB403B50F
:10981000014603AB054853F8042B0068019300F0A0
:1098200045F802B05DF804EB03B070471800002063
:109830000346084641B1FF2A04D98A221A604FF034
:10984000FF3070470A700120704708B5062000F00D
:1098500085FA0120F8F724FC9368013B002B10B433
:10986000936008DA9469A34201DB0A2903D15DF809
:10987000044B00F033B91368581C10601970084687
:109880005DF8044B7047F8B506460F461446D518E8
:10989000AC4201D1002007E014F8011B3A463046E3
:1098A000FFF7DAFF431CF3D1F8BD00002DE9F04FBC
:1098B0000D469DB014469846064618B1036A0BB98A
:1098C000FEF726F96B6ED90705D4AB899A0502D449
:1098D000A86DFEF78AF9AB891B0701D52B699BB9E7
:1098E0002946304600F038F970B16B6EDC0704D5BC
:1098F0004FF0FF301DB0BDE8F08FAB899805F7D46D
:10990000A86DFEF773F9F3E70023099320238DF880
:109910002930CDF80C803023DFF8AC818DF82A3067
:109920004FF0010923469A4613F8012B0AB1252A64
:10993000F9D1BAEB040B0BD05B46224629463046E0
:10994000FFF7A1FF013000F0A780099A5A4409925D
:109950009AF80030002B00F09F8000234FF0FF3278
:10996000CDE905230AF1010A049307938DF85330DA
:109970001A935446052214F8011B5348F6F728FCA5
:10998000049AD8B9D10644BF20238DF85330130769
:1099900044BF2B238DF853309AF800302A2B15D072
:1099A000079A544600204FF00A0C214611F8013B5B
:1099B000303B092B4BD9B0B1079214E0A0EB080360
:1099C00009FA03F313430493A246D2E7039B191D3C
:1099D0001B680391002BBBBF5B4242F0020207935E
:1099E0000793B8BF049223782E2B0AD163782A2BD1
:1099F00032D1039B1A1D1B68039243EAE3730234BE
:109A00000593DFF8D4A0217803225046F6F7E0FB57
:109A100038B1049BA0EB0A0040228240134301347A
:109A2000049314F8011B29488DF828100622F6F734
:109A3000CFFB00283FD0264B1BBB039B073323F0F3
:109A4000070308330393099B3B4409936AE70CFB24
:109A500002320C460120A8E7002301340593194681
:109A60004FF00A0C204610F8012B303A092A03D98E
:109A7000002BC6D00591C4E70CFB0121044601234D
:109A8000F0E703AB00932A46124B04A93046FDF7DA
:109A9000A7FB0746781CD6D16B6ED90705D4AB89D6
:109AA0009A0502D4A86DFEF7A1F8AB895B063FF5D5
:109AB0001FAF09981EE703AB00932A46054B04A984
:109AC0003046FDF725FEE4E76D9F0008779F00080C
:109AD000E171000887980008739F0008F8B50E46EA
:109AE0001446054618B1036A0BB9FEF711F8A369CD
:109AF000A360A3891A0701D5236943B921462846E3
:109B000000F02AF818B14FF0FF373846F8BD236847
:109B10002269981A6369F6B28342374605DC21460A
:109B20002846FFF737F90028EDD1A368013BA36071
:109B300023685A1C22601E706269431C9A4204D03A
:109B4000A389DB07E1D50A2EDFD121462846FFF79E
:109B500021F90028D9D0D6E738B5294B0546186831
:109B60000C4618B1036A0BB9FDF7D2FFB4F90C30FB
:109B7000190722D4DA0607D409222A6043F04003E9
:109B8000A3814FF0FF3033E0580712D5616B41B12C
:109B900004F14403994202D02846FFF7D3FD002385
:109BA0006363A38923F02403A381002363602369F3
:109BB0002360A38943F00803A38123694BB9A389D8
:109BC00003F42073B3F5007F03D02146284600F04C
:109BD0003FF8B4F90C3013F001020AD00022A26061
:109BE00062695242A261226942B913F08000C5D174
:109BF00038BD990758BF6269A260F4E70020F7E713
:109C00001800002070B50C46B1F90E10002996B06E
:109C100015461E460DDAA38913F0800F4FF00001A0
:109C200014BF40234FF48063002031602B6016B0D6
:109C300070BD6A4600F048F80028ECDB019901F499
:109C40007041A1F50053594259414FF48063EBE74D
:109C50008B89F7B59D0706460C4607D504F14703E7
:109C6000236023610123636103B0F0BD01AB6A4649
:109C7000FFF7C8FF009F054639463046FEF786FFCE
:109C800048B9B4F90C309A05EED423F0030343F03D
:109C90000203A381E2E7A389206043F08003A3814C
:109CA000019BC4E904075BB1B4F90E10304600F023
:109CB0001DF828B1A38923F0030343F00103A38116
:109CC000A3891D43A581CFE738B5074D002304467E
:109CD000084611462B60F8F733FA431C02D12B6873
:109CE00003B1236038BD00BF980A002038B5064D87
:109CF0000023044608462B60F8F732FA431C02D1D1
:109D00002B6803B1236038BD980A00201F2938B59D
:109D100005460C4604D9162303604FF0FF3038BDCA
:109D2000C26B12B152F821304BB9284600F030F81E
:109D3000224601462846BDE8384000F017B8012BFE
:109D40000AD0591C03D1162303600120E7E7002144
:109D500042F82410204698470020E0E7024B0146D5
:109D60001868FFF7D3BF00BF1800002038B5074DB3
:109D700000230446084611462B60F8F781F9431C7E
:109D800002D12B6803B1236038BD00BF980A0020C0
:109D9000F8F76EB9F8B500BFF8BC08BC9E4670472E
:0C9DA000F8B500BFF8BC08BC9E46704738
:109DB000257320252E32660D0A000000456A655F76
:109DC00078000000456A655F79000000456A655FBC
:109DD0007A000000563500005635426973000000D5
:109DE00056330000563342697300000056426174D6
:109DF0004F7574000A200A2049204C494B452054D5
:109E000048452057415920594F5520574F524B49EB
:109E10004E47200A0000000042757320566F6C7494
:109E20006167653A200000005368756E7420566FB4
:109E30006C746167653A20004C6F616420566F6CEA
:109E4000746167653A20000043757272656E743AFA
:109E500020000000506F7765723A200025733A2089
:109E60002575206D56200A00092575206D41200AB0
:109E700000000000092575206D570A00094475741B
:109E8000793A202575200A200A0000000000000011
:109E9000000000000102030406070809000000009A
:109EA000010203040006101600061016494E460073
:109EB000696E66004E414E006E616E0030003031BA
:109EC0003233343536373839414243444546003021
:109ED0003132333435363738396162636465660050
:109EE000496E66696E697479004E614E005245454F
:109EF0004E54206D616C6C6F632073756363656590
:109F0000646564002F6275696C642F676E752D74CB
:109F10006F6F6C732D666F722D73746D33325F319A
:109F2000322E332E72656C312E323032343036316F
:109F3000322D313331352F7372632F6E65776C6933
:109F4000622F6E65776C69622F6C6962632F737420
:109F5000646C69622F64746F612E630042616C6C83
:109F60006F632073756363656564656400232D30DA
:109F70002B2000686C4C00656667454647002F62E1
:109F800075696C642F676E752D746F6F6C732D66B9
:109F90006F722D73746D33325F31322E332E7265D2
:109FA0006C312E32303234303631322D313331355E
:109FB0002F7372632F6E65776C69622F6E65776C95
:109FC00069622F6C6962632F7374646C69622F6DB0
:109FD000707265632E630000050000001900000028
:109FE0007D000000000000000080E03779C341439D
:109FF000176E05B5B5B89346F5F93FE9034F384DEF
:10A00000321D30F94877825A3CBF737FDD4F15759A
:10A01000000000000000F03F0000000000002440AD
:10A0200000000000000059400000000000408F4088
:10A03000000000000088C34000000000006AF840F3
:10A040000000000080842E4100000000D012634117
:10A050000000000084D797410000000065CDCD418D
:10A06000000000205FA00242000000E8764837426E
:10A07000000000A2941A6D42000040E59C30A2420C
:10A080000000901EC4BCD64200003426F56B0C4381
:10A090000080E03779C3414300A0D8855734764328
:10A0A00000C84E676DC1AB43003D9160E458E14389
:10A0B000408CB5781DAF154450EFE2D6E41A4B44FE
:10A0C00092D54D06CFF08044F64AE1C7022DB54443
:10A0D000B49DD9794378EA444300504F534958001E
:10A0E0002E00002020202020202020202828282882
:10A0F0002820202020202020202020202020202058
:10A1000020202088101010101010101010101010A7
:10A1100010101004040404040404040404101010B7
:10A120001010101041414141414101010101010163
:10A1300001010101010101010101010101011010F1
:10A140001010101042424242424202020202020237
:10A1500002020202020202020202020202021010C3
:10A1600010102000000000000000000000000000AF
:10A1700000000000000000000000000000000000DF
:10A1800000000000000000000000000000000000CF
:10A1900000000000000000000000000000000000BF
:10A1A00000000000000000000000000000000000AF
:10A1B000000000000000000000000000000000009F
:10A1C000000000000000000000000000000000008F
:10A1D000000000000000000000000000000000007F
:10A1E0000000002C2066756E6374696F6E3A200063
:10A1F000617373657274696F6E2022257322206605
:10A2000061696C65643A2066696C65202225732259
:10A210002C206C696E65202564257325730A000067
:08A22000B05FFF7F01000000A8
:04A22800B501000874
:04A22C009101000894
:10A230000024F400100000000100000000000000F5
:10A2400003000000500900201C0000200000000056
:10A2500050090020B8090020200A0020000000005A
:10A2600000000000000000000000000000000000EE
:10A2700000000000000000000000000000000000DE
:10A2800000000000000000000000000000000000CE
:10A29000000000000000000043000000000000007B
:10A2A00000000000000000000000000000000000AE
:10A2B000000000000000000043000000000000005B
:10A2C000000000000000000000000000000000008E
:10A2D000000000000000000043000000000000003B
:10A2E000000000000000000000000000000000006E
:10A2F000000000000000000043000000000000001B
:10A30000000000000000000000000000000000004D
:10A3100000000000000000004300000000000000FA
:10A32000000000000000000000000000000000002D
:10A3300000000000000000004300000000000000DA
:10A34000000000000000000000000000000000000D
:10A3500000000000000000004300000000000000BA
:10A3600000000000000000000000000000000000ED
:10A37000000000000000000031980008D997000894
:10A3800000000000E2A00008E0A000081EA20008F3
:10A390001EA200081EA200081EA200081EA200089D
:10A3A0001EA200081EA200081EA200081EA200088D
:10A3B000FFFFFFFFFFFFFFFFFFFFFFFFFFFF0000AB
:10A3C0000100415343494900000000000000000023
:10A3D000000000000000000000000000000000007D
:10A3E0000000415343494900000000000000000004
:10A3F000000000000000000000000000000000005D
:04A400000000000058
:04000005080027AD1B
:00000001FF
