Timestamp,Tension,Corriente,totalizado
2025-07-07T20:05:25.200526,7038.0,604.0,223883
2025-07-07T20:05:26.353130,7056.0,604.0,229326
2025-07-07T20:05:27.505838,7038.0,604.0,234770
2025-07-07T20:05:28.658441,7074.0,606.0,240224
2025-07-07T20:05:29.807050,7038.0,606.0,245680
2025-07-07T20:05:30.956879,7074.0,606.0,251140
2025-07-07T20:05:32.109643,7038.0,606.0,256600
2025-07-07T20:05:33.262272,7074.0,607.0,262070
2025-07-07T20:05:34.727770,3893.0,608.0,5480
2025-07-07T20:05:36.360930,3893.0,609.0,5489
2025-07-07T20:05:37.510761,7056.0,610.0,10985
2025-07-07T20:05:38.659325,7038.0,612.0,16495
2025-07-07T20:05:39.808114,7074.0,613.0,22017
2025-07-07T20:05:40.956818,7074.0,717.0,28475
2025-07-07T20:05:42.106542,7218.0,1457.0,41595
2025-07-07T20:05:43.259328,7254.0,1800.0,57803
2025-07-07T20:05:44.407994,7218.0,1498.0,71289
2025-07-07T20:05:45.557716,7218.0,1533.0,85087
2025-07-07T20:05:46.710292,7236.0,1575.0,99267
2025-07-07T20:05:47.864126,7218.0,1600.0,113673
2025-07-07T20:05:49.016660,7236.0,1624.0,128295
2025-07-07T20:05:50.169529,7218.0,1630.0,142971
2025-07-07T20:05:51.322125,7236.0,1659.0,157903
2025-07-07T20:05:52.474894,7218.0,1638.0,172649
2025-07-07T20:05:53.628565,7254.0,1638.0,187393
2025-07-07T20:05:54.781327,7236.0,1637.0,202134
2025-07-07T20:05:55.933994,7254.0,1637.0,216874
2025-07-07T20:05:57.086614,7218.0,1638.0,231616
2025-07-07T20:05:58.239384,7254.0,1638.0,246363
2025-07-07T20:05:59.392106,7218.0,1638.0,261110
2025-07-07T20:06:00.545793,7254.0,1639.0,275865
2025-07-07T20:06:01.698501,7218.0,1639.0,290620
2025-07-07T20:06:02.851058,7254.0,1639.0,305373
2025-07-07T20:06:04.003849,7236.0,1639.0,320125
2025-07-07T20:06:05.156487,7254.0,1639.0,334876
2025-07-07T20:06:06.309354,7236.0,1639.0,349628
2025-07-07T20:06:07.461938,7254.0,1639.0,364383
2025-07-07T20:06:08.615573,7236.0,1639.0,379140
2025-07-07T20:06:09.768292,7254.0,1640.0,393902
2025-07-07T20:06:10.921012,7254.0,1640.0,408663
2025-07-07T20:06:12.073813,7272.0,1640.0,423426
2025-07-07T20:06:13.226520,7218.0,1640.0,438191
2025-07-07T20:06:14.379142,7254.0,1640.0,452958
2025-07-07T20:06:15.532791,7254.0,1641.0,467730
2025-07-07T20:06:16.685501,7290.0,1641.0,482504
2025-07-07T20:06:17.838249,7272.0,1641.0,497280
2025-07-07T20:06:18.990886,7272.0,1642.0,512060
2025-07-07T20:06:20.143630,7254.0,1642.0,526841
2025-07-07T20:06:21.296468,7290.0,1642.0,541626
2025-07-07T20:06:22.448951,7254.0,1643.0,556420
2025-07-07T20:06:23.602731,7272.0,1644.0,571216
2025-07-07T20:06:24.755495,7254.0,1644.0,586012
2025-07-07T20:06:25.908233,7290.0,1644.0,600813
2025-07-07T20:06:27.060775,7272.0,1645.0,615619
2025-07-07T20:06:28.213386,7272.0,1645.0,630426
2025-07-07T20:06:29.366041,7272.0,1646.0,645241
2025-07-07T20:06:30.518878,7290.0,1647.0,660066
2025-07-07T20:06:31.672522,7272.0,1647.0,674892
2025-07-07T20:06:32.825365,7290.0,1648.0,689728
2025-07-07T20:06:33.977952,7272.0,1648.0,704564
2025-07-07T20:06:35.130687,7290.0,1648.0,719398
2025-07-07T20:06:36.283503,7254.0,1647.0,734227
2025-07-07T20:06:37.436154,7290.0,1648.0,749061
2025-07-07T20:06:38.589848,7272.0,1649.0,763904
2025-07-07T20:06:39.742428,7290.0,1649.0,778748
2025-07-07T20:06:40.895132,7272.0,1650.0,793602
2025-07-07T20:06:42.047898,7308.0,1651.0,808468
2025-07-07T20:06:43.200689,7272.0,1652.0,823336
2025-07-07T20:06:44.353293,7290.0,1652.0,838205
2025-07-07T20:06:45.505966,7272.0,1652.0,853080
2025-07-07T20:06:46.659647,7290.0,1653.0,867962
2025-07-07T20:06:47.812445,7272.0,1653.0,882846
2025-07-07T20:06:48.965047,7290.0,1653.0,897726
2025-07-07T20:06:50.117886,7272.0,1653.0,912609
2025-07-07T20:06:51.270448,7290.0,1653.0,927494
2025-07-07T20:06:52.423172,7272.0,1654.0,942381
2025-07-07T20:06:53.577087,7290.0,1654.0,957272
2025-07-07T20:06:54.729577,7272.0,1655.0,972170
2025-07-07T20:06:55.882305,7290.0,1656.0,987075
2025-07-07T20:06:57.036046,7272.0,1656.0,1001984
2025-07-07T20:06:58.188715,7308.0,1657.0,1016900
2025-07-07T20:06:59.341551,7272.0,1657.0,1031821
2025-07-07T20:07:00.494102,7290.0,1658.0,1046747
2025-07-07T20:07:01.647880,7272.0,1658.0,1061670
2025-07-07T20:07:02.800697,7290.0,1660.0,1076611
2025-07-07T20:07:03.953308,7272.0,1660.0,1091558
2025-07-07T20:07:05.106013,7290.0,1661.0,1106514
2025-07-07T20:07:06.258790,7272.0,1661.0,1121470
2025-07-07T20:07:07.411364,7308.0,1662.0,1136433
2025-07-07T20:07:08.565053,7272.0,1662.0,1151392
2025-07-07T20:07:09.717782,7290.0,1662.0,1166355
2025-07-07T20:07:10.870365,7272.0,1662.0,1181317
2025-07-07T20:07:12.023200,7290.0,1662.0,1196283
2025-07-07T20:07:13.175885,7272.0,1664.0,1211261
2025-07-07T20:07:14.328624,7290.0,1664.0,1226244
2025-07-07T20:07:15.481308,7290.0,1664.0,1241225
2025-07-07T20:07:16.635092,7308.0,1664.0,1256209
2025-07-07T20:07:17.787690,7272.0,1665.0,1271200
2025-07-07T20:07:18.940299,7308.0,1666.0,1286194
2025-07-07T20:07:20.093062,7290.0,1666.0,1301191
2025-07-07T20:07:21.245766,7308.0,1666.0,1316192
2025-07-07T20:07:22.398335,7290.0,1666.0,1331191
2025-07-07T20:07:23.551069,7308.0,1665.0,1346184
2025-07-07T20:07:24.780158,7290.0,1665.0,1361175
2025-07-07T20:07:25.932790,7308.0,1665.0,1376164
2025-07-07T20:07:27.085390,7290.0,1665.0,1391156
2025-07-07T20:07:28.238124,7308.0,1665.0,1406149
2025-07-07T20:07:29.390993,7290.0,1666.0,1421149
2025-07-07T20:07:37.058499,3800.0,1365.0,15025
2025-07-07T20:07:38.211150,7326.0,1366.0,30052
2025-07-07T20:07:39.363813,7290.0,1366.0,45080
2025-07-07T20:07:40.516603,7308.0,1365.0,60105
2025-07-07T20:07:41.669202,7290.0,1365.0,75128
2025-07-07T20:07:42.821948,7308.0,1366.0,90157
2025-07-07T20:07:43.971576,7272.0,1366.0,105193
2025-07-07T20:07:45.125330,7308.0,1366.0,120221
2025-07-07T20:07:52.326436,3806.0,1330.0,15029
2025-07-07T20:07:53.479286,7308.0,1330.0,30063
2025-07-07T20:07:54.631916,7290.0,1330.0,45102
2025-07-07T20:07:55.784662,7308.0,1331.0,60143
2025-07-07T20:07:56.937334,7290.0,1330.0,75183
2025-07-07T20:07:58.090225,7308.0,1331.0,90229
2025-07-07T20:07:59.239854,7290.0,1331.0,105279
2025-07-07T20:08:00.393527,7326.0,1332.0,120337
2025-07-07T20:08:01.546372,7290.0,1333.0,135408
2025-07-07T20:08:02.699072,7308.0,1333.0,150479
2025-07-07T20:08:03.851699,7290.0,1334.0,165557
2025-07-07T20:08:05.004418,7308.0,1334.0,180634
2025-07-07T20:08:06.157216,7290.0,1334.0,195715
2025-07-07T20:08:07.310846,7308.0,1334.0,210794
2025-07-07T20:08:08.463623,7290.0,1335.0,225880
2025-07-07T20:08:09.616305,7326.0,1335.0,240969
2025-07-07T20:08:10.769029,7290.0,1336.0,256067
2025-07-07T20:08:11.921729,7308.0,1337.0,271180
2025-07-07T20:08:13.074447,7290.0,1337.0,286295
2025-07-07T20:08:14.226987,7308.0,1338.0,301418
2025-07-07T20:08:15.380784,7290.0,1338.0,316547
2025-07-07T20:08:16.533536,7326.0,1338.0,331669
2025-07-07T20:08:17.686141,7290.0,1338.0,346792
2025-07-07T20:08:18.838985,7308.0,1338.0,361915
2025-07-07T20:08:19.991566,7290.0,1338.0,377035
2025-07-07T20:08:21.144420,7326.0,1337.0,392148
2025-07-07T20:08:22.297052,7290.0,1338.0,407275
2025-07-07T20:08:23.450853,7326.0,1339.0,422410
2025-07-07T20:08:24.603409,7290.0,1338.0,437537
2025-07-07T20:08:25.756085,7326.0,1338.0,452659
2025-07-07T20:08:26.908822,7290.0,1338.0,467786
2025-07-07T20:08:28.061513,7326.0,1338.0,482913
2025-07-07T20:08:29.214245,7290.0,1339.0,498046
2025-07-07T20:08:30.367942,7308.0,1340.0,513198
2025-07-07T20:08:31.520651,7290.0,1341.0,528353
2025-07-07T20:08:32.673691,7326.0,1341.0,543508
2025-07-07T20:08:33.826015,7308.0,1341.0,558662
2025-07-07T20:08:34.978813,7326.0,1340.0,573811
2025-07-07T20:08:36.131578,7290.0,1340.0,588958
2025-07-07T20:08:37.284365,7326.0,1340.0,604109
2025-07-07T20:08:38.438029,7308.0,1340.0,619260
2025-07-07T20:08:39.590538,7326.0,1340.0,634408
2025-07-07T20:08:40.743348,7290.0,1340.0,649560
2025-07-07T20:08:41.895937,7326.0,1341.0,664718
2025-07-07T20:08:43.048853,7290.0,1341.0,679874
2025-07-07T20:08:44.201531,7326.0,1341.0,695031
2025-07-07T20:08:45.355158,7308.0,1342.0,710197
2025-07-07T20:08:46.507862,7326.0,1342.0,725372
2025-07-07T20:08:47.660646,7308.0,1342.0,740545
2025-07-07T20:08:48.813329,7326.0,1343.0,755721
2025-07-07T20:08:49.966044,7308.0,1342.0,770895
2025-07-07T20:08:51.118709,7326.0,1342.0,786062
2025-07-07T20:08:52.271528,7308.0,1342.0,801228
2025-07-07T20:08:53.425089,7344.0,1342.0,816401
2025-07-07T20:08:54.577898,7308.0,1343.0,831577
2025-07-07T20:08:55.730611,7326.0,1343.0,846761
2025-07-07T20:08:56.883355,7308.0,1345.0,861963
2025-07-07T20:08:58.035967,7326.0,1344.0,877156
2025-07-07T20:08:59.188650,7308.0,1344.0,892347
2025-07-07T20:09:00.342460,7326.0,1344.0,907542
2025-07-07T20:09:01.495002,7308.0,1344.0,922732
2025-07-07T20:09:02.647922,7326.0,1344.0,937924
2025-07-07T20:09:03.800664,7308.0,1344.0,953115
2025-07-07T20:09:04.953332,7326.0,1344.0,968304
2025-07-07T20:09:06.106050,7308.0,1343.0,983487
2025-07-07T20:09:07.258758,7344.0,1343.0,998668
2025-07-07T20:09:08.413499,7308.0,1343.0,1013848
2025-07-07T20:09:09.566245,7344.0,1343.0,1029032
2025-07-07T20:09:10.718834,7308.0,1344.0,1044225
2025-07-07T20:09:11.871622,7344.0,1345.0,1059429
2025-07-07T20:09:13.024250,7308.0,1344.0,1074625
2025-07-07T20:09:14.176982,7326.0,1345.0,1089834
2025-07-07T20:09:15.329808,7308.0,1345.0,1105040
2025-07-07T20:09:16.483481,7326.0,1345.0,1120243
2025-07-07T20:09:17.636150,7308.0,1346.0,1135454
2025-07-07T20:09:18.788866,7344.0,1346.0,1150672
2025-07-07T20:09:19.941549,7308.0,1347.0,1165895
2025-07-07T20:09:21.094307,7344.0,1346.0,1181116
2025-07-07T20:09:22.246934,7326.0,1346.0,1196329
2025-07-07T20:09:23.400737,7344.0,1346.0,1211546
2025-07-07T20:09:24.553299,7326.0,1347.0,1226769
2025-07-07T20:09:25.706107,7344.0,1347.0,1241997
2025-07-07T20:09:26.858936,7326.0,1347.0,1257229
2025-07-07T20:09:28.011507,7344.0,1348.0,1272465
2025-07-07T20:09:29.164079,7308.0,1347.0,1287695
2025-07-07T20:09:30.316888,7344.0,1347.0,1302922
2025-07-07T20:09:31.470643,7308.0,1347.0,1318153
2025-07-07T20:09:32.623326,7344.0,1348.0,1333386
2025-07-07T20:09:33.776145,7326.0,1347.0,1348617
2025-07-07T20:09:34.928780,7344.0,1348.0,1363850
2025-07-07T20:09:36.081548,7326.0,1347.0,1379082
2025-07-07T20:09:37.234206,7344.0,1347.0,1394311
2025-07-07T20:09:38.387950,7326.0,1347.0,1409535
2025-07-07T20:09:39.540517,7344.0,1347.0,1424761
2025-07-07T20:09:40.693294,7326.0,1348.0,1439996
2025-07-07T20:09:41.845939,7344.0,1348.0,1455236
2025-07-07T20:09:42.998742,7326.0,1348.0,1470478
2025-07-07T20:09:44.151394,7344.0,1348.0,1485721
2025-07-07T20:09:45.304024,7326.0,1348.0,1500964
2025-07-07T20:09:46.457751,7344.0,1349.0,1516208
2025-07-07T20:09:47.610501,7326.0,1348.0,1531449
2025-07-07T20:09:48.763266,7344.0,1348.0,1546690
2025-07-07T20:09:49.916043,7326.0,1348.0,1561932
2025-07-07T20:09:51.068625,7344.0,1349.0,1577176
2025-07-07T20:09:52.221426,7326.0,1348.0,1592414
2025-07-07T20:09:53.375149,7344.0,1348.0,1607650
2025-07-07T20:09:54.527928,7326.0,1348.0,1622887
2025-07-07T20:09:55.680556,7344.0,1348.0,1638125
2025-07-07T20:09:56.833259,7326.0,1348.0,1653362
2025-07-07T20:09:57.986012,7362.0,1348.0,1668596
2025-07-07T20:09:59.138784,7326.0,1348.0,1683833
2025-07-07T20:10:00.291486,7362.0,1348.0,1699070
2025-07-07T20:10:01.445139,7344.0,1348.0,1714308
2025-07-07T20:10:02.597880,7362.0,1348.0,1729546
2025-07-07T20:10:03.750523,7326.0,1348.0,1744785
2025-07-07T20:10:04.903252,7362.0,1348.0,1760026
2025-07-07T20:10:06.056062,7326.0,1348.0,1775267
2025-07-07T20:10:07.208738,7362.0,1348.0,1790510
2025-07-07T20:10:08.361407,7344.0,1348.0,1805753
2025-07-07T20:10:09.515161,7362.0,1349.0,1820998
2025-07-07T20:10:10.667789,7344.0,1349.0,1836243
2025-07-07T20:10:11.820562,7362.0,1349.0,1851489
2025-07-07T20:10:12.973188,7344.0,1349.0,1866737
2025-07-07T20:10:14.125883,7362.0,1349.0,1881987
2025-07-07T20:10:15.278660,7326.0,1349.0,1897232
2025-07-07T20:10:16.432450,7362.0,1348.0,1912475
2025-07-07T20:10:17.584992,7326.0,1349.0,1927720
2025-07-07T20:10:18.737716,7362.0,1349.0,1942966
2025-07-07T20:10:19.890470,7344.0,1349.0,1958211
2025-07-07T20:10:21.043199,7362.0,1349.0,1973460
2025-07-07T20:10:22.195894,7326.0,1349.0,1988707
2025-07-07T20:10:23.348525,7362.0,1349.0,2003956
2025-07-07T20:10:24.502267,7326.0,1349.0,2019205
2025-07-07T20:10:25.655042,7362.0,1349.0,2034457
2025-07-07T20:10:26.807729,7344.0,1349.0,2049710
2025-07-07T20:10:27.960501,7362.0,1349.0,2064959
2025-07-07T20:10:29.113091,7326.0,1349.0,2080210
2025-07-07T20:10:30.265833,7362.0,1349.0,2095460
2025-07-07T20:10:31.419660,7344.0,1349.0,2110708
2025-07-07T20:10:32.572302,7362.0,1349.0,2125955
2025-07-07T20:10:33.725014,7326.0,1349.0,2141201
2025-07-07T20:10:34.877653,7362.0,1349.0,2156445
2025-07-07T20:10:36.030462,7326.0,1349.0,2171690
2025-07-07T20:10:37.183232,7362.0,1349.0,2186935
2025-07-07T20:10:38.335831,7344.0,1349.0,2202179
2025-07-07T20:10:39.489446,7362.0,1349.0,2217426
2025-07-07T20:10:40.642280,7344.0,1349.0,2232676
2025-07-07T20:10:41.794921,7362.0,1349.0,2247927
2025-07-07T20:10:42.947714,7344.0,1349.0,2263179
2025-07-07T20:10:44.100344,7362.0,1349.0,2278431
2025-07-07T20:10:45.252957,7344.0,1349.0,2293684
2025-07-07T20:10:46.405810,7362.0,1349.0,2308933
2025-07-07T20:10:47.559492,7344.0,1349.0,2324182
2025-07-07T20:10:48.712127,7380.0,1349.0,2339434
2025-07-07T20:10:49.864868,7344.0,1349.0,2354686
2025-07-07T20:10:51.017596,7380.0,1349.0,2369939
2025-07-07T20:10:52.170425,7344.0,1349.0,2385192
2025-07-07T20:10:53.322948,7362.0,1350.0,2400447
2025-07-07T20:10:54.476788,7344.0,1350.0,2415702
2025-07-07T20:10:55.629493,7362.0,1350.0,2430958
2025-07-07T20:10:56.782208,7344.0,1350.0,2446217
2025-07-07T20:10:57.934920,7362.0,1350.0,2461477
2025-07-07T20:10:59.087683,7362.0,1350.0,2476736
2025-07-07T20:11:00.240216,7380.0,1350.0,2491996
2025-07-07T20:11:01.392906,7344.0,1350.0,2507258
2025-07-07T20:11:02.546803,7362.0,1350.0,2522519
2025-07-07T20:11:03.699454,7344.0,1350.0,2537781
2025-07-07T20:11:04.852051,7362.0,1350.0,2553046
2025-07-07T20:11:06.004835,7344.0,1351.0,2568313
2025-07-07T20:11:07.157558,7380.0,1351.0,2583580
2025-07-07T20:11:08.310407,7344.0,1351.0,2598848
2025-07-07T20:11:09.464043,7362.0,1351.0,2614118
2025-07-07T20:11:10.616687,7344.0,1351.0,2629386
2025-07-07T20:11:11.769439,7362.0,1351.0,2644654
2025-07-07T20:11:12.922146,7344.0,1350.0,2659919
2025-07-07T20:11:14.074874,7380.0,1350.0,2675185
2025-07-07T20:11:15.227461,7344.0,1350.0,2690448
2025-07-07T20:11:16.380345,7380.0,1350.0,2705713
2025-07-07T20:11:17.533974,7344.0,1350.0,2720976
2025-07-07T20:11:18.686720,7380.0,1350.0,2736241
2025-07-07T20:11:19.839402,7362.0,1350.0,2751503
2025-07-07T20:11:20.992164,7362.0,1350.0,2766767
2025-07-07T20:11:22.144866,7344.0,1350.0,2782031
2025-07-07T20:11:23.297573,7380.0,1350.0,2797295
2025-07-07T20:11:24.451303,7362.0,1350.0,2812560
2025-07-07T20:11:25.603951,7380.0,1351.0,2827827
2025-07-07T20:11:26.756724,7362.0,1351.0,2843096
2025-07-07T20:11:27.909399,7380.0,1351.0,2858365
2025-07-07T20:11:29.062029,7362.0,1351.0,2873635
2025-07-07T20:11:30.214820,7380.0,1351.0,2888906
2025-07-07T20:11:31.367503,7362.0,1351.0,2904178
2025-07-07T20:11:32.521158,7380.0,1351.0,2919452
2025-07-07T20:11:33.673944,7362.0,1351.0,2934724
2025-07-07T20:11:34.826591,7380.0,1351.0,2949998
2025-07-07T20:11:35.979393,7362.0,1351.0,2965269
2025-07-07T20:11:37.132045,7380.0,1351.0,2980542
2025-07-07T20:11:38.284835,7362.0,1351.0,2995815
2025-07-07T20:11:39.437426,7380.0,1351.0,3011089
2025-07-07T20:11:40.591349,7362.0,1351.0,3026365
2025-07-07T20:11:41.743898,7380.0,1351.0,3041641
2025-07-07T20:11:42.896779,7362.0,1351.0,3056917
2025-07-07T20:11:44.049276,7380.0,1351.0,3072192
2025-07-07T20:11:45.202090,7362.0,1351.0,3087469
2025-07-07T20:11:46.354798,7380.0,1351.0,3102745
2025-07-07T20:11:47.508565,7362.0,1351.0,3118022
2025-07-07T20:11:48.661123,7380.0,1352.0,3133302
2025-07-07T20:11:49.813950,7344.0,1352.0,3148581
2025-07-07T20:11:50.966612,7380.0,1351.0,3163858
2025-07-07T20:11:52.119329,7362.0,1352.0,3179136
2025-07-07T20:11:53.271965,7380.0,1352.0,3194416
2025-07-07T20:11:54.424647,7362.0,1352.0,3209698
2025-07-07T20:11:55.578447,7398.0,1352.0,3224978
2025-07-07T20:11:56.731148,7362.0,1352.0,3240259
2025-07-07T20:11:57.883897,7398.0,1352.0,3255539
2025-07-07T20:11:59.036529,7362.0,1352.0,3270817
2025-07-07T20:12:00.189333,7380.0,1352.0,3286098
2025-07-07T20:12:01.341997,7362.0,1352.0,3301379
2025-07-07T20:12:02.495669,7398.0,1352.0,3316661
2025-07-07T20:12:03.648406,7380.0,1352.0,3331943
2025-07-07T20:12:04.801075,7380.0,1352.0,3347226
2025-07-07T20:12:05.953805,7380.0,1352.0,3362509
2025-07-07T20:12:07.106522,7398.0,1352.0,3377795
2025-07-07T20:12:08.259317,7362.0,1352.0,3393081
2025-07-07T20:12:09.411945,7398.0,1353.0,3408370
2025-07-07T20:12:10.565621,7380.0,1352.0,3423658
2025-07-07T20:12:11.718495,7398.0,1352.0,3438945
2025-07-07T20:12:12.871117,7380.0,1352.0,3454233
2025-07-07T20:12:14.023836,7398.0,1352.0,3469521
2025-07-07T20:12:15.176490,7380.0,1352.0,3484809
2025-07-07T20:12:16.329285,7398.0,1352.0,3500097
2025-07-07T20:12:17.482918,7362.0,1352.0,3515385
2025-07-07T20:12:18.635680,7398.0,1352.0,3530672
2025-07-07T20:12:19.788353,7380.0,1352.0,3545959
2025-07-07T20:12:20.941141,7398.0,1352.0,3561247
2025-07-07T20:12:22.093765,7380.0,1352.0,3576535
2025-07-07T20:12:23.246497,7398.0,1353.0,3591825
2025-07-07T20:12:24.399120,7380.0,1353.0,3607115
2025-07-07T20:12:25.552932,7398.0,1353.0,3622405
2025-07-07T20:12:26.705665,7380.0,1353.0,3637696
2025-07-07T20:12:27.858353,7398.0,1353.0,3652988
2025-07-07T20:12:29.011091,7380.0,1353.0,3668279
2025-07-07T20:12:30.163820,7398.0,1353.0,3683571
2025-07-07T20:12:31.316485,7380.0,1353.0,3698863
2025-07-07T20:12:32.469277,7416.0,1353.0,3714155
2025-07-07T20:12:33.622892,7380.0,1353.0,3729447
2025-07-07T20:12:34.775558,7416.0,1353.0,3744738
2025-07-07T20:12:35.928204,7380.0,1353.0,3760030
2025-07-07T20:12:37.080997,7398.0,1353.0,3775323
2025-07-07T20:12:38.233857,7380.0,1353.0,3790616
2025-07-07T20:12:39.386402,7398.0,1353.0,3805909
2025-07-07T20:12:40.540248,7380.0,1353.0,3821203
2025-07-07T20:12:41.692916,7398.0,1353.0,3836495
2025-07-07T20:12:42.845592,7380.0,1353.0,3851787
2025-07-07T20:12:43.998125,7398.0,1353.0,3867080
2025-07-07T20:12:45.151001,7380.0,1353.0,3882373
2025-07-07T20:12:46.303720,7416.0,1353.0,3897666
2025-07-07T20:12:47.456548,7380.0,1353.0,3912958
2025-07-07T20:12:48.610155,7398.0,1353.0,3928251
2025-07-07T20:12:49.762903,7380.0,1353.0,3943543
2025-07-07T20:12:50.915583,7416.0,1353.0,3958836
2025-07-07T20:12:52.068221,7380.0,1353.0,3974131
2025-07-07T20:12:53.220963,7416.0,1353.0,3989425
2025-07-07T20:12:54.373642,7380.0,1353.0,4004719
2025-07-07T20:12:55.527458,7416.0,1353.0,4020013
2025-07-07T20:12:56.680080,7380.0,1353.0,4035306
2025-07-07T20:12:57.832768,7398.0,1353.0,4050598
2025-07-07T20:12:58.985513,7380.0,1353.0,4065889
2025-07-07T20:13:00.138145,7398.0,1353.0,4081180
2025-07-07T20:13:01.291007,7398.0,1353.0,4096472
2025-07-07T20:13:02.443703,7416.0,1353.0,4111765
2025-07-07T20:13:03.597350,7380.0,1353.0,4127059
2025-07-07T20:13:04.750088,7416.0,1353.0,4142351
2025-07-07T20:13:05.902745,7380.0,1353.0,4157640
2025-07-07T20:13:07.055538,7416.0,1353.0,4172930
2025-07-07T20:13:08.208167,7380.0,1353.0,4188221
2025-07-07T20:13:09.360831,7398.0,1353.0,4203511
2025-07-07T20:13:10.513626,7380.0,1353.0,4218801
2025-07-07T20:13:11.667407,7416.0,1353.0,4234090
2025-07-07T20:13:12.820071,7398.0,1353.0,4249380
2025-07-07T20:13:13.972822,7416.0,1353.0,4264671
2025-07-07T20:13:15.125449,7398.0,1353.0,4279964
2025-07-07T20:13:16.278173,7416.0,1353.0,4295256
2025-07-07T20:13:17.430899,7380.0,1353.0,4310548
2025-07-07T20:13:18.584570,7416.0,1353.0,4325838
2025-07-07T20:13:19.737300,7380.0,1353.0,4341128
2025-07-07T20:13:20.890048,7416.0,1353.0,4356417
2025-07-07T20:13:22.042692,7398.0,1353.0,4371706
2025-07-07T20:13:23.195471,7416.0,1353.0,4386995
2025-07-07T20:13:24.348127,7380.0,1353.0,4402286
2025-07-07T20:13:25.500925,7416.0,1353.0,4417577
2025-07-07T20:13:26.654624,7398.0,1353.0,4432867
2025-07-07T20:13:27.807170,7416.0,1353.0,4448157
2025-07-07T20:13:28.959970,7398.0,1353.0,4463446
2025-07-07T20:13:30.112709,7416.0,1353.0,4478735
2025-07-07T20:13:31.265415,7398.0,1353.0,4494025
2025-07-07T20:13:32.418200,7416.0,1353.0,4509315
2025-07-07T20:13:33.571844,7380.0,1352.0,4524603
2025-07-07T20:13:34.724574,7416.0,1352.0,4539891
2025-07-07T20:13:35.877347,7380.0,1352.0,4555178
2025-07-07T20:13:37.029939,7416.0,1352.0,4570465
2025-07-07T20:13:38.182594,7398.0,1352.0,4585753
2025-07-07T20:13:39.335361,7416.0,1353.0,4601042
2025-07-07T20:13:40.488035,7398.0,1353.0,4616331
2025-07-07T20:13:41.641871,7416.0,1353.0,4631620
2025-07-07T20:13:42.794605,7398.0,1353.0,4646909
2025-07-07T20:13:43.947336,7416.0,1353.0,4662199
2025-07-07T20:13:45.100041,7398.0,1353.0,4677489
2025-07-07T20:13:46.252781,7416.0,1353.0,4692780
2025-07-07T20:13:47.405416,7398.0,1353.0,4708069
2025-07-07T20:13:48.559042,7416.0,1353.0,4723361
2025-07-07T20:13:49.711756,7398.0,1353.0,4738651
2025-07-07T20:13:50.864606,7416.0,1353.0,4753940
2025-07-07T20:13:52.017287,7398.0,1353.0,4769230
2025-07-07T20:13:53.169957,7416.0,1353.0,4784521
2025-07-07T20:13:54.322716,7398.0,1353.0,4799811
2025-07-07T20:13:55.475366,7416.0,1353.0,4815103
2025-07-07T20:13:56.629054,7398.0,1353.0,4830394
2025-07-07T20:13:57.781819,7416.0,1353.0,4845685
2025-07-07T20:13:58.934513,7398.0,1353.0,4860976
2025-07-07T20:14:00.087245,7416.0,1353.0,4876268
2025-07-07T20:14:01.239917,7380.0,1353.0,4891562
2025-07-07T20:14:02.392589,7416.0,1353.0,4906858
2025-07-07T20:14:03.545347,7398.0,1353.0,4922152
2025-07-07T20:14:04.698989,7434.0,1353.0,4937447
2025-07-07T20:14:05.851748,7398.0,1353.0,4952741
2025-07-07T20:14:07.004528,7416.0,1353.0,4968034
2025-07-07T20:14:08.157180,7398.0,1353.0,4983325
2025-07-07T20:14:09.309973,7416.0,1353.0,4998615
2025-07-07T20:14:10.462573,7398.0,1352.0,5013902
2025-07-07T20:14:11.616430,7416.0,1352.0,5029189
2025-07-07T20:14:12.768997,7398.0,1352.0,5044473
2025-07-07T20:14:13.921786,7416.0,1352.0,5059756
2025-07-07T20:14:15.074439,7398.0,1352.0,5075035
2025-07-07T20:14:16.227203,7434.0,1352.0,5090313
2025-07-07T20:14:17.379871,7398.0,1352.0,5105592
2025-07-07T20:14:18.532613,7416.0,1352.0,5120872
2025-07-07T20:14:19.686317,7398.0,1352.0,5136152
2025-07-07T20:14:20.838875,7416.0,1352.0,5151430
2025-07-07T20:14:21.991733,7416.0,1351.0,5166707
2025-07-07T20:14:23.144491,7434.0,1351.0,5181983
2025-07-07T20:14:24.297143,7398.0,1351.0,5197260
2025-07-07T20:14:25.449945,7434.0,1352.0,5212538
2025-07-07T20:14:26.603584,7398.0,1352.0,5227819
2025-07-07T20:14:27.756155,7416.0,1352.0,5243101
2025-07-07T20:14:28.909009,7398.0,1352.0,5258384
2025-07-07T20:14:30.061654,7416.0,1352.0,5273668
2025-07-07T20:14:31.214442,7398.0,1352.0,5288949
2025-07-07T20:14:32.367140,7416.0,1351.0,5304226
2025-07-07T20:14:33.519839,7344.0,1122.0,5316912
2025-07-07T20:14:34.673540,7362.0,1044.0,5328719
2025-07-07T20:14:35.826312,7344.0,1061.0,5340716
2025-07-07T20:14:36.978928,7362.0,1058.0,5352672
2025-07-07T20:14:38.131710,7344.0,1057.0,5364622
2025-07-07T20:14:39.284398,7362.0,1056.0,5376564
2025-07-07T20:14:40.437112,7344.0,1056.0,5388503
2025-07-07T20:14:41.590844,7362.0,1043.0,5400292
2025-07-07T20:14:42.743614,7344.0,1032.0,5411957
2025-07-07T20:14:43.896210,7362.0,1031.0,5423618
2025-07-07T20:14:45.048890,7344.0,1031.0,5435274
2025-07-07T20:14:46.201623,7362.0,1031.0,5446928
2025-07-07T20:14:47.354416,7344.0,1031.0,5458579
2025-07-07T20:14:48.507069,7362.0,1030.0,5470226
2025-07-07T20:14:49.660927,7344.0,1030.0,5481872
2025-07-07T20:14:50.813559,7398.0,1125.0,5494589
2025-07-07T20:14:51.966141,7380.0,1267.0,5508911
2025-07-07T20:14:53.118979,7434.0,1384.0,5524560
2025-07-07T20:14:54.271685,7416.0,1389.0,5540265
2025-07-07T20:14:55.424344,7434.0,1391.0,5555992
2025-07-07T20:14:56.577103,7416.0,1392.0,5571730
2025-07-07T20:14:57.730787,7434.0,1393.0,5587478
2025-07-07T20:14:58.883482,7416.0,1393.0,5603230
2025-07-07T20:15:00.036217,7434.0,1394.0,5618984
2025-07-07T20:15:01.188793,7416.0,1395.0,5634754
2025-07-07T20:15:02.341652,7434.0,1396.0,5650530
2025-07-07T20:15:03.494420,7416.0,1396.0,5666312
2025-07-07T20:15:04.648094,7434.0,1397.0,5682103
2025-07-07T20:15:05.800727,7416.0,1397.0,5697900
2025-07-07T20:15:06.953522,7434.0,1398.0,5713704
2025-07-07T20:15:08.106152,7416.0,1398.0,5729502
2025-07-07T20:15:09.258933,7434.0,1397.0,5745297
2025-07-07T20:15:10.411518,7416.0,1397.0,5761090
2025-07-07T20:15:11.564220,7434.0,1398.0,5776892
2025-07-07T20:15:12.718063,7416.0,1398.0,5792690
2025-07-07T20:15:13.870738,7434.0,1397.0,5808479
2025-07-07T20:15:15.023442,7416.0,1396.0,5824263
2025-07-07T20:15:16.176187,7434.0,1396.0,5840039
2025-07-07T20:15:17.328807,7416.0,1396.0,5855815
2025-07-07T20:15:18.481684,7434.0,1396.0,5871591
2025-07-07T20:15:19.635225,7416.0,1395.0,5887362
2025-07-07T20:15:20.787947,7434.0,1396.0,5903138
2025-07-07T20:15:21.940645,7416.0,1395.0,5918911
2025-07-07T20:15:23.093361,7434.0,1395.0,5934683
2025-07-07T20:15:24.246124,7416.0,1396.0,5950459
2025-07-07T20:15:25.398808,7434.0,1396.0,5966235
2025-07-07T20:15:26.551658,7434.0,1396.0,5982016
2025-07-07T20:15:27.705263,7434.0,1395.0,5997790
2025-07-07T20:15:28.858007,7434.0,1396.0,6013569
2025-07-07T20:15:30.010705,7434.0,1396.0,6029352
2025-07-07T20:15:31.163426,7434.0,1396.0,6045137
2025-07-07T20:15:32.316182,7434.0,1396.0,6060920
2025-07-07T20:15:33.468872,7416.0,1396.0,6076705
2025-07-07T20:15:34.621469,7434.0,1396.0,6092487
2025-07-07T20:15:35.775236,7434.0,1396.0,6108268
2025-07-07T20:15:36.927803,7434.0,1396.0,6124054
2025-07-07T20:15:38.080599,7434.0,1396.0,6139837
2025-07-07T20:15:39.233243,7434.0,1396.0,6155622
2025-07-07T20:15:40.385997,7416.0,1397.0,6171409
2025-07-07T20:15:41.538655,7434.0,1397.0,6187198
2025-07-07T20:15:42.692341,7416.0,1396.0,6202974
2025-07-07T20:15:43.845157,7434.0,1395.0,6218741
2025-07-07T20:15:44.998018,7416.0,1395.0,6234508
2025-07-07T20:15:46.150613,7434.0,1395.0,6250273
2025-07-07T20:15:47.303255,7434.0,1394.0,6266027
2025-07-07T20:15:48.456004,7434.0,1392.0,6281765
2025-07-07T20:15:49.608641,7434.0,1391.0,6297489
2025-07-07T20:15:50.762271,7434.0,1391.0,6313212
2025-07-07T20:15:51.915173,7434.0,1390.0,6328925
2025-07-07T20:15:53.067795,7434.0,1390.0,6344640
2025-07-07T20:15:54.220427,7416.0,1391.0,6360359
2025-07-07T20:15:55.373201,7434.0,1391.0,6376078
2025-07-07T20:15:56.525983,7434.0,1389.0,6391784
2025-07-07T20:15:57.679679,7434.0,1389.0,6407485
2025-07-07T20:15:58.832298,7416.0,1389.0,6423184
2025-07-07T20:15:59.985200,7434.0,1388.0,6438878
2025-07-07T20:16:01.137756,7434.0,1388.0,6454563
2025-07-07T20:16:02.290405,7434.0,1388.0,6470256
2025-07-07T20:16:03.443272,7434.0,1387.0,6485940
2025-07-07T20:16:04.595812,7434.0,1387.0,6501617
2025-07-07T20:16:05.749582,7434.0,1387.0,6517293
2025-07-07T20:16:06.902434,7434.0,1387.0,6532974
2025-07-07T20:16:08.054974,7434.0,1387.0,6548654
2025-07-07T20:16:09.207717,7434.0,1387.0,6564330
2025-07-07T20:16:10.360504,7434.0,1386.0,6580003
2025-07-07T20:16:11.513201,7434.0,1387.0,6595679
2025-07-07T20:16:12.666832,7434.0,1386.0,6611349
2025-07-07T20:16:13.819600,7434.0,1386.0,6627019
2025-07-07T20:16:14.972439,7434.0,1386.0,6642685
2025-07-07T20:16:16.125074,7434.0,1385.0,6658346
2025-07-07T20:16:17.277739,7434.0,1385.0,6674004
2025-07-07T20:16:18.430648,7434.0,1385.0,6689662
2025-07-07T20:16:19.583189,7434.0,1385.0,6705317
2025-07-07T20:16:20.736866,7434.0,1385.0,6720970
2025-07-07T20:16:21.891515,7434.0,1384.0,6736616
2025-07-07T20:16:23.042287,7434.0,1384.0,6752256
2025-07-07T20:16:24.194951,7434.0,1383.0,6767891
2025-07-07T20:16:25.347672,7452.0,1383.0,6783523
2025-07-07T20:16:26.500468,7434.0,1383.0,6799152
2025-07-07T20:16:27.653246,7434.0,1382.0,6814777
2025-07-07T20:16:28.806785,7434.0,1383.0,6830405
2025-07-07T20:16:29.959623,7434.0,1383.0,6846037
2025-07-07T20:16:31.112375,7434.0,1383.0,6861666
2025-07-07T20:16:32.264992,7434.0,1382.0,6877291
2025-07-07T20:16:33.417681,7434.0,1382.0,6892912
2025-07-07T20:16:34.570482,7434.0,1382.0,6908533
2025-07-07T20:16:35.724291,7434.0,1382.0,6924156
2025-07-07T20:16:36.876752,7434.0,1382.0,6939773
2025-07-07T20:16:38.029542,7434.0,1381.0,6955386
2025-07-07T20:16:39.182304,7434.0,1381.0,6970994
2025-07-07T20:16:40.335008,7416.0,1381.0,6986600
2025-07-07T20:16:41.487720,7434.0,1381.0,7002213
2025-07-07T20:16:42.640388,7434.0,1381.0,7017824
2025-07-07T20:16:43.794100,7434.0,1381.0,7033440
2025-07-07T20:16:44.946872,7434.0,1381.0,7049056
2025-07-07T20:16:46.099561,7452.0,1382.0,7064676
2025-07-07T20:16:47.252400,7434.0,1381.0,7080287
2025-07-07T20:16:48.405028,7434.0,1381.0,7095893
2025-07-07T20:16:49.557703,7434.0,1380.0,7111496
2025-07-07T20:16:50.711474,7452.0,1380.0,7127101
2025-07-07T20:16:51.864098,7434.0,1380.0,7142704
2025-07-07T20:16:53.016886,7434.0,1380.0,7158304
2025-07-07T20:16:54.169484,7434.0,1380.0,7173903
2025-07-07T20:16:55.322260,7452.0,1380.0,7189497
2025-07-07T20:16:56.475102,7434.0,1380.0,7205091
2025-07-07T20:16:57.627659,7434.0,1380.0,7220685
2025-07-07T20:16:58.781450,7434.0,1380.0,7236281
2025-07-07T20:16:59.934143,7434.0,1379.0,7251873
2025-07-07T20:17:01.086882,7434.0,1378.0,7267453
2025-07-07T20:17:02.239578,7452.0,1379.0,7283037
2025-07-07T20:17:03.392212,7434.0,1378.0,7298617
2025-07-07T20:17:04.545060,7452.0,1377.0,7314187
2025-07-07T20:17:05.698607,7434.0,1378.0,7329761
2025-07-07T20:17:06.851385,7434.0,1377.0,7345330
2025-07-07T20:17:08.004100,7434.0,1376.0,7360888
2025-07-07T20:17:09.156826,7452.0,1376.0,7376437
2025-07-07T20:17:10.309481,7434.0,1375.0,7391979
2025-07-07T20:17:11.462274,7452.0,1375.0,7407517
2025-07-07T20:17:12.614902,7434.0,1375.0,7423058
2025-07-07T20:17:13.768605,7452.0,1375.0,7438601
2025-07-07T20:17:14.921383,7434.0,1375.0,7454144
2025-07-07T20:17:16.074031,7452.0,1375.0,7469685
2025-07-07T20:17:17.226784,7434.0,1375.0,7485225
2025-07-07T20:17:18.379611,7452.0,1375.0,7500766
2025-07-07T20:17:19.532094,7434.0,1375.0,7516308
2025-07-07T20:17:20.685037,7452.0,1375.0,7531847
2025-07-07T20:17:21.838643,7434.0,1375.0,7547392
2025-07-07T20:17:22.991294,7452.0,1375.0,7562934
2025-07-07T20:17:24.144097,7434.0,1374.0,7578469
2025-07-07T20:17:25.296729,7452.0,1374.0,7593999
2025-07-07T20:17:26.449457,7434.0,1373.0,7609522
2025-07-07T20:17:27.602250,7452.0,1373.0,7625045
2025-07-07T20:17:28.755945,7434.0,1373.0,7640570
2025-07-07T20:17:29.908631,7452.0,1374.0,7656097
2025-07-07T20:17:31.061315,7434.0,1374.0,7671624
2025-07-07T20:17:32.214031,7452.0,1374.0,7687154
2025-07-07T20:17:33.366801,7434.0,1374.0,7702685
2025-07-07T20:17:34.519284,7452.0,1374.0,7718212
2025-07-07T20:17:35.672072,7434.0,1373.0,7733736
2025-07-07T20:17:36.825923,7452.0,1373.0,7749261
2025-07-07T20:17:37.978694,7434.0,1372.0,7764775
2025-07-07T20:17:39.131289,7452.0,1372.0,7780289
2025-07-07T20:17:40.284058,7434.0,1373.0,7795806
2025-07-07T20:17:41.436686,7452.0,1373.0,7811327
2025-07-07T20:17:42.589496,7434.0,1373.0,7826844
2025-07-07T20:17:43.743023,7452.0,1373.0,7842369
2025-07-07T20:17:44.895794,7434.0,1374.0,7857897
2025-07-07T20:17:46.048439,7452.0,1373.0,7873423
2025-07-07T20:17:47.201112,7434.0,1373.0,7888946
2025-07-07T20:17:48.354014,7452.0,1372.0,7904455
2025-07-07T20:17:49.506732,7434.0,1371.0,7919956
2025-07-07T20:17:50.659350,7470.0,1371.0,7935458
2025-07-07T20:17:51.813098,7434.0,1371.0,7950956
2025-07-07T20:17:52.965863,7452.0,1372.0,7966462
2025-07-07T20:17:54.118529,7434.0,1372.0,7981972
2025-07-07T20:17:55.271221,7470.0,1373.0,7997489
2025-07-07T20:17:56.423839,7434.0,1372.0,8013000
2025-07-07T20:17:57.576674,7452.0,1371.0,8028501
2025-07-07T20:17:58.729359,7434.0,1371.0,8044002
2025-07-07T20:17:59.883155,7452.0,1372.0,8059507
2025-07-07T20:18:01.035805,7434.0,1371.0,8075009
2025-07-07T20:18:02.188522,7452.0,1373.0,8090524
2025-07-07T20:18:03.341124,7434.0,1372.0,8106033
2025-07-07T20:18:04.494077,7452.0,1371.0,8121530
2025-07-07T20:18:05.646714,7434.0,1372.0,8137034
2025-07-07T20:18:06.800287,7452.0,1371.0,8152532
2025-07-07T20:18:07.953070,7434.0,1371.0,8168028
2025-07-07T20:18:09.105812,7452.0,1370.0,8183515
2025-07-07T20:18:10.258463,7434.0,1369.0,8198991
2025-07-07T20:18:11.411245,7452.0,1369.0,8214463
2025-07-07T20:18:12.563858,7434.0,1368.0,8229930
2025-07-07T20:18:13.716677,7452.0,1369.0,8245401
2025-07-07T20:18:14.870367,7434.0,1370.0,8260883
2025-07-07T20:18:16.023028,7452.0,1370.0,8276365
2025-07-07T20:18:17.175760,7434.0,1370.0,8291846
2025-07-07T20:18:18.328431,7452.0,1370.0,8307338
2025-07-07T20:18:19.481253,7434.0,1371.0,8322835
2025-07-07T20:18:20.634005,7470.0,1370.0,8338324
2025-07-07T20:18:21.787640,7434.0,1370.0,8353811
2025-07-07T20:18:22.940286,7452.0,1369.0,8369288
2025-07-07T20:18:24.092915,7434.0,1369.0,8384758
2025-07-07T20:18:25.245681,7452.0,1368.0,8400220
2025-07-07T20:18:26.398440,7434.0,1367.0,8415675
2025-07-07T20:18:27.551089,7470.0,1366.0,8431122
2025-07-07T20:18:28.703880,7434.0,1365.0,8446553
2025-07-07T20:18:29.857546,7452.0,1364.0,8461977
2025-07-07T20:18:31.010340,7434.0,1364.0,8477400
2025-07-07T20:18:32.162832,7452.0,1364.0,8492819
2025-07-07T20:18:33.315847,7434.0,1364.0,8508233
2025-07-07T20:18:34.468460,7470.0,1363.0,8523640
2025-07-07T20:18:35.621133,7434.0,1363.0,8539048
2025-07-07T20:18:36.774878,7452.0,1363.0,8554451
2025-07-07T20:18:37.927538,7434.0,1362.0,8569852
2025-07-07T20:18:39.080280,7452.0,1363.0,8585254
2025-07-07T20:18:40.232918,7434.0,1363.0,8600658
2025-07-07T20:18:41.385755,7452.0,1362.0,8616055
2025-07-07T20:18:42.538470,7434.0,1361.0,8631445
2025-07-07T20:18:43.691070,7452.0,1361.0,8646830
2025-07-07T20:18:44.844735,7434.0,1360.0,8662208
2025-07-07T20:18:45.997555,7470.0,1360.0,8677586
2025-07-07T20:18:47.150249,7434.0,1360.0,8692961
2025-07-07T20:18:48.302954,7452.0,1361.0,8708341
2025-07-07T20:18:49.455628,7452.0,1361.0,8723722
2025-07-07T20:18:50.608384,7470.0,1362.0,8739113
2025-07-07T20:18:51.761158,7434.0,1362.0,8754506
2025-07-07T20:18:52.914895,7452.0,1361.0,8769888
2025-07-07T20:18:54.067504,7434.0,1360.0,8785258
2025-07-07T20:18:55.220219,7470.0,1359.0,8800624
2025-07-07T20:18:56.372918,7434.0,1358.0,8815978
2025-07-07T20:18:57.525688,7452.0,1359.0,8831337
2025-07-07T20:18:58.678335,7434.0,1359.0,8846696
2025-07-07T20:18:59.832126,7470.0,1358.0,8862047
2025-07-07T20:19:00.984849,7434.0,1358.0,8877402
2025-07-07T20:19:02.137634,7452.0,1358.0,8892751
2025-07-07T20:19:03.290148,7434.0,1357.0,8908092
2025-07-07T20:19:04.442919,7470.0,1358.0,8923440
2025-07-07T20:19:05.595529,7434.0,1357.0,8938779
2025-07-07T20:19:06.748348,7470.0,1356.0,8954107
2025-07-07T20:19:07.902179,7434.0,1356.0,8969433
2025-07-07T20:19:09.054691,7470.0,1355.0,8984752
2025-07-07T20:19:10.207457,7434.0,1354.0,9000063
2025-07-07T20:19:11.360284,7470.0,1354.0,9015373
2025-07-07T20:19:12.512903,7452.0,1354.0,9030683
2025-07-07T20:19:13.665577,7470.0,1354.0,9045986
2025-07-07T20:19:14.819356,7434.0,1353.0,9061282
2025-07-07T20:19:15.972095,7470.0,1353.0,9076575
2025-07-07T20:19:17.124746,7434.0,1353.0,9091868
2025-07-07T20:19:18.277306,7470.0,1352.0,9107152
2025-07-07T20:19:19.430141,7452.0,1352.0,9122432
2025-07-07T20:19:20.582918,7470.0,1352.0,9137710
2025-07-07T20:19:21.735518,7452.0,1352.0,9152989
2025-07-07T20:19:22.889295,7470.0,1351.0,9168266
2025-07-07T20:19:24.042003,7452.0,1352.0,9183549
2025-07-07T20:19:25.194685,7470.0,1352.0,9198835
2025-07-07T20:19:26.347485,7452.0,1352.0,9214118
2025-07-07T20:19:27.500079,7470.0,1351.0,9229393
2025-07-07T20:19:28.652872,7452.0,1351.0,9244669
2025-07-07T20:19:29.806513,7470.0,1351.0,9259944
2025-07-07T20:19:30.959436,7434.0,1350.0,9275207
2025-07-07T20:19:32.112007,7470.0,1349.0,9290453
2025-07-07T20:19:33.264701,7452.0,1349.0,9305700
2025-07-07T20:19:34.417416,7470.0,1349.0,9320948
2025-07-07T20:19:35.570121,7452.0,1349.0,9336199
2025-07-07T20:19:36.722829,7470.0,1349.0,9351451
2025-07-07T20:19:37.876533,7452.0,1350.0,9366707
2025-07-07T20:19:39.029282,7470.0,1349.0,9381959
2025-07-07T20:19:40.181922,7452.0,1349.0,9397205
2025-07-07T20:19:41.334654,7470.0,1348.0,9412439
2025-07-07T20:19:42.487490,7452.0,1347.0,9427664
2025-07-07T20:19:43.640103,7470.0,1346.0,9442884
2025-07-07T20:19:44.792863,7452.0,1346.0,9458105
2025-07-07T20:19:45.946568,7452.0,1346.0,9473325
2025-07-07T20:19:47.099166,7452.0,1346.0,9488538
2025-07-07T20:19:48.251999,7470.0,1346.0,9503753
2025-07-07T20:19:49.404518,7452.0,1346.0,9518970
2025-07-07T20:19:50.557329,7470.0,1346.0,9534181
2025-07-07T20:19:51.710170,7452.0,1346.0,9549401
2025-07-07T20:19:52.863818,7470.0,1346.0,9564620
2025-07-07T20:19:54.016469,7452.0,1346.0,9579832
2025-07-07T20:19:55.169237,7470.0,1345.0,9595040
2025-07-07T20:19:56.321870,7452.0,1345.0,9610246
2025-07-07T20:19:57.474694,7470.0,1345.0,9625450
2025-07-07T20:19:58.627340,7452.0,1345.0,9640656
2025-07-07T20:19:59.779998,7488.0,1346.0,9655867
2025-07-07T20:20:00.933769,7452.0,1346.0,9671080
2025-07-07T20:20:02.086490,7470.0,1346.0,9686290
2025-07-07T20:20:03.239140,7434.0,1345.0,9701499
2025-07-07T20:20:04.391904,7470.0,1345.0,9716705
2025-07-07T20:20:05.544569,7452.0,1345.0,9731907
2025-07-07T20:20:06.697354,7488.0,1345.0,9747110
2025-07-07T20:20:07.851026,7452.0,1346.0,9762320
2025-07-07T20:20:09.003718,7470.0,1346.0,9777532
2025-07-07T20:20:10.156474,7452.0,1345.0,9792737
2025-07-07T20:20:11.309142,7488.0,1344.0,9807934
2025-07-07T20:20:12.461912,7452.0,1344.0,9823126
2025-07-07T20:20:13.614690,7470.0,1344.0,9838323
2025-07-07T20:20:14.767210,7452.0,1344.0,9853520
2025-07-07T20:20:15.921004,7470.0,1344.0,9868713
2025-07-07T20:20:17.073749,7452.0,1343.0,9883892
2025-07-07T20:20:18.226412,7470.0,1342.0,9899064
2025-07-07T20:20:19.379128,7452.0,1341.0,9914227
2025-07-07T20:20:20.531779,7488.0,1340.0,9929378
2025-07-07T20:20:21.684633,7452.0,1340.0,9944531
2025-07-07T20:20:22.837218,7488.0,1340.0,9959678
2025-07-07T20:20:23.991021,7452.0,1339.0,9974819
2025-07-07T20:20:25.143694,7488.0,1338.0,9989948
2025-07-07T20:20:26.297472,7452.0,1338.0,10005073
2025-07-07T20:20:27.450131,7470.0,1338.0,10020197
2025-07-07T20:20:28.602872,7452.0,1337.0,10035310
2025-07-07T20:20:29.755475,7470.0,1338.0,10050432
2025-07-07T20:20:30.909255,7452.0,1338.0,10065555
2025-07-07T20:20:32.062018,7470.0,1337.0,10080673
2025-07-07T20:20:33.214801,7452.0,1338.0,10095794
2025-07-07T20:20:34.367531,7488.0,1338.0,10110920
2025-07-07T20:20:35.520169,7452.0,1337.0,10126039
2025-07-07T20:20:36.672809,7488.0,1338.0,10141159
2025-07-07T20:20:37.825649,7470.0,1338.0,10156282
2025-07-07T20:20:38.979302,7488.0,1338.0,10171403
2025-07-07T20:20:40.131929,7452.0,1337.0,10186520
2025-07-07T20:20:41.284718,7488.0,1337.0,10201639
2025-07-07T20:20:42.437361,7470.0,1337.0,10216757
2025-07-07T20:20:43.590112,7488.0,1337.0,10231869
2025-07-07T20:20:44.742814,7452.0,1337.0,10246987
2025-07-07T20:20:45.896567,7470.0,1337.0,10262099
2025-07-07T20:20:47.049201,7452.0,1336.0,10277204
2025-07-07T20:20:48.201899,7488.0,1336.0,10292305
2025-07-07T20:20:49.354617,7470.0,1335.0,10307401
2025-07-07T20:20:50.507416,7488.0,1335.0,10322492
2025-07-07T20:20:51.659984,7470.0,1334.0,10337577
2025-07-07T20:20:52.812851,7488.0,1334.0,10352660
2025-07-07T20:20:53.966500,7470.0,1333.0,10367731
2025-07-07T20:20:55.119273,7488.0,1332.0,10382791
2025-07-07T20:20:56.271909,7470.0,1332.0,10397847
2025-07-07T20:20:57.424662,7488.0,1331.0,10412897
2025-07-07T20:20:58.577329,7470.0,1331.0,10427943
2025-07-07T20:20:59.729982,7488.0,1330.0,10442983
2025-07-07T20:21:00.883818,7470.0,1330.0,10458014
2025-07-07T20:21:02.036449,7488.0,1329.0,10473041
2025-07-07T20:21:03.189138,7452.0,1329.0,10488061
2025-07-07T20:21:04.342019,7488.0,1328.0,10503075
2025-07-07T20:21:05.494638,7470.0,1327.0,10518081
2025-07-07T20:21:06.647269,7488.0,1327.0,10533086
2025-07-07T20:21:07.799970,7452.0,1327.0,10548090
2025-07-07T20:21:08.953747,7488.0,1327.0,10563087
2025-07-07T20:21:10.106491,7452.0,1326.0,10578077
2025-07-07T20:21:11.259135,7488.0,1326.0,10593063
2025-07-07T20:21:12.411894,7452.0,1326.0,10608048
2025-07-07T20:21:13.564543,7488.0,1325.0,10623022
2025-07-07T20:21:14.717159,7470.0,1325.0,10637996
2025-07-07T20:21:15.870101,7488.0,1325.0,10652973
2025-07-07T20:21:17.023835,7452.0,1325.0,10667947
2025-07-07T20:21:18.176466,7488.0,1325.0,10682925
2025-07-07T20:21:19.329204,7470.0,1325.0,10697900
2025-07-07T20:21:20.481715,7488.0,1325.0,10712875
2025-07-07T20:21:21.634611,7452.0,1325.0,10727850
2025-07-07T20:21:22.787270,7488.0,1324.0,10742820
2025-07-07T20:21:23.941038,7470.0,1324.0,10757784
2025-07-07T20:21:25.093749,7488.0,1324.0,10772746
2025-07-07T20:21:26.246369,7470.0,1323.0,10787701
2025-07-07T20:21:27.399175,7488.0,1322.0,10802648
2025-07-07T20:21:28.551849,7452.0,1322.0,10817595
2025-07-07T20:21:29.704366,7506.0,1322.0,10832542
2025-07-07T20:21:30.857323,7470.0,1322.0,10847486
2025-07-07T20:21:32.010883,7488.0,1322.0,10862430
2025-07-07T20:21:33.163691,7470.0,1322.0,10877372
2025-07-07T20:21:34.316399,7488.0,1321.0,10892302
2025-07-07T20:21:35.469191,7470.0,1321.0,10907230
2025-07-07T20:21:36.621824,7488.0,1320.0,10922152
2025-07-07T20:21:37.774537,7470.0,1320.0,10937069
2025-07-07T20:21:38.928206,7506.0,1318.0,10951971
2025-07-07T20:21:40.080953,7470.0,1317.0,10966862
2025-07-07T20:21:41.233760,7488.0,1317.0,10981746
2025-07-07T20:21:42.386337,7470.0,1315.0,10996606
2025-07-07T20:21:43.539187,7488.0,1313.0,11011447
2025-07-07T20:21:44.691810,7470.0,1313.0,11026286
2025-07-07T20:21:45.844554,7506.0,1313.0,11041125
2025-07-07T20:21:46.998167,7470.0,1313.0,11055967
2025-07-07T20:21:48.151013,7488.0,1312.0,11070799
2025-07-07T20:21:49.303619,7470.0,1311.0,11085624
2025-07-07T20:21:50.456436,7488.0,1311.0,11100445
2025-07-07T20:21:51.609026,7470.0,1312.0,11115273
2025-07-07T20:21:52.761726,7488.0,1312.0,11130100
2025-07-07T20:21:53.915509,7488.0,1312.0,11144927
2025-07-07T20:21:55.068216,7488.0,1312.0,11159755
2025-07-07T20:21:56.220932,7470.0,1311.0,11174579
2025-07-07T20:21:57.373671,7506.0,1311.0,11189398
2025-07-07T20:21:58.526386,7488.0,1310.0,11204211
2025-07-07T20:21:59.679098,7488.0,1310.0,11219025
2025-07-07T20:22:00.831762,7470.0,1310.0,11233834
2025-07-07T20:22:01.985437,7506.0,1310.0,11248643
2025-07-07T20:22:03.138179,7470.0,1309.0,11263441
2025-07-07T20:22:04.290891,7488.0,1309.0,11278235
2025-07-07T20:22:05.443639,7470.0,1308.0,11293024
2025-07-07T20:22:06.596389,7506.0,1308.0,11307815
2025-07-07T20:22:07.749103,7470.0,1309.0,11322614
2025-07-07T20:22:08.901880,7488.0,1310.0,11337418
2025-07-07T20:22:10.055603,7488.0,1310.0,11352226
2025-07-07T20:22:11.208208,7506.0,1310.0,11367039
2025-07-07T20:22:12.360903,7470.0,1310.0,11381846
2025-07-07T20:22:13.513629,7488.0,1310.0,11396655
2025-07-07T20:22:14.666338,7488.0,1310.0,11411461
2025-07-07T20:22:15.819118,7506.0,1310.0,11426266
2025-07-07T20:22:16.972730,7488.0,1310.0,11441069
2025-07-07T20:22:18.125431,7506.0,1309.0,11455868
2025-07-07T20:22:19.278190,7470.0,1309.0,11470661
2025-07-07T20:22:20.430791,7506.0,1308.0,11485447
2025-07-07T20:22:21.583637,7470.0,1307.0,11500224
2025-07-07T20:22:22.736323,7506.0,1307.0,11515003
2025-07-07T20:22:23.889023,7488.0,1307.0,11529775
2025-07-07T20:22:25.042767,7506.0,1305.0,11544531
2025-07-07T20:22:26.198552,7488.0,1305.0,11559281
2025-07-07T20:22:27.354647,7506.0,1305.0,11574029
2025-07-07T20:22:28.510484,7470.0,1305.0,11588781
2025-07-07T20:22:29.665883,7506.0,1305.0,11603537
2025-07-07T20:22:30.821452,7488.0,1306.0,11618297
2025-07-07T20:22:31.977662,7506.0,1306.0,11633061
2025-07-07T20:22:33.132652,7488.0,1306.0,11647829
2025-07-07T20:22:34.287504,7488.0,1307.0,11662601
2025-07-07T20:22:35.442092,7488.0,1307.0,11677373
2025-07-07T20:22:36.596757,7506.0,1307.0,11692151
2025-07-07T20:22:37.751378,7488.0,1307.0,11706931
2025-07-07T20:22:38.905499,7506.0,1307.0,11721711
2025-07-07T20:22:40.060722,7488.0,1307.0,11736487
2025-07-07T20:22:41.214870,7506.0,1306.0,11751254
2025-07-07T20:22:42.368788,7488.0,1306.0,11766017
2025-07-07T20:22:43.522702,7506.0,1306.0,11780777
2025-07-07T20:22:44.676462,7488.0,1305.0,11795532
2025-07-07T20:22:45.830204,7506.0,1305.0,11810283
2025-07-07T20:22:46.983837,7488.0,1304.0,11825025
2025-07-07T20:22:48.138561,7506.0,1304.0,11839766
2025-07-07T20:22:49.291970,7488.0,1304.0,11854504
2025-07-07T20:22:50.445463,7506.0,1303.0,11869235
2025-07-07T20:22:51.598892,7488.0,1302.0,11883958
2025-07-07T20:22:52.752348,7524.0,1303.0,11898684
2025-07-07T20:22:53.905561,7488.0,1302.0,11913407
2025-07-07T20:22:55.059914,7506.0,1303.0,11928131
2025-07-07T20:22:56.213145,7488.0,1302.0,11942846
2025-07-07T20:22:57.366452,7506.0,1302.0,11957561
2025-07-07T20:22:58.519499,7488.0,1301.0,11972269
2025-07-07T20:22:59.672711,7506.0,1301.0,11986980
2025-07-07T20:23:00.825752,7488.0,1302.0,12001695
2025-07-07T20:23:01.978883,7524.0,1302.0,12016410
2025-07-07T20:23:03.132917,7488.0,1303.0,12031136
2025-07-07T20:23:04.285917,7506.0,1303.0,12045868
2025-07-07T20:23:05.438880,7488.0,1303.0,12060595
2025-07-07T20:23:06.591880,7524.0,1303.0,12075328
2025-07-07T20:23:07.744892,7488.0,1304.0,12090066
2025-07-07T20:23:08.897892,7506.0,1303.0,12104801
2025-07-07T20:23:10.051826,7488.0,1302.0,12119522
2025-07-07T20:23:11.204710,7506.0,1302.0,12134240
2025-07-07T20:23:12.357702,7488.0,1302.0,12148955
2025-07-07T20:23:13.510453,7506.0,1302.0,12163671
2025-07-07T20:23:14.663436,7488.0,1302.0,12178389
2025-07-07T20:23:15.816218,7506.0,1302.0,12193109
2025-07-07T20:23:16.968978,7488.0,1301.0,12207821
2025-07-07T20:23:18.122850,7506.0,1301.0,12222529
2025-07-07T20:23:19.275822,7488.0,1300.0,12237220
2025-07-07T20:23:20.428617,7524.0,1300.0,12251912
2025-07-07T20:23:21.581468,7506.0,1298.0,12266590
2025-07-07T20:23:22.734198,7524.0,1298.0,12281267
2025-07-07T20:23:23.887148,7488.0,1298.0,12295938
2025-07-07T20:23:25.040874,7506.0,1297.0,12310598
2025-07-07T20:23:26.193609,7506.0,1296.0,12325246
2025-07-07T20:23:27.346485,7524.0,1296.0,12339891
2025-07-07T20:23:28.499288,7488.0,1295.0,12354528
2025-07-07T20:23:29.651974,7524.0,1295.0,12369165
2025-07-07T20:23:30.804881,7488.0,1294.0,12383794
2025-07-07T20:23:31.957592,7506.0,1294.0,12398419
2025-07-07T20:23:33.111219,7506.0,1293.0,12413040
2025-07-07T20:23:34.264158,7524.0,1293.0,12427654
2025-07-07T20:23:35.416775,7488.0,1292.0,12442258
2025-07-07T20:23:36.569636,7524.0,1291.0,12456855
2025-07-07T20:23:37.722386,7488.0,1290.0,12471442
2025-07-07T20:23:38.875185,7524.0,1290.0,12486028
2025-07-07T20:23:40.027975,7506.0,1290.0,12500614
2025-07-07T20:23:41.181741,7524.0,1291.0,12515207
2025-07-07T20:23:42.334410,7506.0,1291.0,12529800
2025-07-07T20:23:43.487167,7506.0,1291.0,12544393
2025-07-07T20:23:44.639931,7488.0,1290.0,12558973
2025-07-07T20:23:45.792696,7524.0,1289.0,12573548
2025-07-07T20:23:46.945371,7506.0,1289.0,12588119
2025-07-07T20:23:48.099180,7524.0,1288.0,12602683
2025-07-07T20:23:49.251812,7506.0,1287.0,12617235
2025-07-07T20:23:50.404616,7524.0,1287.0,12631785
2025-07-07T20:23:51.557290,7488.0,1287.0,12646336
2025-07-07T20:23:52.710128,7524.0,1287.0,12660881
2025-07-07T20:23:53.862841,7506.0,1286.0,12675419
2025-07-07T20:23:55.015492,7524.0,1286.0,12689956
2025-07-07T20:23:56.169325,7488.0,1286.0,12704492
2025-07-07T20:23:57.321955,7524.0,1286.0,12719024
2025-07-07T20:23:58.474768,7506.0,1286.0,12733558
2025-07-07T20:23:59.627593,7524.0,1286.0,12748092
2025-07-07T20:24:00.780227,7488.0,1286.0,12762627
2025-07-07T20:24:01.932996,7524.0,1285.0,12777156
2025-07-07T20:24:03.086662,7506.0,1285.0,12791681
2025-07-07T20:24:04.239424,7524.0,1285.0,12806204
2025-07-07T20:24:05.392186,7488.0,1285.0,12820725
2025-07-07T20:24:06.544749,7524.0,1284.0,12835242
2025-07-07T20:24:07.697597,7506.0,1284.0,12849756
2025-07-07T20:24:08.850400,7524.0,1284.0,12864267
2025-07-07T20:24:10.003014,7506.0,1283.0,12878773
2025-07-07T20:24:11.156784,7524.0,1283.0,12893274
2025-07-07T20:24:12.309564,7506.0,1283.0,12907774
2025-07-07T20:24:13.462229,7524.0,1283.0,12922283
2025-07-07T20:24:14.615001,7506.0,1283.0,12936788
2025-07-07T20:24:15.767636,7524.0,1283.0,12951287
2025-07-07T20:24:16.920384,7506.0,1279.0,12965740
2025-07-07T20:24:18.074144,7524.0,1273.0,12980129
2025-07-07T20:24:19.226874,7506.0,1273.0,12994523
2025-07-07T20:24:20.379565,7524.0,1273.0,13008919
2025-07-07T20:24:21.532338,7488.0,1273.0,13023307
2025-07-07T20:24:22.685042,7524.0,1273.0,13037693
2025-07-07T20:24:23.837796,7488.0,1273.0,13052082
2025-07-07T20:24:24.990394,7524.0,1273.0,13066476
2025-07-07T20:24:26.144162,7506.0,1273.0,13080865
2025-07-07T20:24:27.296970,7524.0,1271.0,13095234
2025-07-07T20:24:28.449602,7506.0,1270.0,13109596
2025-07-07T20:24:29.602272,7524.0,1270.0,13123950
2025-07-07T20:24:30.755169,7506.0,1269.0,13138300
2025-07-07T20:24:31.907817,7542.0,1270.0,13152657
2025-07-07T20:24:33.060608,7506.0,1271.0,13167021
2025-07-07T20:24:34.214291,7524.0,1271.0,13181385
2025-07-07T20:24:35.367047,7506.0,1270.0,13195746
2025-07-07T20:24:36.519693,7524.0,1270.0,13210106
2025-07-07T20:24:37.672405,7506.0,1270.0,13224463
2025-07-07T20:24:38.825151,7524.0,1270.0,13238819
2025-07-07T20:24:39.977813,7506.0,1270.0,13253174
2025-07-07T20:24:41.131743,7524.0,1269.0,13267524
2025-07-07T20:24:42.284322,7506.0,1269.0,13281870
2025-07-07T20:24:43.437143,7542.0,1268.0,13296207
2025-07-07T20:24:44.589752,7506.0,1268.0,13310540
2025-07-07T20:24:45.742517,7524.0,1267.0,13324867
2025-07-07T20:24:46.895153,7506.0,1267.0,13339186
2025-07-07T20:24:48.047965,7542.0,1267.0,13353507
2025-07-07T20:24:49.201659,7506.0,1267.0,13367827
2025-07-07T20:24:50.354451,7524.0,1266.0,13382143
2025-07-07T20:24:51.507128,7506.0,1267.0,13396461
2025-07-07T20:24:52.659889,7524.0,1267.0,13410780
2025-07-07T20:24:53.812545,7506.0,1267.0,13425100
2025-07-07T20:24:54.965208,7524.0,1266.0,13439414
2025-07-07T20:24:56.119000,7506.0,1265.0,13453715
2025-07-07T20:24:57.271672,7542.0,1265.0,13468013
2025-07-07T20:24:58.424458,7506.0,1265.0,13482308
2025-07-07T20:24:59.577159,7524.0,1265.0,13496603
2025-07-07T20:25:00.729854,7506.0,1264.0,13510897
2025-07-07T20:25:01.882696,7524.0,1265.0,13525197
2025-07-07T20:25:03.035361,7506.0,1265.0,13539492
2025-07-07T20:25:04.189061,7542.0,1264.0,13553782
2025-07-07T20:25:05.341792,7506.0,1264.0,13568074
2025-07-07T20:25:06.494446,7542.0,1264.0,13582364
2025-07-07T20:25:07.647284,7506.0,1264.0,13596652
2025-07-07T20:25:08.799915,7542.0,1264.0,13610945
2025-07-07T20:25:09.952564,7524.0,1265.0,13625240
2025-07-07T20:25:11.105332,7542.0,1265.0,13639540
2025-07-07T20:25:12.259065,7524.0,1265.0,13653838
2025-07-07T20:25:13.411898,7542.0,1265.0,13668135
2025-07-07T20:25:14.564576,7524.0,1264.0,13682421
2025-07-07T20:25:15.717393,7542.0,1264.0,13696706
2025-07-07T20:25:16.870056,7506.0,1264.0,13710994
2025-07-07T20:25:18.022662,7542.0,1263.0,13725276
2025-07-07T20:25:19.176355,7506.0,1263.0,13739549
2025-07-07T20:25:20.329184,7542.0,1263.0,13753825
2025-07-07T20:25:21.481955,7524.0,1262.0,13768092
2025-07-07T20:25:22.634629,7542.0,1262.0,13782353
2025-07-07T20:25:23.787422,7506.0,1261.0,13796608
2025-07-07T20:25:24.939984,7542.0,1261.0,13810858
2025-07-07T20:25:26.092818,7524.0,1260.0,13825104
2025-07-07T20:25:27.246492,7542.0,1260.0,13839347
2025-07-07T20:25:28.399208,7506.0,1260.0,13853587
2025-07-07T20:25:29.551993,7542.0,1259.0,13867822
2025-07-07T20:25:30.704673,7506.0,1259.0,13882057
2025-07-07T20:25:31.857452,7542.0,1258.0,13896283
2025-07-07T20:25:33.010172,7524.0,1258.0,13910505
2025-07-07T20:25:34.163878,7542.0,1258.0,13924723
2025-07-07T20:25:35.316543,7524.0,1257.0,13938931
2025-07-07T20:25:36.469325,7542.0,1256.0,13953135
2025-07-07T20:25:37.621971,7524.0,1256.0,13967331
2025-07-07T20:25:38.774768,7542.0,1255.0,13981519
2025-07-07T20:25:39.927431,7524.0,1255.0,13995706
2025-07-07T20:25:41.080177,7542.0,1255.0,14009891
2025-07-07T20:25:42.233877,7524.0,1254.0,14024072
2025-07-07T20:25:43.386593,7542.0,1254.0,14038248
2025-07-07T20:25:44.539512,7524.0,1254.0,14052422
2025-07-07T20:25:45.692136,7542.0,1254.0,14066595
2025-07-07T20:25:46.844781,7524.0,1254.0,14080766
2025-07-07T20:25:47.997565,7542.0,1253.0,14094931
2025-07-07T20:25:49.151208,7524.0,1253.0,14109096
2025-07-07T20:25:50.304086,7542.0,1253.0,14123259
2025-07-07T20:25:51.456662,7524.0,1252.0,14137415
2025-07-07T20:25:52.609452,7542.0,1252.0,14151567
2025-07-07T20:25:53.761988,7524.0,1251.0,14165712
2025-07-07T20:25:54.914890,7542.0,1251.0,14179851
2025-07-07T20:25:56.067579,7524.0,1250.0,14193987
2025-07-07T20:25:57.221296,7542.0,1250.0,14208117
2025-07-07T20:25:58.374001,7524.0,1249.0,14222241
2025-07-07T20:25:59.526668,7560.0,1250.0,14236368
2025-07-07T20:26:00.679453,7524.0,1249.0,14250492
2025-07-07T20:26:01.832149,7560.0,1249.0,14264614
2025-07-07T20:26:02.984911,7524.0,1249.0,14278735
2025-07-07T20:26:04.137746,7542.0,1249.0,14292850
2025-07-07T20:26:05.291417,7524.0,1249.0,14306972
2025-07-07T20:26:06.444053,7542.0,1250.0,14321097
2025-07-07T20:26:07.596762,7524.0,1249.0,14335212
2025-07-07T20:26:08.749442,7542.0,1248.0,14349320
2025-07-07T20:26:09.902250,7524.0,1247.0,14363419
2025-07-07T20:26:11.054874,7542.0,1247.0,14377519
2025-07-07T20:26:12.208778,7524.0,1247.0,14391617
2025-07-07T20:26:13.361418,7542.0,1247.0,14405718
2025-07-07T20:26:14.514215,7524.0,1247.0,14419815
2025-07-07T20:26:15.666799,7542.0,1246.0,14433904
2025-07-07T20:26:16.819629,7524.0,1246.0,14447989
2025-07-07T20:26:17.972266,7560.0,1245.0,14462066
2025-07-07T20:26:19.125025,7524.0,1245.0,14476140
2025-07-07T20:26:20.278759,7560.0,1245.0,14490218
2025-07-07T20:26:21.431447,7524.0,1245.0,14504289
2025-07-07T20:26:22.584148,7560.0,1244.0,14518357
2025-07-07T20:26:23.736867,7524.0,1243.0,14532414
2025-07-07T20:26:24.889648,7560.0,1242.0,14546457
2025-07-07T20:26:26.042414,7524.0,1242.0,14560496
2025-07-07T20:26:27.196129,7542.0,1242.0,14574538
2025-07-07T20:26:28.348618,7524.0,1242.0,14588578
2025-07-07T20:26:29.501517,7560.0,1241.0,14602608
2025-07-07T20:26:30.654233,7542.0,1241.0,14616633
2025-07-07T20:26:31.806971,7560.0,1240.0,14630653
2025-07-07T20:26:32.959667,7524.0,1240.0,14644673
2025-07-07T20:26:34.112432,7560.0,1240.0,14658696
2025-07-07T20:26:35.266157,7524.0,1240.0,14672716
2025-07-07T20:26:36.418855,7560.0,1240.0,14686730
2025-07-07T20:26:37.571688,7542.0,1240.0,14700743
2025-07-07T20:26:38.724292,7560.0,1239.0,14714751
2025-07-07T20:26:39.876911,7524.0,1238.0,14728749
2025-07-07T20:26:41.029796,7560.0,1238.0,14742744
2025-07-07T20:26:42.183481,7524.0,1237.0,14756731
2025-07-07T20:26:43.336265,7560.0,1237.0,14770711
2025-07-07T20:26:44.488957,7524.0,1236.0,14784688
2025-07-07T20:26:45.641676,7542.0,1236.0,14798661
2025-07-07T20:26:46.794369,7524.0,1236.0,14812633
2025-07-07T20:26:47.947154,7560.0,1236.0,14826600
2025-07-07T20:26:49.099769,7524.0,1235.0,14840563
2025-07-07T20:26:50.253453,7560.0,1235.0,14854521
2025-07-07T20:26:51.406278,7542.0,1235.0,14868485
2025-07-07T20:26:52.558953,7560.0,1235.0,14882451
2025-07-07T20:26:53.711765,7524.0,1235.0,14896415
2025-07-07T20:26:54.864473,7560.0,1235.0,14910373
2025-07-07T20:26:56.017199,7542.0,1235.0,14924329
2025-07-07T20:26:57.169963,7560.0,1234.0,14938280
2025-07-07T20:26:58.323637,7524.0,1234.0,14952230
2025-07-07T20:26:59.476274,7560.0,1234.0,14966175
2025-07-07T20:27:00.629016,7542.0,1233.0,14980114
2025-07-07T20:27:01.781705,7560.0,1234.0,14994063
2025-07-07T20:27:02.934493,7542.0,1234.0,15008010
2025-07-07T20:27:04.087268,7560.0,1233.0,15021944
2025-07-07T20:27:05.240816,7524.0,1232.0,15035872
2025-07-07T20:27:06.393668,7560.0,1231.0,15049790
2025-07-07T20:27:07.546429,7542.0,1231.0,15063706
2025-07-07T20:27:08.699079,7560.0,1232.0,15077628
2025-07-07T20:27:09.851854,7524.0,1232.0,15091554
2025-07-07T20:27:11.004518,7560.0,1233.0,15105487
2025-07-07T20:27:12.157344,7542.0,1233.0,15119422
2025-07-07T20:27:13.310992,7578.0,1232.0,15133348
2025-07-07T20:27:14.463636,7542.0,1231.0,15147262
2025-07-07T20:27:15.616437,7560.0,1230.0,15161166
2025-07-07T20:27:16.769205,7542.0,1230.0,15175065
2025-07-07T20:27:17.921858,7560.0,1229.0,15188956
2025-07-07T20:27:19.074776,7542.0,1228.0,15202835
2025-07-07T20:27:20.228345,7560.0,1227.0,15216708
2025-07-07T20:27:21.381032,7542.0,1227.0,15230580
2025-07-07T20:27:22.533643,7560.0,1227.0,15244449
2025-07-07T20:27:23.686428,7542.0,1227.0,15258318
2025-07-07T20:27:24.839312,7560.0,1226.0,15272172
2025-07-07T20:27:25.992018,7542.0,1225.0,15286025
2025-07-07T20:27:27.144713,7578.0,1225.0,15299878
2025-07-07T20:27:28.298348,7542.0,1225.0,15313726
2025-07-07T20:27:29.451116,7560.0,1225.0,15327570
2025-07-07T20:27:30.603767,7542.0,1224.0,15341411
2025-07-07T20:27:31.756583,7560.0,1224.0,15355247
2025-07-07T20:27:32.909208,7524.0,1223.0,15369075
2025-07-07T20:27:34.061987,7560.0,1222.0,15382894
2025-07-07T20:27:35.214549,7542.0,1223.0,15396715
2025-07-07T20:27:36.368463,7560.0,1223.0,15410535
2025-07-07T20:27:37.521113,7542.0,1223.0,15424356
2025-07-07T20:27:38.673992,7578.0,1221.0,15438164
2025-07-07T20:27:39.826553,7542.0,1220.0,15451960
2025-07-07T20:27:40.979370,7578.0,1220.0,15465755
2025-07-07T20:27:42.132072,7542.0,1220.0,15479546
2025-07-07T20:27:43.285714,7578.0,1220.0,15493336
2025-07-07T20:27:44.438519,7542.0,1219.0,15507113
2025-07-07T20:27:45.591282,7560.0,1214.0,15520835
2025-07-07T20:27:46.743927,7542.0,1215.0,15534565
2025-07-07T20:27:47.896703,7578.0,1215.0,15548301
2025-07-07T20:27:49.049401,7542.0,1216.0,15562042
2025-07-07T20:27:50.202080,7560.0,1215.0,15575778
2025-07-07T20:27:51.355859,7542.0,1214.0,15589504
2025-07-07T20:27:52.508490,7560.0,1214.0,15603231
2025-07-07T20:27:53.661319,7542.0,1214.0,15616957
2025-07-07T20:27:54.813863,7560.0,1214.0,15630676
2025-07-07T20:27:55.966697,7542.0,1213.0,15644389
2025-07-07T20:27:57.119488,7560.0,1212.0,15658091
2025-07-07T20:27:58.273224,7542.0,1212.0,15671794
2025-07-07T20:27:59.425844,7578.0,1212.0,15685498
2025-07-07T20:28:00.578650,7542.0,1212.0,15699202
2025-07-07T20:28:01.731275,7578.0,1212.0,15712902
2025-07-07T20:28:02.884111,7542.0,1211.0,15726588
2025-07-07T20:28:04.036774,7560.0,1210.0,15740265
2025-07-07T20:28:05.189477,7542.0,1210.0,15753940
2025-07-07T20:28:06.343215,7578.0,1209.0,15767612
2025-07-07T20:28:07.495973,7542.0,1210.0,15781287
2025-07-07T20:28:08.648752,7578.0,1210.0,15794967
2025-07-07T20:28:09.801423,7542.0,1209.0,15808636
2025-07-07T20:28:10.954117,7578.0,1209.0,15822308
2025-07-07T20:28:12.106848,7542.0,1209.0,15835978
2025-07-07T20:28:13.260526,7578.0,1209.0,15849641
2025-07-07T20:28:14.413254,7560.0,1209.0,15863303
2025-07-07T20:28:15.565988,7578.0,1209.0,15876968
2025-07-07T20:28:16.718776,7542.0,1207.0,15890614
2025-07-07T20:28:17.871442,7578.0,1206.0,15904253
2025-07-07T20:28:19.024197,7542.0,1207.0,15917895
2025-07-07T20:28:20.176787,7578.0,1207.0,15931541
2025-07-07T20:28:21.330599,7560.0,1207.0,15945190
2025-07-07T20:28:22.483511,7578.0,1207.0,15958836
2025-07-07T20:28:23.636094,7542.0,1206.0,15972471
2025-07-07T20:28:24.788802,7578.0,1205.0,15986097
2025-07-07T20:28:25.941449,7560.0,1204.0,15999713
2025-07-07T20:28:27.094248,7578.0,1204.0,16013328
2025-07-07T20:28:28.247039,7542.0,1204.0,16026936
2025-07-07T20:28:29.400674,7578.0,1203.0,16040532
2025-07-07T20:28:30.553368,7560.0,1202.0,16054115
2025-07-07T20:28:31.706121,7578.0,1202.0,16067700
2025-07-07T20:28:32.858797,7560.0,1202.0,16081286
2025-07-07T20:28:34.011514,7578.0,1202.0,16094872
2025-07-07T20:28:35.164192,7560.0,1202.0,16108455
2025-07-07T20:28:36.318058,7560.0,1201.0,16122035
2025-07-07T20:28:37.470679,7560.0,1201.0,16135615
2025-07-07T20:28:38.623453,7578.0,1201.0,16149187
2025-07-07T20:28:39.776174,7560.0,1200.0,16162754
2025-07-07T20:28:40.928937,7578.0,1200.0,16176320
2025-07-07T20:28:42.081544,7560.0,1199.0,16189872
2025-07-07T20:28:43.234272,7578.0,1198.0,16203416
2025-07-07T20:28:44.388090,7560.0,1197.0,16216952
2025-07-07T20:28:45.540733,7578.0,1198.0,16230493
2025-07-07T20:28:46.693514,7560.0,1197.0,16244027
2025-07-07T20:28:47.846305,7578.0,1197.0,16257555
2025-07-07T20:28:48.998914,7560.0,1196.0,16271074
2025-07-07T20:28:50.151670,7578.0,1196.0,16284592
2025-07-07T20:28:51.305540,7560.0,1197.0,16298122
2025-07-07T20:28:52.458053,7578.0,1196.0,16311643
2025-07-07T20:28:53.610764,7560.0,1195.0,16325155
2025-07-07T20:28:54.763552,7578.0,1195.0,16338661
2025-07-07T20:28:55.916260,7560.0,1195.0,16352166
2025-07-07T20:28:57.069058,7578.0,1194.0,16365669
2025-07-07T20:28:58.221759,7560.0,1195.0,16379176
2025-07-07T20:28:59.375447,7578.0,1195.0,16392681
2025-07-07T20:29:00.528232,7560.0,1195.0,16406188
2025-07-07T20:29:01.680897,7578.0,1195.0,16419700
2025-07-07T20:29:02.833640,7560.0,1195.0,16433206
2025-07-07T20:29:03.986287,7596.0,1195.0,16446712
2025-07-07T20:29:05.139057,7560.0,1195.0,16460221
2025-07-07T20:29:06.292821,7596.0,1195.0,16473730
2025-07-07T20:29:07.445562,7560.0,1195.0,16487239
2025-07-07T20:29:08.598210,7578.0,1195.0,16500749
2025-07-07T20:29:09.751005,7560.0,1195.0,16514255
2025-07-07T20:29:10.903661,7596.0,1193.0,16527743
2025-07-07T20:29:12.056422,7560.0,1192.0,16541222
2025-07-07T20:29:13.209137,7578.0,1192.0,16554695
2025-07-07T20:29:14.362829,7560.0,1190.0,16568153
2025-07-07T20:29:15.515519,7596.0,1191.0,16581617
2025-07-07T20:29:16.668265,7542.0,1191.0,16595077
2025-07-07T20:29:17.821055,7578.0,1190.0,16608533
2025-07-07T20:29:18.973798,7560.0,1190.0,16621989
2025-07-07T20:29:20.126370,7578.0,1190.0,16635437
2025-07-07T20:29:21.279230,7560.0,1189.0,16648880
2025-07-07T20:29:22.432934,7578.0,1189.0,16662319
2025-07-07T20:29:23.585533,7560.0,1189.0,16675755
2025-07-07T20:29:24.738379,7596.0,1189.0,16689196
2025-07-07T20:29:25.891067,7560.0,1189.0,16702638
2025-07-07T20:29:27.043810,7596.0,1187.0,16716061
2025-07-07T20:29:28.196598,7560.0,1187.0,16729480
2025-07-07T20:29:29.350265,7596.0,1186.0,16742890
2025-07-07T20:29:30.502983,7560.0,1186.0,16756294
2025-07-07T20:29:31.655734,7596.0,1187.0,16769709
2025-07-07T20:29:32.808423,7560.0,1186.0,16783120
2025-07-07T20:29:33.961126,7578.0,1186.0,16796531
2025-07-07T20:29:35.113878,7560.0,1186.0,16809937
2025-07-07T20:29:36.266569,7596.0,1185.0,16823331
2025-07-07T20:29:37.420309,7560.0,1184.0,16836719
2025-07-07T20:29:38.573111,7596.0,1184.0,16850101
2025-07-07T20:29:39.725686,7560.0,1183.0,16863470
2025-07-07T20:29:40.878535,7596.0,1182.0,16876835
2025-07-07T20:29:42.031132,7560.0,1181.0,16890189
2025-07-07T20:29:43.183931,7596.0,1181.0,16903542
2025-07-07T20:29:44.337673,7578.0,1182.0,16916902
2025-07-07T20:29:45.490321,7596.0,1182.0,16930267
2025-07-07T20:29:46.643014,7560.0,1182.0,16943625
2025-07-07T20:29:47.795751,7596.0,1181.0,16956976
2025-07-07T20:29:48.948561,7578.0,1181.0,16970328
2025-07-07T20:29:50.101271,7596.0,1181.0,16983676
2025-07-07T20:29:51.253982,7560.0,1181.0,16997029
2025-07-07T20:29:52.407715,7596.0,1181.0,17010385
2025-07-07T20:29:53.560459,7578.0,1181.0,17023733
2025-07-07T20:29:54.713185,7596.0,1181.0,17037083
2025-07-07T20:29:55.865905,7578.0,1180.0,17050427
2025-07-07T20:29:57.018582,7596.0,1179.0,17063756
2025-07-07T20:29:58.171382,7578.0,1179.0,17077081
2025-07-07T20:29:59.323958,7596.0,1178.0,17090396
2025-07-07T20:30:00.477815,7578.0,1178.0,17103708
2025-07-07T20:30:01.630475,7596.0,1177.0,17117018
2025-07-07T20:30:02.783273,7578.0,1177.0,17130326
2025-07-07T20:30:03.935936,7596.0,1177.0,17143633
2025-07-07T20:30:05.088515,7560.0,1176.0,17156932
2025-07-07T20:30:06.241207,7596.0,1176.0,17170225
2025-07-07T20:30:07.394923,7578.0,1176.0,17183520
2025-07-07T20:30:08.547722,7596.0,1175.0,17196800
2025-07-07T20:30:09.700492,7560.0,1175.0,17210086
2025-07-07T20:30:10.853149,7596.0,1175.0,17223371
2025-07-07T20:30:12.005897,7578.0,1175.0,17236651
2025-07-07T20:30:13.158705,7596.0,1175.0,17249934
2025-07-07T20:30:14.311460,7578.0,1175.0,17263214
2025-07-07T20:30:15.465152,7596.0,1174.0,17276484
2025-07-07T20:30:16.617932,7578.0,1174.0,17289757
2025-07-07T20:30:17.770605,7596.0,1173.0,17303018
2025-07-07T20:30:18.923280,7578.0,1173.0,17316275
2025-07-07T20:30:20.076052,7596.0,1172.0,17329526
2025-07-07T20:30:21.228828,7578.0,1171.0,17342767
2025-07-07T20:30:22.382413,7614.0,1170.0,17355997
2025-07-07T20:30:23.535182,7578.0,1170.0,17369225
2025-07-07T20:30:24.687992,7596.0,1170.0,17382449
2025-07-07T20:30:25.840659,7578.0,1169.0,17395665
2025-07-07T20:30:26.993439,7596.0,1169.0,17408875
2025-07-07T20:30:28.145945,7578.0,1169.0,17422086
2025-07-07T20:30:29.298792,7614.0,1168.0,17435286
2025-07-07T20:30:30.452505,7578.0,1166.0,17448472
2025-07-07T20:30:31.605269,7596.0,1167.0,17461660
2025-07-07T20:30:32.757895,7578.0,1166.0,17474843
2025-07-07T20:30:33.910723,7596.0,1165.0,17488018
2025-07-07T20:30:35.063390,7578.0,1165.0,17501190
2025-07-07T20:30:36.216162,7596.0,1165.0,17514357
2025-07-07T20:30:37.369877,7578.0,1164.0,17527517
2025-07-07T20:30:38.522556,7614.0,1163.0,17540663
2025-07-07T20:30:39.675323,7578.0,1163.0,17553805
2025-07-07T20:30:40.828103,7596.0,1162.0,17566946
2025-07-07T20:30:41.980745,7578.0,1162.0,17580085
2025-07-07T20:30:43.133539,7614.0,1162.0,17593224
2025-07-07T20:30:44.286092,7578.0,1162.0,17606359
2025-07-07T20:30:45.439908,7596.0,1162.0,17619493
2025-07-07T20:30:46.592695,7578.0,1161.0,17632613
2025-07-07T20:30:47.745348,7596.0,1160.0,17645730
2025-07-07T20:30:48.898134,7578.0,1161.0,17658860
2025-07-07T20:30:50.050800,7596.0,1162.0,17671992
2025-07-07T20:30:51.203593,7578.0,1162.0,17685125
2025-07-07T20:30:52.356346,7596.0,1162.0,17698259
2025-07-07T20:30:53.510023,7578.0,1162.0,17711391
2025-07-07T20:30:54.662709,7614.0,1162.0,17724523
2025-07-07T20:30:55.815492,7578.0,1161.0,17737643
2025-07-07T20:30:56.968251,7596.0,1160.0,17750760
2025-07-07T20:30:58.120838,7578.0,1160.0,17763873
2025-07-07T20:30:59.273598,7614.0,1161.0,17776996
2025-07-07T20:31:00.427398,7578.0,1161.0,17790126
2025-07-07T20:31:01.580043,7614.0,1160.0,17803241
2025-07-07T20:31:02.732906,7578.0,1159.0,17816346
2025-07-07T20:31:03.885506,7614.0,1159.0,17829447
2025-07-07T20:31:05.038225,7578.0,1159.0,17842546
2025-07-07T20:31:06.190948,7614.0,1158.0,17855641
2025-07-07T20:31:07.343705,7596.0,1157.0,17868726
2025-07-07T20:31:08.497349,7596.0,1156.0,17881800
2025-07-07T20:31:09.650117,7578.0,1156.0,17894870
2025-07-07T20:31:10.802857,7614.0,1156.0,17907934
2025-07-07T20:31:11.955622,7578.0,1156.0,17921003
2025-07-07T20:31:13.108226,7614.0,1155.0,17934064
2025-07-07T20:31:14.261086,7596.0,1154.0,17947110
2025-07-07T20:31:15.414704,7614.0,1153.0,17960149
2025-07-07T20:31:16.567360,7578.0,1153.0,17973181
2025-07-07T20:31:17.720288,7614.0,1153.0,17986216
2025-07-07T20:31:18.872860,7578.0,1153.0,17999248
2025-07-07T20:31:20.025614,7614.0,1152.0,18012276
2025-07-07T20:31:21.178247,7596.0,1152.0,18025299
2025-07-07T20:31:22.331077,7614.0,1151.0,18038315
2025-07-07T20:31:23.484754,7596.0,1150.0,18051321
2025-07-07T20:31:24.637526,7614.0,1150.0,18064322
2025-07-07T20:31:25.790276,7578.0,1150.0,18077322
2025-07-07T20:31:26.942977,7614.0,1149.0,18090314
2025-07-07T20:31:28.095626,7578.0,1148.0,18103297
2025-07-07T20:31:29.248322,7614.0,1148.0,18116271
2025-07-07T20:31:30.402025,7596.0,1148.0,18129244
2025-07-07T20:31:31.554866,7614.0,1147.0,18142211
2025-07-07T20:31:32.707618,7578.0,1147.0,18155175
2025-07-07T20:31:33.860346,7614.0,1146.0,18168134
2025-07-07T20:31:35.012977,7596.0,1146.0,18181089
2025-07-07T20:31:36.165751,7614.0,1146.0,18194041
2025-07-07T20:31:37.318398,7596.0,1146.0,18206991
2025-07-07T20:31:38.472127,7614.0,1145.0,18219938
2025-07-07T20:31:39.624861,7596.0,1144.0,18232871
2025-07-07T20:31:40.777557,7614.0,1144.0,18245808
2025-07-07T20:31:41.930336,7596.0,1144.0,18258744
2025-07-07T20:31:43.083119,7614.0,1144.0,18271675
2025-07-07T20:31:44.235785,7596.0,1144.0,18284603
2025-07-07T20:31:45.388436,7614.0,1143.0,18297530
2025-07-07T20:31:46.542246,7596.0,1143.0,18310457
2025-07-07T20:31:47.694920,7632.0,1143.0,18323379
2025-07-07T20:31:48.847656,7596.0,1142.0,18336292
2025-07-07T20:31:50.000343,7596.0,1142.0,18349199
2025-07-07T20:31:51.153082,7596.0,1142.0,18362105
2025-07-07T20:31:52.305944,7614.0,1141.0,18375007
2025-07-07T20:31:53.459545,7596.0,1141.0,18387908
2025-07-07T20:31:54.612289,7614.0,1141.0,18400807
2025-07-07T20:31:55.764993,7596.0,1141.0,18413709
2025-07-07T20:31:56.917704,7632.0,1142.0,18426615
2025-07-07T20:31:58.070432,7596.0,1142.0,18439520
2025-07-07T20:31:59.223133,7614.0,1141.0,18452417
2025-07-07T20:32:00.375840,7596.0,1141.0,18465312
2025-07-07T20:32:01.529647,7614.0,1140.0,18478204
2025-07-07T20:32:02.682407,7596.0,1140.0,18491088
2025-07-07T20:32:03.835078,7614.0,1140.0,18503971
2025-07-07T20:32:04.987845,7596.0,1140.0,18516857
2025-07-07T20:32:06.140474,7632.0,1139.0,18529731
2025-07-07T20:32:07.293264,7596.0,1138.0,18542599
2025-07-07T20:32:08.446983,7614.0,1138.0,18555461
2025-07-07T20:32:09.599637,7596.0,1137.0,18568313
2025-07-07T20:32:10.752428,7614.0,1136.0,18581158
2025-07-07T20:32:11.905050,7596.0,1136.0,18593997
2025-07-07T20:32:13.057824,7614.0,1136.0,18606835
2025-07-07T20:32:14.210590,7596.0,1135.0,18619665
2025-07-07T20:32:15.363168,7632.0,1135.0,18632493
2025-07-07T20:32:16.517049,7596.0,1134.0,18645317
2025-07-07T20:32:17.669763,7614.0,1133.0,18658126
2025-07-07T20:32:18.822416,7596.0,1134.0,18670944
2025-07-07T20:32:19.975186,7632.0,1134.0,18683768
2025-07-07T20:32:21.127829,7596.0,1134.0,18696586
2025-07-07T20:32:22.280664,7632.0,1133.0,18709394
2025-07-07T20:32:23.433236,7596.0,1133.0,18722202
2025-07-07T20:32:24.587045,7632.0,1132.0,18735003
2025-07-07T20:32:25.739770,7596.0,1132.0,18747798
2025-07-07T20:32:26.892585,7632.0,1131.0,18760587
2025-07-07T20:32:28.045275,7596.0,1131.0,18773374
2025-07-07T20:32:29.198009,7614.0,1131.0,18786158
2025-07-07T20:32:30.350534,7596.0,1131.0,18798943
2025-07-07T20:32:31.504320,7632.0,1131.0,18811726
2025-07-07T20:32:32.657161,7596.0,1130.0,18824506
2025-07-07T20:32:33.809893,7632.0,1130.0,18837286
2025-07-07T20:32:34.962571,7596.0,1130.0,18850063
2025-07-07T20:32:36.115353,7632.0,1130.0,18862835
2025-07-07T20:32:37.268102,7596.0,1130.0,18875605
2025-07-07T20:32:38.420805,7614.0,1128.0,18888362
2025-07-07T20:32:39.574519,7596.0,1128.0,18901117
2025-07-07T20:32:40.727129,7614.0,1127.0,18913855
2025-07-07T20:32:41.879934,7596.0,1126.0,18926584
2025-07-07T20:32:43.032565,7632.0,1126.0,18939311
2025-07-07T20:32:44.185382,7596.0,1125.0,18952034
2025-07-07T20:32:45.338122,7632.0,1125.0,18964749
2025-07-07T20:32:46.491831,7614.0,1125.0,18977471
2025-07-07T20:32:47.644486,7632.0,1125.0,18990185
2025-07-07T20:32:48.797254,7596.0,1124.0,19002897
2025-07-07T20:32:49.949956,7632.0,1124.0,19015605
2025-07-07T20:32:51.102718,7614.0,1123.0,19028305
2025-07-07T20:32:52.255399,7632.0,1123.0,19040995
2025-07-07T20:32:53.408111,7614.0,1123.0,19053685
2025-07-07T20:32:54.561841,7632.0,1123.0,19066375
2025-07-07T20:32:55.714621,7614.0,1122.0,19079060
2025-07-07T20:32:56.867304,7632.0,1121.0,19091734
2025-07-07T20:32:58.020014,7596.0,1098.0,19104151
2025-07-07T20:32:59.172749,7632.0,1100.0,19116583
2025-07-07T20:33:00.325529,7596.0,1100.0,19129021
2025-07-07T20:33:01.479184,7632.0,1101.0,19141463
2025-07-07T20:33:02.631860,7596.0,1100.0,19153901
2025-07-07T20:33:03.784630,7632.0,1100.0,19166336
2025-07-07T20:33:04.937397,7596.0,1099.0,19178763
2025-07-07T20:33:06.090228,7632.0,1100.0,19191199
2025-07-07T20:33:07.242814,7614.0,1100.0,19203633
2025-07-07T20:33:08.395558,7632.0,1100.0,19216069
2025-07-07T20:33:09.549264,7614.0,1100.0,19228499
2025-07-07T20:33:10.701986,7632.0,1099.0,19240928
2025-07-07T20:33:11.854710,7614.0,1100.0,19253361
2025-07-07T20:33:13.007412,7632.0,1100.0,19265791
2025-07-07T20:33:14.160068,7614.0,1097.0,19278198
2025-07-07T20:33:15.312862,7632.0,1097.0,19290597
2025-07-07T20:33:16.465543,7614.0,1097.0,19302997
2025-07-07T20:33:17.619344,7632.0,1097.0,19315396
2025-07-07T20:33:18.772043,7614.0,1096.0,19327792
2025-07-07T20:33:19.924795,7632.0,1096.0,19340184
2025-07-07T20:33:21.077415,7596.0,1096.0,19352571
2025-07-07T20:33:22.230243,7632.0,1095.0,19364953
2025-07-07T20:33:23.382922,7614.0,1095.0,19377330
2025-07-07T20:33:24.536643,7632.0,1095.0,19389710
2025-07-07T20:33:25.689392,7614.0,1095.0,19402086
2025-07-07T20:33:26.842107,7632.0,1095.0,19414462
2025-07-07T20:33:27.994844,7614.0,1094.0,19426829
2025-07-07T20:33:29.147527,7632.0,1093.0,19439190
2025-07-07T20:33:30.300273,7614.0,1094.0,19451554
2025-07-07T20:33:31.452994,7632.0,1093.0,19463913
2025-07-07T20:33:32.606713,7614.0,1093.0,19476274
2025-07-07T20:33:33.759410,7632.0,1093.0,19488634
2025-07-07T20:33:34.912149,7614.0,1094.0,19500997
2025-07-07T20:33:36.064906,7632.0,1094.0,19513363
2025-07-07T20:33:37.217617,7614.0,1093.0,19525724
2025-07-07T20:33:38.370377,7650.0,1093.0,19538076
2025-07-07T20:33:39.524019,7614.0,1092.0,19550421
2025-07-07T20:33:40.676736,7632.0,1092.0,19562763
2025-07-07T20:33:41.829516,7614.0,1091.0,19575101
2025-07-07T20:33:42.982210,7650.0,1091.0,19587434
2025-07-07T20:33:44.134936,7614.0,1090.0,19599762
2025-07-07T20:33:45.287740,7632.0,1090.0,19612090
2025-07-07T20:33:46.440398,7614.0,1091.0,19624420
2025-07-07T20:33:47.594123,7632.0,1090.0,19636746
2025-07-07T20:33:48.746906,7614.0,1090.0,19649064
2025-07-07T20:33:49.899595,7632.0,1089.0,19661375
2025-07-07T20:33:51.052303,7614.0,1089.0,19673689
2025-07-07T20:33:52.204969,7650.0,1090.0,19686013
2025-07-07T20:33:53.357779,7614.0,1090.0,19698331
2025-07-07T20:33:54.511448,7632.0,1089.0,19710645
2025-07-07T20:33:55.664210,7614.0,1088.0,19722948
2025-07-07T20:33:56.816882,7632.0,1088.0,19735251
2025-07-07T20:33:57.969571,7614.0,1088.0,19747553
2025-07-07T20:33:59.122343,7632.0,1088.0,19759855
2025-07-07T20:34:00.275080,7614.0,1088.0,19772154
2025-07-07T20:34:01.427801,7632.0,1088.0,19784452
2025-07-07T20:34:02.581417,7632.0,1087.0,19796745
2025-07-07T20:34:03.734356,7650.0,1087.0,19809036
2025-07-07T20:34:04.886933,7614.0,1087.0,19821323
2025-07-07T20:34:06.039631,7650.0,1086.0,19833602
2025-07-07T20:34:07.192489,7632.0,1086.0,19845876
2025-07-07T20:34:08.345138,7650.0,1085.0,19858147
2025-07-07T20:34:09.497862,7614.0,1086.0,19870422
2025-07-07T20:34:10.651568,7632.0,1085.0,19882684
2025-07-07T20:34:11.804305,7614.0,1084.0,19894944
2025-07-07T20:34:12.957050,7650.0,1084.0,19907204
2025-07-07T20:34:14.109681,7632.0,1084.0,19919458
2025-07-07T20:34:15.262564,7650.0,1083.0,19931704
2025-07-07T20:34:16.415235,7632.0,1082.0,19943940
2025-07-07T20:34:17.568926,7650.0,1082.0,19956168
2025-07-07T20:34:18.721676,7614.0,1081.0,19968386
2025-07-07T20:34:19.874357,7650.0,1080.0,19980593
2025-07-07T20:34:21.027056,7632.0,1080.0,19992798
2025-07-07T20:34:22.179797,7650.0,1080.0,20005005
2025-07-07T20:34:23.332477,7614.0,1079.0,20017204
2025-07-07T20:34:24.485259,7650.0,1079.0,20029397
2025-07-07T20:34:25.638892,7632.0,1078.0,20041583
2025-07-07T20:34:26.791749,7650.0,1078.0,20053767
2025-07-07T20:34:27.944416,7614.0,1077.0,20065947
2025-07-07T20:34:29.097157,7650.0,1077.0,20078122
2025-07-07T20:34:30.249903,7632.0,1076.0,20090291
2025-07-07T20:34:31.402618,7650.0,1076.0,20102456
2025-07-07T20:34:32.556338,7632.0,1076.0,20114621
2025-07-07T20:34:33.708982,7650.0,1075.0,20126779
2025-07-07T20:34:34.861757,7632.0,1077.0,20138951
2025-07-07T20:34:36.014391,7650.0,1076.0,20151119
2025-07-07T20:34:37.167238,7614.0,1076.0,20163288
2025-07-07T20:34:38.319923,7650.0,1076.0,20175454
2025-07-07T20:34:39.472629,7632.0,1075.0,20187606
2025-07-07T20:34:40.626301,7650.0,1074.0,20199752
2025-07-07T20:34:41.779215,7632.0,1073.0,20211883
2025-07-07T20:34:42.931786,7650.0,1072.0,20224007
2025-07-07T20:34:44.084553,7632.0,1072.0,20236126
2025-07-07T20:34:45.237211,7650.0,1072.0,20248240
2025-07-07T20:34:46.389821,7632.0,1071.0,20260345
2025-07-07T20:34:47.542664,7650.0,1071.0,20272449
2025-07-07T20:34:48.696453,7614.0,1070.0,20284550
2025-07-07T20:34:49.849126,7650.0,1070.0,20296645
2025-07-07T20:34:51.001912,7632.0,1070.0,20308739
2025-07-07T20:34:52.154504,7650.0,1070.0,20320835
2025-07-07T20:34:53.307288,7632.0,1070.0,20332932
2025-07-07T20:34:54.460019,7650.0,1070.0,20345029
2025-07-07T20:34:55.613638,7650.0,1070.0,20357127
2025-07-07T20:34:56.766561,7650.0,1070.0,20369221
2025-07-07T20:34:57.919260,7632.0,1070.0,20381313
2025-07-07T20:34:59.071957,7668.0,1069.0,20393399
2025-07-07T20:35:00.224708,7632.0,1069.0,20405482
2025-07-07T20:35:01.377356,7650.0,1069.0,20417563
2025-07-07T20:35:02.530099,7632.0,1068.0,20429637
2025-07-07T20:35:03.683826,7650.0,1068.0,20441707
2025-07-07T20:35:04.836525,7632.0,1067.0,20453773
2025-07-07T20:35:05.989289,7650.0,1068.0,20465844
2025-07-07T20:35:07.141943,7632.0,1067.0,20477906
2025-07-07T20:35:08.294727,7650.0,1066.0,20489955
2025-07-07T20:35:09.447504,7632.0,1065.0,20501993
2025-07-07T20:35:10.601029,7650.0,1064.0,20514025
2025-07-07T20:35:11.753906,7632.0,1064.0,20526054
2025-07-07T20:35:12.906619,7650.0,1064.0,20538080
2025-07-07T20:35:14.059299,7632.0,1064.0,20550104
2025-07-07T20:35:15.212054,7668.0,1063.0,20562122
2025-07-07T20:35:16.364761,7632.0,1063.0,20574136
2025-07-07T20:35:17.517520,7650.0,1063.0,20586150
2025-07-07T20:35:18.671122,7650.0,1063.0,20598162
2025-07-07T20:35:19.823996,7668.0,1063.0,20610175
2025-07-07T20:35:20.976616,7632.0,1062.0,20622178
2025-07-07T20:35:22.129410,7650.0,1061.0,20634176
2025-07-07T20:35:23.282044,7632.0,1061.0,20646174
2025-07-07T20:35:24.434866,7668.0,1061.0,20658169
2025-07-07T20:35:25.588496,7632.0,1060.0,20670158
2025-07-07T20:35:26.741332,7668.0,1060.0,20682144
2025-07-07T20:35:27.894051,7650.0,1059.0,20694118
2025-07-07T20:35:29.046805,7668.0,1059.0,20706091
2025-07-07T20:35:30.199461,7650.0,1059.0,20718058
2025-07-07T20:35:31.352207,7668.0,1058.0,20730018
2025-07-07T20:35:32.504905,7650.0,1057.0,20741967
2025-07-07T20:35:33.658591,7668.0,1056.0,20753900
2025-07-07T20:35:34.811367,7650.0,1055.0,20765828
2025-07-07T20:35:35.964039,7668.0,1055.0,20777758
2025-07-07T20:35:37.116801,7632.0,1055.0,20789684
2025-07-07T20:35:38.269420,7668.0,1054.0,20801604
2025-07-07T20:35:39.422238,7650.0,1054.0,20813522
2025-07-07T20:35:40.574951,7650.0,1054.0,20825441
2025-07-07T20:35:41.728727,7650.0,1054.0,20837353
2025-07-07T20:35:42.881366,7668.0,1054.0,20849264
2025-07-07T20:35:44.034150,7632.0,1054.0,20861180
2025-07-07T20:35:45.186809,7668.0,1054.0,20873099
2025-07-07T20:35:46.339549,7650.0,1054.0,20885020
2025-07-07T20:35:47.492245,7668.0,1054.0,20896940
2025-07-07T20:35:48.646033,7650.0,1054.0,20908861
2025-07-07T20:35:49.798677,7668.0,1053.0,20920771
2025-07-07T20:35:50.951481,7650.0,1053.0,20932673
2025-07-07T20:35:52.104177,7668.0,1052.0,20944566
2025-07-07T20:35:53.256956,7650.0,1052.0,20956454
2025-07-07T20:35:54.409577,7668.0,1051.0,20968341
2025-07-07T20:35:55.562401,7650.0,1052.0,20980231
2025-07-07T20:35:56.716079,7668.0,1051.0,20992108
2025-07-07T20:35:57.868748,7650.0,1050.0,21003973
2025-07-07T20:35:59.021567,7668.0,1049.0,21015833
2025-07-07T20:36:00.174284,7650.0,1048.0,21027680
2025-07-07T20:36:01.326971,7668.0,1048.0,21039524
2025-07-07T20:36:02.479668,7650.0,1047.0,21051363
2025-07-07T20:36:03.633441,7668.0,1047.0,21063199
2025-07-07T20:36:04.786095,7650.0,1046.0,21075027
2025-07-07T20:36:05.938861,7668.0,1046.0,21086856
2025-07-07T20:36:07.091545,7668.0,1046.0,21098686
2025-07-07T20:36:08.244331,7668.0,1046.0,21110516
2025-07-07T20:36:09.397075,7650.0,1046.0,21122342
2025-07-07T20:36:10.549733,7668.0,1046.0,21134169
2025-07-07T20:36:11.703484,7650.0,1046.0,21145996
2025-07-07T20:36:12.856196,7668.0,1046.0,21157821
2025-07-07T20:36:14.008838,7650.0,1046.0,21169651
2025-07-07T20:36:15.161657,7668.0,1046.0,21181481
2025-07-07T20:36:16.314379,7650.0,1046.0,21193309
2025-07-07T20:36:17.467026,7668.0,1046.0,21205129
2025-07-07T20:36:18.620748,7650.0,1045.0,21216944
2025-07-07T20:36:19.773539,7668.0,1045.0,21228758
2025-07-07T20:36:20.926235,7650.0,1045.0,21240571
2025-07-07T20:36:22.079033,7668.0,1045.0,21252381
2025-07-07T20:36:23.231674,7650.0,1045.0,21264191
2025-07-07T20:36:24.384490,7668.0,1044.0,21275998
2025-07-07T20:36:25.537088,7650.0,1045.0,21287807
2025-07-07T20:36:26.690850,7668.0,1044.0,21299611
2025-07-07T20:36:27.843418,7650.0,1044.0,21311414
2025-07-07T20:36:28.996127,7668.0,1044.0,21323212
2025-07-07T20:36:30.149009,7650.0,1043.0,21335006
2025-07-07T20:36:31.301822,7668.0,1042.0,21346789
2025-07-07T20:36:32.454459,7650.0,1042.0,21358570
2025-07-07T20:36:33.607238,7668.0,1042.0,21370352
2025-07-07T20:36:34.760830,7650.0,1042.0,21382134
2025-07-07T20:36:35.913548,7668.0,1042.0,21393916
2025-07-07T20:36:37.066386,7650.0,1042.0,21405696
2025-07-07T20:36:38.219032,7668.0,1042.0,21417473
2025-07-07T20:36:39.371769,7668.0,1041.0,21429243
2025-07-07T20:36:40.524602,7668.0,1041.0,21441014
2025-07-07T20:36:41.678277,7650.0,1041.0,21452782
2025-07-07T20:36:42.830992,7668.0,1040.0,21464542
2025-07-07T20:36:43.983753,7650.0,1040.0,21476295
2025-07-07T20:36:45.136393,7668.0,1039.0,21488042
2025-07-07T20:36:46.289177,7650.0,1039.0,21499785
2025-07-07T20:36:47.441803,7686.0,1038.0,21511517
2025-07-07T20:36:48.594630,7668.0,1037.0,21523246
2025-07-07T20:36:49.748345,7668.0,1037.0,21534965
2025-07-07T20:36:50.901046,7668.0,1035.0,21546671
2025-07-07T20:36:52.053788,7668.0,1035.0,21558372
2025-07-07T20:36:53.206506,7650.0,1035.0,21570071
2025-07-07T20:36:54.359160,7668.0,1035.0,21581777
2025-07-07T20:36:55.511929,7668.0,1036.0,21593484
2025-07-07T20:36:56.665627,7668.0,1035.0,21605187
2025-07-07T20:36:57.818261,7650.0,1035.0,21616891
2025-07-07T20:36:58.971066,7668.0,1034.0,21628585
2025-07-07T20:37:00.123777,7650.0,1034.0,21640275
2025-07-07T20:37:01.276531,7668.0,1034.0,21651961
2025-07-07T20:37:02.429325,7650.0,1033.0,21663640
2025-07-07T20:37:03.581982,7668.0,1033.0,21675317
2025-07-07T20:37:04.735660,7668.0,1032.0,21686985
2025-07-07T20:37:05.888412,7668.0,1032.0,21698655
2025-07-07T20:37:07.041145,7668.0,1033.0,21710328
2025-07-07T20:37:08.193901,7668.0,1033.0,21722002
2025-07-07T20:37:09.346510,7650.0,1031.0,21733661
2025-07-07T20:37:10.499316,7668.0,1031.0,21745315
2025-07-07T20:37:11.652028,7668.0,1030.0,21756957
2025-07-07T20:37:12.805818,7668.0,1030.0,21768599
2025-07-07T20:37:13.958473,7650.0,1031.0,21780250
2025-07-07T20:37:15.111237,7668.0,1031.0,21791904
2025-07-07T20:37:16.263949,7668.0,1030.0,21803551
2025-07-07T20:37:17.416677,7668.0,1030.0,21815195
2025-07-07T20:37:18.569435,7668.0,1030.0,21826837
2025-07-07T20:37:19.723103,7668.0,1029.0,21838475
2025-07-07T20:37:20.875660,7650.0,1029.0,21850105
2025-07-07T20:37:22.028627,7668.0,1028.0,21861728
2025-07-07T20:37:23.181303,7668.0,1028.0,21873348
2025-07-07T20:37:24.334067,7668.0,1027.0,21884960
2025-07-07T20:37:25.486710,7668.0,1027.0,21896575
2025-07-07T20:37:26.639429,7668.0,1027.0,21908191
2025-07-07T20:37:27.792490,7650.0,1028.0,21919811
2025-07-07T20:37:28.943727,7668.0,1028.0,21931433
2025-07-07T20:37:30.095085,7668.0,1028.0,21943059
2025-07-07T20:37:31.246462,7668.0,1029.0,21954687
2025-07-07T20:37:32.397973,7668.0,1028.0,21966314
2025-07-07T20:37:33.549629,7668.0,1028.0,21977935
2025-07-07T20:37:34.702252,7668.0,1027.0,21989544
2025-07-07T20:37:35.853900,7686.0,1026.0,22001148
2025-07-07T20:37:37.005831,7668.0,1026.0,22012750
2025-07-07T20:37:38.157654,7686.0,1026.0,22024349
2025-07-07T20:37:39.309655,7668.0,1025.0,22035939
2025-07-07T20:37:40.461544,7668.0,1025.0,22047525
2025-07-07T20:37:41.613616,7668.0,1023.0,22059095
2025-07-07T20:37:42.766720,7668.0,1023.0,22070658
2025-07-07T20:37:43.918902,7668.0,1023.0,22082223
2025-07-07T20:37:45.070965,7668.0,1023.0,22093787
2025-07-07T20:37:46.223314,7668.0,1022.0,22105344
2025-07-07T20:37:47.375646,7686.0,1022.0,22116898
2025-07-07T20:37:48.527871,7668.0,1022.0,22128447
2025-07-07T20:37:49.681127,7686.0,1022.0,22140003
2025-07-07T20:37:50.833312,7668.0,1022.0,22151558
2025-07-07T20:37:51.985805,7686.0,1022.0,22163108
2025-07-07T20:37:53.138257,7668.0,1021.0,22174651
2025-07-07T20:37:54.290726,7668.0,1021.0,22186191
2025-07-07T20:37:55.443095,7668.0,1020.0,22197727
2025-07-07T20:37:56.595569,7686.0,1019.0,22209249
2025-07-07T20:37:57.749012,7668.0,1019.0,22220764
2025-07-07T20:37:58.901558,7686.0,1018.0,22232277
2025-07-07T20:38:00.053924,7668.0,1018.0,22243785
2025-07-07T20:38:01.206579,7668.0,1018.0,22255291
2025-07-07T20:38:02.359091,7668.0,1018.0,22266796
2025-07-07T20:38:03.511684,7686.0,1018.0,22278302
2025-07-07T20:38:04.664308,7668.0,1017.0,22289802
2025-07-07T20:38:05.817800,7668.0,1017.0,22301299
2025-07-07T20:38:06.970406,7668.0,1017.0,22312793
2025-07-07T20:38:08.123066,7686.0,1015.0,22324270
2025-07-07T20:38:09.275619,7668.0,1015.0,22335742
2025-07-07T20:38:10.428213,7686.0,1014.0,22347208
2025-07-07T20:38:11.580822,7668.0,1014.0,22358675
2025-07-07T20:38:12.734503,7668.0,1013.0,22370131
2025-07-07T20:38:13.887111,7668.0,1013.0,22381584
2025-07-07T20:38:15.039810,7686.0,1013.0,22393037
2025-07-07T20:38:16.192484,7668.0,1013.0,22404490
2025-07-07T20:38:17.345093,7668.0,1013.0,22415947
2025-07-07T20:38:18.497796,7668.0,1014.0,22427414
2025-07-07T20:38:19.650405,7686.0,1014.0,22438883
2025-07-07T20:38:20.804101,7668.0,1015.0,22450359
2025-07-07T20:38:21.956617,7668.0,1014.0,22461828
2025-07-07T20:38:23.109385,7668.0,1013.0,22473283
2025-07-07T20:38:24.262092,7686.0,1012.0,22484727
2025-07-07T20:38:25.414731,7668.0,1011.0,22496161
2025-07-07T20:38:26.567438,7686.0,1011.0,22507596
2025-07-07T20:38:27.721024,7668.0,1011.0,22519027
2025-07-07T20:38:28.873690,7686.0,1010.0,22530448
2025-07-07T20:38:30.026425,7668.0,1009.0,22541859
2025-07-07T20:38:31.179128,7668.0,1008.0,22553258
2025-07-07T20:38:32.331892,7668.0,1007.0,22564648
2025-07-07T20:38:33.484516,7668.0,1006.0,22576027
2025-07-07T20:38:34.637258,7668.0,1006.0,22587401
2025-07-07T20:38:35.790889,7686.0,1005.0,22598768
2025-07-07T20:38:36.943701,7668.0,1006.0,22610139
2025-07-07T20:38:38.096244,7686.0,1006.0,22621508
2025-07-07T20:38:39.249017,7668.0,1005.0,22632868
2025-07-07T20:38:40.401599,7686.0,1005.0,22644229
2025-07-07T20:38:41.554478,7668.0,1005.0,22655587
2025-07-07T20:38:42.708183,7686.0,1005.0,22666948
2025-07-07T20:38:43.860874,7668.0,1005.0,22678308
2025-07-07T20:38:45.013530,7686.0,1004.0,22689662
2025-07-07T20:38:46.166264,7668.0,1004.0,22701010
2025-07-07T20:38:47.318960,7686.0,1004.0,22712357
2025-07-07T20:38:48.471731,7668.0,1004.0,22723704
2025-07-07T20:38:49.624303,7686.0,1004.0,22735053
2025-07-07T20:38:50.778116,7668.0,1003.0,22746393
2025-07-07T20:38:51.930773,7686.0,1003.0,22757728
2025-07-07T20:38:53.083446,7668.0,1002.0,22769052
2025-07-07T20:38:54.236235,7686.0,1000.0,22780363
2025-07-07T20:38:55.388978,7668.0,1000.0,22791673
2025-07-07T20:38:56.541601,7686.0,1001.0,22802985
2025-07-07T20:38:57.694356,7668.0,1000.0,22814294
2025-07-07T20:38:58.848093,7686.0,1000.0,22825601
2025-07-07T20:39:00.000719,7668.0,1001.0,22836915
2025-07-07T20:39:01.153443,7686.0,1001.0,22848229
2025-07-07T20:39:02.306163,7668.0,1000.0,22859532
2025-07-07T20:39:03.458865,7686.0,1000.0,22870838
2025-07-07T20:39:04.610595,7668.0,999.0,22882134
2025-07-07T20:39:05.764356,7704.0,999.0,22893423
2025-07-07T20:39:06.917011,7668.0,998.0,22904706
2025-07-07T20:39:08.069840,7686.0,998.0,22915987
2025-07-07T20:39:09.222409,7668.0,998.0,22927270
2025-07-07T20:39:10.375208,7704.0,998.0,22938556
2025-07-07T20:39:11.527815,7668.0,998.0,22949843
2025-07-07T20:39:12.680704,7686.0,998.0,22961125
2025-07-07T20:39:13.834368,7668.0,997.0,22972400
2025-07-07T20:39:14.987055,7686.0,997.0,22983669
2025-07-07T20:39:16.139678,7668.0,997.0,22994936
2025-07-07T20:39:17.292533,7686.0,996.0,23006192
2025-07-07T20:39:18.445115,7668.0,996.0,23017448
2025-07-07T20:39:19.597952,7686.0,995.0,23028692
2025-07-07T20:39:20.751641,7668.0,993.0,23039923
2025-07-07T20:39:21.904406,7686.0,993.0,23051148
2025-07-07T20:39:23.057010,7668.0,992.0,23062368
2025-07-07T20:39:24.209757,7704.0,993.0,23073590
2025-07-07T20:39:25.362448,7668.0,993.0,23084818
2025-07-07T20:39:26.515216,7686.0,993.0,23096043
2025-07-07T20:39:27.667908,7668.0,992.0,23107261
2025-07-07T20:39:28.821498,7704.0,992.0,23118474
2025-07-07T20:39:29.974376,7668.0,991.0,23129679
2025-07-07T20:39:31.127038,7704.0,990.0,23140874
2025-07-07T20:39:32.279783,7668.0,990.0,23152068
2025-07-07T20:39:33.432477,7686.0,990.0,23163261
2025-07-07T20:39:34.585243,7668.0,989.0,23174443
2025-07-07T20:39:35.737992,7704.0,989.0,23185629
2025-07-07T20:39:36.891651,7668.0,989.0,23196805
2025-07-07T20:39:38.044329,7704.0,988.0,23207976
2025-07-07T20:39:39.197164,7686.0,988.0,23219144
2025-07-07T20:39:40.349740,7704.0,988.0,23230309
2025-07-07T20:39:41.502496,7668.0,988.0,23241477
2025-07-07T20:39:42.655217,7686.0,988.0,23252645
2025-07-07T20:39:43.808905,7668.0,987.0,23263809
2025-07-07T20:39:44.961600,7704.0,987.0,23274967
2025-07-07T20:39:46.114422,7668.0,987.0,23286125
2025-07-07T20:39:47.267078,7704.0,987.0,23297280
2025-07-07T20:39:48.419881,7668.0,986.0,23308432
2025-07-07T20:39:49.572582,7704.0,986.0,23319580
2025-07-07T20:39:50.725293,7668.0,985.0,23330711
2025-07-07T20:39:51.879005,7686.0,983.0,23341826
2025-07-07T20:39:53.031644,7668.0,983.0,23352942
2025-07-07T20:39:54.184400,7704.0,983.0,23364052
2025-07-07T20:39:55.337091,7668.0,983.0,23375161
2025-07-07T20:39:56.489872,7704.0,983.0,23386278
2025-07-07T20:39:57.642597,7668.0,983.0,23397387
2025-07-07T20:39:58.796317,7704.0,981.0,23408479
2025-07-07T20:39:59.948999,7668.0,981.0,23419569
2025-07-07T20:40:01.101678,7704.0,980.0,23430652
2025-07-07T20:40:02.254430,7686.0,980.0,23441733
2025-07-07T20:40:03.407086,7704.0,980.0,23452815
2025-07-07T20:40:04.559892,7668.0,980.0,23463895
2025-07-07T20:40:05.712621,7704.0,980.0,23474974
2025-07-07T20:40:06.866318,7686.0,980.0,23486049
2025-07-07T20:40:08.019064,7704.0,979.0,23497120
2025-07-07T20:40:09.171762,7668.0,979.0,23508191
2025-07-07T20:40:10.324462,7704.0,979.0,23519258
2025-07-07T20:40:11.477071,7668.0,979.0,23530327
2025-07-07T20:40:12.629888,7704.0,978.0,23541388
2025-07-07T20:40:13.783622,7686.0,978.0,23552447
2025-07-07T20:40:14.936221,7704.0,978.0,23563502
2025-07-07T20:40:16.088930,7686.0,978.0,23574554
2025-07-07T20:40:17.241826,7704.0,977.0,23585602
2025-07-07T20:40:18.394436,7686.0,977.0,23596651
2025-07-07T20:40:19.547246,7704.0,977.0,23607693
2025-07-07T20:40:20.699914,7686.0,977.0,23618738
2025-07-07T20:40:21.853550,7704.0,976.0,23629778
2025-07-07T20:40:23.006341,7686.0,976.0,23640808
2025-07-07T20:40:24.159000,7704.0,976.0,23651837
2025-07-07T20:40:25.311748,7686.0,975.0,23662857
2025-07-07T20:40:26.464310,7704.0,974.0,23673870
2025-07-07T20:40:27.617378,7668.0,974.0,23684879
2025-07-07T20:40:28.769887,7704.0,973.0,23695877
2025-07-07T20:40:29.923561,7668.0,973.0,23706879
2025-07-07T20:40:31.076215,7704.0,973.0,23717883
2025-07-07T20:40:32.229182,7686.0,973.0,23728887
2025-07-07T20:40:33.381696,7704.0,973.0,23739892
2025-07-07T20:40:34.534566,7686.0,972.0,23750885
2025-07-07T20:40:35.687261,7704.0,972.0,23761872
2025-07-07T20:40:36.841111,7686.0,972.0,23772861
2025-07-07T20:40:37.993828,7704.0,971.0,23783844
2025-07-07T20:40:39.146511,7686.0,971.0,23794819
2025-07-07T20:40:40.298974,7704.0,971.0,23805793
2025-07-07T20:40:41.451811,7686.0,971.0,23816770
2025-07-07T20:40:42.604354,7704.0,970.0,23827738
2025-07-07T20:40:43.757106,7686.0,969.0,23838698
2025-07-07T20:40:44.910819,7704.0,969.0,23849650
2025-07-07T20:40:46.063427,7686.0,968.0,23860599
2025-07-07T20:40:47.216219,7704.0,969.0,23871550
2025-07-07T20:40:48.369117,7686.0,968.0,23882497
2025-07-07T20:40:49.521667,7704.0,968.0,23893443
2025-07-07T20:40:50.674424,7686.0,968.0,23904383
2025-07-07T20:40:51.828130,7704.0,967.0,23915320
2025-07-07T20:40:52.980791,7686.0,967.0,23926249
2025-07-07T20:40:54.133608,7722.0,966.0,23937175
2025-07-07T20:40:55.286187,7686.0,966.0,23948096
2025-07-07T20:40:56.439035,7704.0,965.0,23959005
2025-07-07T20:40:57.591759,7686.0,965.0,23969914
2025-07-07T20:40:58.744395,7722.0,965.0,23980820
2025-07-07T20:40:59.898114,7686.0,964.0,23991724
2025-07-07T20:41:01.050828,7704.0,965.0,24002636
2025-07-07T20:41:02.203540,7686.0,965.0,24013545
2025-07-07T20:41:03.356370,7704.0,965.0,24024453
2025-07-07T20:41:04.508964,7686.0,965.0,24035360
2025-07-07T20:41:05.661705,7704.0,965.0,24046271
2025-07-07T20:41:06.815424,7686.0,965.0,24057179
2025-07-07T20:41:07.968182,7704.0,964.0,24068077
2025-07-07T20:41:09.120840,7686.0,963.0,24078967
2025-07-07T20:41:10.273631,7722.0,962.0,24089848
2025-07-07T20:41:11.426405,7686.0,963.0,24100733
2025-07-07T20:41:12.579129,7704.0,963.0,24111623
2025-07-07T20:41:13.731901,7686.0,963.0,24122512
2025-07-07T20:41:14.885585,7722.0,962.0,24133393
2025-07-07T20:41:16.038167,7686.0,962.0,24144272
2025-07-07T20:41:17.190948,7722.0,962.0,24155148
2025-07-07T20:41:18.343814,7686.0,962.0,24166027
2025-07-07T20:41:19.496519,7722.0,962.0,24176903
2025-07-07T20:41:20.649119,7704.0,961.0,24187772
2025-07-07T20:41:21.801941,7722.0,961.0,24198637
2025-07-07T20:41:22.955568,7686.0,960.0,24209494
2025-07-07T20:41:24.108290,7722.0,960.0,24220349
2025-07-07T20:41:25.261226,7704.0,960.0,24231198
2025-07-07T20:41:26.413737,7722.0,959.0,24242045
2025-07-07T20:41:27.566601,7704.0,959.0,24252888
2025-07-07T20:41:28.719245,7722.0,959.0,24263726
2025-07-07T20:41:29.873006,7704.0,959.0,24274568
2025-07-07T20:41:31.025617,7722.0,958.0,24285401
2025-07-07T20:41:32.178421,7686.0,957.0,24296226
2025-07-07T20:41:33.331140,7704.0,957.0,24307049
2025-07-07T20:41:34.483826,7704.0,958.0,24317877
2025-07-07T20:41:35.636479,7722.0,957.0,24328699
2025-07-07T20:41:36.789253,7704.0,958.0,24339532
2025-07-07T20:41:37.942875,7722.0,959.0,24350370
2025-07-07T20:41:39.095703,7704.0,958.0,24361197
2025-07-07T20:41:40.248397,7722.0,957.0,24372021
2025-07-07T20:41:41.401146,7704.0,957.0,24382837
2025-07-07T20:41:42.553806,7722.0,955.0,24393636
2025-07-07T20:41:43.706512,7704.0,954.0,24404425
2025-07-07T20:41:44.860313,7722.0,954.0,24415213
2025-07-07T20:41:46.012964,7704.0,953.0,24425993
2025-07-07T20:41:47.165639,7722.0,953.0,24436767
2025-07-07T20:41:48.318400,7704.0,953.0,24447539
2025-07-07T20:41:49.471091,7722.0,953.0,24458309
2025-07-07T20:41:50.623898,7704.0,952.0,24469077
2025-07-07T20:41:51.776549,7722.0,953.0,24479846
2025-07-07T20:41:52.930227,7686.0,952.0,24490612
2025-07-07T20:41:54.082948,7722.0,952.0,24501375
2025-07-07T20:41:55.235557,7704.0,952.0,24512135
2025-07-07T20:41:56.388447,7722.0,951.0,24522892
2025-07-07T20:41:57.541149,7686.0,952.0,24533652
2025-07-07T20:41:58.693907,7722.0,951.0,24544404
2025-07-07T20:41:59.846506,7704.0,951.0,24555156
2025-07-07T20:42:01.000324,7722.0,951.0,24565910
2025-07-07T20:42:02.153013,7704.0,952.0,24576672
2025-07-07T20:42:03.305710,7740.0,952.0,24587430
2025-07-07T20:42:04.458412,7704.0,951.0,24598179
2025-07-07T20:42:05.611198,7722.0,951.0,24608930
2025-07-07T20:42:06.763783,7704.0,951.0,24619682
2025-07-07T20:42:07.917486,7722.0,951.0,24630431
2025-07-07T20:42:09.070322,7704.0,951.0,24641178
2025-07-07T20:42:10.223095,7722.0,949.0,24651913
2025-07-07T20:42:11.375768,7704.0,949.0,24662645
2025-07-07T20:42:12.528492,7722.0,950.0,24673382
2025-07-07T20:42:13.681202,7704.0,950.0,24684120
2025-07-07T20:42:14.833930,7722.0,949.0,24694845
2025-07-07T20:42:15.987652,7704.0,948.0,24705565
2025-07-07T20:42:17.140353,7740.0,948.0,24716280
2025-07-07T20:42:18.293061,7704.0,947.0,24726986
2025-07-07T20:42:19.445664,7722.0,946.0,24737685
2025-07-07T20:42:20.598451,7704.0,946.0,24748378
2025-07-07T20:42:21.751241,7740.0,946.0,24759072
2025-07-07T20:42:22.904962,7704.0,946.0,24769765
2025-07-07T20:42:24.057606,7722.0,945.0,24780451
2025-07-07T20:42:25.210321,7704.0,945.0,24791133
2025-07-07T20:42:26.363011,7722.0,945.0,24801813
2025-07-07T20:42:27.515810,7704.0,944.0,24812489
2025-07-07T20:42:28.668409,7740.0,944.0,24823161
2025-07-07T20:42:29.821282,7704.0,944.0,24833829
2025-07-07T20:42:30.974946,7740.0,943.0,24844494
2025-07-07T20:42:32.127666,7704.0,943.0,24855150
2025-07-07T20:42:33.280365,7722.0,943.0,24865812
2025-07-07T20:42:34.433090,7704.0,943.0,24876473
2025-07-07T20:42:35.585713,7740.0,943.0,24887139
2025-07-07T20:42:36.738558,7704.0,943.0,24897799
2025-07-07T20:42:37.892292,7722.0,943.0,24908456
2025-07-07T20:42:39.044906,7704.0,942.0,24919102
2025-07-07T20:42:40.197721,7740.0,941.0,24929739
2025-07-07T20:42:41.350451,7704.0,940.0,24940370
2025-07-07T20:42:42.502958,7740.0,940.0,24950994
2025-07-07T20:42:43.655740,7722.0,939.0,24961613
2025-07-07T20:42:44.808405,7740.0,939.0,24972228
2025-07-07T20:42:45.962105,7704.0,939.0,24982841
2025-07-07T20:42:47.114877,7740.0,939.0,24993459
2025-07-07T20:42:48.267537,7704.0,939.0,25004072
2025-07-07T20:42:49.420394,7722.0,938.0,25014681
2025-07-07T20:42:50.573119,7704.0,938.0,25025288
2025-07-07T20:42:51.725937,7740.0,938.0,25035892
2025-07-07T20:42:52.878621,7704.0,938.0,25046496
2025-07-07T20:42:54.032289,7722.0,938.0,25057096
2025-07-07T20:42:55.184938,7704.0,937.0,25067694
2025-07-07T20:42:56.337788,7740.0,938.0,25078294
2025-07-07T20:42:57.490490,7722.0,937.0,25088892
2025-07-07T20:42:58.643200,7740.0,937.0,25099488
2025-07-07T20:42:59.795786,7722.0,937.0,25110077
2025-07-07T20:43:00.949557,7740.0,936.0,25120665
2025-07-07T20:43:02.102143,7704.0,936.0,25131246
2025-07-07T20:43:03.255035,7740.0,935.0,25141819
2025-07-07T20:43:04.407723,7722.0,934.0,25152382
2025-07-07T20:43:05.560513,7722.0,933.0,25162933
2025-07-07T20:43:06.713130,7722.0,933.0,25173478
2025-07-07T20:43:07.865884,7740.0,932.0,25184019
2025-07-07T20:43:09.019611,7722.0,932.0,25194558
2025-07-07T20:43:10.172231,7740.0,932.0,25205091
2025-07-07T20:43:11.324925,7722.0,931.0,25215619
2025-07-07T20:43:12.477718,7740.0,931.0,25226145
2025-07-07T20:43:13.630477,7722.0,930.0,25236664
2025-07-07T20:43:14.783215,7740.0,930.0,25247180
2025-07-07T20:43:15.936969,7722.0,930.0,25257694
2025-07-07T20:43:17.089594,7740.0,930.0,25268210
2025-07-07T20:43:18.242220,7722.0,930.0,25278730
2025-07-07T20:43:19.395026,7758.0,930.0,25289246
2025-07-07T20:43:20.547766,7704.0,929.0,25299752
2025-07-07T20:43:21.700543,7740.0,929.0,25310254
2025-07-07T20:43:22.853219,7722.0,928.0,25320749
2025-07-07T20:43:24.006913,7740.0,928.0,25331237
2025-07-07T20:43:25.159651,7722.0,927.0,25341718
2025-07-07T20:43:26.312243,7740.0,927.0,25352200
2025-07-07T20:43:27.465106,7722.0,926.0,25362675
2025-07-07T20:43:28.617780,7740.0,926.0,25373143
2025-07-07T20:43:29.770541,7722.0,925.0,25383598
2025-07-07T20:43:30.924220,7740.0,924.0,25394043
2025-07-07T20:43:32.077017,7704.0,923.0,25404480
2025-07-07T20:43:33.229719,7740.0,923.0,25414914
2025-07-07T20:43:34.382391,7722.0,922.0,25425336
2025-07-07T20:43:35.535040,7740.0,921.0,25435751
2025-07-07T20:43:36.687882,7704.0,920.0,25446158
2025-07-07T20:43:37.840549,7740.0,920.0,25456563
2025-07-07T20:43:38.994211,7722.0,921.0,25466974
2025-07-07T20:43:40.146961,7740.0,920.0,25477377
2025-07-07T20:43:41.299556,7722.0,919.0,25487772
2025-07-07T20:43:42.452354,7740.0,920.0,25498169
2025-07-07T20:43:43.605160,7722.0,919.0,25508565
2025-07-07T20:43:44.757815,7740.0,920.0,25518962
2025-07-07T20:43:45.910617,7722.0,920.0,25529360
2025-07-07T20:43:47.064266,7740.0,920.0,25539759
2025-07-07T20:43:48.216964,7722.0,920.0,25550157
2025-07-07T20:43:49.369754,7740.0,919.0,25560548
2025-07-07T20:43:50.522218,7722.0,919.0,25570935
2025-07-07T20:43:51.675161,7758.0,918.0,25581317
2025-07-07T20:43:52.827911,7722.0,918.0,25591697
2025-07-07T20:43:53.981574,7758.0,918.0,25602072
2025-07-07T20:43:55.134245,7722.0,917.0,25612440
2025-07-07T20:43:56.286929,7740.0,916.0,25622797
2025-07-07T20:43:57.439627,7704.0,916.0,25633150
2025-07-07T20:43:58.592450,7740.0,916.0,25643503
2025-07-07T20:43:59.745117,7740.0,915.0,25653845
2025-07-07T20:44:00.897936,7740.0,915.0,25664188
2025-07-07T20:44:02.051650,7722.0,915.0,25674532
2025-07-07T20:44:03.204362,7758.0,915.0,25684874
2025-07-07T20:44:04.357043,7722.0,914.0,25695213
2025-07-07T20:44:05.509765,7740.0,914.0,25705551
2025-07-07T20:44:06.662383,7722.0,914.0,25715884
2025-07-07T20:44:07.815214,7758.0,913.0,25726212
2025-07-07T20:44:08.968834,7722.0,913.0,25736537
2025-07-07T20:44:10.121541,7740.0,913.0,25746859
2025-07-07T20:44:11.274258,7722.0,913.0,25757177
2025-07-07T20:44:12.427604,7758.0,912.0,25767492
2025-07-07T20:44:13.579779,7722.0,912.0,25777800
2025-07-07T20:44:14.732511,7758.0,912.0,25788107
2025-07-07T20:44:15.885202,7722.0,912.0,25798414
2025-07-07T20:44:17.038812,7740.0,911.0,25808716
2025-07-07T20:44:18.191666,7722.0,910.0,25819010
2025-07-07T20:44:19.344315,7740.0,910.0,25829298
2025-07-07T20:44:20.497063,7722.0,909.0,25839581
2025-07-07T20:44:21.649643,7758.0,909.0,25849862
2025-07-07T20:44:22.802527,7722.0,909.0,25860144
2025-07-07T20:44:23.955163,7740.0,909.0,25870426
2025-07-07T20:44:25.108987,7722.0,909.0,25880708
2025-07-07T20:44:26.261634,7740.0,909.0,25890990
2025-07-07T20:44:27.414475,7740.0,909.0,25901273
2025-07-07T20:44:28.566980,7758.0,909.0,25911556
2025-07-07T20:44:29.719827,7722.0,909.0,25921836
2025-07-07T20:44:30.872467,7758.0,909.0,25932113
2025-07-07T20:44:32.026169,7740.0,908.0,25942382
2025-07-07T20:44:33.178984,7758.0,908.0,25952643
2025-07-07T20:44:34.331713,7740.0,907.0,25962898
2025-07-07T20:44:35.484320,7758.0,907.0,25973152
2025-07-07T20:44:36.637103,7722.0,907.0,25983405
2025-07-07T20:44:37.789796,7758.0,907.0,25993658
2025-07-07T20:44:38.942595,7740.0,907.0,26003908
2025-07-07T20:44:40.096301,7758.0,906.0,26014157
2025-07-07T20:44:41.248930,7740.0,906.0,26024405
2025-07-07T20:44:42.401708,7758.0,907.0,26034656
2025-07-07T20:44:43.554350,7740.0,906.0,26044902
2025-07-07T20:44:44.707091,7758.0,906.0,26055142
2025-07-07T20:44:45.859900,7740.0,905.0,26065375
2025-07-07T20:44:47.013590,7758.0,905.0,26075604
2025-07-07T20:44:48.166262,7740.0,904.0,26085828
2025-07-07T20:44:49.319028,7758.0,904.0,26096049
2025-07-07T20:44:50.471713,7740.0,903.0,26106264
2025-07-07T20:44:51.624416,7758.0,903.0,26116478
2025-07-07T20:44:52.777100,7740.0,903.0,26126686
2025-07-07T20:44:53.929900,7758.0,903.0,26136892
2025-07-07T20:44:55.083503,7722.0,903.0,26147096
2025-07-07T20:44:56.236190,7758.0,903.0,26157303
2025-07-07T20:44:57.388952,7722.0,903.0,26167513
2025-07-07T20:44:58.541741,7758.0,903.0,26177720
2025-07-07T20:44:59.694447,7740.0,903.0,26187924
2025-07-07T20:45:00.847214,7758.0,902.0,26198123
2025-07-07T20:45:02.000817,7740.0,902.0,26208318
2025-07-07T20:45:03.153583,7758.0,902.0,26218512
2025-07-07T20:45:04.306213,7740.0,901.0,26228700
2025-07-07T20:45:05.459086,7758.0,900.0,26238880
2025-07-07T20:45:06.611669,7740.0,900.0,26249052
2025-07-07T20:45:07.764485,7776.0,900.0,26259224
2025-07-07T20:45:08.917182,7740.0,900.0,26269394
2025-07-07T20:45:10.070895,7758.0,900.0,26279566
2025-07-07T20:45:11.223640,7740.0,900.0,26289744
2025-07-07T20:45:12.376195,7758.0,900.0,26299924
2025-07-07T20:45:13.529108,7740.0,900.0,26310104
2025-07-07T20:45:14.681741,7758.0,900.0,26320280
2025-07-07T20:45:15.834476,7722.0,900.0,26330454
2025-07-07T20:45:16.987190,7758.0,900.0,26340625
2025-07-07T20:45:18.140945,7740.0,899.0,26350785
2025-07-07T20:45:19.293544,7758.0,898.0,26360940
2025-07-07T20:45:20.446356,7740.0,898.0,26371090
2025-07-07T20:45:21.599051,7758.0,898.0,26381238
2025-07-07T20:45:22.751752,7740.0,897.0,26391376
2025-07-07T20:45:23.904444,7758.0,896.0,26401509
2025-07-07T20:45:25.058220,7740.0,896.0,26411644
2025-07-07T20:45:26.210988,7758.0,896.0,26421773
2025-07-07T20:45:27.363664,7740.0,896.0,26431902
2025-07-07T20:45:28.516329,7758.0,895.0,26442022
2025-07-07T20:45:29.669037,7740.0,895.0,26452138
2025-07-07T20:45:30.821708,7758.0,894.0,26462250
2025-07-07T20:45:31.974547,7740.0,894.0,26472359
2025-07-07T20:45:33.128722,7758.0,894.0,26482468
2025-07-07T20:45:34.280844,7740.0,895.0,26492582
2025-07-07T20:45:35.433575,7758.0,895.0,26502701
2025-07-07T20:45:36.586356,7740.0,895.0,26512820
2025-07-07T20:45:37.739059,7776.0,895.0,26522935
2025-07-07T20:45:38.891815,7740.0,894.0,26533046
2025-07-07T20:45:40.045428,7776.0,895.0,26543160
2025-07-07T20:45:41.198068,7740.0,895.0,26553277
2025-07-07T20:45:42.350970,7776.0,895.0,26563394
2025-07-07T20:45:43.503770,7740.0,895.0,26573512
2025-07-07T20:45:44.656414,7758.0,895.0,26583629
2025-07-07T20:45:45.809180,7740.0,895.0,26593745
2025-07-07T20:45:46.961731,7776.0,894.0,26603857
2025-07-07T20:45:48.115548,7740.0,894.0,26613961
2025-07-07T20:45:49.268246,7758.0,893.0,26624058
2025-07-07T20:45:50.420927,7740.0,893.0,26634150
2025-07-07T20:45:51.573755,7776.0,893.0,26644241
2025-07-07T20:45:52.726356,7740.0,892.0,26654330
2025-07-07T20:45:53.879052,7758.0,892.0,26664411
2025-07-07T20:45:55.033390,7740.0,892.0,26674493
2025-07-07T20:45:56.185562,7758.0,892.0,26684573
2025-07-07T20:45:57.338274,7740.0,891.0,26694647
2025-07-07T20:45:58.490934,7758.0,891.0,26704717
2025-07-07T20:45:59.643684,7740.0,890.0,26714779
2025-07-07T20:46:00.796383,7758.0,890.0,26724839
2025-07-07T20:46:01.949163,7740.0,890.0,26734899
2025-07-07T20:46:03.102861,7776.0,889.0,26744953
2025-07-07T20:46:04.255504,7758.0,889.0,26755007
2025-07-07T20:46:05.408268,7776.0,868.0,26764819
2025-07-07T20:46:06.560943,7794.0,839.0,26774303
2025-07-07T20:46:07.713744,7794.0,861.0,26784040
2025-07-07T20:46:08.866641,7758.0,873.0,26793908
2025-07-07T20:46:10.019211,7794.0,875.0,26803802
2025-07-07T20:46:11.172784,7758.0,876.0,26813709
2025-07-07T20:46:12.325558,7776.0,877.0,26823625
2025-07-07T20:46:13.478189,7758.0,878.0,26833548
2025-07-07T20:46:14.630960,7776.0,878.0,26843475
2025-07-07T20:46:15.783730,7758.0,878.0,26853401
2025-07-07T20:46:16.936481,7776.0,878.0,26863333
2025-07-07T20:46:18.090212,7740.0,878.0,26873265
2025-07-07T20:46:19.242845,7776.0,878.0,26883196
2025-07-07T20:46:20.395660,7758.0,878.0,26893127
2025-07-07T20:46:21.548247,7776.0,879.0,26903060
2025-07-07T20:46:22.701074,7758.0,878.0,26912985
2025-07-07T20:46:23.853841,7776.0,878.0,26922910
2025-07-07T20:46:25.006639,7740.0,878.0,26932839
2025-07-07T20:46:26.160200,7776.0,878.0,26942764
2025-07-07T20:46:27.312952,7758.0,877.0,26952683
2025-07-07T20:46:28.465424,7776.0,877.0,26962604
2025-07-07T20:46:29.618266,7758.0,877.0,26972523
2025-07-07T20:46:30.770953,7776.0,877.0,26982442
2025-07-07T20:46:31.923773,7758.0,878.0,26992370
2025-07-07T20:46:33.077548,7776.0,878.0,27002297
2025-07-07T20:46:34.230119,7758.0,878.0,27012224
2025-07-07T20:46:35.382939,7776.0,878.0,27022155
2025-07-07T20:46:36.535565,7758.0,879.0,27032091
2025-07-07T20:46:37.688356,7776.0,879.0,27042025
2025-07-07T20:46:38.841147,7740.0,878.0,27051953
2025-07-07T20:46:39.993662,7776.0,878.0,27061877
2025-07-07T20:46:41.147529,7758.0,878.0,27071801
2025-07-07T20:46:42.300296,7776.0,878.0,27081725
2025-07-07T20:46:43.452930,7758.0,878.0,27091650
2025-07-07T20:46:44.605700,7776.0,878.0,27101578
2025-07-07T20:46:45.758339,7758.0,878.0,27111503
2025-07-07T20:46:46.911180,7776.0,878.0,27121426
2025-07-07T20:46:48.063765,7758.0,877.0,27131345
2025-07-07T20:46:49.217633,7776.0,877.0,27141257
2025-07-07T20:46:50.370267,7758.0,876.0,27151164
2025-07-07T20:46:51.522954,7776.0,876.0,27161066
2025-07-07T20:46:52.675734,7740.0,875.0,27170964
2025-07-07T20:46:53.828429,7776.0,875.0,27180861
2025-07-07T20:46:54.981096,7758.0,876.0,27190760
2025-07-07T20:46:56.134785,7794.0,876.0,27200659
2025-07-07T20:46:57.287551,7758.0,876.0,27210558
2025-07-07T20:46:58.440353,7776.0,876.0,27220460
2025-07-07T20:46:59.592982,7758.0,876.0,27230359
2025-07-07T20:47:00.745728,7794.0,876.0,27240259
2025-07-07T20:47:01.898456,7758.0,876.0,27250159
2025-07-07T20:47:03.051185,7776.0,875.0,27260052
2025-07-07T20:47:04.204832,7758.0,875.0,27269942
2025-07-07T20:47:05.357512,7776.0,874.0,27279825
2025-07-07T20:47:06.510154,7758.0,873.0,27289701
2025-07-07T20:47:07.662924,7776.0,873.0,27299574
2025-07-07T20:47:08.815754,7758.0,873.0,27309445
2025-07-07T20:47:09.968442,7776.0,873.0,27319310
2025-07-07T20:47:11.122235,7758.0,872.0,27329173
2025-07-07T20:47:12.274805,7776.0,872.0,27339032
2025-07-07T20:47:13.427669,7758.0,871.0,27348880
2025-07-07T20:47:14.580327,7776.0,871.0,27358723
2025-07-07T20:47:15.733082,7758.0,871.0,27368566
2025-07-07T20:47:16.885556,7776.0,870.0,27378408
2025-07-07T20:47:18.038356,7758.0,870.0,27388246
2025-07-07T20:47:19.192194,7776.0,870.0,27398080
2025-07-07T20:47:20.344957,7758.0,869.0,27407909
2025-07-07T20:47:21.497497,7776.0,869.0,27417733
2025-07-07T20:47:22.650357,7758.0,869.0,27427559
2025-07-07T20:47:23.803028,7794.0,869.0,27437389
2025-07-07T20:47:24.955645,7758.0,869.0,27447215
2025-07-07T20:47:26.109521,7776.0,869.0,27457037
2025-07-07T20:47:27.262106,7758.0,868.0,27466856
2025-07-07T20:47:28.414893,7794.0,868.0,27476672
2025-07-07T20:47:29.567704,7758.0,868.0,27486482
2025-07-07T20:47:30.720358,7776.0,867.0,27496289
2025-07-07T20:47:31.873088,7758.0,867.0,27506094
2025-07-07T20:47:33.025748,7794.0,867.0,27515898
2025-07-07T20:47:34.179533,7758.0,866.0,27525695
2025-07-07T20:47:35.332248,7794.0,866.0,27535489
2025-07-07T20:47:36.484732,7758.0,866.0,27545280
2025-07-07T20:47:37.637698,7776.0,866.0,27555070
2025-07-07T20:47:38.790382,7758.0,865.0,27564853
2025-07-07T20:47:39.943119,7794.0,865.0,27574633
2025-07-07T20:47:41.095858,7758.0,864.0,27584406
2025-07-07T20:47:42.249576,7776.0,864.0,27594173
2025-07-07T20:47:43.402202,7776.0,863.0,27603932
2025-07-07T20:47:44.555024,7794.0,863.0,27613685
2025-07-07T20:47:45.707690,7758.0,862.0,27623435
2025-07-07T20:47:46.860369,7794.0,862.0,27633180
2025-07-07T20:47:48.013130,7758.0,862.0,27642922
2025-07-07T20:47:49.166886,7776.0,861.0,27652662
2025-07-07T20:47:50.319549,7758.0,861.0,27662398
2025-07-07T20:47:51.472266,7776.0,861.0,27672131
2025-07-07T20:47:52.624987,7758.0,860.0,27681858
2025-07-07T20:47:53.777736,7776.0,860.0,27691583
2025-07-07T20:47:54.930434,7758.0,860.0,27701305
2025-07-07T20:47:56.083101,7794.0,860.0,27711028
2025-07-07T20:47:57.236782,7758.0,860.0,27720750
2025-07-07T20:47:58.389528,7794.0,860.0,27730469
2025-07-07T20:47:59.542279,7758.0,859.0,27740186
2025-07-07T20:48:00.694947,7794.0,859.0,27749898
2025-07-07T20:48:01.847589,7758.0,859.0,27759608
2025-07-07T20:48:03.000412,7794.0,859.0,27769317
2025-07-07T20:48:04.154185,7758.0,859.0,27779026
2025-07-07T20:48:05.306848,7776.0,858.0,27788730
2025-07-07T20:48:06.459697,7758.0,858.0,27798430
2025-07-07T20:48:07.612266,7794.0,858.0,27808129
2025-07-07T20:48:08.764964,7776.0,858.0,27817827
2025-07-07T20:48:09.917688,7776.0,858.0,27827524
2025-07-07T20:48:11.070428,7758.0,858.0,27837221
2025-07-07T20:48:12.224065,7794.0,858.0,27846918
2025-07-07T20:48:13.376994,7758.0,857.0,27856613
2025-07-07T20:48:14.529609,7794.0,857.0,27866307
2025-07-07T20:48:15.682350,7776.0,857.0,27875999
2025-07-07T20:48:16.835015,7794.0,857.0,27885685
2025-07-07T20:48:17.987793,7758.0,856.0,27895367
2025-07-07T20:48:19.141518,7794.0,856.0,27905050
2025-07-07T20:48:20.294400,7776.0,856.0,27914729
2025-07-07T20:48:21.447035,7794.0,856.0,27924403
2025-07-07T20:48:22.599698,7758.0,855.0,27934070
2025-07-07T20:48:23.752337,7794.0,855.0,27943733
2025-07-07T20:48:24.905017,7758.0,855.0,27953397
2025-07-07T20:48:26.057723,7794.0,854.0,27963058
2025-07-07T20:48:27.211469,7758.0,854.0,27972716
2025-07-07T20:48:28.364196,7794.0,854.0,27982375
2025-07-07T20:48:29.516911,7758.0,854.0,27992032
2025-07-07T20:48:30.669689,7776.0,854.0,28001686
2025-07-07T20:48:31.822461,7776.0,854.0,28011341
2025-07-07T20:48:32.975099,7794.0,854.0,28020997
2025-07-07T20:48:34.127849,7776.0,854.0,28030649
2025-07-07T20:48:35.281442,7776.0,854.0,28040302
2025-07-07T20:48:36.434237,7776.0,853.0,28049950
2025-07-07T20:48:37.586926,7794.0,853.0,28059595
2025-07-07T20:48:38.739601,7758.0,853.0,28069237
2025-07-07T20:48:39.892386,7794.0,853.0,28078877
2025-07-07T20:48:41.045161,7776.0,853.0,28088520
2025-07-07T20:48:42.198901,7794.0,853.0,28098162
2025-07-07T20:48:43.351512,7776.0,853.0,28107803
2025-07-07T20:48:44.504281,7794.0,853.0,28117442
2025-07-07T20:48:45.657006,7758.0,852.0,28127077
2025-07-07T20:48:46.809716,7794.0,852.0,28136710
2025-07-07T20:48:47.962410,7776.0,852.0,28146343
2025-07-07T20:48:49.115133,7794.0,851.0,28155969
2025-07-07T20:48:50.268868,7776.0,851.0,28165593
2025-07-07T20:48:51.421522,7794.0,851.0,28175217
2025-07-07T20:48:52.574305,7776.0,851.0,28184839
2025-07-07T20:48:53.727053,7794.0,851.0,28194460
2025-07-07T20:48:54.879687,7776.0,851.0,28204080
2025-07-07T20:48:56.032468,7794.0,850.0,28213694
2025-07-07T20:48:57.186191,7776.0,849.0,28223291
2025-07-07T20:48:58.338768,7794.0,846.0,28232851
2025-07-07T20:48:59.491480,7776.0,846.0,28242414
2025-07-07T20:49:00.644305,7794.0,845.0,28251973
2025-07-07T20:49:01.797059,7776.0,846.0,28261533
2025-07-07T20:49:02.949748,7794.0,846.0,28271099
2025-07-07T20:49:04.102401,7776.0,846.0,28280665
2025-07-07T20:49:05.256154,7794.0,847.0,28290238
2025-07-07T20:49:06.408856,7776.0,847.0,28299814
2025-07-07T20:49:07.561486,7794.0,847.0,28309395
2025-07-07T20:49:08.714376,7776.0,847.0,28318973
2025-07-07T20:49:09.866966,7794.0,847.0,28328548
2025-07-07T20:49:11.019747,7776.0,846.0,28338119
2025-07-07T20:49:12.172395,7794.0,846.0,28347686
2025-07-07T20:49:13.326186,7776.0,846.0,28357252
2025-07-07T20:49:14.478934,7794.0,846.0,28366821
2025-07-07T20:49:15.631636,7776.0,847.0,28376393
2025-07-07T20:49:16.784339,7794.0,846.0,28385959
2025-07-07T20:49:17.937133,7776.0,845.0,28395517
2025-07-07T20:49:19.089734,7794.0,844.0,28405057
2025-07-07T20:49:20.243443,7776.0,843.0,28414588
2025-07-07T20:49:21.396162,7794.0,843.0,28424118
2025-07-07T20:49:22.548992,7776.0,843.0,28433655
2025-07-07T20:49:23.701645,7812.0,844.0,28443195
2025-07-07T20:49:24.854433,7776.0,844.0,28452733
2025-07-07T20:49:26.007074,7812.0,844.0,28462274
2025-07-07T20:49:27.159781,7776.0,844.0,28471816
2025-07-07T20:49:28.313499,7812.0,844.0,28481360
2025-07-07T20:49:29.466172,7776.0,844.0,28490898
2025-07-07T20:49:30.618945,7794.0,844.0,28500436
2025-07-07T20:49:31.771604,7776.0,844.0,28509978
2025-07-07T20:49:32.924404,7812.0,844.0,28519519
2025-07-07T20:49:34.077147,7776.0,843.0,28529054
2025-07-07T20:49:35.230806,7794.0,843.0,28538585
2025-07-07T20:49:36.383532,7776.0,842.0,28548110
2025-07-07T20:49:37.536202,7794.0,842.0,28557626
2025-07-07T20:49:38.688938,7776.0,841.0,28567135
2025-07-07T20:49:39.841628,7812.0,840.0,28576638
2025-07-07T20:49:40.994354,7794.0,840.0,28586135
2025-07-07T20:49:42.147115,7794.0,840.0,28595635
2025-07-07T20:49:43.300770,7776.0,840.0,28605132
2025-07-07T20:49:44.453581,7812.0,840.0,28614625
2025-07-07T20:49:45.606245,7776.0,839.0,28624113
2025-07-07T20:49:46.759011,7812.0,839.0,28633599
2025-07-07T20:49:47.911628,7776.0,839.0,28643085
2025-07-07T20:49:49.064384,7794.0,839.0,28652569
2025-07-07T20:49:50.218218,7776.0,839.0,28662056
2025-07-07T20:49:51.370780,7812.0,839.0,28671543
2025-07-07T20:49:52.523551,7776.0,839.0,28681025
2025-07-07T20:49:53.676350,7794.0,838.0,28690503
2025-07-07T20:49:54.829013,7776.0,838.0,28699982
2025-07-07T20:49:55.981775,7812.0,838.0,28709459
2025-07-07T20:49:57.134447,7776.0,838.0,28718929
2025-07-07T20:49:58.288154,7794.0,837.0,28728394
2025-07-07T20:49:59.440872,7776.0,838.0,28737864
2025-07-07T20:50:00.593574,7812.0,837.0,28747330
2025-07-07T20:50:01.746314,7776.0,837.0,28756795
2025-07-07T20:50:02.898977,7794.0,838.0,28766267
2025-07-07T20:50:04.051741,7794.0,838.0,28775739
2025-07-07T20:50:05.204472,7812.0,837.0,28785208
2025-07-07T20:50:06.358226,7776.0,837.0,28794671
2025-07-07T20:50:07.510815,7812.0,837.0,28804131
2025-07-07T20:50:08.663632,7776.0,836.0,28813589
2025-07-07T20:50:09.816265,7812.0,836.0,28823040
2025-07-07T20:50:10.969118,7794.0,836.0,28832487
2025-07-07T20:50:12.121746,7812.0,835.0,28841925
2025-07-07T20:50:13.275479,7794.0,834.0,28851357
2025-07-07T20:50:14.428185,7812.0,834.0,28860789
2025-07-07T20:50:15.580923,7794.0,834.0,28870218
2025-07-07T20:50:16.733495,7812.0,834.0,28879643
2025-07-07T20:50:17.886342,7776.0,833.0,28889061
2025-07-07T20:50:19.039020,7812.0,833.0,28898477
2025-07-07T20:50:20.191850,7794.0,833.0,28907894
2025-07-07T20:50:21.345428,7812.0,833.0,28917309
2025-07-07T20:50:22.498163,7776.0,832.0,28926721
2025-07-07T20:50:23.650921,7812.0,833.0,28936138
2025-07-07T20:50:24.803678,7776.0,833.0,28945556
2025-07-07T20:50:25.956376,7794.0,832.0,28954964
2025-07-07T20:50:27.109155,7794.0,832.0,28964372
2025-07-07T20:50:28.262838,7812.0,831.0,28973771
2025-07-07T20:50:29.415463,7794.0,831.0,28983169
2025-07-07T20:50:30.568221,7794.0,831.0,28992566
2025-07-07T20:50:31.720863,7794.0,831.0,29001963
2025-07-07T20:50:32.873665,7812.0,831.0,29011359
2025-07-07T20:50:34.026440,7776.0,831.0,29020753
2025-07-07T20:50:35.179147,7812.0,831.0,29030147
2025-07-07T20:50:36.332733,7776.0,831.0,29039542
2025-07-07T20:50:37.485647,7812.0,831.0,29048936
2025-07-07T20:50:38.638231,7830.0,831.0,29058327
2025-07-07T20:50:39.790999,7812.0,830.0,29067710
2025-07-07T20:50:40.943669,7794.0,829.0,29077086
2025-07-07T20:50:42.096409,7812.0,829.0,29086455
2025-07-07T20:50:43.250089,7794.0,828.0,29095821
2025-07-07T20:50:44.402891,7812.0,828.0,29105188
2025-07-07T20:50:45.555543,7794.0,828.0,29114554
2025-07-07T20:50:46.708226,7812.0,829.0,29123922
2025-07-07T20:50:47.860973,7776.0,828.0,29133287
2025-07-07T20:50:49.013697,7812.0,828.0,29142647
2025-07-07T20:50:50.166423,7776.0,827.0,29152002
2025-07-07T20:50:51.320083,7812.0,827.0,29161353
2025-07-07T20:50:52.472843,7776.0,827.0,29170701
2025-07-07T20:50:53.625407,7812.0,816.0,29179927
2025-07-07T20:50:54.778188,7794.0,816.0,29189152
2025-07-07T20:50:55.931038,7812.0,816.0,29198376
2025-07-07T20:50:57.083654,7794.0,816.0,29207601
2025-07-07T20:50:58.236462,7812.0,816.0,29216831
2025-07-07T20:50:59.390186,7794.0,816.0,29226062
2025-07-07T20:51:00.542866,7830.0,816.0,29235292
2025-07-07T20:51:01.695462,7794.0,816.0,29244521
2025-07-07T20:51:02.848227,7812.0,816.0,29253749
2025-07-07T20:51:04.001048,7794.0,816.0,29262979
2025-07-07T20:51:05.153683,7812.0,816.0,29272203
2025-07-07T20:51:06.307506,7794.0,815.0,29281418
2025-07-07T20:51:07.460184,7812.0,815.0,29290628
2025-07-07T20:51:08.612919,7776.0,814.0,29299832
2025-07-07T20:51:09.765466,7812.0,814.0,29309039
2025-07-07T20:51:10.918355,7776.0,814.0,29318243
2025-07-07T20:51:12.070885,7812.0,814.0,29327443
2025-07-07T20:51:13.223795,7794.0,813.0,29336636
2025-07-07T20:51:14.377511,7812.0,812.0,29345821
2025-07-07T20:51:15.530247,7794.0,812.0,29354997
2025-07-07T20:51:16.682765,7812.0,811.0,29364171
2025-07-07T20:51:17.835557,7794.0,811.0,29373338
2025-07-07T20:51:18.988322,7812.0,811.0,29382504
2025-07-07T20:51:20.141098,7794.0,810.0,29391663
2025-07-07T20:51:21.294766,7812.0,810.0,29400821
2025-07-07T20:51:22.447451,7794.0,810.0,29409975
2025-07-07T20:51:23.600232,7812.0,809.0,29419121
2025-07-07T20:51:24.752865,7794.0,809.0,29428264
2025-07-07T20:51:25.905619,7812.0,808.0,29437404
2025-07-07T20:51:27.058494,7794.0,808.0,29446542
2025-07-07T20:51:28.211064,7830.0,808.0,29455682
2025-07-07T20:51:29.364771,7794.0,808.0,29464820
2025-07-07T20:51:30.517555,7830.0,808.0,29473955
2025-07-07T20:51:31.670072,7794.0,808.0,29483088
2025-07-07T20:51:32.822955,7812.0,807.0,29492210
2025-07-07T20:51:33.975682,7794.0,806.0,29501329
2025-07-07T20:51:35.128387,7812.0,806.0,29510445
2025-07-07T20:51:36.281041,7794.0,806.0,29519555
2025-07-07T20:51:37.434888,7830.0,805.0,29528659
2025-07-07T20:51:38.587564,7794.0,805.0,29537760
2025-07-07T20:51:39.740260,7812.0,805.0,29546858
2025-07-07T20:51:40.892906,7794.0,804.0,29555950
2025-07-07T20:51:42.045709,7812.0,804.0,29565037
2025-07-07T20:51:43.198400,7794.0,803.0,29574118
2025-07-07T20:51:44.352067,7812.0,803.0,29583200
2025-07-07T20:51:45.504915,7794.0,803.0,29592281
2025-07-07T20:51:46.657482,7812.0,803.0,29601360
2025-07-07T20:51:47.810245,7794.0,803.0,29610437
2025-07-07T20:51:48.962973,7812.0,803.0,29619513
2025-07-07T20:51:50.115557,7794.0,802.0,29628586
2025-07-07T20:51:51.268443,7830.0,802.0,29637659
2025-07-07T20:51:52.422178,7794.0,802.0,29646732
2025-07-07T20:51:53.574831,7830.0,802.0,29655801
2025-07-07T20:51:54.727628,7794.0,802.0,29664869
2025-07-07T20:51:55.880254,7830.0,802.0,29673938
2025-07-07T20:51:57.033042,7812.0,802.0,29683006
2025-07-07T20:51:58.185682,7830.0,802.0,29692072
2025-07-07T20:51:59.339478,7794.0,801.0,29701132
2025-07-07T20:52:00.492204,7830.0,801.0,29710187
2025-07-07T20:52:01.644931,7794.0,801.0,29719239
2025-07-07T20:52:02.797520,7812.0,800.0,29728286
2025-07-07T20:52:03.950367,7794.0,800.0,29737326
2025-07-07T20:52:05.102934,7830.0,800.0,29746366
2025-07-07T20:52:06.255742,7794.0,799.0,29755405
2025-07-07T20:52:07.409492,7830.0,799.0,29764440
2025-07-07T20:52:08.562180,7812.0,799.0,29773474
2025-07-07T20:52:09.714886,7830.0,799.0,29782511
2025-07-07T20:52:10.867657,7794.0,799.0,29791546
2025-07-07T20:52:12.020266,7812.0,799.0,29800582
2025-07-07T20:52:13.173112,7812.0,799.0,29809617
2025-07-07T20:52:14.326821,7830.0,799.0,29818649
2025-07-07T20:52:15.479515,7812.0,799.0,29827682
2025-07-07T20:52:16.632255,7812.0,799.0,29836719
2025-07-07T20:52:17.784953,7794.0,799.0,29845753
2025-07-07T20:52:18.937626,7830.0,799.0,29854783
2025-07-07T20:52:20.090340,7794.0,798.0,29863808
2025-07-07T20:52:21.243034,7830.0,798.0,29872826
2025-07-07T20:52:22.396747,7794.0,797.0,29881841
2025-07-07T20:52:23.549557,7830.0,797.0,29890858
2025-07-07T20:52:24.702194,7794.0,797.0,29899872
2025-07-07T20:52:25.853927,7830.0,797.0,29908882
2025-07-07T20:52:27.005337,7812.0,796.0,29917888
2025-07-07T20:52:28.156930,7830.0,796.0,29926893
2025-07-07T20:52:29.308759,7794.0,796.0,29935894
2025-07-07T20:52:30.461433,7830.0,796.0,29944893
2025-07-07T20:52:31.613221,7812.0,796.0,29953889
2025-07-07T20:52:32.765110,7812.0,796.0,29962884
2025-07-07T20:52:33.916965,7794.0,795.0,29971874
2025-07-07T20:52:35.069001,7830.0,795.0,29980859
2025-07-07T20:52:36.221032,7812.0,794.0,29989839
2025-07-07T20:52:37.374223,7830.0,794.0,29998819
2025-07-07T20:52:38.526348,7794.0,794.0,30007797
2025-07-07T20:52:39.678430,7830.0,794.0,30016773
2025-07-07T20:52:40.830601,7794.0,794.0,30025746
2025-07-07T20:52:41.982842,7830.0,793.0,30034716
2025-07-07T20:52:43.135146,7812.0,793.0,30043682
2025-07-07T20:52:44.287500,7884.0,734.0,30051983
2025-07-07T20:52:45.440839,7866.0,739.0,30060336
2025-07-07T20:52:46.593117,7866.0,741.0,30068711
2025-07-07T20:52:47.745611,7848.0,742.0,30077103
2025-07-07T20:52:48.898112,7884.0,743.0,30085507
2025-07-07T20:52:50.050426,7848.0,743.0,30093911
2025-07-07T20:52:51.202966,7866.0,744.0,30102319
2025-07-07T20:52:52.356474,7848.0,744.0,30110730
2025-07-07T20:52:53.508873,7866.0,744.0,30119143
2025-07-07T20:52:54.661447,7848.0,745.0,30127563
2025-07-07T20:52:55.813857,7866.0,745.0,30135987
2025-07-07T20:52:56.966469,7848.0,745.0,30144413
2025-07-07T20:52:58.119136,7866.0,745.0,30152838
2025-07-07T20:52:59.271580,7848.0,745.0,30161264
2025-07-07T20:53:00.425122,7866.0,745.0,30169693
2025-07-07T20:53:01.577739,7848.0,745.0,30178122
2025-07-07T20:53:02.730266,7866.0,746.0,30186557
2025-07-07T20:53:03.882920,7848.0,746.0,30194993
2025-07-07T20:53:05.035407,7866.0,746.0,30203431
2025-07-07T20:53:06.188156,7830.0,746.0,30211867
2025-07-07T20:53:07.341768,7866.0,746.0,30220304
2025-07-07T20:53:08.494465,7848.0,746.0,30228741
2025-07-07T20:53:09.647080,7866.0,746.0,30237179
2025-07-07T20:53:10.799740,7848.0,746.0,30245618
2025-07-07T20:53:11.952329,7866.0,746.0,30254057
2025-07-07T20:53:13.105027,7848.0,747.0,30262500
2025-07-07T20:53:14.257682,7866.0,746.0,30270941
2025-07-07T20:53:15.411202,7848.0,747.0,30279383
2025-07-07T20:53:16.563959,7866.0,746.0,30287822
2025-07-07T20:53:17.716556,7830.0,746.0,30296257
2025-07-07T20:53:18.869310,7866.0,746.0,30304694
2025-07-07T20:53:20.022068,7848.0,746.0,30313128
2025-07-07T20:53:21.174677,7866.0,746.0,30321560
2025-07-07T20:53:22.327371,7830.0,746.0,30329991
2025-07-07T20:53:23.481014,7866.0,745.0,30338416
2025-07-07T20:53:24.633518,7848.0,745.0,30346835
2025-07-07T20:53:25.786384,7866.0,744.0,30355251
2025-07-07T20:53:26.939016,7848.0,744.0,30363664
2025-07-07T20:53:28.091636,7866.0,744.0,30372075
2025-07-07T20:53:29.244436,7848.0,744.0,30380485
2025-07-07T20:53:30.398164,7866.0,744.0,30388896
2025-07-07T20:53:31.550815,7848.0,744.0,30397304
2025-07-07T20:53:32.703564,7866.0,743.0,30405711
2025-07-07T20:53:33.856206,7848.0,743.0,30414116
2025-07-07T20:53:35.008918,7866.0,743.0,30422520
2025-07-07T20:53:36.161558,7848.0,743.0,30430919
2025-07-07T20:53:37.314312,7866.0,743.0,30439317
2025-07-07T20:53:38.467991,7848.0,742.0,30447710
2025-07-07T20:53:39.620783,7866.0,742.0,30456101
2025-07-07T20:53:40.773359,7848.0,742.0,30464491
2025-07-07T20:53:41.926051,7866.0,742.0,30472880
2025-07-07T20:53:43.078830,7848.0,742.0,30481269
2025-07-07T20:53:44.231552,7866.0,742.0,30489656
2025-07-07T20:53:45.385233,7848.0,741.0,30498039
2025-07-07T20:53:46.537847,7866.0,741.0,30506423
2025-07-07T20:53:47.690659,7848.0,742.0,30514809
2025-07-07T20:53:48.843282,7866.0,741.0,30523185
2025-07-07T20:53:49.996006,7848.0,741.0,30531559
2025-07-07T20:53:51.148821,7866.0,740.0,30539932
2025-07-07T20:53:52.301460,7848.0,740.0,30548305
2025-07-07T20:53:53.455202,7866.0,741.0,30556679
2025-07-07T20:53:54.607951,7848.0,740.0,30565050
2025-07-07T20:53:55.760530,7866.0,740.0,30573422
2025-07-07T20:53:56.913228,7848.0,740.0,30581793
2025-07-07T20:53:58.065985,7866.0,740.0,30590160
2025-07-07T20:53:59.218734,7848.0,739.0,30598521
2025-07-07T20:54:00.371330,7884.0,739.0,30606876
2025-07-07T20:54:01.525177,7848.0,738.0,30615224
2025-07-07T20:54:02.677825,7866.0,738.0,30623567
2025-07-07T20:54:03.830606,7848.0,738.0,30631909
2025-07-07T20:54:04.983183,7866.0,738.0,30640252
2025-07-07T20:54:06.136029,7848.0,738.0,30648595
2025-07-07T20:54:07.288666,7866.0,738.0,30656937
2025-07-07T20:54:08.442327,7848.0,738.0,30665278
2025-07-07T20:54:09.595065,7866.0,737.0,30673617
2025-07-07T20:54:10.747851,7848.0,737.0,30681955
2025-07-07T20:54:11.900465,7866.0,737.0,30690293
2025-07-07T20:54:13.053272,7848.0,738.0,30698633
2025-07-07T20:54:14.205916,7866.0,737.0,30706971
2025-07-07T20:54:15.358714,7848.0,737.0,30715305
2025-07-07T20:54:16.512468,7866.0,737.0,30723637
2025-07-07T20:54:17.665087,7848.0,737.0,30731968
2025-07-07T20:54:18.817723,7866.0,737.0,30740298
2025-07-07T20:54:19.970406,7848.0,736.0,30748626
2025-07-07T20:54:21.123103,7866.0,736.0,30756951
2025-07-07T20:54:22.276071,7848.0,736.0,30765273
2025-07-07T20:54:23.429696,7866.0,736.0,30773594
2025-07-07T20:54:24.582293,7848.0,736.0,30781915
2025-07-07T20:54:25.735194,7866.0,736.0,30790236
2025-07-07T20:54:26.887694,7848.0,736.0,30798557
2025-07-07T20:54:28.040506,7866.0,736.0,30806879
2025-07-07T20:54:29.193144,7866.0,736.0,30815197
2025-07-07T20:54:30.345858,7866.0,735.0,30823512
2025-07-07T20:54:31.499620,7848.0,735.0,30831824
2025-07-07T20:54:32.652384,7866.0,734.0,30840129
2025-07-07T20:54:33.805032,7848.0,734.0,30848433
2025-07-07T20:54:34.957802,7884.0,734.0,30856735
2025-07-07T20:54:36.110528,7848.0,734.0,30865037
2025-07-07T20:54:37.263167,7866.0,735.0,30873344
2025-07-07T20:54:38.416874,7848.0,735.0,30881652
2025-07-07T20:54:39.569479,7866.0,735.0,30889962
2025-07-07T20:54:40.722383,7848.0,735.0,30898269
2025-07-07T20:54:41.874917,7866.0,735.0,30906575
2025-07-07T20:54:43.027759,7848.0,735.0,30914884
2025-07-07T20:54:44.180546,7884.0,735.0,30923190
2025-07-07T20:54:45.333209,7848.0,734.0,30931494
2025-07-07T20:54:46.486862,7884.0,734.0,30939795
2025-07-07T20:54:47.639685,7848.0,734.0,30948097
2025-07-07T20:54:48.792238,7884.0,734.0,30956402
2025-07-07T20:54:49.945050,7848.0,735.0,30964709
2025-07-07T20:54:51.097665,7866.0,735.0,30973018
2025-07-07T20:54:52.250345,7866.0,735.0,30981327
2025-07-07T20:54:53.403101,7884.0,734.0,30989632
2025-07-07T20:54:54.556790,7848.0,734.0,30997937
2025-07-07T20:54:55.709448,7866.0,734.0,31006240
2025-07-07T20:54:56.862179,7848.0,734.0,31014542
2025-07-07T20:54:58.014922,7866.0,734.0,31022844
2025-07-07T20:54:59.167779,7848.0,734.0,31031144
2025-07-07T20:55:00.320371,7866.0,734.0,31039442
2025-07-07T20:55:01.474197,7848.0,733.0,31047736
2025-07-07T20:55:02.626887,7884.0,733.0,31056028
2025-07-07T20:55:03.779661,7848.0,733.0,31064317
2025-07-07T20:55:04.932302,7884.0,733.0,31072605
2025-07-07T20:55:06.085006,7848.0,733.0,31080891
2025-07-07T20:55:07.237644,7884.0,733.0,31089176
2025-07-07T20:55:08.390448,7848.0,733.0,31097460
2025-07-07T20:55:09.544216,7866.0,732.0,31105740
2025-07-07T20:55:10.696792,7848.0,732.0,31114018
2025-07-07T20:55:11.849584,7884.0,732.0,31122297
2025-07-07T20:55:13.002314,7866.0,732.0,31130574
2025-07-07T20:55:14.154956,7866.0,732.0,31138848
2025-07-07T20:55:15.307746,7848.0,731.0,31147119
2025-07-07T20:55:16.461467,7884.0,731.0,31155388
2025-07-07T20:55:17.614103,7848.0,731.0,31163652
2025-07-07T20:55:18.766879,7884.0,730.0,31171911
2025-07-07T20:55:19.919469,7848.0,730.0,31180170
2025-07-07T20:55:21.072273,7884.0,730.0,31188426
2025-07-07T20:55:22.225044,7866.0,730.0,31196681
2025-07-07T20:55:23.377674,7866.0,730.0,31204934
2025-07-07T20:55:24.531401,7866.0,730.0,31213183
2025-07-07T20:55:25.684201,7884.0,729.0,31221429
2025-07-07T20:55:26.836840,7848.0,729.0,31229675
2025-07-07T20:55:27.989558,7884.0,730.0,31237924
2025-07-07T20:55:29.142143,7866.0,729.0,31246171
2025-07-07T20:55:30.294966,7884.0,729.0,31254419
2025-07-07T20:55:31.448651,7848.0,729.0,31262666
2025-07-07T20:55:32.601468,7884.0,729.0,31270908
2025-07-07T20:55:33.754112,7848.0,729.0,31279148
2025-07-07T20:55:34.906881,7884.0,729.0,31287386
2025-07-07T20:55:36.059484,7848.0,728.0,31295621
2025-07-07T20:55:37.212281,7884.0,728.0,31303856
2025-07-07T20:55:38.364902,7866.0,728.0,31312089
2025-07-07T20:55:39.518629,7884.0,728.0,31320321
2025-07-07T20:55:40.671390,7866.0,728.0,31328549
2025-07-07T20:55:41.824006,7884.0,728.0,31336776
2025-07-07T20:55:42.976745,7866.0,727.0,31345000
2025-07-07T20:55:44.129571,7884.0,727.0,31353223
2025-07-07T20:55:45.282202,7866.0,727.0,31361443
2025-07-07T20:55:46.434994,7884.0,727.0,31369659
2025-07-07T20:55:47.588656,7848.0,726.0,31377872
2025-07-07T20:55:48.741282,7866.0,726.0,31386082
2025-07-07T20:55:49.894075,7848.0,726.0,31394289
2025-07-07T20:55:51.046706,7884.0,726.0,31402496
2025-07-07T20:55:52.199507,7866.0,726.0,31410702
2025-07-07T20:55:53.352211,7884.0,726.0,31418909
2025-07-07T20:55:54.505868,7866.0,726.0,31427115
2025-07-07T20:55:55.658475,7884.0,726.0,31435319
2025-07-07T20:55:56.811314,7866.0,725.0,31443520
2025-07-07T20:55:57.963945,7884.0,725.0,31451717
2025-07-07T20:55:59.116700,7866.0,725.0,31459911
2025-07-07T20:56:00.269470,7884.0,725.0,31468105
2025-07-07T20:56:01.422194,7866.0,725.0,31476299
2025-07-07T20:56:02.575906,7884.0,724.0,31484491
2025-07-07T20:56:03.728694,7866.0,724.0,31492679
2025-07-07T20:56:04.881311,7884.0,724.0,31500863
2025-07-07T20:56:06.034112,7848.0,723.0,31509043
2025-07-07T20:56:07.186719,7884.0,723.0,31517219
2025-07-07T20:56:08.339493,7848.0,723.0,31525389
2025-07-07T20:56:09.493204,7884.0,722.0,31533557
2025-07-07T20:56:10.645854,7866.0,722.0,31541723
2025-07-07T20:56:11.798488,7884.0,722.0,31549886
2025-07-07T20:56:12.951265,7866.0,722.0,31558048
2025-07-07T20:56:14.104018,7884.0,722.0,31566210
2025-07-07T20:56:15.256779,7866.0,722.0,31574372
2025-07-07T20:56:16.409478,7884.0,722.0,31582533
2025-07-07T20:56:17.563144,7866.0,722.0,31590695
2025-07-07T20:56:18.715920,7884.0,722.0,31598854
2025-07-07T20:56:19.868575,7866.0,721.0,31607010
2025-07-07T20:56:21.021305,7884.0,721.0,31615161
2025-07-07T20:56:22.173997,7866.0,721.0,31623309
2025-07-07T20:56:23.326690,7884.0,720.0,31631456
2025-07-07T20:56:24.479352,7866.0,720.0,31639601
2025-07-07T20:56:25.633249,7884.0,720.0,31647748
2025-07-07T20:56:26.785844,7866.0,720.0,31655892
2025-07-07T20:56:27.938439,7884.0,720.0,31664031
2025-07-07T20:56:29.091318,7866.0,719.0,31672166
2025-07-07T20:56:30.244091,7884.0,719.0,31680295
2025-07-07T20:56:31.396668,7866.0,718.0,31688419
2025-07-07T20:56:32.550378,7884.0,718.0,31696542
2025-07-07T20:56:33.703176,7866.0,718.0,31704661
2025-07-07T20:56:34.855923,7884.0,717.0,31712773
2025-07-07T20:56:36.008555,7866.0,717.0,31720879
2025-07-07T20:56:37.161178,7884.0,717.0,31728982
2025-07-07T20:56:38.313908,7866.0,716.0,31737083
2025-07-07T20:56:39.466755,7884.0,716.0,31745181
2025-07-07T20:56:40.620424,7866.0,716.0,31753275
2025-07-07T20:56:41.773065,7884.0,715.0,31761365
2025-07-07T20:56:42.925855,7866.0,715.0,31769453
2025-07-07T20:56:44.078513,7884.0,715.0,31777540
2025-07-07T20:56:45.231167,7866.0,715.0,31785623
2025-07-07T20:56:46.383928,7884.0,715.0,31793705
2025-07-07T20:56:47.537750,7866.0,719.0,31801832
2025-07-07T20:56:48.690400,7884.0,771.0,31810546
2025-07-07T20:56:49.843183,7884.0,763.0,31819177
2025-07-07T20:56:50.995811,7884.0,764.0,31827812
2025-07-07T20:56:52.148560,7884.0,777.0,31836603
2025-07-07T20:56:53.301270,7902.0,778.0,31845396
2025-07-07T20:56:54.453961,7884.0,775.0,31854163
2025-07-07T20:56:55.607682,7884.0,775.0,31862922
2025-07-07T20:56:56.760408,7884.0,771.0,31871639
2025-07-07T20:56:57.913108,7884.0,760.0,31880231
2025-07-07T20:56:59.065881,7884.0,781.0,31889057
2025-07-07T20:57:00.218407,7902.0,783.0,31897908
2025-07-07T20:57:01.371190,7884.0,779.0,31906718
2025-07-07T20:57:02.524974,7902.0,782.0,31915560
2025-07-07T20:57:03.677627,7884.0,784.0,31924420
2025-07-07T20:57:04.830335,7902.0,785.0,31933292
2025-07-07T20:57:05.983092,7884.0,789.0,31942216
2025-07-07T20:57:07.135723,7902.0,742.0,31950608
2025-07-07T20:57:08.288543,7884.0,734.0,31958913
2025-07-07T20:57:09.441274,7902.0,732.0,31967188
2025-07-07T20:57:10.594932,7884.0,730.0,31975445
2025-07-07T20:57:11.747679,7884.0,730.0,31983694
2025-07-07T20:57:12.900298,7884.0,729.0,31991936
2025-07-07T20:57:14.052999,7902.0,728.0,32000172
2025-07-07T20:57:15.205783,7884.0,728.0,32008400
2025-07-07T20:57:16.358528,7884.0,727.0,32016624
2025-07-07T20:57:17.511215,7884.0,727.0,32024846
2025-07-07T20:57:18.664964,7902.0,727.0,32033066
2025-07-07T20:57:19.817545,7884.0,727.0,32041283
2025-07-07T20:57:20.970322,7902.0,726.0,32049498
2025-07-07T20:57:22.122973,7884.0,726.0,32057710
2025-07-07T20:57:23.275825,7884.0,726.0,32065923
2025-07-07T20:57:24.428435,7884.0,726.0,32074133
2025-07-07T20:57:25.582272,7884.0,726.0,32082342
2025-07-07T20:57:26.734890,7884.0,726.0,32090553
2025-07-07T20:57:27.887663,7884.0,726.0,32098766
2025-07-07T20:57:29.040336,7884.0,726.0,32106980
2025-07-07T20:57:30.193019,7884.0,726.0,32115195
2025-07-07T20:57:31.345750,7884.0,726.0,32123406
2025-07-07T20:57:32.498452,7902.0,726.0,32131616
2025-07-07T20:57:33.652162,7884.0,726.0,32139826
2025-07-07T20:57:34.804848,7884.0,726.0,32148038
2025-07-07T20:57:35.957578,7884.0,726.0,32156247
2025-07-07T20:57:37.110298,7884.0,726.0,32164453
2025-07-07T20:57:38.263009,7884.0,726.0,32172660
2025-07-07T20:57:39.415753,7884.0,726.0,32180866
2025-07-07T20:57:40.569521,7884.0,726.0,32189070
2025-07-07T20:57:41.722079,7884.0,725.0,32197271
2025-07-07T20:57:42.874845,7884.0,725.0,32205472
2025-07-07T20:57:44.027589,7884.0,725.0,32213668
2025-07-07T20:57:45.180340,7884.0,724.0,32221859
2025-07-07T20:57:46.333045,7884.0,724.0,32230041
2025-07-07T20:57:47.485759,7884.0,723.0,32238222
2025-07-07T20:57:48.639370,7902.0,714.0,32246297
2025-07-07T20:57:49.792238,7884.0,717.0,32254401
2025-07-07T20:57:50.944869,7902.0,727.0,32262624
2025-07-07T20:57:52.097549,7884.0,728.0,32270853
2025-07-07T20:57:53.250215,7902.0,743.0,32279260
2025-07-07T20:57:54.403047,7884.0,745.0,32287679
2025-07-07T20:57:55.556752,7902.0,745.0,32296104
2025-07-07T20:57:56.709464,7884.0,746.0,32304535
2025-07-07T20:57:57.862172,7902.0,746.0,32312967
2025-07-07T20:57:59.014874,7884.0,746.0,32321400
2025-07-07T20:58:00.167528,7902.0,746.0,32329833
2025-07-07T20:58:01.320237,7884.0,746.0,32338267
2025-07-07T20:58:02.472993,7920.0,746.0,32346700
2025-07-07T20:58:03.626595,7884.0,745.0,32355129
2025-07-07T20:58:04.779447,7920.0,745.0,32363555
2025-07-07T20:58:05.932112,7884.0,745.0,32371979
2025-07-07T20:58:07.084783,7920.0,745.0,32380404
2025-07-07T20:58:08.237595,7884.0,745.0,32388827
2025-07-07T20:58:09.390325,7920.0,745.0,32397247
2025-07-07T20:58:10.543053,7884.0,744.0,32405660
2025-07-07T20:58:11.696748,7920.0,744.0,32414069
2025-07-07T20:58:12.849412,7884.0,743.0,32422476
2025-07-07T20:58:14.002129,7902.0,744.0,32430885
2025-07-07T20:58:15.154766,7884.0,743.0,32439291
2025-07-07T20:58:16.307482,7902.0,743.0,32447696
2025-07-07T20:58:17.460286,7884.0,743.0,32456099
2025-07-07T20:58:18.613965,7920.0,743.0,32464498
2025-07-07T20:58:19.766578,7902.0,743.0,32472894
2025-07-07T20:58:20.919405,7920.0,742.0,32481287
2025-07-07T20:58:22.072045,7884.0,742.0,32489677
2025-07-07T20:58:23.224847,7920.0,742.0,32498064
2025-07-07T20:58:24.377498,7884.0,741.0,32506445
2025-07-07T20:58:25.530253,7902.0,741.0,32514824
2025-07-07T20:58:26.683947,7884.0,741.0,32523200
2025-07-07T20:58:27.836632,7902.0,740.0,32531573
2025-07-07T20:58:28.989281,7884.0,740.0,32539944
2025-07-07T20:58:30.142121,7902.0,740.0,32548313
2025-07-07T20:58:31.294818,7884.0,740.0,32556676
2025-07-07T20:58:32.447614,7920.0,739.0,32565035
2025-07-07T20:58:33.601236,7884.0,739.0,32573393
2025-07-07T20:58:34.753885,7920.0,739.0,32581749
2025-07-07T20:58:35.906679,7902.0,739.0,32590100
2025-07-07T20:58:37.059246,7920.0,739.0,32598451
2025-07-07T20:58:38.212058,7884.0,738.0,32606798
2025-07-07T20:58:39.364849,7920.0,738.0,32615140
2025-07-07T20:58:40.517493,7902.0,737.0,32623478
2025-07-07T20:58:41.671226,7902.0,737.0,32631816
2025-07-07T20:58:42.823995,7884.0,737.0,32640151
2025-07-07T20:58:43.976596,7920.0,737.0,32648483
2025-07-07T20:58:45.129311,7884.0,737.0,32656812
2025-07-07T20:58:46.282084,7902.0,736.0,32665140
2025-07-07T20:58:47.434762,7902.0,736.0,32673468
2025-07-07T20:58:48.587448,7920.0,736.0,32681794
2025-07-07T20:58:49.741182,7884.0,736.0,32690116
2025-07-07T20:58:50.893893,7920.0,736.0,32698436
2025-07-07T20:58:52.046664,7902.0,735.0,32706750
2025-07-07T20:58:53.199316,7920.0,735.0,32715062
2025-07-07T20:58:54.352088,7902.0,735.0,32723371
2025-07-07T20:58:55.504688,7920.0,734.0,32731676
2025-07-07T20:58:56.658427,7884.0,734.0,32739976
2025-07-07T20:58:57.811193,7920.0,734.0,32748271
2025-07-07T20:58:58.963913,7884.0,733.0,32756563
2025-07-07T20:59:00.116571,7920.0,733.0,32764854
2025-07-07T20:59:01.269320,7902.0,733.0,32773143
2025-07-07T20:59:02.422043,7920.0,733.0,32781429
2025-07-07T20:59:03.574785,7902.0,733.0,32789714
2025-07-07T20:59:04.728490,7920.0,733.0,32797999
2025-07-07T20:59:05.881178,7902.0,732.0,32806280
2025-07-07T20:59:07.033916,7920.0,732.0,32814558
2025-07-07T20:59:08.186505,7884.0,732.0,32822832
2025-07-07T20:59:09.339376,7920.0,732.0,32831107
2025-07-07T20:59:10.492081,7884.0,732.0,32839379
2025-07-07T20:59:11.645818,7920.0,732.0,32847651
2025-07-07T20:59:12.798470,7884.0,731.0,32855919
2025-07-07T20:59:13.951139,7920.0,731.0,32864181
2025-07-07T20:59:15.103873,7884.0,730.0,32872439
2025-07-07T20:59:16.256563,7920.0,730.0,32880694
2025-07-07T20:59:17.409167,7884.0,730.0,32888945
2025-07-07T20:59:18.561978,7920.0,729.0,32897193
2025-07-07T20:59:19.715751,7902.0,729.0,32905437
2025-07-07T20:59:20.868469,7920.0,729.0,32913677
2025-07-07T20:59:22.021128,7902.0,728.0,32921911
2025-07-07T20:59:23.173888,7920.0,728.0,32930140
2025-07-07T20:59:24.326551,7902.0,728.0,32938367
2025-07-07T20:59:25.479278,7920.0,727.0,32946592
2025-07-07T20:59:26.632989,7902.0,727.0,32954812
2025-07-07T20:59:27.785655,7920.0,727.0,32963031
2025-07-07T20:59:28.938435,7902.0,726.0,32971245
2025-07-07T20:59:30.091160,7920.0,726.0,32979452
2025-07-07T20:59:31.243838,7902.0,726.0,32987656
2025-07-07T20:59:32.396602,7920.0,726.0,32995861
2025-07-07T20:59:33.549260,7902.0,725.0,33004063
2025-07-07T20:59:34.702928,7920.0,725.0,33012258
2025-07-07T20:59:35.855762,7902.0,725.0,33020452
2025-07-07T20:59:37.008396,7920.0,725.0,33028646
2025-07-07T20:59:38.161144,7902.0,724.0,33036836
2025-07-07T20:59:39.313786,7920.0,724.0,33045024
2025-07-07T20:59:40.466538,7902.0,724.0,33053212
2025-07-07T20:59:41.619347,7920.0,724.0,33061399
2025-07-07T20:59:42.773031,7902.0,724.0,33069585
2025-07-07T20:59:43.925656,7920.0,724.0,33077770
2025-07-07T20:59:45.078447,7902.0,724.0,33085953
2025-07-07T20:59:46.231056,7920.0,723.0,33094134
2025-07-07T20:59:47.383779,7902.0,723.0,33102311
2025-07-07T20:59:48.536518,7920.0,723.0,33110487
2025-07-07T20:59:49.690338,7902.0,723.0,33118658
2025-07-07T20:59:50.842967,7920.0,722.0,33126826
2025-07-07T20:59:51.995744,7902.0,722.0,33134989
2025-07-07T20:59:53.148450,7920.0,722.0,33143150
2025-07-07T20:59:54.301146,7902.0,721.0,33151308
2025-07-07T20:59:55.453650,7920.0,721.0,33159463
2025-07-07T20:59:56.606504,7902.0,721.0,33167615
2025-07-07T20:59:57.760189,7920.0,721.0,33175764
2025-07-07T20:59:58.912896,7902.0,720.0,33183909
2025-07-07T21:00:00.065638,7938.0,720.0,33192050
2025-07-07T21:00:01.218350,7902.0,720.0,33200187
2025-07-07T21:00:02.371097,7938.0,719.0,33208321
2025-07-07T21:00:03.523831,7902.0,719.0,33216453
2025-07-07T21:00:04.677458,7938.0,719.0,33224583
2025-07-07T21:00:05.830038,7902.0,719.0,33232710
2025-07-07T21:00:06.982927,7920.0,719.0,33240836
2025-07-07T21:00:08.135504,7902.0,718.0,33248959
2025-07-07T21:00:09.288245,7938.0,718.0,33257079
2025-07-07T21:00:10.441061,7902.0,718.0,33265196
2025-07-07T21:00:11.593803,7920.0,718.0,33273311
2025-07-07T21:00:12.747459,7902.0,717.0,33281422
2025-07-07T21:00:13.900234,7920.0,717.0,33289529
2025-07-07T21:00:15.052863,7902.0,717.0,33297633
2025-07-07T21:00:16.205738,7920.0,716.0,33305733
2025-07-07T21:00:17.358320,7884.0,716.0,33313829
2025-07-07T21:00:18.511063,7920.0,716.0,33321921
2025-07-07T21:00:19.664695,7902.0,715.0,33330008
2025-07-07T21:00:20.817571,7920.0,715.0,33338093
2025-07-07T21:00:21.970199,7902.0,715.0,33346176
2025-07-07T21:00:23.123041,7920.0,715.0,33354257
2025-07-07T21:00:24.275572,7902.0,714.0,33362335
2025-07-07T21:00:25.428313,7938.0,714.0,33370409
2025-07-07T21:00:26.581023,7902.0,714.0,33378482
2025-07-07T21:00:27.734685,7920.0,714.0,33386551
2025-07-07T21:00:28.887438,7920.0,713.0,33394615
2025-07-07T21:00:30.040108,7938.0,713.0,33402677
2025-07-07T21:00:31.192909,7902.0,713.0,33410738
2025-07-07T21:00:32.345553,7938.0,713.0,33418799
2025-07-07T21:00:33.498376,7902.0,713.0,33426858
2025-07-07T21:00:34.651096,7938.0,712.0,33434914
2025-07-07T21:00:35.804758,7920.0,712.0,33442966
2025-07-07T21:00:36.957417,7938.0,712.0,33451014
2025-07-07T21:00:38.110214,7902.0,711.0,33459059
2025-07-07T21:00:39.262867,7938.0,711.0,33467101
2025-07-07T21:00:40.415616,7902.0,711.0,33475139
2025-07-07T21:00:41.568365,7938.0,711.0,33483176
2025-07-07T21:00:42.722076,7920.0,710.0,33491210
2025-07-07T21:00:43.874691,7920.0,710.0,33499242
2025-07-07T21:00:45.027503,7902.0,710.0,33507270
2025-07-07T21:00:46.180092,7938.0,710.0,33515297
2025-07-07T21:00:47.332841,7902.0,710.0,33523321
2025-07-07T21:00:48.485573,7938.0,709.0,33531343
2025-07-07T21:00:49.638368,7920.0,709.0,33539364
2025-07-07T21:00:50.792023,7938.0,709.0,33547384
2025-07-07T21:00:51.944780,7920.0,709.0,33555403
2025-07-07T21:00:53.097319,7938.0,709.0,33563420
2025-07-07T21:00:54.250194,7902.0,709.0,33571433
2025-07-07T21:00:55.402831,7938.0,709.0,33579445
2025-07-07T21:00:56.555579,7920.0,708.0,33587455
2025-07-07T21:00:57.709309,7938.0,708.0,33595462
2025-07-07T21:00:58.861942,7920.0,708.0,33603466
2025-07-07T21:01:00.014566,7938.0,708.0,33611469
2025-07-07T21:01:01.167354,7920.0,707.0,33619468
2025-07-07T21:01:02.320078,7938.0,707.0,33627465
2025-07-07T21:01:03.472870,7920.0,707.0,33635457
2025-07-07T21:01:04.625552,7938.0,706.0,33643446
2025-07-07T21:01:05.779229,7902.0,706.0,33651433
2025-07-07T21:01:06.931951,7938.0,706.0,33659417
2025-07-07T21:01:08.084651,7902.0,706.0,33667398
2025-07-07T21:01:09.237371,7938.0,705.0,33675373
2025-07-07T21:01:10.390052,7920.0,705.0,33683345
2025-07-07T21:01:11.542798,7938.0,705.0,33691312
2025-07-07T21:01:12.695505,7920.0,704.0,33699275
2025-07-07T21:01:13.849259,7938.0,704.0,33707234
2025-07-07T21:01:15.001878,7920.0,703.0,33715187
2025-07-07T21:01:16.154709,7938.0,703.0,33723137
2025-07-07T21:01:17.307314,7920.0,703.0,33731083
2025-07-07T21:01:18.460127,7938.0,702.0,33739026
2025-07-07T21:01:19.612865,7920.0,702.0,33746968
2025-07-07T21:01:20.766483,7938.0,702.0,33754906
2025-07-07T21:01:21.919116,7920.0,702.0,33762840
2025-07-07T21:01:23.071960,7938.0,702.0,33770773
2025-07-07T21:01:24.224711,7920.0,701.0,33778702
2025-07-07T21:01:25.377437,7938.0,701.0,33786629
2025-07-07T21:01:26.530099,7920.0,701.0,33794554
2025-07-07T21:01:27.682793,7956.0,701.0,33802478
2025-07-07T21:01:28.836540,7920.0,700.0,33810397
2025-07-07T21:01:29.989176,7938.0,700.0,33818313
2025-07-07T21:01:31.141952,7920.0,700.0,33826228
2025-07-07T21:01:32.294521,7956.0,700.0,33834138
2025-07-07T21:01:33.447330,7920.0,699.0,33842046
2025-07-07T21:01:34.600142,7938.0,699.0,33849952
2025-07-07T21:01:35.753868,7920.0,699.0,33857856
2025-07-07T21:01:36.906500,7956.0,699.0,33865759
2025-07-07T21:01:38.059285,7920.0,699.0,33873659
2025-07-07T21:01:39.211936,7956.0,699.0,33881558
2025-07-07T21:01:40.364673,7920.0,698.0,33889455
2025-07-07T21:01:41.517303,7938.0,698.0,33897348
2025-07-07T21:01:42.670090,7920.0,698.0,33905237
2025-07-07T21:01:43.823736,7938.0,697.0,33913123
2025-07-07T21:01:44.976549,7920.0,697.0,33921007
2025-07-07T21:01:46.129182,7938.0,697.0,33928890
2025-07-07T21:01:47.281840,7920.0,697.0,33936770
2025-07-07T21:01:48.434588,7956.0,696.0,33944646
2025-07-07T21:01:49.587392,7920.0,696.0,33952520
2025-07-07T21:01:50.741105,7956.0,696.0,33960390
2025-07-07T21:01:51.893827,7920.0,696.0,33968255
2025-07-07T21:01:53.046527,7956.0,695.0,33976119
2025-07-07T21:01:54.199157,7920.0,695.0,33983980
2025-07-07T21:01:55.351936,7956.0,695.0,33991840
2025-07-07T21:01:56.504683,7920.0,695.0,33999700
2025-07-07T21:01:57.657353,7938.0,695.0,34007557
2025-07-07T21:01:58.811027,7920.0,695.0,34015413
2025-07-07T21:01:59.963774,7956.0,694.0,34023266
2025-07-07T21:02:01.116507,7920.0,694.0,34031118
2025-07-07T21:02:02.269075,7956.0,694.0,34038968
2025-07-07T21:02:03.421830,7920.0,694.0,34046817
2025-07-07T21:02:04.574598,7938.0,694.0,34054663
2025-07-07T21:02:05.727402,7920.0,694.0,34062506
2025-07-07T21:02:06.881061,7938.0,694.0,34070350
2025-07-07T21:02:08.033754,7920.0,693.0,34078190
2025-07-07T21:02:09.186503,7956.0,693.0,34086029
2025-07-07T21:02:10.339153,7938.0,693.0,34093866
2025-07-07T21:02:11.491878,7956.0,693.0,34101701
2025-07-07T21:02:12.644577,7938.0,693.0,34109534
2025-07-07T21:02:13.798339,7956.0,693.0,34117366
2025-07-07T21:02:14.951034,7920.0,693.0,34125198
2025-07-07T21:02:16.103787,7956.0,693.0,34133030
2025-07-07T21:02:17.256265,7920.0,692.0,34140860
2025-07-07T21:02:18.409154,7956.0,692.0,34148690
2025-07-07T21:02:19.561888,7938.0,692.0,34156518
2025-07-07T21:02:20.714609,7956.0,692.0,34164345
2025-07-07T21:02:21.868326,7938.0,692.0,34172168
2025-07-07T21:02:23.020987,7956.0,692.0,34179989
2025-07-07T21:02:24.173745,7920.0,691.0,34187806
2025-07-07T21:02:25.326516,7956.0,691.0,34195622
2025-07-07T21:02:26.479156,7920.0,691.0,34203435
2025-07-07T21:02:27.631956,7956.0,691.0,34211246
2025-07-07T21:02:28.785622,7938.0,690.0,34219051
2025-07-07T21:02:29.938240,7956.0,690.0,34226851
2025-07-07T21:02:31.090960,7938.0,690.0,34234651
2025-07-07T21:02:32.243604,7956.0,690.0,34242448
2025-07-07T21:02:33.396454,7938.0,689.0,34250244
2025-07-07T21:02:34.549225,7956.0,689.0,34258038
2025-07-07T21:02:35.701813,7938.0,689.0,34265831
2025-07-07T21:02:36.855481,7956.0,689.0,34273620
2025-07-07T21:02:38.008338,7920.0,689.0,34281406
2025-07-07T21:02:39.160986,7956.0,688.0,34289191
2025-07-07T21:02:40.313772,7938.0,688.0,34296970
2025-07-07T21:02:41.466379,7956.0,688.0,34304745
2025-07-07T21:02:42.619154,7938.0,687.0,34312515
2025-07-07T21:02:43.772783,7956.0,687.0,34320282
2025-07-07T21:02:44.925595,7938.0,687.0,34328046
2025-07-07T21:02:46.078292,7938.0,686.0,34335809
2025-07-07T21:02:47.231033,7920.0,686.0,34343568
2025-07-07T21:02:48.383660,7956.0,686.0,34351323
2025-07-07T21:02:49.536420,7938.0,685.0,34359074
2025-07-07T21:02:50.689081,7956.0,685.0,34366822
2025-07-07T21:02:51.842759,7938.0,685.0,34374565
2025-07-07T21:02:52.995500,7956.0,684.0,34382304
2025-07-07T21:02:54.148293,7938.0,684.0,34390043
2025-07-07T21:02:55.300895,7956.0,685.0,34397785
2025-07-07T21:02:56.453700,7938.0,685.0,34405526
2025-07-07T21:02:57.606321,7956.0,684.0,34413264
2025-07-07T21:02:58.759068,7938.0,684.0,34420998
2025-07-07T21:02:59.912719,7956.0,684.0,34428729
2025-07-07T21:03:01.065503,7938.0,683.0,34436456
2025-07-07T21:03:02.218264,7956.0,683.0,34444182
2025-07-07T21:03:03.370858,7938.0,683.0,34451903
2025-07-07T21:03:04.523680,7974.0,683.0,34459621
2025-07-07T21:03:05.676459,7938.0,683.0,34467340
2025-07-07T21:03:06.830169,7956.0,683.0,34475058
2025-07-07T21:03:07.982722,7938.0,682.0,34482772
2025-07-07T21:03:09.135536,7974.0,682.0,34490482
2025-07-07T21:03:10.288210,7938.0,682.0,34498191
2025-07-07T21:03:11.440959,7956.0,682.0,34505902
2025-07-07T21:03:12.593619,7938.0,682.0,34513613
2025-07-07T21:03:13.746329,7956.0,682.0,34521320
2025-07-07T21:03:14.900073,7938.0,681.0,34529023
2025-07-07T21:03:16.052810,7956.0,681.0,34536724
2025-07-07T21:03:17.205455,7956.0,681.0,34544421
2025-07-07T21:03:18.358238,7956.0,681.0,34552117
2025-07-07T21:03:19.510775,7938.0,680.0,34559812
2025-07-07T21:03:20.663672,7956.0,680.0,34567507
2025-07-07T21:03:21.817383,7938.0,680.0,34575200
2025-07-07T21:03:22.970044,7956.0,680.0,34582890
2025-07-07T21:03:24.122782,7938.0,680.0,34590575
2025-07-07T21:03:25.275441,7956.0,679.0,34598256
2025-07-07T21:03:26.428149,7938.0,679.0,34605933
2025-07-07T21:03:27.580971,7974.0,679.0,34613608
2025-07-07T21:03:28.733631,7938.0,679.0,34621281
2025-07-07T21:03:29.887293,7956.0,678.0,34628953
2025-07-07T21:03:31.040053,7938.0,678.0,34636622
2025-07-07T21:03:32.192726,7956.0,678.0,34644287
2025-07-07T21:03:33.345486,7938.0,678.0,34651949
2025-07-07T21:03:34.498152,7956.0,677.0,34659610
2025-07-07T21:03:35.650882,7938.0,677.0,34667268
2025-07-07T21:03:36.803550,7974.0,677.0,34674923
2025-07-07T21:03:37.957359,7938.0,676.0,34682573
2025-07-07T21:03:39.110020,7974.0,676.0,34690222
2025-07-07T21:03:40.262797,7956.0,676.0,34697871
2025-07-07T21:03:41.415396,7956.0,676.0,34705519
2025-07-07T21:03:42.568176,7938.0,676.0,34713165
2025-07-07T21:03:43.720876,7974.0,676.0,34720810
2025-07-07T21:03:44.874552,7938.0,676.0,34728452
2025-07-07T21:03:46.027305,7956.0,676.0,34736093
2025-07-07T21:03:47.180123,7938.0,675.0,34743730
2025-07-07T21:03:48.332770,7974.0,675.0,34751365
2025-07-07T21:03:49.485306,7956.0,675.0,34758996
2025-07-07T21:03:50.638184,7974.0,675.0,34766626
2025-07-07T21:03:51.790834,7956.0,675.0,34774254
2025-07-07T21:03:52.944575,7974.0,674.0,34781881
2025-07-07T21:03:54.097243,7938.0,674.0,34789506
2025-07-07T21:03:55.250039,7956.0,674.0,34797132
2025-07-07T21:03:56.402697,7938.0,674.0,34804757
2025-07-07T21:03:57.555436,7956.0,674.0,34812383
2025-07-07T21:03:58.708092,7956.0,674.0,34820010
2025-07-07T21:03:59.861945,7956.0,675.0,34827640
2025-07-07T21:04:01.014553,7938.0,675.0,34835269
2025-07-07T21:04:02.167362,7974.0,674.0,34842895
2025-07-07T21:04:03.319947,7938.0,674.0,34850516
2025-07-07T21:04:04.472729,7974.0,674.0,34858136
2025-07-07T21:04:05.625396,7956.0,674.0,34865756
2025-07-07T21:04:06.778092,7974.0,674.0,34873375
2025-07-07T21:04:07.931793,7956.0,673.0,34880991
2025-07-07T21:04:09.084599,7974.0,673.0,34888605
2025-07-07T21:04:10.237239,7956.0,673.0,34896216
2025-07-07T21:04:11.389993,7974.0,673.0,34903824
2025-07-07T21:04:12.542682,7938.0,673.0,34911429
2025-07-07T21:04:13.695413,7974.0,672.0,34919031
2025-07-07T21:04:14.849069,7938.0,672.0,34926631
2025-07-07T21:04:16.001830,7974.0,672.0,34934230
2025-07-07T21:04:17.154503,7956.0,672.0,34941826
2025-07-07T21:04:18.307271,7956.0,672.0,34949422
2025-07-07T21:04:19.460028,7938.0,671.0,34957014
2025-07-07T21:04:20.612732,7974.0,671.0,34964604
2025-07-07T21:04:21.765413,7938.0,671.0,34972191
2025-07-07T21:04:22.919040,7974.0,671.0,34979776
2025-07-07T21:04:24.071842,7956.0,671.0,34987360
2025-07-07T21:04:25.224418,7974.0,670.0,34994942
2025-07-07T21:04:26.377266,7938.0,670.0,35002521
2025-07-07T21:04:27.529887,7974.0,670.0,35010099
2025-07-07T21:04:28.682671,7956.0,670.0,35017677
2025-07-07T21:04:29.835359,7974.0,670.0,35025256
2025-07-07T21:04:30.989164,7956.0,670.0,35032836
2025-07-07T21:04:32.141691,7974.0,670.0,35040415
2025-07-07T21:04:33.294546,7956.0,670.0,35047990
2025-07-07T21:04:34.447176,7974.0,670.0,35055564
2025-07-07T21:04:35.599947,7956.0,670.0,35063138
2025-07-07T21:04:36.752678,7974.0,670.0,35070711
2025-07-07T21:04:37.906405,7956.0,669.0,35078281
2025-07-07T21:04:39.059086,7974.0,669.0,35085847
2025-07-07T21:04:40.211712,7956.0,669.0,35093412
2025-07-07T21:04:41.364484,7974.0,669.0,35100978
2025-07-07T21:04:42.517187,7956.0,669.0,35108544
2025-07-07T21:04:43.669947,7974.0,669.0,35116109
2025-07-07T21:04:44.822694,7956.0,669.0,35123673
2025-07-07T21:04:45.976396,7974.0,669.0,35131236
2025-07-07T21:04:47.129058,7956.0,669.0,35138796
2025-07-07T21:04:48.281687,7974.0,668.0,35146352
2025-07-07T21:04:49.434554,7956.0,668.0,35153905
2025-07-07T21:04:50.587160,7974.0,668.0,35161457
2025-07-07T21:04:51.739959,7956.0,668.0,35169006
2025-07-07T21:04:52.893572,7974.0,667.0,35176554
2025-07-07T21:04:54.046295,7956.0,667.0,35184100
2025-07-07T21:04:55.199058,7974.0,667.0,35191644
2025-07-07T21:04:56.351680,7938.0,667.0,35199183
2025-07-07T21:04:57.504388,7974.0,667.0,35206721
2025-07-07T21:04:58.657288,7956.0,666.0,35214258
2025-07-07T21:04:59.809912,7974.0,666.0,35221794
2025-07-07T21:05:00.963621,7956.0,666.0,35229323
2025-07-07T21:05:02.116365,7974.0,666.0,35236850
2025-07-07T21:05:03.269012,7956.0,665.0,35244372
2025-07-07T21:05:04.421634,7974.0,665.0,35251891
2025-07-07T21:05:05.574398,7956.0,664.0,35259404
2025-07-07T21:05:06.727205,7974.0,664.0,35266911
2025-07-07T21:05:07.880790,7956.0,663.0,35274410
2025-07-07T21:05:09.033661,7974.0,663.0,35281907
2025-07-07T21:05:10.186388,7956.0,663.0,35289401
2025-07-07T21:05:11.339049,7992.0,652.0,35296771
2025-07-07T21:05:12.491658,7956.0,649.0,35304105
2025-07-07T21:05:13.644460,7974.0,651.0,35311467
2025-07-07T21:05:14.797135,7938.0,654.0,35318858
2025-07-07T21:05:15.950860,7974.0,654.0,35326250
2025-07-07T21:05:17.103543,7956.0,653.0,35333640
2025-07-07T21:05:18.256296,7974.0,653.0,35341029
2025-07-07T21:05:19.409041,7938.0,653.0,35348416
2025-07-07T21:05:20.561831,7974.0,653.0,35355804
2025-07-07T21:05:21.714439,7956.0,653.0,35363188
2025-07-07T21:05:22.867211,7974.0,653.0,35370573
2025-07-07T21:05:24.020903,7956.0,653.0,35377956
2025-07-07T21:05:25.173604,7992.0,653.0,35385339
2025-07-07T21:05:26.326194,7938.0,653.0,35392720
2025-07-07T21:05:27.478882,7974.0,653.0,35400100
2025-07-07T21:05:28.631773,7956.0,652.0,35407478
2025-07-07T21:05:29.784391,7974.0,652.0,35414855
2025-07-07T21:05:30.938272,7956.0,652.0,35422233
2025-07-07T21:05:32.090818,7992.0,652.0,35429611
2025-07-07T21:05:33.243660,7956.0,652.0,35436985
2025-07-07T21:05:34.396208,7974.0,652.0,35444359
2025-07-07T21:05:35.549012,7956.0,652.0,35451728
2025-07-07T21:05:36.701664,7974.0,651.0,35459092
2025-07-07T21:05:37.854382,7956.0,651.0,35466454
2025-07-07T21:05:39.008010,7974.0,651.0,35473813
2025-07-07T21:05:40.160674,7956.0,650.0,35481168
2025-07-07T21:05:41.313502,7974.0,650.0,35488519
2025-07-07T21:05:42.466171,7938.0,650.0,35495866
2025-07-07T21:05:43.618890,7974.0,650.0,35503211
2025-07-07T21:05:44.771690,7938.0,649.0,35510553
2025-07-07T21:05:45.925379,7974.0,649.0,35517896
2025-07-07T21:05:47.078075,7956.0,648.0,35525220
2025-07-07T21:05:48.230764,7974.0,648.0,35532546
2025-07-07T21:05:49.383320,7956.0,648.0,35539870
2025-07-07T21:05:50.536174,7974.0,648.0,35547194
2025-07-07T21:05:51.689019,7956.0,646.0,35554501
2025-07-07T21:05:52.841622,7992.0,642.0,35561765
2025-07-07T21:05:53.995363,7974.0,641.0,35569014
2025-07-07T21:05:55.148113,7992.0,642.0,35576270
2025-07-07T21:05:56.300740,7956.0,642.0,35583531
2025-07-07T21:05:57.453392,7974.0,642.0,35590793
2025-07-07T21:05:58.606149,7956.0,642.0,35598052
2025-07-07T21:05:59.758973,7974.0,642.0,35605307
2025-07-07T21:06:00.911653,7956.0,641.0,35612559
2025-07-07T21:06:02.065426,7974.0,641.0,35619809
2025-07-07T21:06:03.217988,7956.0,641.0,35627057
2025-07-07T21:06:04.370831,7992.0,641.0,35634304
2025-07-07T21:06:05.523380,7956.0,641.0,35641549
2025-07-07T21:06:06.676254,7992.0,641.0,35648793
2025-07-07T21:06:07.828820,7956.0,640.0,35656036
2025-07-07T21:06:08.982403,7974.0,640.0,35663279
2025-07-07T21:06:10.135312,7956.0,640.0,35670522
2025-07-07T21:06:11.287932,7992.0,640.0,35677764
2025-07-07T21:06:12.440653,7974.0,640.0,35685004
2025-07-07T21:06:13.593510,7974.0,640.0,35692242
2025-07-07T21:06:14.746135,7974.0,640.0,35699479
2025-07-07T21:06:15.898967,7992.0,640.0,35706711
2025-07-07T21:06:17.052605,7956.0,639.0,35713942
2025-07-07T21:06:18.205313,7992.0,639.0,35721171
2025-07-07T21:06:19.358097,7956.0,639.0,35728396
2025-07-07T21:06:20.510748,7992.0,639.0,35735619
2025-07-07T21:06:21.663468,7956.0,639.0,35742840
2025-07-07T21:06:22.816160,7992.0,639.0,35750061
2025-07-07T21:06:23.969821,7956.0,638.0,35757279
2025-07-07T21:06:25.122447,7992.0,638.0,35764499
2025-07-07T21:06:26.275235,7956.0,638.0,35771716
2025-07-07T21:06:27.428569,7992.0,638.0,35778929
2025-07-07T21:06:28.580600,7974.0,637.0,35786138
2025-07-07T21:06:36.425529,3553.0,636.0,7188
2025-07-07T21:06:37.574724,7992.0,635.0,14372
2025-07-07T21:06:38.723586,7974.0,635.0,21555
2025-07-07T21:06:39.872196,7992.0,635.0,28738
2025-07-07T21:06:41.020975,7974.0,635.0,35919
2025-07-07T21:06:42.169622,7992.0,635.0,43098
2025-07-07T21:06:43.318375,7974.0,635.0,50275
2025-07-07T21:06:44.467234,7992.0,634.0,57450
2025-07-07T21:06:45.616850,7956.0,634.0,64623
2025-07-07T21:06:46.765615,7992.0,634.0,71792
2025-07-07T21:06:47.914246,7974.0,634.0,78960
2025-07-07T21:06:49.063071,7992.0,634.0,86127
2025-07-07T21:06:50.211828,7974.0,634.0,93294
2025-07-07T21:06:51.361528,7992.0,634.0,100460
2025-07-07T21:06:52.514039,7974.0,634.0,107626
2025-07-07T21:06:53.662870,7992.0,634.0,114791
2025-07-07T21:06:54.812604,7974.0,633.0,121955
2025-07-07T21:06:55.965399,7992.0,633.0,129117
2025-07-07T21:06:57.118055,7992.0,633.0,136277
2025-07-07T21:06:58.270771,7992.0,633.0,143436
2025-07-07T21:06:59.423494,7974.0,633.0,150591
2025-07-07T21:07:00.576207,7992.0,633.0,157744
2025-07-07T21:07:01.724950,7956.0,632.0,164893
2025-07-07T21:07:02.874531,7992.0,632.0,172041
2025-07-07T21:07:04.027353,7974.0,632.0,179185
2025-07-07T21:07:05.180020,7992.0,632.0,186329
2025-07-07T21:07:06.332742,7974.0,631.0,193466
2025-07-07T21:07:07.485383,7992.0,631.0,200600
2025-07-07T21:07:08.638152,7956.0,631.0,207731
2025-07-07T21:07:09.786882,7992.0,631.0,214862
2025-07-07T21:07:10.936574,7992.0,630.0,221989
2025-07-07T21:07:12.089306,7992.0,630.0,229116
2025-07-07T21:07:13.242021,7956.0,630.0,236241
2025-07-07T21:07:14.394737,7992.0,630.0,243365
2025-07-07T21:07:15.547492,7974.0,630.0,250485
2025-07-07T21:07:16.700261,8010.0,629.0,257603
2025-07-07T21:07:17.848918,7974.0,629.0,264718
2025-07-07T21:07:18.998365,7992.0,629.0,271831
2025-07-07T21:07:20.151224,7974.0,629.0,278941
2025-07-07T21:07:21.303842,8010.0,629.0,286051
2025-07-07T21:07:22.456643,7974.0,629.0,293160
2025-07-07T21:07:23.609391,7992.0,628.0,300267
2025-07-07T21:07:24.761976,7974.0,628.0,307371
2025-07-07T21:07:25.910815,7992.0,628.0,314475
2025-07-07T21:07:27.060526,7974.0,628.0,321577
2025-07-07T21:07:28.213214,7992.0,628.0,328678
2025-07-07T21:07:29.366000,7974.0,628.0,335777
2025-07-07T21:07:30.518599,7992.0,628.0,342876
2025-07-07T21:07:31.671450,7974.0,627.0,349971
2025-07-07T21:07:32.824204,7992.0,627.0,357064
2025-07-07T21:07:33.972831,7992.0,627.0,364155
2025-07-07T21:07:35.122526,8010.0,627.0,371244
2025-07-07T21:07:36.275298,7974.0,626.0,378329
2025-07-07T21:07:37.428007,7992.0,626.0,385412
2025-07-07T21:07:38.580694,7974.0,626.0,392493
2025-07-07T21:07:39.733274,8010.0,626.0,399572
2025-07-07T21:07:40.886130,7974.0,625.0,406644
2025-07-07T21:07:42.034822,7992.0,625.0,413713
2025-07-07T21:07:43.184602,7974.0,625.0,420779
2025-07-07T21:07:44.337243,7992.0,625.0,427843
2025-07-07T21:07:45.489946,7992.0,625.0,434906
2025-07-07T21:07:46.642638,8010.0,624.0,441966
2025-07-07T21:07:47.795349,7974.0,624.0,449024
2025-07-07T21:07:48.948178,8010.0,624.0,456082
2025-07-07T21:07:50.096891,7974.0,624.0,463136
2025-07-07T21:07:51.246520,8010.0,624.0,470188
2025-07-07T21:07:52.399267,7974.0,623.0,477236
2025-07-07T21:07:53.551930,8010.0,623.0,484280
2025-07-07T21:07:54.704736,7974.0,623.0,491320
2025-07-07T21:07:55.857392,8010.0,622.0,498357
2025-07-07T21:07:57.010065,7974.0,622.0,505392
2025-07-07T21:07:58.158836,7992.0,622.0,512427
2025-07-07T21:07:59.308639,7974.0,622.0,519458
2025-07-07T21:08:00.461198,8010.0,621.0,526483
2025-07-07T21:08:01.613867,7974.0,621.0,533503
2025-07-07T21:08:02.766622,8010.0,620.0,540520
2025-07-07T21:08:03.919395,7974.0,620.0,547534
2025-07-07T21:08:05.072032,8010.0,620.0,554549
2025-07-07T21:08:06.220625,7992.0,620.0,561561
2025-07-07T21:08:07.370496,7992.0,620.0,568572
2025-07-07T21:08:08.523271,7974.0,620.0,575582
2025-07-07T21:08:09.676166,8010.0,620.0,582590
2025-07-07T21:08:10.830067,7992.0,619.0,589595
2025-07-07T21:08:11.983815,8010.0,619.0,596598
2025-07-07T21:08:13.137585,7992.0,619.0,603599
2025-07-07T21:08:14.287174,8010.0,619.0,610596
2025-07-07T21:08:15.437868,7992.0,618.0,617588
2025-07-07T21:08:16.591292,8010.0,618.0,624579
2025-07-07T21:08:17.744698,7992.0,618.0,631568
2025-07-07T21:08:18.898021,7992.0,618.0,638553
2025-07-07T21:08:20.051398,7992.0,617.0,645535
2025-07-07T21:08:21.204689,8010.0,617.0,652511
2025-07-07T21:08:22.353965,7992.0,617.0,659488
2025-07-07T21:08:23.504238,8010.0,617.0,666467
2025-07-07T21:08:24.657507,7974.0,617.0,673444
2025-07-07T21:08:25.810562,8010.0,617.0,680419
2025-07-07T21:08:26.963776,7992.0,616.0,687391
2025-07-07T21:08:28.116760,8010.0,616.0,694363
2025-07-07T21:08:29.269919,7974.0,616.0,701329
2025-07-07T21:08:30.418940,8010.0,616.0,708295
2025-07-07T21:08:31.568970,7992.0,616.0,715258
2025-07-07T21:08:32.721884,8010.0,616.0,722221
2025-07-07T21:08:33.874891,7992.0,616.0,729183
2025-07-07T21:08:35.027857,8010.0,615.0,736143
2025-07-07T21:08:36.180927,7992.0,615.0,743100
2025-07-07T21:08:37.333552,8010.0,615.0,750058
2025-07-07T21:08:38.482484,7992.0,615.0,757016
2025-07-07T21:08:39.632402,8010.0,615.0,763970
2025-07-07T21:08:40.785353,7992.0,614.0,770918
2025-07-07T21:08:41.938154,8010.0,614.0,777865
2025-07-07T21:08:43.091065,7992.0,614.0,784810
2025-07-07T21:08:44.243910,8010.0,614.0,791757
2025-07-07T21:08:45.396757,7992.0,614.0,798697
2025-07-07T21:08:46.545739,8010.0,613.0,805634
2025-07-07T21:08:47.695396,7974.0,613.0,812572
2025-07-07T21:08:48.848260,8010.0,613.0,819510
2025-07-07T21:08:50.001086,7992.0,613.0,826447
2025-07-07T21:08:51.153913,8010.0,613.0,833383
2025-07-07T21:08:52.306737,7992.0,613.0,840314
2025-07-07T21:08:53.459321,8010.0,612.0,847240
2025-07-07T21:08:54.608236,7992.0,612.0,854161
2025-07-07T21:08:55.758033,8010.0,612.0,861082
2025-07-07T21:08:56.910808,7992.0,612.0,867999
2025-07-07T21:08:58.063550,8010.0,612.0,874916
2025-07-07T21:08:59.216351,7992.0,611.0,881829
2025-07-07T21:09:00.369145,8010.0,611.0,888741
2025-07-07T21:09:01.521986,7992.0,611.0,895649
2025-07-07T21:09:02.670559,8010.0,610.0,902553
2025-07-07T21:09:03.820373,7974.0,610.0,909452
2025-07-07T21:09:04.973090,8010.0,610.0,916347
2025-07-07T21:09:06.125835,7992.0,609.0,923239
2025-07-07T21:09:07.278598,8010.0,609.0,930129
2025-07-07T21:09:08.431456,7992.0,609.0,937014
2025-07-07T21:09:09.584205,8010.0,609.0,943899
2025-07-07T21:09:10.732863,7992.0,609.0,950782
2025-07-07T21:09:11.882642,8010.0,608.0,957660
2025-07-07T21:09:13.035333,7974.0,608.0,964533
2025-07-07T21:09:14.188098,8010.0,607.0,971402
2025-07-07T21:09:15.340827,7992.0,607.0,978269
2025-07-07T21:09:16.493550,8010.0,607.0,985135
2025-07-07T21:09:17.646241,7992.0,607.0,991997
2025-07-07T21:09:18.794956,8028.0,607.0,998861
2025-07-07T21:09:19.945788,7992.0,607.0,1005724
2025-07-07T21:09:21.098564,8010.0,607.0,1012585
2025-07-07T21:09:22.251265,7992.0,606.0,1019443
2025-07-07T21:09:23.403970,8028.0,606.0,1026300
2025-07-07T21:09:24.556664,7992.0,606.0,1033154
2025-07-07T21:09:25.709477,8010.0,606.0,1040007
2025-07-07T21:09:26.862087,7992.0,606.0,1046859
2025-07-07T21:09:28.015954,8010.0,606.0,1053711
2025-07-07T21:09:29.168605,7992.0,606.0,1060560
2025-07-07T21:09:30.321347,8028.0,605.0,1067404
2025-07-07T21:09:31.474020,7992.0,605.0,1074243
2025-07-07T21:09:32.626744,8028.0,605.0,1081082
2025-07-07T21:09:33.779469,7992.0,604.0,1087918
2025-07-07T21:09:34.933254,8010.0,604.0,1094753
2025-07-07T21:09:36.085889,7992.0,604.0,1101583
2025-07-07T21:09:37.238746,8028.0,604.0,1108411
2025-07-07T21:09:38.391356,7992.0,604.0,1115237
2025-07-07T21:09:39.544144,8028.0,604.0,1122063
2025-07-07T21:09:40.696794,7992.0,603.0,1128886
2025-07-07T21:09:41.849581,8028.0,603.0,1135704
2025-07-07T21:09:43.003261,7992.0,602.0,1142516
2025-07-07T21:09:44.155944,8010.0,602.0,1149327
2025-07-07T21:09:45.308749,7992.0,602.0,1156134
2025-07-07T21:09:46.461463,8028.0,602.0,1162942
2025-07-07T21:09:47.614141,7992.0,602.0,1169747
2025-07-07T21:09:48.766920,8028.0,602.0,1176552
2025-07-07T21:09:49.919550,7992.0,601.0,1183351
2025-07-07T21:09:51.073261,8028.0,601.0,1190148
2025-07-07T21:09:52.226008,7992.0,601.0,1196943
2025-07-07T21:09:53.378696,8028.0,601.0,1203739
2025-07-07T21:09:54.531457,7992.0,601.0,1210535
2025-07-07T21:09:55.684143,8028.0,601.0,1217328
2025-07-07T21:09:56.836912,8010.0,601.0,1224121
2025-07-07T21:09:57.990596,8028.0,601.0,1230915
2025-07-07T21:09:59.143403,7992.0,600.0,1237706
2025-07-07T21:10:00.295990,8028.0,600.0,1244492
2025-07-07T21:10:01.448746,7992.0,600.0,1251274
2025-07-07T21:10:02.601488,8028.0,595.0,1258000
2025-07-07T21:10:03.754259,8064.0,534.0,1264036
2025-07-07T21:10:04.906900,8064.0,558.0,1270346
2025-07-07T21:10:06.060649,8046.0,559.0,1276671
2025-07-07T21:10:07.213333,8244.0,402.0,1281219
2025-07-07T21:10:08.364058,7848.0,0.0,1281215
2025-07-07T21:10:09.512719,7866.0,0.0,1281211
2025-07-07T21:10:10.661443,7830.0,0.0,1281207
2025-07-07T21:10:11.810131,7866.0,0.0,1281203
2025-07-07T21:10:12.958946,7830.0,0.0,1281198
2025-07-07T21:10:14.108594,7848.0,0.0,1281194
2025-07-07T21:10:15.257459,7848.0,0.0,1281190
2025-07-07T21:10:16.406083,7848.0,0.0,1281186
2025-07-07T21:10:17.554749,7830.0,0.0,1281182
2025-07-07T21:10:18.703446,7848.0,0.0,1281178
2025-07-07T21:10:19.852058,7830.0,0.0,1281174
2025-07-07T21:10:21.000807,7848.0,0.0,1281170
2025-07-07T21:10:22.149555,7830.0,0.0,1281166
2025-07-07T21:10:23.298282,7848.0,0.0,1281162
2025-07-07T21:10:24.448076,7830.0,0.0,1281157
2025-07-07T21:10:25.596769,7848.0,0.0,1281152
2025-07-07T21:10:26.745479,7830.0,0.0,1281147
2025-07-07T21:10:27.894173,7848.0,0.0,1281142
2025-07-07T21:10:29.042909,7830.0,0.0,1281137
2025-07-07T21:10:30.191464,7848.0,0.0,1281132
2025-07-07T21:10:31.340291,7830.0,0.0,1281127
2025-07-07T21:10:32.489052,7848.0,0.0,1281122
2025-07-07T21:10:33.638766,7830.0,0.0,1281117
2025-07-07T21:10:34.787457,7848.0,0.0,1281113
2025-07-07T21:10:35.936233,7830.0,0.0,1281108
2025-07-07T21:10:37.084878,7848.0,0.0,1281103
2025-07-07T21:10:38.233584,7812.0,0.0,1281098
2025-07-07T21:10:39.382438,7830.0,0.0,1281093
2025-07-07T21:10:40.531084,7812.0,0.0,1281088
2025-07-07T21:10:41.679902,7848.0,0.0,1281083
2025-07-07T21:10:42.829492,7812.0,0.0,1281078
2025-07-07T21:10:43.978237,7848.0,0.0,1281073
2025-07-07T21:10:45.126961,7812.0,0.0,1281068
2025-07-07T21:10:46.275756,7848.0,0.0,1281063
2025-07-07T21:10:47.424483,7812.0,0.0,1281058
2025-07-07T21:10:48.573171,7848.0,0.0,1281053
2025-07-07T21:10:49.721835,7812.0,0.0,1281048
2025-07-07T21:10:50.870569,7848.0,0.0,1281043
2025-07-07T21:10:52.019210,7830.0,0.0,1281038
2025-07-07T21:10:53.168994,7830.0,0.0,1281033
2025-07-07T21:10:54.317732,7812.0,0.0,1281028
2025-07-07T21:10:55.466433,7848.0,0.0,1281023
2025-07-07T21:10:56.615163,7812.0,0.0,1281018
2025-07-07T21:10:57.763728,7830.0,0.0,1281013
2025-07-07T21:10:58.912571,7812.0,0.0,1281008
2025-07-07T21:11:00.061264,7830.0,0.0,1281003
2025-07-07T21:11:01.209973,7812.0,0.0,1280998
2025-07-07T21:11:02.359672,7848.0,0.0,1280993
2025-07-07T21:11:03.508419,7812.0,1.0,1281010
2025-07-07T21:11:04.657115,7812.0,2.0,1281038
2025-07-07T21:11:05.805891,7776.0,2.0,1281066
2025-07-07T21:11:06.954606,7794.0,2.0,1281094
2025-07-07T21:11:08.103376,8694.0,1.0,1281112
2025-07-07T21:11:09.256083,8748.0,1.0,1281129
2025-07-07T21:11:10.404813,8730.0,1.0,1281146
2025-07-07T21:11:11.554360,8154.0,2.0,1281170
2025-07-07T21:11:12.706974,8532.0,1.0,1281189
2025-07-07T21:11:13.859850,8748.0,1.0,1281205
2025-07-07T21:11:15.012583,8730.0,1.0,1281222
2025-07-07T21:11:16.165273,8748.0,1.0,1281239
2025-07-07T21:11:17.317967,8730.0,1.0,1281256
2025-07-07T21:11:18.466745,8748.0,1.0,1281273
2025-07-07T21:11:19.616471,8478.0,1.0,1281294
2025-07-07T21:11:20.769246,8064.0,2.0,1281319
2025-07-07T21:11:21.918044,7776.0,2.0,1281346
2025-07-07T21:11:23.066557,7794.0,2.0,1281374
2025-07-07T21:11:24.215367,7812.0,2.0,1281401
2025-07-07T21:11:25.364079,7794.0,2.0,1281429
2025-07-07T21:11:26.512790,7758.0,2.0,1281457
2025-07-07T21:11:27.661510,7794.0,2.0,1281484
2025-07-07T21:11:28.811237,8280.0,1.0,1281506
2025-07-07T21:11:29.963935,8748.0,1.0,1281523
2025-07-07T21:11:31.116815,8730.0,1.0,1281540
2025-07-07T21:11:32.269316,8748.0,1.0,1281556
2025-07-07T21:11:33.422100,8730.0,1.0,1281573
2025-07-07T21:11:34.574781,8730.0,1.0,1281589
2025-07-07T21:11:35.723473,8712.0,1.0,1281606
2025-07-07T21:11:36.873271,8748.0,1.0,1281623
2025-07-07T21:11:38.025993,8730.0,1.0,1281640
2025-07-07T21:11:39.178677,8748.0,1.0,1281656
2025-07-07T21:11:40.331397,8730.0,1.0,1281673
2025-07-07T21:11:41.484048,8730.0,1.0,1281690
2025-07-07T21:11:42.636813,8730.0,1.0,1281707
2025-07-07T21:11:43.785538,8748.0,1.0,1281724
2025-07-07T21:11:44.935319,8712.0,1.0,1281741
2025-07-07T21:11:46.087899,8748.0,1.0,1281758
2025-07-07T21:11:47.240703,8712.0,1.0,1281775
2025-07-07T21:11:48.393324,8730.0,1.0,1281792
2025-07-07T21:11:49.546154,8712.0,1.0,1281809
2025-07-07T21:11:50.698805,8730.0,1.0,1281825
2025-07-07T21:11:51.847610,8712.0,1.0,1281842
2025-07-07T21:11:52.997258,8748.0,1.0,1281859
2025-07-07T21:11:54.150043,8712.0,1.0,1281875
2025-07-07T21:11:55.302689,8730.0,1.0,1281891
2025-07-07T21:11:56.455425,8712.0,1.0,1281908
2025-07-07T21:11:57.608090,8730.0,1.0,1281925
2025-07-07T21:11:58.760772,8712.0,1.0,1281942
2025-07-07T21:11:59.909597,8730.0,1.0,1281959
2025-07-07T21:12:01.059256,8712.0,1.0,1281976
2025-07-07T21:12:02.211956,8730.0,1.0,1281993
2025-07-07T21:12:03.364759,8712.0,1.0,1282009
2025-07-07T21:12:04.517344,8730.0,1.0,1282026
2025-07-07T21:12:05.670130,8712.0,1.0,1282043
2025-07-07T21:12:06.822782,8730.0,1.0,1282060
2025-07-07T21:12:07.971554,8712.0,1.0,1282076
2025-07-07T21:12:09.121269,8730.0,1.0,1282093
2025-07-07T21:12:10.273947,8712.0,1.0,1282109
2025-07-07T21:12:11.426675,8730.0,1.0,1282126
2025-07-07T21:12:12.579387,8694.0,1.0,1282143
2025-07-07T21:12:13.732127,8730.0,1.0,1282160
2025-07-07T21:12:14.884798,8712.0,1.0,1282176
2025-07-07T21:12:16.033604,8730.0,1.0,1282193
2025-07-07T21:12:17.183308,8712.0,1.0,1282210
2025-07-07T21:12:18.336032,8730.0,1.0,1282226
2025-07-07T21:12:19.488706,8694.0,1.0,1282242
2025-07-07T21:12:20.641380,8730.0,1.0,1282259
2025-07-07T21:12:21.794238,8712.0,1.0,1282276
2025-07-07T21:12:22.946856,8730.0,1.0,1282292
2025-07-07T21:12:24.095492,8712.0,1.0,1282308
2025-07-07T21:12:25.245235,8730.0,1.0,1282324
2025-07-07T21:12:26.397910,8712.0,1.0,1282340
2025-07-07T21:12:27.550636,8730.0,1.0,1282356
2025-07-07T21:12:28.703454,8712.0,1.0,1282373
2025-07-07T21:12:29.856142,8730.0,1.0,1282390
2025-07-07T21:12:31.008954,8694.0,1.0,1282407
2025-07-07T21:12:32.157640,8730.0,1.0,1282424
2025-07-07T21:12:33.307155,8694.0,1.0,1282441
2025-07-07T21:12:34.459960,8730.0,1.0,1282458
2025-07-07T21:12:35.612858,8694.0,1.0,1282474
2025-07-07T21:12:36.765391,8730.0,1.0,1282491
2025-07-07T21:12:37.918104,8694.0,1.0,1282508
2025-07-07T21:12:39.070925,8712.0,1.0,1282524
2025-07-07T21:12:40.219635,8694.0,1.0,1282541
2025-07-07T21:12:41.369381,8712.0,1.0,1282558
2025-07-07T21:12:42.522007,8694.0,1.0,1282574
2025-07-07T21:12:43.674784,8712.0,1.0,1282591
2025-07-07T21:12:44.827444,8712.0,1.0,1282608
2025-07-07T21:12:45.980333,8712.0,1.0,1282625
2025-07-07T21:12:47.132914,8694.0,1.0,1282642
2025-07-07T21:12:48.281750,8730.0,1.0,1282658
2025-07-07T21:12:49.431310,8694.0,1.0,1282674
2025-07-07T21:12:50.584037,8730.0,1.0,1282691
2025-07-07T21:12:51.736732,8694.0,1.0,1282708
2025-07-07T21:12:52.889514,8712.0,1.0,1282725
2025-07-07T21:12:54.042315,8694.0,1.0,1282742
2025-07-07T21:12:55.194849,8730.0,1.0,1282759
2025-07-07T21:12:56.343532,8694.0,1.0,1282776
2025-07-07T21:12:57.493265,8730.0,1.0,1282793
2025-07-07T21:12:58.645994,8694.0,1.0,1282810
2025-07-07T21:12:59.798825,8712.0,1.0,1282827
2025-07-07T21:13:00.951348,8694.0,1.0,1282844
2025-07-07T21:13:02.104303,8712.0,1.0,1282860
2025-07-07T21:13:03.257044,8694.0,1.0,1282877
2025-07-07T21:13:04.405650,8712.0,1.0,1282894
2025-07-07T21:13:05.555363,8694.0,1.0,1282910
2025-07-07T21:13:06.708009,8730.0,1.0,1282927
2025-07-07T21:13:07.860727,8694.0,1.0,1282944
2025-07-07T21:13:09.013468,8730.0,1.0,1282961
2025-07-07T21:13:10.166339,8694.0,1.0,1282978
2025-07-07T21:13:11.319000,8712.0,1.0,1282995
2025-07-07T21:13:12.467667,8694.0,1.0,1283012
2025-07-07T21:13:13.617451,8712.0,1.0,1283029
2025-07-07T21:13:14.770081,8694.0,1.0,1283045
2025-07-07T21:13:15.922716,8712.0,1.0,1283062
2025-07-07T21:13:17.075393,8694.0,1.0,1283079
2025-07-07T21:13:18.228199,8712.0,1.0,1283096
2025-07-07T21:13:19.380992,8694.0,1.0,1283113
2025-07-07T21:13:20.529577,8712.0,1.0,1283130
2025-07-07T21:13:21.679276,8694.0,1.0,1283147
2025-07-07T21:13:22.832181,8712.0,1.0,1283164
2025-07-07T21:13:23.984760,8676.0,1.0,1283181
2025-07-07T21:13:25.137507,8712.0,1.0,1283198
2025-07-07T21:13:26.290261,8694.0,1.0,1283215
2025-07-07T21:13:27.442848,8712.0,1.0,1283232
2025-07-07T21:13:28.591744,8694.0,1.0,1283248
2025-07-07T21:13:29.741505,8712.0,1.0,1283265
2025-07-07T21:13:30.894187,8694.0,1.0,1283282
2025-07-07T21:13:32.046907,8712.0,1.0,1283299
2025-07-07T21:13:33.199604,8694.0,1.0,1283315
2025-07-07T21:13:34.352252,8712.0,1.0,1283332
2025-07-07T21:13:35.504986,8694.0,1.0,1283349
2025-07-07T21:13:36.653612,8712.0,1.0,1283366
2025-07-07T21:13:37.803421,8694.0,1.0,1283383
2025-07-07T21:13:38.956215,8712.0,1.0,1283400
2025-07-07T21:13:40.108787,8694.0,1.0,1283417
2025-07-07T21:13:41.261518,8712.0,1.0,1283434
2025-07-07T21:13:42.414286,8694.0,1.0,1283450
2025-07-07T21:13:43.567056,8712.0,1.0,1283467
2025-07-07T21:13:44.715815,8694.0,1.0,1283484
2025-07-07T21:13:45.865523,8712.0,1.0,1283500
2025-07-07T21:13:47.018064,8676.0,1.0,1283517
2025-07-07T21:13:48.170984,8712.0,1.0,1283533
2025-07-07T21:13:49.324009,8694.0,1.0,1283549
2025-07-07T21:13:50.476374,8712.0,1.0,1283565
2025-07-07T21:13:51.629004,8694.0,1.0,1283581
2025-07-07T21:13:52.777813,8712.0,1.0,1283598
2025-07-07T21:13:53.927494,8694.0,1.0,1283614
2025-07-07T21:13:55.080275,8712.0,1.0,1283631
2025-07-07T21:13:56.232977,8694.0,1.0,1283648
2025-07-07T21:13:57.385555,8712.0,1.0,1283665
2025-07-07T21:13:58.538388,8676.0,1.0,1283682
2025-07-07T21:13:59.691137,8712.0,1.0,1283699
2025-07-07T21:14:00.839859,8694.0,1.0,1283716
2025-07-07T21:14:01.989453,8712.0,1.0,1283733
