Timestamp,Tension,Corriente,totalizado
2025-06-29T21:58:47.462676,6462.0,-17.0,-113
2025-06-29T21:58:48.611598,6480.0,-16.0,-129
2025-06-29T21:58:49.761293,6498.0,-16.0,-145
2025-06-29T21:58:50.909761,6516.0,-16.0,-161
2025-06-29T21:58:52.058527,6498.0,-16.0,-177
2025-06-29T21:58:53.207261,6534.0,-16.0,-193
2025-06-29T21:58:54.355922,6480.0,-17.0,-210
2025-06-29T21:58:55.504618,6516.0,-16.0,-226
2025-06-29T21:58:56.653243,6480.0,-16.0,-242
2025-06-29T21:58:57.801906,6570.0,-16.0,-258
2025-06-29T21:58:58.950677,6534.0,-17.0,-275
2025-06-29T21:59:00.100358,6552.0,-16.0,-291
2025-06-29T21:59:01.249018,6462.0,-16.0,-307
2025-06-29T21:59:02.397695,6534.0,-16.0,-323
2025-06-29T21:59:04.571491,4093.0,-16.0,-16
2025-06-29T21:59:05.719971,6552.0,-16.0,-32
2025-06-29T21:59:06.868604,6534.0,-16.0,-48
2025-06-29T21:59:08.017413,6498.0,-16.0,-64
2025-06-29T21:59:09.166076,6480.0,784.0,720
2025-06-29T21:59:10.315834,6498.0,468.0,1188
2025-06-29T21:59:11.465413,6462.0,780.0,1968
2025-06-29T21:59:12.614415,6498.0,751.0,2719
2025-06-29T21:59:13.763029,6480.0,745.0,3464
2025-06-29T21:59:14.911656,6516.0,742.0,4206
2025-06-29T21:59:16.060334,6516.0,726.0,4932
2025-06-29T21:59:17.208968,6516.0,751.0,5683
2025-06-29T21:59:18.357600,6516.0,747.0,6430
2025-06-29T21:59:19.506413,6498.0,749.0,7179
2025-06-29T21:59:20.655056,6516.0,746.0,7925
2025-06-29T21:59:21.804768,6534.0,735.0,8660
2025-06-29T21:59:22.953422,6534.0,687.0,9347
2025-06-29T21:59:24.102050,6534.0,423.0,9770
2025-06-29T21:59:25.251926,6480.0,461.0,10231
2025-06-29T21:59:26.400612,6516.0,768.0,10999
2025-06-29T21:59:27.549233,6480.0,748.0,11747
2025-06-29T21:59:28.697862,6534.0,752.0,12499
2025-06-29T21:59:29.846665,6516.0,771.0,13270
2025-06-29T21:59:30.996335,6516.0,750.0,14020
2025-06-29T21:59:32.145058,6534.0,720.0,14740
2025-06-29T21:59:33.293789,6534.0,199.0,14939
2025-06-29T21:59:34.441303,6516.0,11.0,14950
2025-06-29T21:59:35.591116,6552.0,-16.0,14934
2025-06-29T21:59:36.739861,6480.0,530.0,15464
2025-06-29T21:59:37.888484,6534.0,237.0,15701
2025-06-29T21:59:39.037165,6516.0,139.0,15840
2025-06-29T21:59:40.186793,6516.0,137.0,15977
2025-06-29T21:59:41.334523,6480.0,59.0,16036
2025-06-29T21:59:42.483195,6516.0,26.0,16062
2025-06-29T21:59:43.631840,6516.0,-7.0,16055
2025-06-29T21:59:44.781543,6516.0,-16.0,16039
2025-06-29T21:59:45.930456,6516.0,-16.0,16023
2025-06-29T21:59:47.079073,6498.0,-16.0,16007
2025-06-29T21:59:48.227875,6516.0,-16.0,15991
2025-06-29T21:59:49.376561,6552.0,-16.0,15975
2025-06-29T21:59:50.526065,6480.0,-16.0,15959
2025-06-29T21:59:51.674909,6498.0,-16.0,15943
2025-06-29T21:59:52.823556,6498.0,-16.0,15927
2025-06-29T21:59:53.972266,6516.0,-16.0,15911
2025-06-29T21:59:55.121676,6534.0,-16.0,15895
2025-06-29T21:59:56.269561,6498.0,-16.0,15879
2025-06-29T21:59:57.419520,6516.0,-16.0,15863
2025-06-29T21:59:58.567003,6552.0,-16.0,15847
2025-06-29T21:59:59.716798,6462.0,-16.0,15831
2025-06-29T22:00:00.865372,6516.0,-16.0,15815
2025-06-29T22:00:02.014169,6498.0,-16.0,15799
2025-06-29T22:00:03.162760,6516.0,-16.0,15783
2025-06-29T22:00:04.311610,6480.0,-16.0,15767
2025-06-29T22:00:05.460176,6516.0,-16.0,15751
2025-06-29T22:00:06.608792,6534.0,-16.0,15735
2025-06-29T22:00:07.757540,6498.0,-16.0,15719
2025-06-29T22:00:08.907245,6516.0,-16.0,15703
2025-06-29T22:00:10.055864,6480.0,-16.0,15687
2025-06-29T22:00:11.204631,6516.0,-16.0,15671
2025-06-29T22:00:12.353335,6480.0,-16.0,15655
2025-06-29T22:00:13.502018,6480.0,-16.0,15639
2025-06-29T22:00:14.650606,6516.0,-16.0,15623
2025-06-29T22:00:15.799328,6498.0,-16.0,15607
2025-06-29T22:00:16.948033,6552.0,-16.0,15591
2025-06-29T22:00:18.096803,6498.0,-16.0,15575
2025-06-29T22:00:19.246553,6516.0,-16.0,15559
2025-06-29T22:00:20.395104,6534.0,-16.0,15543
2025-06-29T22:00:21.543788,6516.0,-15.0,15528
2025-06-29T22:00:22.692517,6498.0,-16.0,15512
2025-06-29T22:00:23.841347,6570.0,-16.0,15496
2025-06-29T22:00:24.989934,6480.0,-17.0,15479
2025-06-29T22:00:26.138769,6498.0,-16.0,15463
2025-06-29T22:00:27.287359,6498.0,-16.0,15447
2025-06-29T22:00:28.436933,6498.0,-16.0,15431
2025-06-29T22:00:29.585796,6498.0,-17.0,15414
2025-06-29T22:00:30.734432,6534.0,-16.0,15398
2025-06-29T22:00:31.883262,6498.0,-16.0,15382
2025-06-29T22:00:33.031734,6570.0,-16.0,15366
2025-06-29T22:00:34.180486,6498.0,-17.0,15349
2025-06-29T22:00:35.329158,6552.0,-16.0,15333
2025-06-29T22:00:36.477914,6498.0,-16.0,15317
2025-06-29T22:00:37.627673,6516.0,-16.0,15301
2025-06-29T22:00:38.776260,6516.0,-16.0,15285
2025-06-29T22:00:39.924935,6498.0,-17.0,15268
2025-06-29T22:00:41.073621,6516.0,-16.0,15252
2025-06-29T22:00:42.222335,6462.0,-16.0,15236
2025-06-29T22:00:43.370973,6516.0,-16.0,15220
2025-06-29T22:00:44.519650,6570.0,-16.0,15204
2025-06-29T22:00:45.668446,6516.0,-16.0,15188
2025-06-29T22:00:46.817071,6480.0,-16.0,15172
2025-06-29T22:00:47.966673,6516.0,-16.0,15156
2025-06-29T22:00:49.115385,6516.0,-16.0,15140
2025-06-29T22:00:50.264173,6498.0,-16.0,15124
2025-06-29T22:00:51.413003,6516.0,-16.0,15108
2025-06-29T22:00:52.561726,6498.0,-16.0,15092
2025-06-29T22:00:53.710190,6552.0,-16.0,15076
2025-06-29T22:00:54.858950,6462.0,-16.0,15060
2025-06-29T22:00:56.007691,6534.0,-16.0,15044
2025-06-29T22:00:57.157474,6516.0,-16.0,15028
2025-06-29T22:00:58.305970,6570.0,-16.0,15012
2025-06-29T22:00:59.454794,6498.0,-16.0,14996
2025-06-29T22:01:00.603424,6516.0,-17.0,14979
2025-06-29T22:01:01.752121,6480.0,-16.0,14963
2025-06-29T22:01:02.900737,6480.0,-16.0,14947
2025-06-29T22:01:04.049471,6534.0,-16.0,14931
2025-06-29T22:01:05.198201,6534.0,-16.0,14915
2025-06-29T22:01:06.347821,6480.0,-16.0,14899
2025-06-29T22:01:07.496623,6534.0,-16.0,14883
2025-06-29T22:01:08.645319,6480.0,-16.0,14867
2025-06-29T22:01:09.794056,6516.0,-16.0,14851
2025-06-29T22:01:10.942682,6534.0,-16.0,14835
2025-06-29T22:01:12.091564,6516.0,-16.0,14819
2025-06-29T22:01:13.240097,6498.0,-16.0,14803
2025-06-29T22:01:14.388839,6516.0,-16.0,14787
2025-06-29T22:01:15.537375,6516.0,-17.0,14770
2025-06-29T22:01:16.687198,6570.0,-16.0,14754
2025-06-29T22:01:17.835787,6480.0,-16.0,14738
2025-06-29T22:01:18.984498,6516.0,-16.0,14722
2025-06-29T22:01:20.133150,6552.0,-16.0,14706
2025-06-29T22:01:21.281932,6534.0,-16.0,14690
2025-06-29T22:01:22.430582,6480.0,-16.0,14674
2025-06-29T22:01:23.579399,6534.0,-16.0,14658
2025-06-29T22:01:24.728059,6516.0,783.0,15441
2025-06-29T22:01:25.877780,6534.0,784.0,16225
2025-06-29T22:01:27.026346,6516.0,786.0,17011
2025-06-29T22:01:28.174985,6534.0,787.0,17798
2025-06-29T22:01:29.323760,6534.0,788.0,18586
2025-06-29T22:01:30.472496,6552.0,788.0,19374
2025-06-29T22:01:31.620992,6480.0,789.0,20163
2025-06-29T22:01:32.769872,6534.0,788.0,20951
2025-06-29T22:01:33.918548,6480.0,790.0,21741
2025-06-29T22:01:35.068094,6516.0,789.0,22530
2025-06-29T22:01:36.216867,6516.0,791.0,23321
2025-06-29T22:01:37.365548,6534.0,790.0,24111
2025-06-29T22:01:38.514213,6516.0,791.0,24902
2025-06-29T22:01:39.662948,6552.0,789.0,25691
2025-06-29T22:01:40.811752,6516.0,790.0,26481
2025-06-29T22:01:41.960485,6534.0,791.0,27272
2025-06-29T22:01:43.109050,6480.0,791.0,28063
2025-06-29T22:01:44.257717,6534.0,791.0,28854
2025-06-29T22:01:45.407501,6516.0,749.0,29603
2025-06-29T22:01:46.556208,6516.0,750.0,30353
2025-06-29T22:01:47.704850,6498.0,528.0,30881
2025-06-29T22:01:48.853477,6552.0,496.0,31377
2025-06-29T22:01:50.002245,6552.0,525.0,31902
2025-06-29T22:01:51.150828,6552.0,553.0,32455
2025-06-29T22:01:52.299556,6480.0,634.0,33089
2025-06-29T22:01:53.448366,6498.0,414.0,33503
2025-06-29T22:01:54.597936,6498.0,448.0,33951
2025-06-29T22:01:55.746644,6516.0,583.0,34534
2025-06-29T22:01:56.895412,6516.0,621.0,35155
2025-06-29T22:01:58.044083,6534.0,529.0,35684
2025-06-29T22:01:59.192754,6480.0,639.0,36323
2025-06-29T22:02:00.341603,6534.0,659.0,36982
2025-06-29T22:02:01.490164,6534.0,699.0,37681
2025-06-29T22:02:02.638937,6534.0,722.0,38403
2025-06-29T22:02:03.788457,6534.0,711.0,39114
2025-06-29T22:02:04.937212,6534.0,432.0,39546
2025-06-29T22:02:06.085842,6552.0,321.0,39867
2025-06-29T22:02:07.234553,6516.0,330.0,40197
2025-06-29T22:02:08.383182,6480.0,491.0,40688
2025-06-29T22:02:09.531966,6552.0,772.0,41460
2025-06-29T22:02:10.680643,6516.0,781.0,42241
2025-06-29T22:02:11.829488,6516.0,779.0,43020
2025-06-29T22:02:12.978172,6534.0,782.0,43802
2025-06-29T22:02:14.127855,6534.0,779.0,44581
2025-06-29T22:02:15.276482,6552.0,780.0,45361
2025-06-29T22:02:16.425172,6498.0,777.0,46138
2025-06-29T22:02:17.573941,6534.0,778.0,46916
2025-06-29T22:02:18.722625,6534.0,779.0,47695
2025-06-29T22:02:19.871226,6534.0,775.0,48470
2025-06-29T22:02:21.019978,6534.0,766.0,49236
2025-06-29T22:02:22.168601,6552.0,745.0,49981
2025-06-29T22:02:23.318339,6534.0,720.0,50701
2025-06-29T22:02:24.467126,6498.0,721.0,51422
2025-06-29T22:02:25.615841,6534.0,743.0,52165
2025-06-29T22:02:26.764419,6534.0,748.0,52913
2025-06-29T22:02:27.913160,6570.0,749.0,53662
2025-06-29T22:02:29.061866,6534.0,737.0,54399
2025-06-29T22:02:30.210491,6552.0,736.0,55135
2025-06-29T22:02:31.359216,6516.0,726.0,55861
2025-06-29T22:02:32.508856,6534.0,499.0,56360
2025-06-29T22:02:33.657629,6480.0,149.0,56509
2025-06-29T22:02:34.806250,6552.0,228.0,56737
2025-06-29T22:02:35.954966,6480.0,213.0,56950
2025-06-29T22:02:37.103537,6534.0,160.0,57110
2025-06-29T22:02:38.252353,6516.0,118.0,57228
2025-06-29T22:02:39.400059,6516.0,99.0,57327
2025-06-29T22:02:40.548558,6462.0,92.0,57419
2025-06-29T22:02:41.697522,6516.0,82.0,57501
2025-06-29T22:02:42.848060,6498.0,178.0,57679
2025-06-29T22:02:43.995783,6516.0,57.0,57736
2025-06-29T22:02:45.145471,6552.0,300.0,58036
2025-06-29T22:02:46.294182,6534.0,707.0,58743
2025-06-29T22:02:47.443058,6516.0,712.0,59455
2025-06-29T22:02:48.591472,6534.0,714.0,60169
2025-06-29T22:02:49.740245,6516.0,714.0,60883
2025-06-29T22:02:50.889081,6552.0,711.0,61594
2025-06-29T22:02:52.038692,6498.0,710.0,62304
2025-06-29T22:02:53.187290,6534.0,729.0,63033
2025-06-29T22:02:54.336002,6516.0,741.0,63774
2025-06-29T22:02:55.484727,6534.0,726.0,64500
2025-06-29T22:02:56.633508,6534.0,732.0,65232
2025-06-29T22:02:57.782226,6552.0,727.0,65959
2025-06-29T22:02:58.930725,6516.0,717.0,66676
2025-06-29T22:03:00.079489,6552.0,695.0,67371
2025-06-29T22:03:01.229210,6534.0,723.0,68094
2025-06-29T22:03:02.377832,6516.0,738.0,68832
2025-06-29T22:03:03.526788,6498.0,747.0,69579
2025-06-29T22:03:04.675234,6552.0,744.0,70323
2025-06-29T22:03:05.823959,6534.0,741.0,71064
2025-06-29T22:03:06.972758,6534.0,740.0,71804
2025-06-29T22:03:08.121287,6534.0,750.0,72554
2025-06-29T22:03:09.270036,6516.0,759.0,73313
2025-06-29T22:03:10.418727,6516.0,755.0,74068
2025-06-29T22:03:11.568384,6552.0,727.0,74795
2025-06-29T22:03:12.717160,6534.0,742.0,75537
2025-06-29T22:03:13.865790,6570.0,747.0,76284
2025-06-29T22:03:15.014464,6516.0,758.0,77042
2025-06-29T22:03:16.163117,6552.0,757.0,77799
2025-06-29T22:03:17.311975,6498.0,764.0,78563
2025-06-29T22:03:18.460538,6534.0,754.0,79317
2025-06-29T22:03:19.609302,6516.0,731.0,80048
2025-06-29T22:03:20.759019,6570.0,729.0,80777
2025-06-29T22:03:21.907610,6516.0,725.0,81502
2025-06-29T22:03:23.056329,6552.0,714.0,82216
2025-06-29T22:03:24.205000,6570.0,727.0,82943
2025-06-29T22:03:25.353794,6516.0,756.0,83699
2025-06-29T22:03:26.508192,6498.0,759.0,84458
2025-06-29T22:03:27.651123,6516.0,762.0,85220
2025-06-29T22:03:28.799807,6516.0,760.0,85980
2025-06-29T22:03:29.949589,6552.0,761.0,86741
2025-06-29T22:03:31.098207,6534.0,761.0,87502
2025-06-29T22:03:32.246796,6570.0,761.0,88263
2025-06-29T22:03:33.395674,6516.0,759.0,89022
2025-06-29T22:03:34.544335,6552.0,761.0,89783
2025-06-29T22:03:35.693086,6516.0,762.0,90545
2025-06-29T22:03:36.841768,6552.0,763.0,91308
2025-06-29T22:03:37.990454,6516.0,763.0,92071
2025-06-29T22:03:39.139130,6570.0,762.0,92833
2025-06-29T22:03:40.288775,6516.0,762.0,93595
2025-06-29T22:03:41.437509,6534.0,763.0,94358
2025-06-29T22:03:42.586250,6516.0,764.0,95122
2025-06-29T22:03:43.734803,6534.0,768.0,95890
2025-06-29T22:03:44.883547,6516.0,767.0,96657
2025-06-29T22:03:46.032223,6552.0,765.0,97422
2025-06-29T22:03:47.180870,6480.0,757.0,98179
2025-06-29T22:03:48.329854,6570.0,755.0,98934
2025-06-29T22:03:49.479329,6516.0,753.0,99687
2025-06-29T22:03:50.629133,6570.0,757.0,100444
2025-06-29T22:03:51.781876,6516.0,749.0,101193
2025-06-29T22:03:52.934492,6516.0,748.0,101941
2025-06-29T22:03:54.087210,6516.0,753.0,102694
2025-06-29T22:03:55.239838,6534.0,754.0,103448
2025-06-29T22:03:56.388556,6516.0,757.0,104205
2025-06-29T22:03:57.538165,6570.0,759.0,104964
2025-06-29T22:03:58.690932,6498.0,752.0,105716
2025-06-29T22:03:59.843780,6534.0,748.0,106464
2025-06-29T22:04:00.996369,6516.0,737.0,107201
2025-06-29T22:04:02.149011,6534.0,754.0,107955
2025-06-29T22:04:03.301732,6552.0,758.0,108713
2025-06-29T22:04:04.450454,6516.0,758.0,109471
2025-06-29T22:04:05.600031,6516.0,750.0,110221
2025-06-29T22:04:06.752702,6570.0,758.0,110979
2025-06-29T22:04:07.905397,6516.0,761.0,111740
2025-06-29T22:04:09.058163,6516.0,764.0,112504
2025-06-29T22:04:10.210826,6534.0,765.0,113269
2025-06-29T22:04:11.363407,6552.0,763.0,114032
2025-06-29T22:04:12.512101,6534.0,766.0,114798
2025-06-29T22:04:13.661859,6534.0,769.0,115567
2025-06-29T22:04:14.814486,6552.0,771.0,116338
2025-06-29T22:04:15.967218,6516.0,768.0,117106
2025-06-29T22:04:17.119940,6498.0,765.0,117871
2025-06-29T22:04:18.272767,6516.0,758.0,118629
2025-06-29T22:04:19.425452,6516.0,758.0,119387
2025-06-29T22:04:20.574168,6534.0,762.0,120149
2025-06-29T22:04:21.723772,6516.0,768.0,120917
2025-06-29T22:04:22.876531,6534.0,768.0,121685
2025-06-29T22:04:24.029112,6570.0,769.0,122454
2025-06-29T22:04:25.181904,6552.0,767.0,123221
2025-06-29T22:04:26.334510,6534.0,770.0,123991
2025-06-29T22:04:27.487208,6534.0,767.0,124758
2025-06-29T22:04:28.635885,6534.0,767.0,125525
2025-06-29T22:04:29.785559,6606.0,764.0,126289
2025-06-29T22:04:30.938288,6516.0,760.0,127049
2025-06-29T22:04:32.090977,6534.0,764.0,127813
2025-06-29T22:04:33.243576,6552.0,770.0,128583
2025-06-29T22:04:34.396376,6534.0,765.0,129348
2025-06-29T22:04:35.549079,6570.0,766.0,130114
2025-06-29T22:04:36.697749,6570.0,755.0,130869
2025-06-29T22:04:37.847451,6552.0,749.0,131618
2025-06-29T22:04:39.000213,6570.0,753.0,132371
2025-06-29T22:04:40.152751,6462.0,748.0,133119
2025-06-29T22:04:41.305590,6552.0,757.0,133876
2025-06-29T22:04:42.458159,6534.0,758.0,134634
2025-06-29T22:04:43.610965,6570.0,748.0,135382
2025-06-29T22:04:44.759708,6516.0,759.0,136141
2025-06-29T22:04:45.909343,6570.0,759.0,136900
2025-06-29T22:04:47.061982,6516.0,752.0,137652
2025-06-29T22:04:48.214748,6570.0,746.0,138398
2025-06-29T22:04:49.367370,6516.0,756.0,139154
2025-06-29T22:04:50.520100,6588.0,745.0,139899
2025-06-29T22:04:51.672798,6480.0,745.0,140644
2025-06-29T22:04:52.821438,6570.0,755.0,141399
2025-06-29T22:04:53.971119,6552.0,749.0,142148
2025-06-29T22:04:55.123842,6534.0,754.0,142902
2025-06-29T22:04:56.276524,6516.0,748.0,143650
2025-06-29T22:04:57.429232,6552.0,758.0,144408
2025-06-29T22:04:58.581840,6534.0,761.0,145169
2025-06-29T22:04:59.734685,6534.0,756.0,145925
2025-06-29T22:05:00.883373,6516.0,742.0,146667
2025-06-29T22:05:02.033035,6570.0,745.0,147412
2025-06-29T22:05:03.185662,6534.0,756.0,148168
2025-06-29T22:05:04.338524,6570.0,755.0,148923
2025-06-29T22:05:05.491066,6516.0,760.0,149683
2025-06-29T22:05:06.643798,6516.0,764.0,150447
2025-06-29T22:05:07.796363,6516.0,763.0,151210
2025-06-29T22:05:08.945111,6552.0,763.0,151973
2025-06-29T22:05:10.094848,6498.0,783.0,152756
2025-06-29T22:05:11.247560,6570.0,756.0,153512
2025-06-29T22:05:12.400241,6516.0,757.0,154269
2025-06-29T22:05:13.552952,6552.0,757.0,155026
2025-06-29T22:05:14.705608,6534.0,742.0,155768
2025-06-29T22:05:15.858372,6552.0,744.0,156512
2025-06-29T22:05:17.006957,6516.0,749.0,157261
2025-06-29T22:05:18.156581,6516.0,739.0,158000
2025-06-29T22:05:19.309423,6570.0,742.0,158742
2025-06-29T22:05:20.462141,6570.0,751.0,159493
2025-06-29T22:05:21.614813,6534.0,750.0,160243
2025-06-29T22:05:22.769635,6516.0,747.0,160990
2025-06-29T22:05:23.924214,6516.0,749.0,161739
2025-06-29T22:05:25.074724,6534.0,760.0,162499
2025-06-29T22:05:26.226151,6552.0,754.0,163253
2025-06-29T22:05:27.380396,6552.0,753.0,164006
2025-06-29T22:05:28.534619,6516.0,760.0,164766
2025-06-29T22:05:29.688718,6552.0,751.0,165517
2025-06-29T22:05:30.842573,6534.0,737.0,166254
2025-06-29T22:05:31.996538,6552.0,745.0,166999
2025-06-29T22:05:33.146198,6552.0,751.0,167750
2025-06-29T22:05:34.296921,6552.0,746.0,168496
2025-06-29T22:05:35.450610,6498.0,735.0,169231
2025-06-29T22:05:36.604068,6534.0,759.0,169990
2025-06-29T22:05:37.757673,6480.0,744.0,170734
2025-06-29T22:05:38.911144,6552.0,730.0,171464
2025-06-29T22:05:40.064412,6534.0,729.0,172193
2025-06-29T22:05:41.213802,6588.0,580.0,172773
2025-06-29T22:05:42.364114,6552.0,563.0,173336
2025-06-29T22:05:43.517345,6534.0,588.0,173924
2025-06-29T22:05:44.670569,6570.0,530.0,174454
2025-06-29T22:05:45.823692,6552.0,473.0,174927
2025-06-29T22:05:46.976897,6534.0,498.0,175425
2025-06-29T22:05:48.129952,6534.0,503.0,175928
2025-06-29T22:05:49.279132,6552.0,475.0,176403
2025-06-29T22:05:50.429114,6570.0,485.0,176888
2025-06-29T22:05:51.582204,6498.0,631.0,177519
2025-06-29T22:05:52.735064,6570.0,660.0,178179
2025-06-29T22:05:53.888107,6534.0,657.0,178836
2025-06-29T22:05:55.041080,6534.0,665.0,179501
2025-06-29T22:05:56.194038,6516.0,658.0,180159
2025-06-29T22:05:57.343011,6516.0,388.0,180547
2025-06-29T22:05:58.492748,6552.0,-16.0,180531
2025-06-29T22:05:59.645714,6570.0,-16.0,180515
2025-06-29T22:06:00.798650,6480.0,-16.0,180499
2025-06-29T22:06:01.951562,6498.0,-16.0,180483
2025-06-29T22:06:03.104437,6480.0,-16.0,180467
2025-06-29T22:06:04.257335,6534.0,-16.0,180451
2025-06-29T22:06:05.406074,6516.0,-16.0,180435
2025-06-29T22:06:06.555848,6570.0,-16.0,180419
2025-06-29T22:06:07.708753,6570.0,779.0,181198
2025-06-29T22:06:08.861428,6552.0,783.0,181981
2025-06-29T22:06:10.014328,6570.0,777.0,182758
2025-06-29T22:06:11.166988,6570.0,778.0,183536
2025-06-29T22:06:12.319741,6534.0,778.0,184314
2025-06-29T22:06:13.468703,6552.0,778.0,185092
2025-06-29T22:06:14.618457,6552.0,776.0,185868
2025-06-29T22:06:15.771185,6534.0,777.0,186645
2025-06-29T22:06:16.924056,6552.0,774.0,187419
2025-06-29T22:06:18.076661,6570.0,772.0,188191
2025-06-29T22:06:19.229373,6552.0,766.0,188957
2025-06-29T22:06:20.382169,6552.0,768.0,189725
2025-06-29T22:06:21.530836,6516.0,767.0,190492
2025-06-29T22:06:22.680635,6552.0,766.0,191258
2025-06-29T22:06:23.833419,6516.0,764.0,192022
2025-06-29T22:06:24.986105,6570.0,765.0,192787
2025-06-29T22:06:26.138877,6534.0,763.0,193550
2025-06-29T22:06:27.291873,6570.0,748.0,194298
2025-06-29T22:06:28.444363,6570.0,734.0,195032
2025-06-29T22:06:29.593134,6570.0,741.0,195773
2025-06-29T22:06:30.742769,6570.0,741.0,196514
2025-06-29T22:06:31.895434,6570.0,744.0,197258
2025-06-29T22:06:33.048198,6570.0,746.0,198004
2025-06-29T22:06:34.200862,6534.0,749.0,198753
2025-06-29T22:06:35.353713,6516.0,775.0,199528
2025-06-29T22:06:36.506437,6570.0,783.0,200311
2025-06-29T22:06:37.655109,6498.0,770.0,201081
2025-06-29T22:06:38.804781,6570.0,749.0,201830
2025-06-29T22:06:39.957754,6552.0,751.0,202581
2025-06-29T22:06:41.110160,6570.0,736.0,203317
2025-06-29T22:06:42.262980,6534.0,731.0,204048
2025-06-29T22:06:43.415582,6552.0,710.0,204758
2025-06-29T22:06:44.568461,6516.0,718.0,205476
2025-06-29T22:06:45.717133,6534.0,730.0,206206
2025-06-29T22:06:46.866798,6552.0,746.0,206952
2025-06-29T22:06:48.019470,6552.0,745.0,207697
2025-06-29T22:06:49.172252,6534.0,744.0,208441
2025-06-29T22:06:50.324878,6570.0,746.0,209187
2025-06-29T22:06:51.477533,6570.0,750.0,209937
2025-06-29T22:06:52.630250,6552.0,755.0,210692
2025-06-29T22:06:53.778971,6534.0,755.0,211447
2025-06-29T22:06:54.928643,6552.0,757.0,212204
2025-06-29T22:06:56.081441,6534.0,753.0,212957
2025-06-29T22:06:57.234166,6570.0,752.0,213709
2025-06-29T22:06:58.386786,6552.0,752.0,214461
2025-06-29T22:06:59.539438,6534.0,750.0,215211
2025-06-29T22:07:00.692135,6534.0,752.0,215963
2025-06-29T22:07:01.841096,6570.0,752.0,216715
2025-06-29T22:07:02.990523,6498.0,752.0,217467
2025-06-29T22:07:04.143277,6588.0,754.0,218221
2025-06-29T22:07:05.296070,6516.0,754.0,218975
2025-06-29T22:07:06.448661,6570.0,756.0,219731
2025-06-29T22:07:07.601400,6552.0,758.0,220489
2025-06-29T22:07:08.754114,6570.0,758.0,221247
2025-06-29T22:07:09.902752,6570.0,758.0,222005
2025-06-29T22:07:11.052489,6570.0,762.0,222767
2025-06-29T22:07:12.205263,6534.0,764.0,223531
2025-06-29T22:07:13.358122,6570.0,763.0,224294
2025-06-29T22:07:14.510686,6552.0,763.0,225057
2025-06-29T22:07:15.663295,6570.0,764.0,225821
2025-06-29T22:07:16.815996,6498.0,762.0,226583
2025-06-29T22:07:17.964733,6552.0,751.0,227334
2025-06-29T22:07:19.114315,6516.0,752.0,228086
2025-06-29T22:07:20.267067,6588.0,751.0,228837
2025-06-29T22:07:21.419710,6534.0,748.0,229585
2025-06-29T22:07:22.572444,6570.0,745.0,230330
2025-06-29T22:07:23.725345,6570.0,746.0,231076
2025-06-29T22:07:24.877890,6570.0,752.0,231828
2025-06-29T22:07:26.026503,6552.0,749.0,232577
2025-06-29T22:07:27.176363,6570.0,745.0,233322
2025-06-29T22:07:28.328924,6498.0,748.0,234070
2025-06-29T22:07:29.481652,6552.0,749.0,234819
2025-06-29T22:07:30.634334,6534.0,744.0,235563
2025-06-29T22:07:31.787049,6552.0,740.0,236303
2025-06-29T22:07:32.939793,6534.0,739.0,237042
2025-06-29T22:07:34.088493,6570.0,742.0,237784
2025-06-29T22:07:35.238156,6552.0,743.0,238527
2025-06-29T22:07:36.390931,6570.0,744.0,239271
2025-06-29T22:07:37.543513,6570.0,739.0,240010
2025-06-29T22:07:38.696522,6588.0,745.0,240755
2025-06-29T22:07:39.848843,6534.0,750.0,241505
2025-06-29T22:07:41.001616,6570.0,750.0,242255
2025-06-29T22:07:42.150361,6552.0,750.0,243005
2025-06-29T22:07:43.299994,6552.0,746.0,243751
2025-06-29T22:07:44.452759,6570.0,719.0,244470
2025-06-29T22:07:45.605525,6570.0,721.0,245191
2025-06-29T22:07:46.758116,6552.0,718.0,245909
2025-06-29T22:07:47.910870,6552.0,719.0,246628
2025-06-29T22:07:49.063646,6570.0,718.0,247346
2025-06-29T22:07:50.212322,6516.0,719.0,248065
2025-06-29T22:07:51.361928,6552.0,725.0,248790
2025-06-29T22:07:52.514709,6552.0,729.0,249519
2025-06-29T22:07:53.667176,6570.0,707.0,250226
2025-06-29T22:07:54.820027,6570.0,682.0,250908
2025-06-29T22:07:55.972630,6570.0,676.0,251584
2025-06-29T22:07:57.125372,6570.0,685.0,252269
2025-06-29T22:07:58.274089,6534.0,686.0,252955
2025-06-29T22:07:59.423875,6534.0,691.0,253646
2025-06-29T22:08:00.576559,6552.0,691.0,254337
2025-06-29T22:08:01.729169,6552.0,695.0,255032
2025-06-29T22:08:02.881824,6570.0,693.0,255725
2025-06-29T22:08:04.034616,6570.0,697.0,256422
2025-06-29T22:08:05.187346,6552.0,694.0,257116
2025-06-29T22:08:06.335987,6534.0,695.0,257811
2025-06-29T22:08:07.485657,6570.0,681.0,258492
2025-06-29T22:08:08.638401,6552.0,656.0,259148
2025-06-29T22:08:09.791189,6552.0,649.0,259797
2025-06-29T22:08:10.943731,6570.0,651.0,260448
2025-06-29T22:08:12.096499,6534.0,657.0,261105
2025-06-29T22:08:13.249608,6534.0,644.0,261749
2025-06-29T22:08:14.397874,6498.0,648.0,262397
2025-06-29T22:08:15.547550,6570.0,653.0,263050
2025-06-29T22:08:16.700267,6570.0,648.0,263698
2025-06-29T22:08:17.853561,6588.0,644.0,264342
2025-06-29T22:08:19.005623,6552.0,659.0,265001
2025-06-29T22:08:20.158543,6552.0,637.0,265638
2025-06-29T22:08:21.311092,6570.0,651.0,266289
2025-06-29T22:08:22.459660,6588.0,656.0,266945
2025-06-29T22:08:23.609504,6516.0,598.0,267543
2025-06-29T22:08:24.762151,6570.0,764.0,268307
2025-06-29T22:08:25.914778,6552.0,765.0,269072
2025-06-29T22:08:27.067487,6570.0,765.0,269837
2025-06-29T22:08:28.220291,6570.0,769.0,270606
2025-06-29T22:08:29.372998,6570.0,771.0,271377
2025-06-29T22:08:30.521640,6534.0,771.0,272148
2025-06-29T22:08:31.671366,6552.0,771.0,272919
2025-06-29T22:08:32.824175,6552.0,767.0,273686
2025-06-29T22:08:33.976733,6570.0,763.0,274449
2025-06-29T22:08:35.129330,6552.0,762.0,275211
2025-06-29T22:08:36.282108,6570.0,763.0,275974
2025-06-29T22:08:37.434785,6552.0,765.0,276739
2025-06-29T22:08:38.583422,6552.0,763.0,277502
2025-06-29T22:08:39.733179,6570.0,752.0,278254
2025-06-29T22:08:40.885932,6570.0,758.0,279012
2025-06-29T22:08:42.038611,6570.0,767.0,279779
2025-06-29T22:08:43.191422,6570.0,754.0,280533
2025-06-29T22:08:44.343893,6552.0,748.0,281281
2025-06-29T22:08:45.496710,6606.0,729.0,282010
2025-06-29T22:08:46.645334,6552.0,739.0,282749
2025-06-29T22:08:47.795091,6588.0,743.0,283492
2025-06-29T22:08:48.947787,6534.0,742.0,284234
2025-06-29T22:08:50.100512,6588.0,667.0,284901
2025-06-29T22:08:51.253152,6570.0,656.0,285557
2025-06-29T22:08:52.405892,6570.0,640.0,286197
2025-06-29T22:08:53.558960,6570.0,650.0,286847
2025-06-29T22:08:54.707225,6624.0,651.0,287498
2025-06-29T22:08:55.857077,6534.0,638.0,288136
2025-06-29T22:08:57.009590,6606.0,632.0,288768
2025-06-29T22:08:58.162302,6570.0,629.0,289397
2025-06-29T22:08:59.315132,6588.0,643.0,290040
2025-06-29T22:09:00.467744,6516.0,646.0,290686
2025-06-29T22:09:01.620470,6570.0,663.0,291349
2025-06-29T22:09:02.769177,6570.0,654.0,292003
2025-06-29T22:09:03.918800,6588.0,663.0,292666
2025-06-29T22:09:05.071545,6534.0,660.0,293326
2025-06-29T22:09:06.224145,6570.0,641.0,293967
2025-06-29T22:09:07.376980,6570.0,568.0,294535
2025-06-29T22:09:08.529600,6570.0,561.0,295096
2025-06-29T22:09:09.682295,6516.0,565.0,295661
2025-06-29T22:09:10.830986,6570.0,519.0,296180
2025-06-29T22:09:11.980782,6516.0,690.0,296870
2025-06-29T22:09:13.133429,6588.0,661.0,297531
2025-06-29T22:09:14.286162,6570.0,499.0,298030
2025-06-29T22:09:15.438886,6552.0,370.0,298400
2025-06-29T22:09:16.591914,6552.0,346.0,298746
2025-06-29T22:09:17.744214,6570.0,173.0,298919
2025-06-29T22:09:18.892913,6552.0,152.0,299071
2025-06-29T22:09:20.042605,6570.0,151.0,299222
2025-06-29T22:09:21.195269,6534.0,212.0,299434
2025-06-29T22:09:22.347948,6552.0,357.0,299791
2025-06-29T22:09:23.500693,6534.0,374.0,300165
2025-06-29T22:09:24.653620,6534.0,359.0,300524
2025-06-29T22:09:25.806154,6552.0,346.0,300870
2025-06-29T22:09:26.954761,6552.0,343.0,301213
2025-06-29T22:09:28.104478,6498.0,343.0,301556
2025-06-29T22:09:29.257158,6570.0,350.0,301906
2025-06-29T22:09:30.410004,6534.0,347.0,302253
2025-06-29T22:09:31.562471,6588.0,344.0,302597
2025-06-29T22:09:32.715282,6552.0,339.0,302936
2025-06-29T22:09:33.868040,6570.0,336.0,303272
2025-06-29T22:09:35.016701,6534.0,340.0,303612
2025-06-29T22:09:36.166434,6570.0,331.0,303943
2025-06-29T22:09:37.319133,6534.0,304.0,304247
2025-06-29T22:09:38.471671,6570.0,744.0,304991
2025-06-29T22:09:39.624420,6552.0,743.0,305734
2025-06-29T22:09:40.777014,6552.0,732.0,306466
2025-06-29T22:09:41.929917,6552.0,737.0,307203
2025-06-29T22:09:43.078543,6570.0,748.0,307951
2025-06-29T22:09:44.228433,6570.0,753.0,308704
2025-06-29T22:09:45.381047,6552.0,754.0,309458
2025-06-29T22:09:46.533664,6570.0,733.0,310191
2025-06-29T22:09:47.686332,6606.0,741.0,310932
2025-06-29T22:09:48.839049,6552.0,746.0,311678
2025-06-29T22:09:49.991900,6570.0,750.0,312428
2025-06-29T22:09:51.140362,6570.0,746.0,313174
2025-06-29T22:09:52.290115,6606.0,730.0,313904
2025-06-29T22:09:53.442821,6570.0,713.0,314617
2025-06-29T22:09:54.595468,6570.0,733.0,315350
2025-06-29T22:09:55.748241,6552.0,742.0,316092
2025-06-29T22:09:56.900984,6570.0,743.0,316835
2025-06-29T22:09:58.053647,6552.0,708.0,317543
2025-06-29T22:09:59.202416,6588.0,697.0,318240
2025-06-29T22:10:00.352044,6570.0,701.0,318941
2025-06-29T22:10:01.504743,6570.0,706.0,319647
2025-06-29T22:10:02.657495,6552.0,709.0,320356
2025-06-29T22:10:03.810025,6606.0,712.0,321068
2025-06-29T22:10:04.962836,6570.0,712.0,321780
2025-06-29T22:10:06.115438,6570.0,699.0,322479
2025-06-29T22:10:07.264207,6534.0,723.0,323202
2025-06-29T22:10:08.413839,6588.0,729.0,323931
2025-06-29T22:10:09.566670,6552.0,727.0,324658
2025-06-29T22:10:10.719239,6588.0,707.0,325365
2025-06-29T22:10:11.872050,6552.0,708.0,326073
2025-06-29T22:10:13.024664,6552.0,657.0,326730
2025-06-29T22:10:14.177678,6570.0,660.0,327390
2025-06-29T22:10:15.326065,6570.0,667.0,328057
2025-06-29T22:10:16.476024,6534.0,671.0,328728
2025-06-29T22:10:17.628983,6588.0,701.0,329429
2025-06-29T22:10:18.781318,6570.0,702.0,330131
2025-06-29T22:10:19.933852,6570.0,708.0,330839
2025-06-29T22:10:21.086605,6570.0,711.0,331550
2025-06-29T22:10:22.239262,6552.0,711.0,332261
2025-06-29T22:10:23.387858,6552.0,698.0,332959
2025-06-29T22:10:24.537656,6570.0,692.0,333651
2025-06-29T22:10:25.690417,6588.0,700.0,334351
2025-06-29T22:10:26.843002,6588.0,661.0,335012
2025-06-29T22:10:27.995774,6552.0,657.0,335669
2025-06-29T22:10:29.148428,6570.0,656.0,336325
2025-06-29T22:10:30.301184,6552.0,648.0,336973
2025-06-29T22:10:31.449844,6534.0,654.0,337627
2025-06-29T22:10:32.599509,6606.0,656.0,338283
2025-06-29T22:10:33.752412,6588.0,676.0,338959
2025-06-29T22:10:34.905027,6570.0,669.0,339628
2025-06-29T22:10:36.057598,6588.0,672.0,340300
2025-06-29T22:10:37.210521,6570.0,659.0,340959
2025-06-29T22:10:38.362934,6552.0,654.0,341613
2025-06-29T22:10:39.511695,6552.0,663.0,342276
2025-06-29T22:10:40.661403,6588.0,651.0,342927
2025-06-29T22:10:41.814089,6552.0,665.0,343592
2025-06-29T22:10:42.966795,6570.0,657.0,344249
2025-06-29T22:10:44.119603,6552.0,666.0,344915
2025-06-29T22:10:45.272145,6570.0,667.0,345582
2025-06-29T22:10:46.425003,6534.0,660.0,346242
2025-06-29T22:10:47.573593,6570.0,653.0,346895
2025-06-29T22:10:48.723186,6570.0,659.0,347554
2025-06-29T22:10:49.876100,6588.0,652.0,348206
2025-06-29T22:10:51.028674,6570.0,659.0,348865
2025-06-29T22:10:52.181371,6570.0,656.0,349521
2025-06-29T22:10:53.334119,6552.0,653.0,350174
2025-06-29T22:10:54.486831,6570.0,648.0,350822
2025-06-29T22:10:55.635427,6534.0,649.0,351471
2025-06-29T22:10:56.785227,6606.0,652.0,352123
2025-06-29T22:10:57.937897,6570.0,669.0,352792
2025-06-29T22:10:59.090711,6570.0,661.0,353453
2025-06-29T22:11:00.243207,6570.0,652.0,354105
2025-06-29T22:11:01.395976,6570.0,676.0,354781
2025-06-29T22:11:02.548693,6534.0,686.0,355467
2025-06-29T22:11:03.697436,6570.0,682.0,356149
2025-06-29T22:11:04.847032,6534.0,678.0,356827
2025-06-29T22:11:05.999775,6570.0,679.0,357506
2025-06-29T22:11:07.152441,6570.0,651.0,358157
2025-06-29T22:11:08.305259,6570.0,675.0,358832
2025-06-29T22:11:09.457847,6570.0,660.0,359492
2025-06-29T22:11:10.610557,6534.0,676.0,360168
2025-06-29T22:11:11.759242,6534.0,676.0,360844
2025-06-29T22:11:12.909086,6570.0,680.0,361524
2025-06-29T22:11:14.061729,6534.0,679.0,362203
2025-06-29T22:11:15.214344,6570.0,689.0,362892
2025-06-29T22:11:16.366941,6570.0,693.0,363585
2025-06-29T22:11:17.519778,6570.0,694.0,364279
2025-06-29T22:11:18.672581,6516.0,685.0,364964
2025-06-29T22:11:19.821187,6534.0,659.0,365623
2025-06-29T22:11:20.970817,6552.0,670.0,366293
2025-06-29T22:11:22.123542,6588.0,658.0,366951
2025-06-29T22:11:23.276242,6570.0,651.0,367602
2025-06-29T22:11:24.428881,6570.0,657.0,368259
2025-06-29T22:11:25.581626,6570.0,661.0,368920
2025-06-29T22:11:26.734358,6552.0,675.0,369595
2025-06-29T22:11:27.882996,6570.0,676.0,370271
2025-06-29T22:11:29.032733,6570.0,662.0,370933
2025-06-29T22:11:30.185394,6570.0,651.0,371584
2025-06-29T22:11:31.338165,6570.0,596.0,372180
2025-06-29T22:11:32.490751,6552.0,670.0,372850
2025-06-29T22:11:33.643554,6570.0,737.0,373587
2025-06-29T22:11:34.796232,6552.0,681.0,374268
2025-06-29T22:11:35.944837,6588.0,697.0,374965
2025-06-29T22:11:37.094524,6516.0,645.0,375610
2025-06-29T22:11:38.247333,6552.0,639.0,376249
2025-06-29T22:11:39.399995,6516.0,651.0,376900
2025-06-29T22:11:40.552790,6606.0,660.0,377560
2025-06-29T22:11:41.705360,6552.0,661.0,378221
2025-06-29T22:11:42.858076,6570.0,661.0,378882
2025-06-29T22:11:44.006779,6588.0,664.0,379546
2025-06-29T22:11:45.156516,6606.0,674.0,380220
2025-06-29T22:11:46.309288,6552.0,675.0,380895
2025-06-29T22:11:47.461948,6552.0,688.0,381583
2025-06-29T22:11:48.614501,6552.0,698.0,382281
2025-06-29T22:11:49.767226,6570.0,726.0,383007
2025-06-29T22:11:50.919890,6534.0,753.0,383760
2025-06-29T22:11:52.068564,6570.0,767.0,384527
2025-06-29T22:11:53.218373,6534.0,774.0,385301
2025-06-29T22:11:54.371438,6570.0,775.0,386076
2025-06-29T22:11:55.523777,6552.0,776.0,386852
2025-06-29T22:11:56.676451,6588.0,776.0,387628
2025-06-29T22:11:57.829049,6552.0,775.0,388403
2025-06-29T22:11:58.981856,6570.0,776.0,389179
2025-06-29T22:12:00.130435,6570.0,775.0,389954
2025-06-29T22:12:01.280244,6570.0,774.0,390728
2025-06-29T22:12:02.432886,6570.0,772.0,391500
2025-06-29T22:12:03.585586,6552.0,773.0,392273
2025-06-29T22:12:04.738301,6552.0,769.0,393042
2025-06-29T22:12:05.891001,6552.0,768.0,393810
2025-06-29T22:12:07.043706,6570.0,765.0,394575
2025-06-29T22:12:08.192515,6552.0,764.0,395339
2025-06-29T22:12:09.342256,6570.0,761.0,396100
2025-06-29T22:12:10.494928,6606.0,756.0,396856
2025-06-29T22:12:11.647493,6570.0,755.0,397611
2025-06-29T22:12:12.800206,6570.0,751.0,398362
2025-06-29T22:12:13.952936,6534.0,739.0,399101
2025-06-29T22:12:15.105717,6570.0,734.0,399835
2025-06-29T22:12:16.254273,6570.0,753.0,400588
2025-06-29T22:12:17.403956,6570.0,762.0,401350
2025-06-29T22:12:18.556667,6516.0,765.0,402115
2025-06-29T22:12:19.709594,6570.0,766.0,402881
2025-06-29T22:12:20.862047,6552.0,766.0,403647
2025-06-29T22:12:22.014815,6570.0,767.0,404414
2025-06-29T22:12:23.167399,6570.0,760.0,405174
2025-06-29T22:12:24.316119,6570.0,761.0,405935
2025-06-29T22:12:25.465777,6570.0,759.0,406694
2025-06-29T22:12:26.618502,6570.0,760.0,407454
2025-06-29T22:12:27.771223,6552.0,759.0,408213
2025-06-29T22:12:28.923962,6570.0,761.0,408974
2025-06-29T22:12:30.076831,6570.0,759.0,409733
2025-06-29T22:12:31.229372,6570.0,759.0,410492
2025-06-29T22:12:32.378058,6552.0,759.0,411251
2025-06-29T22:12:33.527617,6570.0,759.0,412010
2025-06-29T22:12:34.680519,6534.0,758.0,412768
2025-06-29T22:12:35.833098,6570.0,759.0,413527
2025-06-29T22:12:36.985842,6570.0,763.0,414290
2025-06-29T22:12:38.138536,6606.0,762.0,415052
2025-06-29T22:12:39.291256,6534.0,762.0,415814
2025-06-29T22:12:40.441065,6570.0,764.0,416578
2025-06-29T22:12:41.589899,6534.0,764.0,417342
2025-06-29T22:12:42.742498,6570.0,763.0,418105
2025-06-29T22:12:43.894968,6552.0,762.0,418867
2025-06-29T22:12:45.047668,6570.0,762.0,419629
2025-06-29T22:12:46.200465,6516.0,761.0,420390
2025-06-29T22:12:47.353139,6570.0,761.0,421151
2025-06-29T22:12:48.501773,6570.0,764.0,421915
2025-06-29T22:12:49.651458,6588.0,763.0,422678
2025-06-29T22:12:50.804461,6534.0,764.0,423442
2025-06-29T22:12:51.956888,6570.0,763.0,424205
2025-06-29T22:12:53.109515,6570.0,764.0,424969
2025-06-29T22:12:54.262114,6570.0,764.0,425733
2025-06-29T22:12:55.414911,6552.0,765.0,426498
2025-06-29T22:12:56.563645,6570.0,767.0,427265
2025-06-29T22:12:57.713412,6570.0,767.0,428032
2025-06-29T22:12:58.866104,6570.0,766.0,428798
2025-06-29T22:13:00.021753,6570.0,766.0,429564
2025-06-29T22:13:01.171402,6606.0,766.0,430330
2025-06-29T22:13:02.324137,6534.0,762.0,431092
2025-06-29T22:13:03.476888,6570.0,764.0,431856
2025-06-29T22:13:04.625732,6534.0,765.0,432621
2025-06-29T22:13:05.775250,6588.0,766.0,433387
2025-06-29T22:13:06.927950,6570.0,764.0,434151
2025-06-29T22:13:08.080637,6570.0,762.0,434913
2025-06-29T22:13:09.233398,6570.0,757.0,435670
2025-06-29T22:13:10.386097,6570.0,763.0,436433
2025-06-29T22:13:11.538791,6570.0,762.0,437195
2025-06-29T22:13:12.687433,6570.0,761.0,437956
2025-06-29T22:13:13.837133,6534.0,759.0,438715
2025-06-29T22:13:14.989811,6570.0,753.0,439468
2025-06-29T22:13:16.142665,6570.0,736.0,440204
2025-06-29T22:13:17.295198,6570.0,681.0,440885
2025-06-29T22:13:18.447914,6570.0,645.0,441530
2025-06-29T22:13:19.600646,6570.0,709.0,442239
2025-06-29T22:13:20.749295,6552.0,743.0,442982
2025-06-29T22:13:21.899120,6570.0,735.0,443717
2025-06-29T22:13:23.051729,6570.0,741.0,444458
2025-06-29T22:13:24.204322,6552.0,756.0,445214
2025-06-29T22:13:25.357296,6534.0,760.0,445974
2025-06-29T22:13:26.509757,6588.0,761.0,446735
2025-06-29T22:13:27.662552,6552.0,756.0,447491
2025-06-29T22:13:28.811238,6570.0,754.0,448245
2025-06-29T22:13:29.961084,6588.0,751.0,448996
2025-06-29T22:13:31.113494,6588.0,747.0,449743
2025-06-29T22:13:32.266269,6570.0,745.0,450488
2025-06-29T22:13:33.418897,6588.0,742.0,451230
2025-06-29T22:13:34.572101,6552.0,740.0,451970
2025-06-29T22:13:35.724333,6588.0,743.0,452713
2025-06-29T22:13:36.873044,6552.0,745.0,453458
2025-06-29T22:13:38.022835,6570.0,742.0,454200
2025-06-29T22:13:39.175521,6570.0,740.0,454940
2025-06-29T22:13:40.328185,6570.0,744.0,455684
2025-06-29T22:13:41.480846,6570.0,746.0,456430
2025-06-29T22:13:42.633461,6570.0,746.0,457176
2025-06-29T22:13:43.786286,6570.0,726.0,457902
2025-06-29T22:13:44.934978,6570.0,747.0,458649
2025-06-29T22:13:46.084672,6570.0,767.0,459416
2025-06-29T22:13:47.237367,6588.0,764.0,460180
2025-06-29T22:13:48.390058,6570.0,764.0,460944
2025-06-29T22:13:49.542686,6606.0,767.0,461711
2025-06-29T22:13:50.695456,6570.0,769.0,462480
2025-06-29T22:13:51.848197,6588.0,770.0,463250
2025-06-29T22:13:52.996762,6552.0,769.0,464019
2025-06-29T22:13:54.146519,6570.0,770.0,464789
2025-06-29T22:13:55.299289,6552.0,770.0,465559
2025-06-29T22:13:56.451805,6570.0,770.0,466329
2025-06-29T22:13:57.604634,6588.0,766.0,467095
2025-06-29T22:13:58.757349,6570.0,765.0,467860
2025-06-29T22:13:59.910915,6570.0,762.0,468622
2025-06-29T22:14:01.058797,6552.0,758.0,469380
2025-06-29T22:14:02.208432,6552.0,752.0,470132
2025-06-29T22:14:03.361110,6570.0,731.0,470863
2025-06-29T22:14:04.513796,6552.0,730.0,471593
2025-06-29T22:14:05.666457,6570.0,743.0,472336
2025-06-29T22:14:06.819299,6552.0,736.0,473072
2025-06-29T22:14:07.971824,6588.0,735.0,473807
2025-06-29T22:14:09.120503,6552.0,729.0,474536
2025-06-29T22:14:10.270287,6606.0,722.0,475258
2025-06-29T22:14:11.422913,6570.0,715.0,475973
2025-06-29T22:14:12.575673,6570.0,712.0,476685
2025-06-29T22:14:13.728350,6534.0,707.0,477392
2025-06-29T22:14:14.880998,6570.0,697.0,478089
2025-06-29T22:14:16.033825,6534.0,705.0,478794
2025-06-29T22:14:17.182442,6570.0,699.0,479493
2025-06-29T22:14:18.332150,6570.0,697.0,480190
2025-06-29T22:14:19.484854,6570.0,695.0,480885
2025-06-29T22:14:20.637498,6588.0,729.0,481614
2025-06-29T22:14:21.790199,6570.0,677.0,482291
2025-06-29T22:14:22.942989,6534.0,715.0,483006
2025-06-29T22:14:24.095687,6570.0,683.0,483689
2025-06-29T22:14:25.244280,6570.0,760.0,484449
2025-06-29T22:14:26.394190,6552.0,755.0,485204
2025-06-29T22:14:27.546677,6570.0,750.0,485954
2025-06-29T22:14:28.699376,6570.0,692.0,486646
2025-06-29T22:14:29.851986,6534.0,689.0,487335
2025-06-29T22:14:31.004885,6570.0,661.0,487996
2025-06-29T22:14:32.157558,6570.0,645.0,488641
2025-06-29T22:14:33.306284,6570.0,500.0,489141
2025-06-29T22:14:34.455840,6552.0,269.0,489410
2025-06-29T22:14:35.608585,6570.0,242.0,489652
2025-06-29T22:14:36.761207,6570.0,235.0,489887
2025-06-29T22:14:37.914001,6570.0,750.0,490637
2025-06-29T22:14:39.066612,6552.0,670.0,491307
2025-06-29T22:14:40.219366,6570.0,718.0,492025
2025-06-29T22:14:41.368115,6552.0,750.0,492775
2025-06-29T22:14:42.517797,6570.0,700.0,493475
2025-06-29T22:14:43.670467,6516.0,669.0,494144
2025-06-29T22:14:44.823193,6570.0,752.0,494896
2025-06-29T22:14:45.975838,6570.0,753.0,495649
2025-06-29T22:14:47.128591,6552.0,753.0,496402
2025-06-29T22:14:48.281358,6570.0,754.0,497156
2025-06-29T22:14:49.429955,6570.0,755.0,497911
2025-06-29T22:14:50.579609,6552.0,753.0,498664
2025-06-29T22:14:51.732366,6588.0,753.0,499417
2025-06-29T22:14:52.885041,6552.0,754.0,500171
2025-06-29T22:14:54.037772,6570.0,751.0,500922
2025-06-29T22:14:55.190361,6516.0,750.0,501672
2025-06-29T22:14:56.343089,6570.0,749.0,502421
2025-06-29T22:14:57.491861,6570.0,747.0,503168
2025-06-29T22:14:58.641513,6552.0,747.0,503915
2025-06-29T22:14:59.794378,6552.0,746.0,504661
2025-06-29T22:15:00.946982,6606.0,744.0,505405
2025-06-29T22:15:02.099626,6570.0,735.0,506140
2025-06-29T22:15:03.252326,6570.0,649.0,506789
2025-06-29T22:15:04.405234,6552.0,740.0,507529
2025-06-29T22:15:05.553634,6606.0,741.0,508270
2025-06-29T22:15:06.703505,6552.0,740.0,509010
2025-06-29T22:15:07.856125,6570.0,739.0,509749
2025-06-29T22:15:09.008807,6570.0,740.0,510489
2025-06-29T22:15:10.161570,6570.0,739.0,511228
2025-06-29T22:15:11.314161,6552.0,738.0,511966
2025-06-29T22:15:12.466935,6570.0,703.0,512669
2025-06-29T22:15:13.615659,6570.0,761.0,513430
2025-06-29T22:15:14.765432,6588.0,763.0,514193
2025-06-29T22:15:15.917971,6534.0,761.0,514954
2025-06-29T22:15:17.070753,6588.0,761.0,515715
2025-06-29T22:15:18.223377,6570.0,761.0,516476
2025-06-29T22:15:19.376084,6552.0,762.0,517238
2025-06-29T22:15:20.528824,6534.0,762.0,518000
2025-06-29T22:15:21.677657,6570.0,762.0,518762
2025-06-29T22:15:22.827273,6588.0,763.0,519525
2025-06-29T22:15:23.979879,6588.0,762.0,520287
2025-06-29T22:15:25.132519,6570.0,762.0,521049
2025-06-29T22:15:26.285294,6570.0,763.0,521812
2025-06-29T22:15:27.437934,6516.0,760.0,522572
2025-06-29T22:15:28.590640,6570.0,761.0,523333
2025-06-29T22:15:29.739423,6534.0,761.0,524094
2025-06-29T22:15:30.889166,6588.0,763.0,524857
2025-06-29T22:15:32.041715,6552.0,761.0,525618
2025-06-29T22:15:33.194569,6570.0,761.0,526379
2025-06-29T22:15:34.347103,6516.0,760.0,527139
2025-06-29T22:15:35.499845,6570.0,760.0,527899
2025-06-29T22:15:36.652512,6570.0,757.0,528656
2025-06-29T22:15:37.801231,6570.0,757.0,529413
2025-06-29T22:15:38.950893,6570.0,742.0,530155
2025-06-29T22:15:40.103646,6588.0,740.0,530895
2025-06-29T22:15:41.256405,6552.0,734.0,531629
2025-06-29T22:15:42.409238,6570.0,719.0,532348
2025-06-29T22:15:43.561665,6534.0,678.0,533026
2025-06-29T22:15:44.714534,6588.0,711.0,533737
2025-06-29T22:15:45.863052,6552.0,729.0,534466
2025-06-29T22:15:47.012832,6552.0,729.0,535195
2025-06-29T22:15:48.165504,6552.0,729.0,535924
2025-06-29T22:15:49.318231,6570.0,731.0,536655
2025-06-29T22:15:50.470883,6570.0,731.0,537386
2025-06-29T22:15:51.623598,6570.0,731.0,538117
2025-06-29T22:15:52.776260,6552.0,732.0,538849
2025-06-29T22:15:53.924990,6570.0,732.0,539581
2025-06-29T22:15:55.074795,6570.0,734.0,540315
2025-06-29T22:15:56.227352,6588.0,734.0,541049
2025-06-29T22:15:57.379997,6552.0,737.0,541786
2025-06-29T22:15:58.532847,6588.0,737.0,542523
2025-06-29T22:15:59.685498,6570.0,737.0,543260
2025-06-29T22:16:00.838135,6570.0,737.0,543997
2025-06-29T22:16:01.986820,6552.0,736.0,544733
2025-06-29T22:16:03.136490,6570.0,736.0,545469
2025-06-29T22:16:04.289293,6534.0,736.0,546205
2025-06-29T22:16:05.441897,6570.0,737.0,546942
2025-06-29T22:16:06.594557,6534.0,737.0,547679
2025-06-29T22:16:07.747455,6588.0,739.0,548418
2025-06-29T22:16:08.899955,6570.0,738.0,549156
2025-06-29T22:16:10.048687,6570.0,741.0,549897
2025-06-29T22:16:11.198473,6570.0,742.0,550639
2025-06-29T22:16:12.351094,6570.0,742.0,551381
2025-06-29T22:16:13.503970,6570.0,742.0,552123
2025-06-29T22:16:14.656496,6570.0,742.0,552865
2025-06-29T22:16:15.809359,6552.0,741.0,553606
2025-06-29T22:16:16.961970,6570.0,743.0,554349
2025-06-29T22:16:18.110695,6552.0,739.0,555088
2025-06-29T22:16:19.260207,6570.0,735.0,555823
2025-06-29T22:16:20.412959,6570.0,733.0,556556
2025-06-29T22:16:21.565596,6570.0,737.0,557293
2025-06-29T22:16:22.718316,6570.0,736.0,558029
2025-06-29T22:16:23.871045,6570.0,730.0,558759
2025-06-29T22:16:25.023738,6516.0,743.0,559502
2025-06-29T22:16:26.172442,6552.0,756.0,560258
2025-06-29T22:16:27.322160,6534.0,754.0,561012
2025-06-29T22:16:28.474841,6588.0,759.0,561771
2025-06-29T22:16:29.627614,6552.0,751.0,562522
2025-06-29T22:16:30.780212,6570.0,743.0,563265
2025-06-29T22:16:31.932907,6552.0,745.0,564010
2025-06-29T22:16:33.085701,6588.0,741.0,564751
2025-06-29T22:16:34.234303,6552.0,743.0,565494
2025-06-29T22:16:35.384081,6570.0,748.0,566242
2025-06-29T22:16:36.536721,6570.0,748.0,566990
2025-06-29T22:16:37.689338,6570.0,747.0,567737
2025-06-29T22:16:38.842131,6570.0,746.0,568483
2025-06-29T22:16:39.994792,6588.0,746.0,569229
2025-06-29T22:16:41.147533,6552.0,742.0,569971
2025-06-29T22:16:42.296131,6588.0,736.0,570707
2025-06-29T22:16:43.445871,6534.0,740.0,571447
2025-06-29T22:16:44.598612,6570.0,752.0,572199
2025-06-29T22:16:45.751306,6534.0,757.0,572956
2025-06-29T22:16:46.906208,6570.0,764.0,573720
2025-06-29T22:16:48.056716,6570.0,766.0,574486
2025-06-29T22:16:49.209372,6588.0,770.0,575256
2025-06-29T22:16:50.358030,6552.0,773.0,576029
2025-06-29T22:16:51.507718,6534.0,774.0,576803
2025-06-29T22:16:52.660611,6570.0,774.0,577577
2025-06-29T22:16:53.813130,6588.0,774.0,578351
2025-06-29T22:16:54.965918,6570.0,774.0,579125
2025-06-29T22:16:56.118475,6570.0,774.0,579899
2025-06-29T22:16:57.271311,6570.0,776.0,580675
2025-06-29T22:16:58.419855,6570.0,775.0,581450
2025-06-29T22:16:59.569617,6570.0,774.0,582224
2025-06-29T22:17:00.722262,6570.0,774.0,582998
2025-06-29T22:17:01.875094,6570.0,773.0,583771
2025-06-29T22:17:03.030540,6570.0,772.0,584543
2025-06-29T22:17:04.180447,6570.0,767.0,585310
2025-06-29T22:17:05.333002,6588.0,764.0,586074
2025-06-29T22:17:06.481714,6552.0,762.0,586836
2025-06-29T22:17:07.631525,6570.0,757.0,587593
2025-06-29T22:17:08.784172,6534.0,755.0,588348
2025-06-29T22:17:09.936889,6588.0,755.0,589103
2025-06-29T22:17:11.089576,6552.0,754.0,589857
2025-06-29T22:17:12.242836,6570.0,754.0,590611
2025-06-29T22:17:13.395009,6570.0,750.0,591361
2025-06-29T22:17:14.543876,6570.0,744.0,592105
2025-06-29T22:51:08.640556,4000.0,-16.0,-16
2025-06-29T22:51:09.784248,6786.0,750.0,734
2025-06-29T22:51:10.934007,6768.0,760.0,1494
2025-06-29T22:51:12.082709,6768.0,765.0,2259
2025-06-29T22:51:13.231442,6786.0,763.0,3022
2025-06-29T22:51:14.380152,6768.0,763.0,3785
2025-06-29T22:51:15.528886,6768.0,763.0,4548
2025-06-29T22:51:16.677613,6768.0,766.0,5314
2025-06-29T22:51:17.827211,6750.0,766.0,6080
2025-06-29T22:51:18.975896,6750.0,765.0,6845
2025-06-29T22:51:20.124628,6714.0,765.0,7610
2025-06-29T22:51:21.273498,6768.0,767.0,8377
2025-06-29T22:51:22.422081,6768.0,766.0,9143
2025-06-29T22:51:23.570735,6768.0,766.0,9909
2025-06-29T22:51:24.720553,6732.0,767.0,10676
2025-06-29T22:51:25.869185,6768.0,767.0,11443
2025-06-29T22:51:27.017885,6732.0,769.0,12212
2025-06-29T22:51:28.167637,6786.0,768.0,12980
2025-06-29T22:51:29.316303,6750.0,764.0,13744
2025-06-29T22:51:30.464985,6768.0,768.0,14512
2025-06-29T22:51:31.614586,6768.0,772.0,15284
2025-06-29T22:51:32.762394,6750.0,768.0,16052
2025-06-29T22:51:33.910929,6768.0,767.0,16819
2025-06-29T22:51:35.059852,6786.0,768.0,17587
2025-06-29T22:51:36.208351,6786.0,766.0,18353
2025-06-29T22:51:37.358482,6732.0,769.0,19122
2025-06-29T22:51:38.507023,6732.0,765.0,19887
2025-06-29T22:51:39.655599,6786.0,768.0,20655
2025-06-29T22:51:40.804283,6750.0,769.0,21424
2025-06-29T22:51:41.952887,6786.0,768.0,22192
2025-06-29T22:51:43.101527,6732.0,770.0,22962
2025-06-29T22:51:44.250493,6804.0,768.0,23730
2025-06-29T22:51:45.398907,6768.0,769.0,24499
2025-06-29T22:51:46.548614,6786.0,769.0,25268
2025-06-29T22:51:47.697317,6732.0,766.0,26034
2025-06-29T22:51:48.845932,6732.0,769.0,26803
2025-06-29T22:51:49.994699,6696.0,769.0,27572
2025-06-29T22:51:51.143315,6768.0,769.0,28341
2025-06-29T22:51:52.292009,6732.0,770.0,29111
2025-06-29T22:51:53.440982,6732.0,769.0,29880
2025-06-29T22:51:54.589500,6696.0,770.0,30650
2025-06-29T22:51:55.738135,6714.0,769.0,31419
2025-06-29T22:51:56.887796,6660.0,768.0,32187
2025-06-29T22:51:58.036506,6714.0,769.0,32956
2025-06-29T22:51:59.185289,6750.0,770.0,33726
2025-06-29T22:52:00.336053,6696.0,770.0,34496
2025-06-29T22:52:01.482696,6678.0,768.0,35264
2025-06-29T22:52:02.631253,6714.0,770.0,36034
2025-06-29T22:52:03.779999,6696.0,769.0,36803
2025-06-29T22:52:04.930418,6768.0,769.0,37572
2025-06-29T22:52:06.078385,6696.0,769.0,38341
2025-06-29T22:52:07.227154,6696.0,771.0,39112
2025-06-29T22:52:08.375701,6732.0,770.0,39882
2025-06-29T22:52:09.524383,6732.0,768.0,40650
2025-06-29T22:52:10.673257,6714.0,770.0,41420
2025-06-29T22:52:11.821948,6732.0,769.0,42189
2025-06-29T22:52:12.970530,6678.0,769.0,42958
2025-06-29T22:52:14.119162,6714.0,770.0,43728
2025-06-29T22:52:15.268827,6696.0,769.0,44497
2025-06-29T22:52:16.417521,6696.0,771.0,45268
2025-06-29T22:52:17.566242,6732.0,770.0,46038
2025-06-29T22:52:18.714883,6786.0,770.0,46808
2025-06-29T22:52:19.863572,6714.0,769.0,47577
2025-06-29T22:52:21.012339,6750.0,771.0,48348
2025-06-29T22:52:22.160934,6786.0,770.0,49118
2025-06-29T22:52:23.309897,6714.0,770.0,49888
2025-06-29T22:52:24.458253,6732.0,769.0,50657
2025-06-29T22:52:25.607969,6732.0,769.0,51426
2025-06-29T22:52:26.756756,6696.0,768.0,52194
2025-06-29T22:52:27.905453,6714.0,771.0,52965
2025-06-29T22:52:29.054124,6714.0,770.0,53735
2025-06-29T22:52:30.202682,6696.0,769.0,54504
2025-06-29T22:52:31.351490,6696.0,770.0,55274
2025-06-29T22:52:32.500218,6714.0,770.0,56044
2025-06-29T22:52:33.648839,6696.0,770.0,56814
2025-06-29T22:52:34.798441,6714.0,770.0,57584
2025-06-29T22:52:35.947148,6714.0,770.0,58354
2025-06-29T22:52:37.095903,6786.0,770.0,59124
2025-06-29T22:52:38.244592,6714.0,770.0,59894
2025-06-29T22:52:39.393343,6696.0,769.0,60663
2025-06-29T22:52:40.541899,6696.0,771.0,61434
2025-06-29T22:52:41.690672,6750.0,770.0,62204
2025-06-29T22:52:42.839467,6696.0,770.0,62974
2025-06-29T22:52:43.989049,6732.0,770.0,63744
2025-06-29T22:52:45.137745,6714.0,769.0,64513
2025-06-29T22:52:46.286371,6732.0,771.0,65284
2025-06-29T22:52:47.435093,6714.0,768.0,66052
2025-06-29T22:52:48.583730,6732.0,772.0,66824
2025-06-29T22:52:49.734083,6678.0,770.0,67594
2025-06-29T22:52:50.881089,6750.0,769.0,68363
2025-06-29T22:52:52.029889,6678.0,771.0,69134
2025-06-29T22:52:53.178494,6696.0,771.0,69905
2025-06-29T22:52:54.328197,6696.0,770.0,70675
2025-06-29T22:52:55.476941,6678.0,770.0,71445
2025-06-29T22:52:56.625540,6696.0,770.0,72215
2025-06-29T22:52:57.774337,6714.0,771.0,72986
2025-06-29T22:52:58.922998,6696.0,770.0,73756
2025-06-29T22:53:00.071812,6696.0,769.0,74525
2025-06-29T22:53:01.220340,6714.0,770.0,75295
2025-06-29T22:53:02.368907,6732.0,771.0,76066
2025-06-29T22:53:03.518715,6678.0,771.0,76837
2025-06-29T22:53:04.667373,6732.0,771.0,77608
2025-06-29T22:53:05.816020,6678.0,771.0,78379
2025-06-29T22:53:06.964693,6714.0,770.0,79149
2025-06-29T22:53:08.113357,6660.0,770.0,79919
2025-06-29T22:53:09.262144,6696.0,770.0,80689
2025-06-29T22:53:10.410830,6678.0,770.0,81459
2025-06-29T22:53:11.559503,6714.0,769.0,82228
2025-06-29T22:53:12.709075,6714.0,769.0,82997
2025-06-29T22:53:13.857769,6732.0,770.0,83767
2025-06-29T22:53:15.006627,6678.0,771.0,84538
2025-06-29T22:53:16.155387,6714.0,769.0,85307
2025-06-29T22:53:17.303977,6678.0,771.0,86078
2025-06-29T22:53:18.452604,6750.0,770.0,86848
2025-06-29T22:53:19.601387,6714.0,769.0,87617
2025-06-29T22:53:20.750056,6750.0,770.0,88387
2025-06-29T22:53:21.899343,6714.0,770.0,89157
2025-06-29T22:53:23.050826,6696.0,769.0,89926
2025-06-29T22:53:24.197152,6732.0,771.0,90697
2025-06-29T22:53:25.345774,6732.0,771.0,91468
2025-06-29T22:53:26.494363,6696.0,770.0,92238
2025-06-29T22:53:27.643061,6732.0,771.0,93009
2025-06-29T22:53:28.791852,6732.0,770.0,93779
2025-06-29T22:53:29.940408,6732.0,771.0,94550
2025-06-29T22:53:31.089370,6696.0,770.0,95320
2025-06-29T22:53:32.238917,6750.0,771.0,96091
2025-06-29T22:53:33.387521,6696.0,770.0,96861
2025-06-29T22:53:34.536248,6750.0,770.0,97631
2025-06-29T22:53:35.684971,6714.0,770.0,98401
2025-06-29T22:53:36.833510,6750.0,772.0,99173
2025-06-29T22:53:37.982280,6732.0,771.0,99944
2025-06-29T22:53:39.132074,6732.0,770.0,100714
2025-06-29T22:53:40.280745,6696.0,771.0,101485
2025-06-29T22:53:41.430401,6768.0,772.0,102257
2025-06-29T22:53:42.583089,6714.0,769.0,103026
2025-06-29T22:53:43.735704,6714.0,770.0,103796
2025-06-29T22:53:44.888466,6696.0,770.0,104566
2025-06-29T22:53:46.041070,6714.0,770.0,105336
2025-06-29T22:53:47.193848,6696.0,769.0,106105
2025-06-29T22:53:48.342483,6732.0,771.0,106876
2025-06-29T22:53:49.492191,6696.0,771.0,107647
2025-06-29T22:53:50.644871,6750.0,771.0,108418
2025-06-29T22:53:51.797694,6714.0,770.0,109188
2025-06-29T22:53:52.950247,6696.0,770.0,109958
2025-06-29T22:53:54.103034,6714.0,769.0,110727
2025-06-29T22:53:55.255736,6696.0,771.0,111498
2025-06-29T22:53:56.404245,6696.0,770.0,112268
2025-06-29T22:53:57.554012,6696.0,772.0,113040
2025-06-29T22:53:58.706769,6696.0,770.0,113810
2025-06-29T22:53:59.859266,6732.0,769.0,114579
2025-06-29T22:54:01.012031,6678.0,770.0,115349
2025-06-29T22:54:02.164742,6750.0,770.0,116119
2025-06-29T22:54:03.317466,6732.0,769.0,116888
2025-06-29T22:54:04.466154,6732.0,771.0,117659
2025-06-29T22:54:05.615945,6768.0,769.0,118428
2025-06-29T22:54:06.768454,6732.0,769.0,119197
2025-06-29T22:54:07.921371,6696.0,770.0,119967
2025-06-29T22:54:09.073865,6768.0,770.0,120737
2025-06-29T22:54:10.226551,6696.0,769.0,121506
2025-06-29T22:54:11.379205,6714.0,769.0,122275
2025-06-29T22:54:12.527894,6714.0,771.0,123046
2025-06-29T22:54:13.677592,6732.0,770.0,123816
2025-06-29T22:54:14.830279,6660.0,770.0,124586
2025-06-29T22:54:15.982961,6678.0,771.0,125357
2025-06-29T22:54:17.135777,6696.0,769.0,126126
2025-06-29T22:54:18.288381,6732.0,771.0,126897
2025-06-29T22:54:19.441170,6714.0,769.0,127666
2025-06-29T22:54:20.589806,6732.0,770.0,128436
2025-06-29T22:54:21.739478,6714.0,770.0,129206
2025-06-29T22:54:22.892074,6768.0,770.0,129976
2025-06-29T22:54:24.044836,6732.0,769.0,130745
2025-06-29T22:54:25.197513,6714.0,770.0,131515
2025-06-29T22:54:26.350208,6714.0,770.0,132285
2025-06-29T22:54:27.502852,6768.0,769.0,133054
2025-06-29T22:54:28.651512,6714.0,769.0,133823
2025-06-29T22:54:29.807037,6696.0,769.0,134592
2025-06-29T22:54:30.953847,6732.0,770.0,135362
2025-06-29T22:54:32.106788,6732.0,770.0,136132
2025-06-29T22:54:33.259309,6696.0,769.0,136901
2025-06-29T22:54:34.411943,6714.0,769.0,137670
2025-06-29T22:54:35.564712,6732.0,769.0,138439
2025-06-29T22:54:36.715265,6732.0,770.0,139209
2025-06-29T22:54:37.863067,6714.0,769.0,139978
2025-06-29T22:54:39.015733,6714.0,769.0,140747
2025-06-29T22:54:40.168428,6660.0,770.0,141517
2025-06-29T22:54:41.321147,6714.0,772.0,142289
2025-06-29T22:54:42.473819,6678.0,769.0,143058
2025-06-29T22:54:43.626432,6714.0,770.0,143828
2025-06-29T22:54:44.775132,6660.0,771.0,144599
2025-06-29T22:54:45.924803,6714.0,772.0,145371
2025-06-29T22:54:47.077510,6714.0,769.0,146140
2025-06-29T22:54:48.230136,6732.0,770.0,146910
2025-06-29T22:54:49.382908,6678.0,769.0,147679
2025-06-29T22:54:50.535570,6696.0,770.0,148449
2025-06-29T22:54:51.688525,6696.0,770.0,149219
2025-06-29T22:54:52.837009,6714.0,771.0,149990
2025-06-29T22:54:53.986619,6732.0,770.0,150760
2025-06-29T22:54:55.139443,6696.0,775.0,151535
2025-06-29T22:54:56.291933,6714.0,775.0,152310
2025-06-29T22:54:57.444680,6732.0,773.0,153083
2025-06-29T22:54:58.597311,6696.0,769.0,153852
2025-06-29T22:54:59.750048,6714.0,774.0,154626
2025-06-29T22:55:00.898753,6714.0,768.0,155394
2025-06-29T22:55:02.048544,6732.0,772.0,156166
2025-06-29T22:55:03.201128,6714.0,770.0,156936
2025-06-29T22:55:04.353904,6714.0,771.0,157707
2025-06-29T22:55:05.506399,6732.0,769.0,158476
2025-06-29T22:55:06.659146,6750.0,771.0,159247
2025-06-29T22:55:07.811895,6732.0,768.0,160015
2025-06-29T22:55:08.960579,6696.0,772.0,160787
2025-06-29T22:55:10.110288,6696.0,771.0,161558
2025-06-29T22:55:11.262946,6750.0,771.0,162329
2025-06-29T22:55:12.415584,6696.0,770.0,163099
2025-06-29T22:55:13.568347,6750.0,772.0,163871
2025-06-29T22:55:14.721013,6696.0,770.0,164641
2025-06-29T22:55:15.873676,6714.0,771.0,165412
2025-06-29T22:55:17.022513,6696.0,769.0,166181
2025-06-29T22:55:18.172204,6696.0,770.0,166951
2025-06-29T22:55:19.324879,6750.0,768.0,167719
2025-06-29T22:55:20.477464,6714.0,770.0,168489
2025-06-29T22:55:21.630227,6678.0,769.0,169258
2025-06-29T22:55:22.782801,6732.0,768.0,170026
2025-06-29T22:55:23.935446,6714.0,770.0,170796
2025-06-29T22:55:25.084070,6714.0,768.0,171564
2025-06-29T22:55:26.233903,6696.0,771.0,172335
2025-06-29T22:55:27.386553,6696.0,769.0,173104
2025-06-29T22:55:28.539268,6732.0,771.0,173875
2025-06-29T22:55:29.691889,6732.0,768.0,174643
2025-06-29T22:55:30.844556,6678.0,769.0,175412
2025-06-29T22:55:31.997344,6750.0,769.0,176181
2025-06-29T22:55:33.145942,6714.0,770.0,176951
2025-06-29T22:55:34.295704,6714.0,769.0,177720
2025-06-29T22:55:35.448358,6714.0,769.0,178489
2025-06-29T22:55:36.601100,6732.0,768.0,179257
2025-06-29T22:55:37.753759,6714.0,770.0,180027
2025-06-29T22:55:38.906575,6750.0,767.0,180794
2025-06-29T22:55:40.059043,6696.0,769.0,181563
2025-06-29T22:55:41.207694,6732.0,769.0,182332
2025-06-29T22:55:42.357466,6732.0,769.0,183101
2025-06-29T22:55:43.510199,6714.0,769.0,183870
2025-06-29T22:55:44.662818,6696.0,769.0,184639
2025-06-29T22:55:45.815544,6732.0,768.0,185407
2025-06-29T22:55:46.968179,6696.0,770.0,186177
2025-06-29T22:55:48.120893,6714.0,769.0,186946
2025-06-29T22:55:49.269574,6696.0,771.0,187717
2025-06-29T22:55:50.419275,6732.0,769.0,188486
2025-06-29T22:55:51.571947,6660.0,768.0,189254
2025-06-29T22:55:52.724629,6732.0,770.0,190024
2025-06-29T22:55:53.877377,6714.0,770.0,190794
2025-06-29T22:55:55.030118,6714.0,771.0,191565
2025-06-29T22:55:56.182690,6714.0,770.0,192335
2025-06-29T22:55:57.331336,6714.0,772.0,193107
2025-06-29T22:55:58.481100,6696.0,771.0,193878
2025-06-29T22:55:59.633986,6732.0,770.0,194648
2025-06-29T22:56:00.786494,6732.0,770.0,195418
2025-06-29T22:56:01.939280,6696.0,769.0,196187
2025-06-29T22:56:03.091787,6714.0,770.0,196957
2025-06-29T22:56:04.244500,6750.0,770.0,197727
2025-06-29T22:56:05.393228,6696.0,769.0,198496
2025-06-29T22:56:06.542836,6732.0,770.0,199266
2025-06-29T22:56:07.695617,6732.0,770.0,200036
2025-06-29T22:56:08.848301,6786.0,770.0,200806
2025-06-29T22:56:10.001018,6732.0,769.0,201575
2025-06-29T22:56:11.153675,6750.0,770.0,202345
2025-06-29T22:56:12.306290,6714.0,771.0,203116
2025-06-29T22:56:13.455112,6696.0,770.0,203886
2025-06-29T22:56:14.604812,6678.0,770.0,204656
2025-06-29T22:56:15.757287,6732.0,771.0,205427
2025-06-29T22:56:16.910070,6714.0,770.0,206197
2025-06-29T22:56:18.062801,6732.0,771.0,206968
2025-06-29T22:56:19.215546,6696.0,770.0,207738
2025-06-29T22:56:20.368145,6732.0,772.0,208510
2025-06-29T22:56:21.516844,6714.0,770.0,209280
2025-06-29T22:56:22.666454,6732.0,771.0,210051
2025-06-29T22:56:23.819208,6696.0,768.0,210819
2025-06-29T22:56:24.971901,6732.0,771.0,211590
2025-06-29T22:56:26.124544,6732.0,770.0,212360
2025-06-29T22:56:27.277294,6750.0,769.0,213129
2025-06-29T22:56:28.429916,6732.0,769.0,213898
2025-06-29T22:56:29.578622,6732.0,771.0,214669
2025-06-29T22:56:30.728312,6732.0,769.0,215438
2025-06-29T22:56:31.881084,6786.0,771.0,216209
2025-06-29T22:56:33.033679,6732.0,769.0,216978
2025-06-29T22:56:34.186328,6732.0,771.0,217749
2025-06-29T22:56:35.339049,6750.0,770.0,218519
2025-06-29T22:56:36.491747,6750.0,771.0,219290
2025-06-29T22:56:37.640527,6714.0,771.0,220061
2025-06-29T22:56:38.790093,6750.0,772.0,220833
2025-06-29T22:56:39.942923,6750.0,769.0,221602
2025-06-29T22:56:41.095437,6732.0,771.0,222373
2025-06-29T22:56:42.248169,6714.0,768.0,223141
2025-06-29T22:56:43.400888,6732.0,771.0,223912
2025-06-29T22:56:44.553500,6696.0,769.0,224681
2025-06-29T22:56:45.702268,6732.0,772.0,225453
2025-06-29T22:56:46.852024,6714.0,769.0,226222
2025-06-29T22:56:48.004779,6714.0,770.0,226992
2025-06-29T22:56:49.157346,6696.0,769.0,227761
2025-06-29T22:56:50.309958,6732.0,769.0,228530
2025-06-29T22:56:51.462799,6714.0,770.0,229300
2025-06-29T22:56:52.615321,6732.0,768.0,230068
2025-06-29T22:56:53.764095,6750.0,769.0,230837
2025-06-29T22:56:54.913686,6714.0,769.0,231606
2025-06-29T22:56:56.066493,6714.0,770.0,232376
2025-06-29T22:56:57.219060,6732.0,768.0,233144
2025-06-29T22:56:58.371861,6696.0,769.0,233913
2025-06-29T22:56:59.524457,6732.0,768.0,234681
2025-06-29T22:57:00.677201,6696.0,769.0,235450
2025-06-29T22:57:01.825814,6750.0,768.0,236218
2025-06-29T22:57:02.975560,6750.0,769.0,236987
2025-06-29T22:57:04.128163,6732.0,768.0,237755
2025-06-29T22:57:05.280927,6678.0,779.0,238534
2025-06-29T22:57:06.433561,6696.0,779.0,239313
2025-06-29T22:57:07.586349,6714.0,769.0,240082
2025-06-29T22:57:08.738893,6732.0,770.0,240852
2025-06-29T22:57:09.887643,6768.0,769.0,241621
2025-06-29T22:57:11.037486,6714.0,768.0,242389
2025-06-29T22:57:12.190145,6696.0,769.0,243158
2025-06-29T22:57:13.342842,6732.0,770.0,243928
2025-06-29T22:57:14.495422,6696.0,769.0,244697
2025-06-29T22:57:15.648031,6714.0,769.0,245466
2025-06-29T22:57:16.800987,6732.0,769.0,246235
2025-06-29T22:57:17.949490,6696.0,769.0,247004
2025-06-29T22:57:19.099553,6678.0,769.0,247773
2025-06-29T22:57:20.251827,6714.0,768.0,248541
2025-06-29T22:57:21.404700,6678.0,769.0,249310
2025-06-29T22:57:22.557141,6732.0,768.0,250078
2025-06-29T22:57:23.709948,6696.0,770.0,250848
2025-06-29T22:57:24.862545,6732.0,768.0,251616
2025-06-29T22:57:26.011282,6678.0,770.0,252386
2025-06-29T22:57:27.160955,6768.0,770.0,253156
2025-06-29T22:57:28.313664,6750.0,769.0,253925
2025-06-29T22:57:29.466449,6786.0,769.0,254694
2025-06-29T22:57:30.619024,6732.0,771.0,255465
2025-06-29T22:57:31.771840,6768.0,768.0,256233
2025-06-29T22:57:32.924361,6696.0,770.0,257003
2025-06-29T22:57:34.073152,6696.0,769.0,257772
2025-06-29T22:57:35.222952,6714.0,770.0,258542
2025-06-29T22:57:36.375478,6732.0,768.0,259310
2025-06-29T22:57:37.528120,6714.0,770.0,260080
2025-06-29T22:57:38.680832,6750.0,768.0,260848
2025-06-29T22:57:39.833535,6696.0,769.0,261617
2025-06-29T22:57:40.986152,6732.0,768.0,262385
2025-06-29T22:57:42.134958,6714.0,771.0,263156
2025-06-29T22:57:43.284625,6732.0,770.0,263926
2025-06-29T22:57:44.437305,6696.0,769.0,264695
2025-06-29T22:57:45.589910,6714.0,769.0,265464
2025-06-29T22:57:46.742678,6750.0,769.0,266233
2025-06-29T22:57:47.895359,6714.0,768.0,267001
2025-06-29T22:57:49.048214,6678.0,769.0,267770
2025-06-29T22:57:50.196796,6750.0,768.0,268538
2025-06-29T22:57:51.346311,6732.0,769.0,269307
2025-06-29T22:57:52.499131,6714.0,769.0,270076
2025-06-29T22:57:53.651818,6714.0,769.0,270845
2025-06-29T22:57:54.804548,6696.0,768.0,271613
2025-06-29T22:57:55.957211,6696.0,767.0,272380
2025-06-29T22:57:57.109831,6750.0,770.0,273150
2025-06-29T22:57:58.258543,6678.0,768.0,273918
2025-06-29T22:57:59.408187,6768.0,769.0,274687
2025-06-29T22:58:00.560794,6732.0,767.0,275454
2025-06-29T22:58:01.713681,6732.0,769.0,276223
2025-06-29T22:58:02.866314,6714.0,767.0,276990
2025-06-29T22:58:04.018898,6732.0,769.0,277759
2025-06-29T22:58:05.171754,6714.0,768.0,278527
2025-06-29T22:58:06.320510,6750.0,768.0,279295
2025-06-29T22:58:07.469984,6732.0,769.0,280064
2025-06-29T22:58:08.622750,6732.0,768.0,280832
2025-06-29T22:58:09.775348,6750.0,768.0,281600
2025-06-29T22:58:10.928041,6714.0,769.0,282369
2025-06-29T22:58:12.080793,6696.0,768.0,283137
2025-06-29T22:58:13.233479,6714.0,770.0,283907
2025-06-29T22:58:14.382106,6732.0,768.0,284675
2025-06-29T22:58:15.531866,6696.0,769.0,285444
2025-06-29T22:58:16.684480,6660.0,769.0,286213
2025-06-29T22:58:17.837323,6732.0,768.0,286981
2025-06-29T22:58:18.989839,6678.0,768.0,287749
2025-06-29T22:58:20.142573,6678.0,770.0,288519
2025-06-29T22:58:21.295365,6678.0,769.0,289288
2025-06-29T22:58:22.443962,6786.0,770.0,290058
2025-06-29T22:58:23.593647,6714.0,768.0,290826
2025-06-29T22:58:24.746289,6732.0,768.0,291594
2025-06-29T22:58:25.899009,6678.0,768.0,292362
2025-06-29T22:58:27.051683,6714.0,768.0,293130
2025-06-29T22:58:28.204468,6696.0,768.0,293898
2025-06-29T22:58:29.357016,6786.0,768.0,294666
2025-06-29T22:58:30.509224,6696.0,769.0,295435
2025-06-29T22:58:31.655542,6750.0,770.0,296205
2025-06-29T22:58:32.808074,6732.0,768.0,296973
2025-06-29T22:58:33.960821,6768.0,769.0,297742
2025-06-29T22:58:35.113602,6696.0,769.0,298511
2025-06-29T22:58:36.266215,6750.0,769.0,299280
2025-06-29T22:58:37.431395,6750.0,769.0,300049
2025-06-29T22:58:38.567577,6732.0,770.0,300819
2025-06-29T22:58:39.717339,6678.0,769.0,301588
2025-06-29T22:58:40.869956,6732.0,769.0,302357
2025-06-29T22:58:42.022691,6714.0,769.0,303126
2025-06-29T22:58:43.175322,6732.0,769.0,303895
2025-06-29T22:58:44.328051,6714.0,769.0,304664
2025-06-29T22:58:45.480685,6732.0,769.0,305433
2025-06-29T22:58:46.629468,6732.0,768.0,306201
2025-06-29T22:58:47.779086,6732.0,770.0,306971
2025-06-29T22:58:48.931797,6714.0,769.0,307740
2025-06-29T22:58:50.084417,6714.0,770.0,308510
2025-06-29T22:58:51.237173,6696.0,769.0,309279
2025-06-29T22:58:52.389888,6714.0,767.0,310046
2025-06-29T22:58:53.542438,6714.0,769.0,310815
2025-06-29T22:58:54.691083,6732.0,769.0,311584
2025-06-29T22:58:55.840735,6696.0,769.0,312353
2025-06-29T22:58:56.993616,6696.0,769.0,313122
2025-06-29T22:58:58.146215,6714.0,768.0,313890
2025-06-29T22:58:59.299051,6714.0,767.0,314657
2025-06-29T22:59:00.451549,6714.0,768.0,315425
2025-06-29T22:59:01.604389,6732.0,770.0,316195
2025-06-29T22:59:02.752977,6696.0,768.0,316963
2025-06-29T22:59:03.902687,6732.0,769.0,317732
2025-06-29T22:59:05.055353,6714.0,768.0,318500
2025-06-29T22:59:06.208041,6750.0,768.0,319268
2025-06-29T22:59:07.360822,6714.0,767.0,320035
2025-06-29T22:59:08.513665,6714.0,770.0,320805
2025-06-29T22:59:09.666011,6678.0,768.0,321573
2025-06-29T22:59:10.814828,6714.0,771.0,322344
2025-06-29T22:59:11.964548,6678.0,769.0,323113
2025-06-29T22:59:13.117813,6714.0,769.0,323882
2025-06-29T22:59:14.269864,6714.0,768.0,324650
2025-06-29T22:59:15.422790,6768.0,769.0,325419
2025-06-29T22:59:16.575191,6714.0,768.0,326187
2025-06-29T22:59:17.727870,6714.0,767.0,326954
2025-06-29T22:59:18.876508,6714.0,768.0,327722
2025-06-29T22:59:20.026261,6732.0,768.0,328490
2025-06-29T22:59:21.178933,6714.0,768.0,329258
2025-06-29T22:59:22.331744,6750.0,770.0,330028
2025-06-29T22:59:23.484297,6696.0,768.0,330796
2025-06-29T22:59:24.637189,6732.0,769.0,331565
2025-06-29T22:59:25.789644,6714.0,769.0,332334
2025-06-29T22:59:26.938676,6732.0,768.0,333102
2025-06-29T22:59:28.088094,6750.0,769.0,333871
2025-06-29T22:59:29.240999,6732.0,767.0,334638
2025-06-29T22:59:30.393396,6714.0,767.0,335405
2025-06-29T22:59:31.546260,6732.0,768.0,336173
2025-06-29T22:59:32.698824,6714.0,768.0,336941
2025-06-29T22:59:33.851509,6732.0,769.0,337710
2025-06-29T22:59:35.000249,6732.0,767.0,338477
2025-06-29T22:59:36.149848,6732.0,768.0,339245
2025-06-29T22:59:37.302581,6696.0,769.0,340014
2025-06-29T22:59:38.455511,6750.0,770.0,340784
2025-06-29T22:59:39.607965,6696.0,768.0,341552
2025-06-29T22:59:40.760672,6732.0,769.0,342321
2025-06-29T22:59:41.913297,6714.0,768.0,343089
2025-06-29T22:59:43.062089,6714.0,768.0,343857
2025-06-29T22:59:44.211767,6714.0,768.0,344625
2025-06-29T22:59:45.364349,6768.0,768.0,345393
2025-06-29T22:59:46.517059,6696.0,768.0,346161
2025-06-29T22:59:47.669897,6750.0,769.0,346930
2025-06-29T22:59:48.822489,6750.0,769.0,347699
2025-06-29T22:59:49.975065,6750.0,769.0,348468
2025-06-29T22:59:51.123828,6732.0,769.0,349237
2025-06-29T22:59:52.273403,6750.0,768.0,350005
2025-06-29T22:59:53.426145,6714.0,768.0,350773
2025-06-29T22:59:54.578781,6750.0,768.0,351541
2025-06-29T22:59:55.731523,6714.0,767.0,352308
2025-06-29T22:59:56.884285,6714.0,768.0,353076
2025-06-29T22:59:58.036898,6732.0,768.0,353844
2025-06-29T22:59:59.185612,6750.0,768.0,354612
2025-06-29T23:00:00.335259,6732.0,766.0,355378
2025-06-29T23:00:01.487999,6732.0,768.0,356146
2025-06-29T23:00:02.640618,6714.0,766.0,356912
2025-06-29T23:00:03.793318,6786.0,768.0,357680
2025-06-29T23:00:04.946007,6696.0,766.0,358446
2025-06-29T23:00:06.098890,6750.0,769.0,359215
2025-06-29T23:00:07.247530,6696.0,767.0,359982
2025-06-29T23:00:08.397087,6750.0,768.0,360750
2025-06-29T23:00:09.549886,6714.0,767.0,361517
2025-06-29T23:00:10.702485,6768.0,768.0,362285
2025-06-29T23:00:11.855274,6714.0,767.0,363052
2025-06-29T23:00:13.007764,6732.0,769.0,363821
2025-06-29T23:00:14.160498,6732.0,767.0,364588
2025-06-29T23:00:15.309164,6732.0,768.0,365356
2025-06-29T23:00:16.458916,6714.0,767.0,366123
2025-06-29T23:00:17.611558,6732.0,768.0,366891
2025-06-29T23:00:18.764302,6732.0,766.0,367657
2025-06-29T23:00:19.917071,6732.0,768.0,368425
2025-06-29T23:00:21.069664,6696.0,767.0,369192
2025-06-29T23:00:22.222397,6732.0,768.0,369960
2025-06-29T23:00:23.371445,6732.0,766.0,370726
2025-06-29T23:00:24.520732,6732.0,768.0,371494
2025-06-29T23:00:25.673484,6696.0,767.0,372261
2025-06-29T23:00:26.826050,6750.0,768.0,373029
2025-06-29T23:00:27.978788,6732.0,767.0,373796
2025-06-29T23:00:29.131573,6732.0,793.0,374589
2025-06-29T23:00:30.284159,6714.0,951.0,375540
2025-06-29T23:00:31.432878,6750.0,818.0,376358
2025-06-29T23:00:32.582456,6732.0,773.0,377131
2025-06-29T23:00:33.735108,6714.0,854.0,377985
2025-06-29T23:00:34.889020,6732.0,1178.0,379163
2025-06-29T23:00:36.041564,6696.0,1437.0,380600
2025-06-29T23:00:37.194299,6732.0,1572.0,382172
2025-06-29T23:00:38.346914,6714.0,1570.0,383742
2025-06-29T23:00:39.499720,6714.0,1500.0,385242
2025-06-29T23:00:40.653443,6732.0,1460.0,386702
2025-06-29T23:00:41.806088,6696.0,1263.0,387965
2025-06-29T23:00:42.958707,6732.0,1315.0,389280
2025-06-29T23:00:44.111414,6696.0,1217.0,390497
2025-06-29T23:00:45.264052,6768.0,1102.0,391599
2025-06-29T23:00:46.416818,6732.0,1844.0,393443
2025-06-29T23:00:47.570612,6786.0,2822.0,396265
2025-06-29T23:00:48.723084,6786.0,2260.0,398525
2025-06-29T23:00:49.875834,6750.0,2711.0,401236
2025-06-29T23:00:51.028624,6768.0,2754.0,403990
2025-06-29T23:00:52.181171,6750.0,2755.0,406745
2025-06-29T23:00:53.334002,6768.0,2847.0,409592
2025-06-29T23:00:54.487550,6786.0,2887.0,412479
2025-06-29T23:00:55.640295,6768.0,2905.0,415384
2025-06-29T23:00:56.792963,6768.0,2943.0,418327
2025-06-29T23:00:57.945645,6750.0,2915.0,421242
2025-06-29T23:00:59.098345,6786.0,2957.0,424199
2025-06-29T23:01:00.250931,6732.0,2970.0,427169
2025-06-29T23:01:01.403733,6786.0,2978.0,430147
2025-06-29T23:01:02.556392,6750.0,2961.0,433108
2025-06-29T23:01:03.716145,6768.0,3004.0,436112
2025-06-29T23:01:04.862753,6750.0,3030.0,439142
2025-06-29T23:01:06.015397,6732.0,3102.0,442244
2025-06-29T23:01:07.168071,6732.0,3229.0,445473
2025-06-29T23:01:08.320930,6786.0,3153.0,448626
2025-06-29T23:01:09.473506,6786.0,3331.0,451957
2025-06-29T23:01:10.627344,6804.0,3337.0,455294
2025-06-29T23:01:11.779856,6786.0,3262.0,458556
2025-06-29T23:01:12.932578,6804.0,3345.0,461901
2025-06-29T23:01:14.085223,6786.0,3455.0,465356
2025-06-29T23:01:15.237986,6786.0,3417.0,468773
2025-06-29T23:01:16.390543,6786.0,3462.0,472235
2025-06-29T23:01:17.543403,6804.0,3606.0,475841
2025-06-29T23:01:18.697018,6804.0,3773.0,479614
2025-06-29T23:01:19.849652,6786.0,3934.0,483548
2025-06-29T23:01:21.002329,6786.0,3997.0,487545
2025-06-29T23:01:22.155151,6786.0,4077.0,491622
2025-06-29T23:01:23.307776,6750.0,4060.0,495682
2025-06-29T23:01:24.460587,6786.0,4028.0,499710
2025-06-29T23:01:25.614180,6786.0,4066.0,503776
2025-06-29T23:01:26.766749,6804.0,4245.0,508021
2025-06-29T23:01:27.919515,6786.0,4142.0,512163
2025-06-29T23:01:29.072228,6840.0,4161.0,516324
2025-06-29T23:01:30.224859,6786.0,4129.0,520453
2025-06-29T23:01:31.377645,6786.0,4163.0,524616
2025-06-29T23:01:32.530285,6786.0,4271.0,528887
2025-06-29T23:01:33.683885,6786.0,4223.0,533110
2025-06-29T23:01:34.836648,6786.0,4351.0,537461
2025-06-29T23:01:35.989306,6822.0,4498.0,541959
2025-06-29T23:01:37.142059,6840.0,4644.0,546603
2025-06-29T23:01:38.294865,6786.0,4582.0,551185
2025-06-29T23:01:39.447362,6804.0,4614.0,555799
2025-06-29T23:01:40.601051,6804.0,4689.0,560488
2025-06-29T23:01:41.753923,6840.0,4815.0,565303
2025-06-29T23:01:42.906351,6822.0,4998.0,570301
2025-06-29T23:01:44.059241,6786.0,5110.0,575411
2025-06-29T23:01:45.211864,6840.0,5250.0,580661
2025-06-29T23:01:46.364551,6822.0,5148.0,585809
2025-06-29T23:01:47.517119,6840.0,5072.0,590881
2025-06-29T23:01:48.670802,6786.0,5017.0,595898
2025-06-29T23:01:49.823492,6786.0,5195.0,601093
2025-06-29T23:01:50.976122,6786.0,5482.0,606575
2025-06-29T23:01:52.128891,6840.0,5426.0,612001
2025-06-29T23:01:53.281639,6786.0,5412.0,617413
2025-06-29T23:01:54.434223,6786.0,5330.0,622743
2025-06-29T23:01:55.587154,6786.0,5241.0,627984
2025-06-29T23:01:56.740599,6804.0,4862.0,632846
2025-06-29T23:01:57.893253,6786.0,4981.0,637827
2025-06-29T23:01:59.046019,6822.0,5207.0,643034
2025-06-29T23:02:00.198613,6786.0,5220.0,648254
2025-06-29T23:02:01.351439,6822.0,5270.0,653524
2025-06-29T23:02:02.504279,6786.0,5291.0,658815
2025-06-29T23:02:03.657841,6822.0,5115.0,663930
2025-06-29T23:02:04.810447,6750.0,5406.0,669336
2025-06-29T23:02:05.963147,6822.0,5567.0,674903
2025-06-29T23:02:07.115798,6786.0,5573.0,680476
2025-06-29T23:02:08.268485,6840.0,5784.0,686260
2025-06-29T23:02:09.421214,6786.0,5740.0,692000
2025-06-29T23:02:10.573814,6804.0,5750.0,697750
2025-06-29T23:02:11.727751,6804.0,6233.0,703983
2025-06-29T23:02:12.880255,6858.0,6493.0,710476
2025-06-29T23:02:14.032930,6858.0,6625.0,717101
2025-06-29T23:02:15.185612,6786.0,6665.0,723766
2025-06-29T23:02:16.338276,6804.0,6853.0,730619
2025-06-29T23:02:17.491034,6804.0,6950.0,737569
2025-06-29T23:02:18.644674,6786.0,6893.0,744462
2025-06-29T23:02:19.797366,6804.0,6686.0,751148
2025-06-29T23:02:20.950067,6822.0,6670.0,757818
2025-06-29T23:02:22.102741,6858.0,7003.0,764821
2025-06-29T23:02:23.255542,6804.0,6987.0,771808
2025-06-29T23:02:24.408230,6840.0,7031.0,778839
2025-06-29T23:02:25.560790,6822.0,6839.0,785678
2025-06-29T23:02:26.714457,6894.0,7033.0,792711
2025-06-29T23:02:27.867198,6804.0,7316.0,800027
2025-06-29T23:02:29.019868,6840.0,7585.0,807612
2025-06-29T23:02:30.172507,6822.0,8070.0,815682
2025-06-29T23:02:31.325252,6822.0,8204.0,823886
2025-06-29T23:02:32.477928,6858.0,8504.0,832390
2025-06-29T23:02:33.630606,6894.0,8829.0,841219
2025-06-29T23:02:34.784289,6840.0,8008.0,849227
2025-06-29T23:02:35.937146,6876.0,8170.0,857397
2025-06-29T23:02:37.089637,6840.0,7973.0,865370
2025-06-29T23:02:38.242441,6858.0,8741.0,874111
2025-06-29T23:02:39.395079,6858.0,8757.0,882868
2025-06-29T23:02:40.547682,6876.0,9108.0,891976
2025-06-29T23:02:41.701315,6858.0,9401.0,901377
2025-06-29T23:02:42.854116,6858.0,9547.0,910924
2025-06-29T23:02:44.006756,6858.0,9778.0,920702
2025-06-29T23:02:45.159454,6858.0,9973.0,930675
2025-06-29T23:02:46.313330,6858.0,10512.0,941187
2025-06-29T23:02:47.465815,6912.0,10789.0,951976
2025-06-29T23:02:48.618538,6858.0,10625.0,962601
2025-06-29T23:02:49.772651,6912.0,11150.0,973751
2025-06-29T23:02:50.924905,6894.0,11170.0,984921
2025-06-29T23:02:52.077623,6894.0,11591.0,996512
2025-06-29T23:02:53.231295,6876.0,11356.0,1007868
2025-06-29T23:02:54.382982,6876.0,6738.0,1014606
2025-06-29T23:02:55.535741,6750.0,2257.0,1016863
2025-06-29T23:02:56.689482,6768.0,1133.0,1017996
2025-06-29T23:02:57.842031,6768.0,1079.0,1019075
2025-06-29T23:02:58.993698,6750.0,929.0,1020004
2025-06-29T23:03:00.146320,6732.0,895.0,1020899
2025-06-29T23:03:01.299096,6768.0,856.0,1021755
2025-06-29T23:03:02.451783,6786.0,845.0,1022600
2025-06-29T23:03:03.604536,6768.0,831.0,1023431
2025-06-29T23:03:04.758076,6732.0,827.0,1024258
2025-06-29T23:03:05.910912,6750.0,852.0,1025110
2025-06-29T23:03:07.063494,6714.0,809.0,1025919
2025-06-29T23:03:08.216307,6750.0,800.0,1026719
2025-06-29T23:03:09.368848,6714.0,813.0,1027532
2025-06-29T23:03:10.521665,6750.0,814.0,1028346
2025-06-29T23:03:11.675348,6732.0,810.0,1029156
2025-06-29T23:03:12.827880,6786.0,802.0,1029958
2025-06-29T23:03:13.980691,6732.0,791.0,1030749
2025-06-29T23:03:15.133534,6786.0,792.0,1031541
2025-06-29T23:03:16.286008,6714.0,789.0,1032330
2025-06-29T23:03:17.438717,6768.0,788.0,1033118
2025-06-29T23:03:18.591322,6732.0,788.0,1033906
2025-06-29T23:03:19.745042,6714.0,785.0,1034691
2025-06-29T23:03:20.897770,6696.0,784.0,1035475
2025-06-29T23:03:22.050427,6768.0,783.0,1036258
2025-06-29T23:03:23.203217,6750.0,778.0,1037036
2025-06-29T23:03:24.355812,6786.0,781.0,1037817
2025-06-29T23:03:25.508619,6732.0,780.0,1038597
2025-06-29T23:03:26.661202,6786.0,780.0,1039377
2025-06-29T23:03:27.814906,6696.0,779.0,1040156
2025-06-29T23:03:28.967849,6750.0,778.0,1040934
2025-06-29T23:03:30.120329,6714.0,778.0,1041712
2025-06-29T23:03:31.272828,6750.0,778.0,1042490
2025-06-29T23:03:32.425613,6714.0,779.0,1043269
2025-06-29T23:03:33.578307,6714.0,777.0,1044046
2025-06-29T23:03:34.732021,6732.0,776.0,1044822
2025-06-29T23:03:35.884586,6768.0,776.0,1045598
2025-06-29T23:03:37.037617,6750.0,782.0,1046380
2025-06-29T23:03:38.189991,6786.0,781.0,1047161
2025-06-29T23:03:39.342926,6714.0,782.0,1047943
2025-06-29T23:03:40.495382,6696.0,781.0,1048724
2025-06-29T23:03:41.648113,6768.0,779.0,1049503
2025-06-29T23:03:42.801780,6732.0,778.0,1050281
2025-06-29T23:03:43.954567,6714.0,777.0,1051058
2025-06-29T23:03:45.107094,6750.0,776.0,1051834
2025-06-29T23:03:46.259883,6750.0,777.0,1052611
2025-06-29T23:03:47.412508,6732.0,777.0,1053388
2025-06-29T23:03:48.565450,6714.0,775.0,1054163
2025-06-29T23:03:49.718927,6732.0,775.0,1054938
2025-06-29T23:03:50.871611,6714.0,773.0,1055711
2025-06-29T23:03:52.024225,6750.0,774.0,1056485
2025-06-29T23:03:53.176928,6696.0,776.0,1057261
2025-06-29T23:03:54.329662,6786.0,774.0,1058035
2025-06-29T23:03:55.482403,6768.0,774.0,1058809
2025-06-29T23:03:56.635015,6768.0,774.0,1059583
2025-06-29T23:03:57.788715,6768.0,773.0,1060356
2025-06-29T23:03:58.941401,6750.0,774.0,1061130
2025-06-29T23:04:00.094105,6696.0,773.0,1061903
2025-06-29T23:04:01.246783,6750.0,773.0,1062676
2025-06-29T23:04:02.399442,6732.0,771.0,1063447
2025-06-29T23:04:03.552177,6732.0,772.0,1064219
2025-06-29T23:04:04.705779,6750.0,771.0,1064990
2025-06-29T23:04:05.858569,6768.0,772.0,1065762
2025-06-29T23:04:07.011187,6714.0,770.0,1066532
2025-06-29T23:04:08.163998,6732.0,771.0,1067303
2025-06-29T23:04:09.316500,6714.0,772.0,1068075
2025-06-29T23:04:10.469543,6732.0,773.0,1068848
2025-06-29T23:04:11.621973,6714.0,771.0,1069619
2025-06-29T23:04:12.775627,6714.0,772.0,1070391
2025-06-29T23:04:13.928293,6696.0,772.0,1071163
2025-06-29T23:04:15.080961,6696.0,771.0,1071934
2025-06-29T23:04:16.233679,6696.0,771.0,1072705
2025-06-29T23:04:17.386589,6750.0,770.0,1073475
2025-06-29T23:04:18.539078,6714.0,770.0,1074245
2025-06-29T23:04:19.691867,6750.0,772.0,1075017
2025-06-29T23:04:20.845455,6696.0,769.0,1075786
2025-06-29T23:04:21.998055,6750.0,771.0,1076557
2025-06-29T23:04:23.150878,6750.0,770.0,1077327
2025-06-29T23:04:24.303514,6750.0,771.0,1078098
2025-06-29T23:04:25.456188,6714.0,773.0,1078871
2025-06-29T23:04:26.608923,6732.0,827.0,1079698
2025-06-29T23:04:27.762622,6732.0,799.0,1080497
2025-06-29T23:04:28.915201,6768.0,785.0,1081282
2025-06-29T23:04:30.067935,6750.0,773.0,1082055
2025-06-29T23:04:31.220636,6732.0,771.0,1082826
2025-06-29T23:04:32.373351,6714.0,770.0,1083596
2025-06-29T23:04:33.526225,6750.0,771.0,1084367
2025-06-29T23:04:34.678691,6732.0,770.0,1085137
2025-06-29T23:04:35.832355,6732.0,769.0,1085906
2025-06-29T23:04:36.985052,6714.0,768.0,1086674
2025-06-29T23:04:38.137836,6786.0,770.0,1087444
2025-06-29T23:04:39.290512,6768.0,770.0,1088214
2025-06-29T23:04:40.443083,6750.0,769.0,1088983
2025-06-29T23:04:41.595812,6696.0,771.0,1089754
2025-06-29T23:04:42.749486,6750.0,768.0,1090522
2025-06-29T23:04:43.902059,6714.0,770.0,1091292
2025-06-29T23:04:45.054796,6732.0,769.0,1092061
2025-06-29T23:04:46.207559,6714.0,767.0,1092828
2025-06-29T23:04:47.360187,6750.0,768.0,1093596
2025-06-29T23:04:48.513013,6732.0,766.0,1094362
2025-06-29T23:04:49.665623,6768.0,768.0,1095130
2025-06-29T23:04:50.819415,6750.0,767.0,1095897
2025-06-29T23:04:51.971935,6786.0,769.0,1096666
2025-06-29T23:04:53.124744,6732.0,767.0,1097433
2025-06-29T23:04:54.277394,6768.0,768.0,1098201
2025-06-29T23:04:55.430008,6732.0,768.0,1098969
2025-06-29T23:04:56.582750,6786.0,769.0,1099738
2025-06-29T23:04:57.736557,6714.0,768.0,1100506
2025-06-29T23:04:58.889109,6750.0,768.0,1101274
2025-06-29T23:05:00.041891,6714.0,769.0,1102043
2025-06-29T23:05:01.194501,6786.0,768.0,1102811
2025-06-29T23:05:02.347135,6750.0,766.0,1103577
2025-06-29T23:05:03.499901,6750.0,768.0,1104345
2025-06-29T23:05:04.652514,6768.0,765.0,1105110
2025-06-29T23:05:05.806156,6732.0,768.0,1105878
2025-06-29T23:05:06.958913,6714.0,766.0,1106644
2025-06-29T23:05:08.111616,6750.0,768.0,1107412
2025-06-29T23:05:09.264329,6768.0,766.0,1108178
2025-06-29T23:05:10.417053,6750.0,767.0,1108945
2025-06-29T23:05:11.570120,6750.0,767.0,1109712
2025-06-29T23:05:12.722446,6750.0,767.0,1110479
2025-06-29T23:05:13.876062,6732.0,767.0,1111246
2025-06-29T23:05:15.028660,6732.0,767.0,1112013
2025-06-29T23:05:16.181418,6714.0,765.0,1112778
2025-06-29T23:05:17.334012,6750.0,775.0,1113553
2025-06-29T23:05:18.486852,6732.0,811.0,1114364
2025-06-29T23:05:19.640519,6786.0,2897.0,1117261
2025-06-29T23:05:20.794451,6714.0,2605.0,1119866
2025-06-29T23:05:21.946856,6750.0,2665.0,1122531
2025-06-29T23:05:23.099573,6750.0,2632.0,1125163
2025-06-29T23:05:24.252325,6750.0,2637.0,1127800
2025-06-29T23:05:25.404928,6750.0,2506.0,1130306
2025-06-29T23:05:26.557539,6804.0,2636.0,1132942
2025-06-29T23:05:27.710268,6750.0,2649.0,1135591
2025-06-29T23:05:28.863993,6786.0,3385.0,1138976
2025-06-29T23:05:30.016676,6750.0,3558.0,1142534
2025-06-29T23:05:31.169461,6786.0,3767.0,1146301
2025-06-29T23:05:32.322047,6804.0,3800.0,1150101
2025-06-29T23:05:33.474784,6786.0,3654.0,1153755
2025-06-29T23:05:34.627594,6786.0,2829.0,1156584
2025-06-29T23:05:35.781204,6786.0,3359.0,1159943
2025-06-29T23:05:36.933650,6786.0,3670.0,1163613
2025-06-29T23:05:38.086692,6822.0,3076.0,1166689
2025-06-29T23:05:39.239220,6732.0,3140.0,1169829
2025-06-29T23:05:40.391866,6822.0,3239.0,1173068
2025-06-29T23:05:41.544829,6750.0,3100.0,1176168
2025-06-29T23:05:42.697174,6822.0,3242.0,1179410
2025-06-29T23:05:43.850825,6786.0,3419.0,1182829
2025-06-29T23:05:45.003638,6786.0,3464.0,1186293
2025-06-29T23:05:46.156232,6732.0,3349.0,1189642
2025-06-29T23:05:47.308948,6786.0,3613.0,1193255
2025-06-29T23:05:48.461705,6786.0,3396.0,1196651
2025-06-29T23:05:49.614370,6786.0,3623.0,1200274
2025-06-29T23:05:50.767063,6786.0,3829.0,1204103
2025-06-29T23:05:51.920769,6840.0,3588.0,1207691
2025-06-29T23:05:53.073325,6822.0,3656.0,1211347
2025-06-29T23:05:54.226096,6804.0,3740.0,1215087
2025-06-29T23:05:55.378704,6768.0,3750.0,1218837
2025-06-29T23:05:56.531516,6804.0,3746.0,1222583
2025-06-29T23:05:57.684047,6768.0,3736.0,1226319
2025-06-29T23:05:58.838016,6822.0,3663.0,1229982
2025-06-29T23:05:59.990704,6804.0,3637.0,1233619
2025-06-29T23:06:01.143264,6804.0,3846.0,1237465
2025-06-29T23:06:02.295869,6786.0,3768.0,1241233
2025-06-29T23:06:03.448665,6750.0,3636.0,1244869
2025-06-29T23:06:04.601282,6768.0,3786.0,1248655
2025-06-29T23:06:05.753963,6840.0,3642.0,1252297
2025-06-29T23:06:06.907621,6804.0,3546.0,1255843
2025-06-29T23:06:08.060311,6822.0,3658.0,1259501
2025-06-29T23:06:09.212966,6804.0,3769.0,1263270
2025-06-29T23:06:10.365675,6804.0,3691.0,1266961
2025-06-29T23:06:11.518384,6786.0,3709.0,1270670
2025-06-29T23:06:12.671116,6786.0,3605.0,1274275
2025-06-29T23:06:13.824805,6786.0,3686.0,1277961
2025-06-29T23:06:14.977450,6822.0,3809.0,1281770
2025-06-29T23:06:16.130163,6804.0,3546.0,1285316
2025-06-29T23:06:17.282738,6786.0,3732.0,1289048
2025-06-29T23:06:18.435639,6786.0,3733.0,1292781
2025-06-29T23:06:19.588190,6804.0,3717.0,1296498
2025-06-29T23:06:20.742071,6804.0,3688.0,1300186
2025-06-29T23:06:21.898389,6822.0,3760.0,1303946
2025-06-29T23:06:23.053488,6786.0,3710.0,1307656
2025-06-29T23:06:24.208404,6822.0,3704.0,1311360
2025-06-29T23:06:25.363211,6768.0,3752.0,1315112
2025-06-29T23:06:26.517647,6804.0,3717.0,1318829
2025-06-29T23:06:27.672253,6786.0,3867.0,1322696
2025-06-29T23:06:28.827487,6822.0,3979.0,1326675
2025-06-29T23:06:29.981767,6768.0,4031.0,1330706
2025-06-29T23:06:31.135847,6768.0,3783.0,1334489
2025-06-29T23:06:32.290004,6786.0,3584.0,1338073
2025-06-29T23:06:33.443932,6804.0,3613.0,1341686
2025-06-29T23:06:34.597685,6786.0,3822.0,1345508
2025-06-29T23:06:35.751350,6804.0,3770.0,1349278
2025-06-29T23:06:36.905971,6786.0,3945.0,1353223
2025-06-29T23:06:38.059630,6768.0,3738.0,1356961
2025-06-29T23:06:39.213125,6768.0,3642.0,1360603
2025-06-29T23:06:40.366575,6822.0,3742.0,1364345
2025-06-29T23:06:41.520182,6786.0,3723.0,1368068
2025-06-29T23:06:42.673484,6804.0,3631.0,1371699
2025-06-29T23:06:43.826740,6786.0,3727.0,1375426
2025-06-29T23:06:44.981102,6822.0,3943.0,1379369
2025-06-29T23:06:46.134394,6822.0,5348.0,1384717
2025-06-29T23:06:47.287460,6840.0,5121.0,1389838
2025-06-29T23:06:48.440645,6822.0,4897.0,1394735
2025-06-29T23:06:49.593711,6822.0,4685.0,1399420
2025-06-29T23:06:50.746856,6804.0,4664.0,1404084
2025-06-29T23:06:51.901037,6822.0,4595.0,1408679
2025-06-29T23:06:53.053830,6804.0,4569.0,1413248
2025-06-29T23:06:54.206965,6822.0,4498.0,1417746
2025-06-29T23:06:55.359825,6804.0,4584.0,1422330
2025-06-29T23:06:56.512852,6822.0,4530.0,1426860
2025-06-29T23:06:57.665781,6804.0,4368.0,1431228
2025-06-29T23:06:58.818895,6786.0,4306.0,1435534
2025-06-29T23:06:59.972685,6786.0,4348.0,1439882
2025-06-29T23:07:01.125659,6840.0,4216.0,1444098
2025-06-29T23:07:02.278436,6786.0,4153.0,1448251
2025-06-29T23:07:03.431396,6858.0,4050.0,1452301
2025-06-29T23:07:04.584117,6804.0,4212.0,1456513
2025-06-29T23:07:05.737196,6786.0,4057.0,1460570
2025-06-29T23:07:06.890802,6822.0,4094.0,1464664
2025-06-29T23:07:08.043611,6786.0,3896.0,1468560
2025-06-29T23:07:09.196567,6804.0,4093.0,1472653
2025-06-29T23:07:10.349256,6840.0,4200.0,1476853
2025-06-29T23:07:11.502173,6786.0,4146.0,1480999
2025-06-29T23:07:12.655108,6840.0,4211.0,1485210
2025-06-29T23:07:13.807851,6822.0,4261.0,1489471
2025-06-29T23:07:14.961415,6804.0,4363.0,1493834
2025-06-29T23:07:16.114214,6804.0,4073.0,1497907
2025-06-29T23:07:17.266908,6822.0,4270.0,1502177
2025-06-29T23:07:18.419737,6786.0,4205.0,1506382
2025-06-29T23:07:19.572571,6822.0,3898.0,1510280
2025-06-29T23:07:20.725180,6804.0,3893.0,1514173
2025-06-29T23:07:21.878009,6804.0,4028.0,1518201
2025-06-29T23:07:23.031753,6804.0,4291.0,1522492
2025-06-29T23:07:24.184415,6822.0,4154.0,1526646
2025-06-29T23:07:25.337209,6786.0,4079.0,1530725
2025-06-29T23:07:26.489942,6786.0,4056.0,1534781
2025-06-29T23:07:27.642676,6786.0,4258.0,1539039
2025-06-29T23:07:28.795325,6804.0,4223.0,1543262
2025-06-29T23:07:29.949072,6786.0,4190.0,1547452
2025-06-29T23:07:31.101840,6804.0,4052.0,1551504
2025-06-29T23:07:32.254603,6804.0,4078.0,1555582
2025-06-29T23:07:33.407323,6822.0,4194.0,1559776
2025-06-29T23:07:34.559970,6822.0,4133.0,1563909
2025-06-29T23:07:35.712751,6804.0,4143.0,1568052
2025-06-29T23:07:36.865403,6786.0,3846.0,1571898
2025-06-29T23:07:38.019118,6840.0,3848.0,1575746
2025-06-29T23:07:39.171785,6840.0,3946.0,1579692
2025-06-29T23:07:40.324507,6822.0,4118.0,1583810
2025-06-29T23:07:41.477291,6786.0,3979.0,1587789
2025-06-29T23:07:42.629929,6804.0,3952.0,1591741
2025-06-29T23:07:43.782673,6768.0,3886.0,1595627
2025-06-29T23:07:44.936456,6840.0,3739.0,1599366
2025-06-29T23:07:46.089040,6804.0,4098.0,1603464
2025-06-29T23:07:47.241780,6822.0,4162.0,1607626
2025-06-29T23:07:48.394500,6804.0,4199.0,1611825
2025-06-29T23:07:49.547109,6822.0,3981.0,1615806
2025-06-29T23:07:50.699884,6840.0,3876.0,1619682
2025-06-29T23:07:51.852517,6840.0,4156.0,1623838
2025-06-29T23:07:53.006338,6804.0,4047.0,1627885
2025-06-29T23:07:54.159021,6840.0,4142.0,1632027
2025-06-29T23:07:55.311630,6804.0,4346.0,1636373
2025-06-29T23:07:56.464377,6804.0,4395.0,1640768
2025-06-29T23:07:57.622595,6804.0,4298.0,1645066
2025-06-29T23:07:58.769755,6840.0,4506.0,1649572
2025-06-29T23:07:59.923440,6804.0,4419.0,1653991
2025-06-29T23:08:01.076103,6858.0,4623.0,1658614
2025-06-29T23:08:02.228830,6822.0,5238.0,1663852
2025-06-29T23:08:03.381715,6822.0,5194.0,1669046
2025-06-29T23:08:04.534189,6822.0,5092.0,1674138
2025-06-29T23:08:05.687016,6858.0,5275.0,1679413
2025-06-29T23:08:06.839641,6840.0,5159.0,1684572
2025-06-29T23:08:07.993340,6840.0,5277.0,1689849
2025-06-29T23:08:09.145991,6804.0,5266.0,1695115
2025-06-29T23:08:10.298672,6858.0,5345.0,1700460
2025-06-29T23:08:11.451432,6840.0,5548.0,1706008
2025-06-29T23:08:12.603992,6822.0,5274.0,1711282
2025-06-29T23:08:13.756966,6858.0,5567.0,1716849
2025-06-29T23:08:14.909559,6840.0,5475.0,1722324
2025-06-29T23:08:16.063188,6840.0,5542.0,1727866
2025-06-29T23:08:17.215847,6858.0,5265.0,1733131
2025-06-29T23:08:18.368657,6840.0,5421.0,1738552
2025-06-29T23:08:19.521195,6858.0,5377.0,1743929
2025-06-29T23:08:20.674041,6804.0,5293.0,1749222
2025-06-29T23:08:21.826681,6840.0,5529.0,1754751
2025-06-29T23:08:22.980454,6840.0,5685.0,1760436
2025-06-29T23:08:24.133023,6840.0,5417.0,1765853
2025-06-29T23:08:25.285814,6804.0,5330.0,1771183
2025-06-29T23:08:26.438337,6858.0,5314.0,1776497
2025-06-29T23:08:27.591159,6840.0,5622.0,1782119
2025-06-29T23:08:28.743898,6840.0,5639.0,1787758
2025-06-29T23:08:29.896541,6804.0,5849.0,1793607
2025-06-29T23:08:31.050311,6876.0,5545.0,1799152
2025-06-29T23:08:32.202796,6840.0,5545.0,1804697
2025-06-29T23:08:33.355595,6876.0,5463.0,1810160
2025-06-29T23:08:34.508230,6786.0,5501.0,1815661
2025-06-29T23:08:35.660996,6840.0,5334.0,1820995
2025-06-29T23:08:36.813667,6822.0,5325.0,1826320
2025-06-29T23:08:37.967337,6876.0,4869.0,1831189
2025-06-29T23:08:39.119943,6822.0,4884.0,1836073
2025-06-29T23:08:40.272778,6822.0,4889.0,1840962
2025-06-29T23:08:41.425485,6858.0,4997.0,1845959
2025-06-29T23:08:42.578094,6858.0,4578.0,1850537
2025-06-29T23:08:43.730820,6858.0,4853.0,1855390
2025-06-29T23:08:44.883481,6840.0,4566.0,1859956
2025-06-29T23:08:46.037094,6876.0,4655.0,1864611
2025-06-29T23:08:47.196562,6858.0,4572.0,1869183
2025-06-29T23:08:48.342553,6786.0,4674.0,1873857
2025-06-29T23:08:49.495294,6894.0,4706.0,1878563
2025-06-29T23:08:50.647974,6840.0,4629.0,1883192
2025-06-29T23:08:51.800737,6840.0,4953.0,1888145
2025-06-29T23:08:52.954324,6840.0,5036.0,1893181
2025-06-29T23:08:54.107226,6876.0,4915.0,1898096
2025-06-29T23:08:55.259642,6822.0,4621.0,1902717
2025-06-29T23:08:56.412490,6822.0,4496.0,1907213
2025-06-29T23:08:57.565095,6840.0,4264.0,1911477
2025-06-29T23:08:58.717829,6840.0,4293.0,1915770
2025-06-29T23:08:59.870406,6804.0,4475.0,1920245
2025-06-29T23:09:01.024301,6840.0,3898.0,1924143
2025-06-29T23:09:02.176820,6894.0,6943.0,1931086
2025-06-29T23:09:03.329545,6930.0,6526.0,1937612
2025-06-29T23:09:04.482229,6804.0,5443.0,1943055
2025-06-29T23:09:05.634948,6858.0,5432.0,1948487
2025-06-29T23:09:06.787605,6840.0,5165.0,1953652
2025-06-29T23:09:07.940581,6858.0,4814.0,1958466
2025-06-29T23:09:09.093987,6858.0,4348.0,1962814
2025-06-29T23:09:10.246657,6804.0,4205.0,1967019
2025-06-29T23:09:11.399414,6804.0,4358.0,1971377
2025-06-29T23:09:12.552030,6858.0,4068.0,1975445
2025-06-29T23:09:13.704956,6804.0,4007.0,1979452
2025-06-29T23:09:14.857686,6786.0,3975.0,1983427
2025-06-29T23:09:16.011174,6804.0,4002.0,1987429
2025-06-29T23:09:17.163907,6840.0,4156.0,1991585
2025-06-29T23:09:18.316600,6804.0,3835.0,1995420
2025-06-29T23:09:19.469172,6858.0,4048.0,1999468
2025-06-29T23:09:20.621986,6804.0,3814.0,2003282
2025-06-29T23:09:21.774650,6822.0,3766.0,2007048
2025-06-29T23:09:22.927345,6840.0,3812.0,2010860
2025-06-29T23:09:24.081080,6840.0,3607.0,2014467
2025-06-29T23:09:25.233826,6786.0,3549.0,2018016
2025-06-29T23:09:26.386363,6822.0,3632.0,2021648
2025-06-29T23:09:27.539245,6858.0,5355.0,2027003
2025-06-29T23:09:28.691678,6894.0,9547.0,2036550
2025-06-29T23:09:29.844435,6876.0,8752.0,2045302
2025-06-29T23:09:30.998167,6894.0,9001.0,2054303
2025-06-29T23:09:32.150790,6894.0,8900.0,2063203
2025-06-29T23:09:33.303663,6912.0,8668.0,2071871
2025-06-29T23:09:34.456184,6876.0,8106.0,2079977
2025-06-29T23:09:35.608847,6858.0,7754.0,2087731
2025-06-29T23:09:36.761673,6840.0,7532.0,2095263
2025-06-29T23:09:37.914265,6912.0,7263.0,2102526
2025-06-29T23:09:39.067975,6858.0,6593.0,2109119
2025-06-29T23:09:40.220642,6840.0,5838.0,2114957
2025-06-29T23:09:41.373516,6840.0,5494.0,2120451
2025-06-29T23:09:42.526030,6822.0,5393.0,2125844
2025-06-29T23:09:43.678734,6858.0,5094.0,2130938
2025-06-29T23:09:44.831497,6840.0,4950.0,2135888
2025-06-29T23:09:45.984094,6822.0,4976.0,2140864
2025-06-29T23:09:47.137941,6858.0,4639.0,2145503
2025-06-29T23:09:48.290460,6804.0,4263.0,2149766
2025-06-29T23:09:49.443199,6858.0,4258.0,2154024
2025-06-29T23:09:50.595851,6786.0,4114.0,2158138
2025-06-29T23:09:51.748686,6876.0,4204.0,2162342
2025-06-29T23:09:52.901272,6822.0,4059.0,2166401
2025-06-29T23:09:54.054946,6840.0,4086.0,2170487
2025-06-29T23:09:55.207694,6822.0,4088.0,2174575
2025-06-29T23:09:56.360432,6876.0,3846.0,2178421
2025-06-29T23:09:57.513068,6786.0,3627.0,2182048
2025-06-29T23:09:58.665786,6858.0,3703.0,2185751
2025-06-29T23:09:59.818458,6786.0,3752.0,2189503
2025-06-29T23:10:00.971144,6804.0,3602.0,2193105
2025-06-29T23:10:02.124819,6822.0,3760.0,2196865
2025-06-29T23:10:03.277551,6876.0,3710.0,2200575
2025-06-29T23:10:04.430180,6804.0,3513.0,2204088
2025-06-29T23:10:05.582865,6858.0,3524.0,2207612
2025-06-29T23:10:06.735661,6786.0,3391.0,2211003
2025-06-29T23:10:07.888367,6822.0,3601.0,2214604
2025-06-29T23:10:09.041995,6822.0,3403.0,2218007
2025-06-29T23:10:10.194667,6858.0,3656.0,2221663
2025-06-29T23:10:11.347359,6822.0,3427.0,2225090
2025-06-29T23:10:12.500015,6786.0,3245.0,2228335
2025-06-29T23:10:13.652689,6822.0,3279.0,2231614
2025-06-29T23:10:14.805476,6840.0,3341.0,2234955
2025-06-29T23:10:15.958236,6804.0,3238.0,2238193
2025-06-29T23:10:17.111814,6858.0,3175.0,2241368
2025-06-29T23:10:18.264551,6822.0,2787.0,2244155
2025-06-29T23:10:19.417338,6840.0,2728.0,2246883
2025-06-29T23:10:20.569903,6786.0,3194.0,2250077
2025-06-29T23:10:21.722598,6840.0,3901.0,2253978
2025-06-29T23:10:22.875275,6804.0,3387.0,2257365
2025-06-29T23:10:24.028970,6858.0,3280.0,2260645
2025-06-29T23:10:25.181575,6786.0,3218.0,2263863
2025-06-29T23:10:26.334393,6858.0,2978.0,2266841
2025-06-29T23:10:27.487091,6786.0,2873.0,2269714
2025-06-29T23:10:28.639856,6804.0,2823.0,2272537
2025-06-29T23:10:29.792470,6804.0,2665.0,2275202
2025-06-29T23:10:30.945108,6804.0,2569.0,2277771
2025-06-29T23:10:32.098779,6786.0,2549.0,2280320
2025-06-29T23:10:33.251535,6822.0,2387.0,2282707
2025-06-29T23:10:34.404072,6786.0,2382.0,2285089
2025-06-29T23:10:35.556948,6804.0,2332.0,2287421
2025-06-29T23:10:36.709525,6804.0,2163.0,2289584
2025-06-29T23:10:37.862296,6804.0,2458.0,2292042
2025-06-29T23:10:39.015058,6786.0,2331.0,2294373
2025-06-29T23:10:40.168682,6786.0,2127.0,2296500
2025-06-29T23:10:41.321323,6786.0,2147.0,2298647
2025-06-29T23:10:42.474684,6804.0,2071.0,2300718
2025-06-29T23:10:43.626747,6786.0,2160.0,2302878
2025-06-29T23:10:44.779395,6822.0,2135.0,2305013
2025-06-29T23:10:45.932092,6786.0,2148.0,2307161
2025-06-29T23:10:47.085874,6786.0,2130.0,2309291
2025-06-29T23:10:48.238468,6786.0,2063.0,2311354
2025-06-29T23:10:49.391175,6804.0,2043.0,2313397
2025-06-29T23:10:50.543802,6786.0,2007.0,2315404
2025-06-29T23:10:51.696683,6786.0,1889.0,2317293
2025-06-29T23:10:52.849277,6804.0,1779.0,2319072
2025-06-29T23:10:54.001939,6804.0,1686.0,2320758
2025-06-29T23:10:55.155755,6786.0,1748.0,2322506
2025-06-29T23:10:56.308286,6786.0,1757.0,2324263
2025-06-29T23:10:57.461028,6786.0,1823.0,2326086
2025-06-29T23:10:58.613757,6786.0,1835.0,2327921
2025-06-29T23:10:59.766419,6786.0,1884.0,2329805
2025-06-29T23:11:00.919103,6804.0,2067.0,2331872
2025-06-29T23:11:02.072876,6786.0,2040.0,2333912
2025-06-29T23:11:03.225418,6804.0,2211.0,2336123
2025-06-29T23:11:04.378426,6804.0,2350.0,2338473
2025-06-29T23:11:05.530839,6804.0,2428.0,2340901
2025-06-29T23:11:06.683591,6822.0,2301.0,2343202
2025-06-29T23:11:07.836267,6804.0,2280.0,2345482
2025-06-29T23:11:08.988935,6768.0,2096.0,2347578
2025-06-29T23:11:10.142642,6804.0,2011.0,2349589
2025-06-29T23:11:11.295308,6786.0,2089.0,2351678
2025-06-29T23:11:12.448055,6822.0,2081.0,2353759
2025-06-29T23:11:13.600831,6786.0,2050.0,2355809
2025-06-29T23:11:14.753380,6804.0,1937.0,2357746
2025-06-29T23:11:15.906132,6804.0,2021.0,2359767
2025-06-29T23:11:17.059874,6804.0,2047.0,2361814
2025-06-29T23:11:18.212579,6768.0,2011.0,2363825
2025-06-29T23:11:19.365090,6786.0,1978.0,2365803
2025-06-29T23:11:20.517885,6786.0,1982.0,2367785
2025-06-29T23:11:21.670603,6786.0,2035.0,2369820
2025-06-29T23:11:22.823360,6786.0,1967.0,2371787
2025-06-29T23:11:23.975856,6822.0,1998.0,2373785
2025-06-29T23:11:25.129779,6840.0,1855.0,2375640
2025-06-29T23:11:26.282320,6804.0,1747.0,2377387
2025-06-29T23:11:27.434959,6822.0,1889.0,2379276
2025-06-29T23:11:28.587692,6804.0,1920.0,2381196
2025-06-29T23:11:29.740747,6804.0,1853.0,2383049
2025-06-29T23:11:30.893186,6786.0,1824.0,2384873
2025-06-29T23:11:32.045796,6750.0,1715.0,2386588
2025-06-29T23:11:33.199566,6804.0,1896.0,2388484
2025-06-29T23:11:34.352122,6768.0,1920.0,2390404
2025-06-29T23:11:35.504889,6786.0,1749.0,2392153
2025-06-29T23:11:36.657722,6750.0,1701.0,2393854
2025-06-29T23:11:37.810326,6786.0,1651.0,2395505
2025-06-29T23:11:38.963006,6786.0,1581.0,2397086
2025-06-29T23:11:40.116716,6804.0,1632.0,2398718
2025-06-29T23:11:41.269321,6786.0,1619.0,2400337
2025-06-29T23:11:42.422024,6786.0,1540.0,2401877
2025-06-29T23:11:43.574737,6768.0,1528.0,2403405
2025-06-29T23:11:44.727393,6804.0,1490.0,2404895
2025-06-29T23:11:45.880076,6786.0,1430.0,2406325
2025-06-29T23:11:47.032838,6786.0,1434.0,2407759
2025-06-29T23:11:48.186603,6786.0,1426.0,2409185
2025-06-29T23:11:49.339221,6786.0,1532.0,2410717
2025-06-29T23:11:50.491934,6768.0,1441.0,2412158
2025-06-29T23:11:51.644563,6840.0,1402.0,2413560
2025-06-29T23:11:52.797225,6804.0,1268.0,2414828
2025-06-29T23:11:53.949972,6786.0,1258.0,2416086
2025-06-29T23:11:55.103667,6750.0,1329.0,2417415
2025-06-29T23:11:56.256226,6822.0,1359.0,2418774
2025-06-29T23:11:57.409079,6786.0,1306.0,2420080
2025-06-29T23:11:58.561625,6840.0,1334.0,2421414
2025-06-29T23:11:59.714358,6750.0,1233.0,2422647
2025-06-29T23:12:00.867114,6768.0,1230.0,2423877
2025-06-29T23:12:02.019720,6750.0,1147.0,2425024
2025-06-29T23:12:03.173376,6786.0,1105.0,2426129
2025-06-29T23:12:04.326235,6768.0,1085.0,2427214
2025-06-29T23:12:05.478809,6786.0,1100.0,2428314
2025-06-29T23:12:06.631550,6768.0,1118.0,2429432
2025-06-29T23:12:07.784211,6786.0,1134.0,2430566
2025-06-29T23:12:08.936921,6786.0,1147.0,2431713
2025-06-29T23:12:10.089497,6804.0,1151.0,2432864
2025-06-29T23:12:11.243484,6804.0,1113.0,2433977
2025-06-29T23:12:12.395969,6786.0,1060.0,2435037
2025-06-29T23:12:13.548790,6768.0,1071.0,2436108
2025-06-29T23:12:14.701381,6768.0,1114.0,2437222
2025-06-29T23:12:15.854122,6786.0,1172.0,2438394
2025-06-29T23:12:17.006782,6786.0,1177.0,2439571
2025-06-29T23:12:18.160431,6768.0,1100.0,2440671
2025-06-29T23:12:19.313163,6786.0,1074.0,2441745
2025-06-29T23:12:20.465994,6786.0,1048.0,2442793
2025-06-29T23:12:21.618556,6804.0,1042.0,2443835
2025-06-29T23:12:22.771215,6786.0,1033.0,2444868
2025-06-29T23:12:23.924098,6768.0,1003.0,2445871
2025-06-29T23:12:25.075568,6786.0,974.0,2446845
2025-06-29T23:12:26.229252,6786.0,994.0,2447839
2025-06-29T23:12:27.381965,6768.0,999.0,2448838
2025-06-29T23:12:28.534642,6786.0,980.0,2449818
2025-06-29T23:12:29.688281,6732.0,1033.0,2450851
2025-06-29T23:12:30.841061,6786.0,1073.0,2451924
2025-06-29T23:12:31.993871,6750.0,1066.0,2452990
2025-06-29T23:12:33.147470,6786.0,1048.0,2454038
2025-06-29T23:12:34.300107,6768.0,1043.0,2455081
2025-06-29T23:12:35.452849,6786.0,1077.0,2456158
2025-06-29T23:12:36.605459,6786.0,1091.0,2457249
2025-06-29T23:12:37.758303,6786.0,1119.0,2458368
2025-06-29T23:12:38.910885,6750.0,1134.0,2459502
2025-06-29T23:12:40.063602,6786.0,1142.0,2460644
2025-06-29T23:12:41.217301,6786.0,1102.0,2461746
2025-06-29T23:12:42.370150,6786.0,1105.0,2462851
2025-06-29T23:12:43.522680,6732.0,1150.0,2464001
2025-06-29T23:12:44.675473,6822.0,1132.0,2465133
2025-06-29T23:12:45.828088,6732.0,1085.0,2466218
2025-06-29T23:12:46.980870,6822.0,1050.0,2467268
2025-06-29T23:12:48.134510,6732.0,1000.0,2468268
2025-06-29T23:12:49.287093,6786.0,1042.0,2469310
2025-06-29T23:12:50.439778,6768.0,1015.0,2470325
2025-06-29T23:12:51.592505,6786.0,1037.0,2471362
2025-06-29T23:12:52.745310,6786.0,1046.0,2472408
2025-06-29T23:12:53.897016,6786.0,991.0,2473399
2025-06-29T23:12:55.049529,6732.0,943.0,2474342
2025-06-29T23:12:56.203215,6786.0,944.0,2475286
2025-06-29T23:12:57.355928,6750.0,957.0,2476243
2025-06-29T23:12:58.508698,6768.0,942.0,2477185
2025-06-29T23:12:59.661399,6750.0,908.0,2478093
2025-06-29T23:13:00.813923,6750.0,910.0,2479003
2025-06-29T23:13:01.966659,6768.0,904.0,2479907
2025-06-29T23:13:03.119462,6804.0,928.0,2480835
2025-06-29T23:13:04.273151,6750.0,891.0,2481726
2025-06-29T23:13:05.425914,6786.0,882.0,2482608
2025-06-29T23:13:06.578573,6768.0,896.0,2483504
2025-06-29T23:13:07.731131,6786.0,859.0,2484363
2025-06-29T23:13:08.883833,6786.0,866.0,2485229
2025-06-29T23:13:10.036523,6786.0,865.0,2486094
2025-06-29T23:13:11.190350,6768.0,865.0,2486959
2025-06-29T23:13:12.343063,6804.0,862.0,2487821
2025-06-29T23:13:13.495684,6786.0,860.0,2488681
2025-06-29T23:13:14.648310,6768.0,841.0,2489522
2025-06-29T23:13:15.800993,6786.0,843.0,2490365
2025-06-29T23:13:16.953728,6786.0,837.0,2491202
2025-06-29T23:13:18.106395,6732.0,823.0,2492025
2025-06-29T23:13:19.261078,6804.0,1135.0,2493160
2025-06-29T23:13:20.413868,6768.0,1007.0,2494167
2025-06-29T23:13:21.566487,6786.0,1476.0,2495643
2025-06-29T23:13:22.719218,6804.0,3413.0,2499056
2025-06-29T23:13:23.871851,6822.0,3179.0,2502235
2025-06-29T23:13:25.024659,6786.0,3059.0,2505294
2025-06-29T23:13:26.178259,6858.0,2934.0,2508228
2025-06-29T23:13:27.330947,6786.0,2774.0,2511002
2025-06-29T23:13:28.483668,6804.0,2544.0,2513546
2025-06-29T23:13:29.636346,6786.0,2390.0,2515936
2025-06-29T23:13:30.789004,6786.0,2298.0,2518234
2025-06-29T23:13:31.941878,6768.0,2197.0,2520431
2025-06-29T23:13:33.094707,6804.0,2030.0,2522461
2025-06-29T23:13:34.248064,6786.0,1889.0,2524350
2025-06-29T23:13:35.400922,6804.0,1862.0,2526212
2025-06-29T23:13:36.553459,6786.0,1843.0,2528055
2025-06-29T23:13:37.706233,6804.0,1841.0,2529896
2025-06-29T23:13:38.858884,6804.0,2704.0,2532600
2025-06-29T23:13:40.011575,6858.0,3959.0,2536559
2025-06-29T23:13:41.165278,6804.0,3903.0,2540462
2025-06-29T23:13:42.318021,6840.0,3773.0,2544235
2025-06-29T23:13:43.470609,6822.0,3658.0,2547893
2025-06-29T23:13:44.624248,6876.0,3640.0,2551533
2025-06-29T23:13:45.775978,6822.0,3468.0,2555001
2025-06-29T23:13:46.928737,6804.0,3615.0,2558616
2025-06-29T23:13:48.081442,6804.0,3503.0,2562119
2025-06-29T23:13:49.235125,6804.0,3479.0,2565598
2025-06-29T23:13:50.387868,6786.0,3335.0,2568933
2025-06-29T23:13:51.540616,6840.0,3174.0,2572107
2025-06-29T23:13:52.693197,6786.0,3160.0,2575267
2025-06-29T23:13:53.845876,6840.0,3180.0,2578447
2025-06-29T23:13:54.998550,6786.0,3169.0,2581616
2025-06-29T23:13:56.151303,6822.0,3122.0,2584738
2025-06-29T23:13:57.304934,6786.0,3267.0,2588005
2025-06-29T23:13:58.457736,6822.0,3206.0,2591211
2025-06-29T23:13:59.610393,6822.0,3293.0,2594504
2025-06-29T23:14:00.762933,6876.0,3216.0,2597720
2025-06-29T23:14:01.915671,6804.0,3107.0,2600827
2025-06-29T23:14:03.068472,6822.0,3056.0,2603883
2025-06-29T23:14:04.222083,6804.0,2829.0,2606712
2025-06-29T23:14:05.374759,6822.0,2840.0,2609552
2025-06-29T23:14:06.527545,6804.0,3007.0,2612559
2025-06-29T23:14:07.680143,6822.0,2867.0,2615426
2025-06-29T23:14:08.832869,6822.0,2965.0,2618391
2025-06-29T23:14:09.985602,6804.0,2927.0,2621318
2025-06-29T23:14:11.138330,6786.0,2732.0,2624050
2025-06-29T23:14:12.291910,6822.0,2659.0,2626709
2025-06-29T23:14:13.444848,6822.0,2584.0,2629293
2025-06-29T23:14:14.597328,6840.0,2682.0,2631975
2025-06-29T23:14:15.750193,6786.0,2684.0,2634659
2025-06-29T23:14:16.902658,6840.0,2684.0,2637343
2025-06-29T23:14:18.055360,6786.0,2703.0,2640046
2025-06-29T23:14:19.209085,6804.0,2600.0,2642646
2025-06-29T23:14:20.361745,6822.0,2569.0,2645215
2025-06-29T23:14:21.514462,6804.0,2613.0,2647828
2025-06-29T23:14:22.667122,6786.0,2502.0,2650330
2025-06-29T23:14:23.819923,6822.0,2639.0,2652969
2025-06-29T23:14:24.972666,6786.0,2623.0,2655592
2025-06-29T23:14:26.125230,6858.0,2566.0,2658158
2025-06-29T23:14:27.279020,6786.0,2663.0,2660821
2025-06-29T23:14:28.431640,6804.0,2900.0,2663721
2025-06-29T23:14:29.584173,6786.0,2781.0,2666502
2025-06-29T23:14:30.737066,6840.0,2729.0,2669231
2025-06-29T23:14:31.889719,6804.0,2670.0,2671901
2025-06-29T23:14:33.042471,6804.0,2743.0,2674644
2025-06-29T23:14:34.195147,6786.0,2758.0,2677402
2025-06-29T23:14:35.348881,6840.0,4315.0,2681717
2025-06-29T23:14:36.501522,6822.0,4182.0,2685899
2025-06-29T23:14:37.654273,6840.0,4053.0,2689952
2025-06-29T23:14:38.806876,6804.0,3953.0,2693905
2025-06-29T23:14:39.959625,6840.0,3790.0,2697695
2025-06-29T23:14:41.112258,6822.0,3781.0,2701476
2025-06-29T23:14:42.265977,6822.0,3527.0,2705003
2025-06-29T23:14:43.418728,6786.0,3267.0,2708270
2025-06-29T23:14:44.571469,6822.0,3347.0,2711617
2025-06-29T23:14:45.724051,6840.0,3208.0,2714825
2025-06-29T23:14:46.876831,6858.0,3151.0,2717976
2025-06-29T23:14:48.029359,6786.0,3042.0,2721018
2025-06-29T23:14:49.182110,6822.0,2192.0,2723210
2025-06-29T23:14:50.335819,6768.0,1219.0,2724429
2025-06-29T23:14:51.488410,6804.0,1563.0,2725992
2025-06-29T23:14:52.641093,6786.0,1679.0,2727671
2025-06-29T23:14:53.793745,6822.0,1663.0,2729334
2025-06-29T23:14:54.946528,6786.0,1625.0,2730959
2025-06-29T23:14:56.099201,6804.0,1559.0,2732518
2025-06-29T23:14:57.251846,6768.0,769.0,2733287
2025-06-29T23:14:58.404613,6804.0,763.0,2734050
2025-06-29T23:14:59.557385,6768.0,771.0,2734821
2025-06-29T23:15:00.709899,6786.0,770.0,2735591
2025-06-29T23:15:01.862729,6786.0,764.0,2736355
2025-06-29T23:15:03.015334,6768.0,762.0,2737117
2025-06-29T23:15:04.168154,6804.0,762.0,2737879
2025-06-29T23:15:05.321792,6786.0,760.0,2738639
2025-06-29T23:15:06.474503,6768.0,761.0,2739400
2025-06-29T23:15:07.627021,6786.0,761.0,2740161
2025-06-29T23:15:08.779877,6786.0,762.0,2740923
2025-06-29T23:15:09.932428,6786.0,761.0,2741684
2025-06-29T23:15:11.085149,6768.0,762.0,2742446
2025-06-29T23:15:12.238888,6786.0,760.0,2743206
2025-06-29T23:15:13.391609,6768.0,762.0,2743968
2025-06-29T23:15:14.544235,6786.0,761.0,2744729
2025-06-29T23:15:15.697106,6768.0,761.0,2745490
2025-06-29T23:15:16.849687,6786.0,760.0,2746250
2025-06-29T23:15:18.002433,6750.0,760.0,2747010
2025-06-29T23:15:19.155084,6786.0,762.0,2747772
2025-06-29T23:15:20.308719,6786.0,762.0,2748534
2025-06-29T23:15:21.461495,6786.0,761.0,2749295
2025-06-29T23:15:22.614134,6786.0,763.0,2750058
2025-06-29T23:15:23.766875,6786.0,762.0,2750820
2025-06-29T23:15:24.919521,6768.0,762.0,2751582
2025-06-29T23:15:26.072259,6768.0,762.0,2752344
2025-06-29T23:15:27.224874,6768.0,761.0,2753105
2025-06-29T23:15:28.378688,6786.0,762.0,2753867
2025-06-29T23:15:29.531281,6750.0,762.0,2754629
2025-06-29T23:15:30.683965,6804.0,764.0,2755393
2025-06-29T23:15:31.836701,6786.0,761.0,2756154
2025-06-29T23:15:32.989419,6822.0,761.0,2756915
2025-06-29T23:15:34.142004,6768.0,760.0,2757675
2025-06-29T23:15:35.295795,6804.0,762.0,2758437
2025-06-29T23:15:36.448461,6786.0,761.0,2759198
2025-06-29T23:15:37.601220,6786.0,763.0,2759961
2025-06-29T23:15:38.753793,6768.0,761.0,2760722
2025-06-29T23:15:39.906565,6768.0,762.0,2761484
2025-06-29T23:15:41.059273,6750.0,761.0,2762245
2025-06-29T23:15:42.211969,6768.0,761.0,2763006
2025-06-29T23:15:43.365620,6786.0,761.0,2763767
2025-06-29T23:15:44.518370,6804.0,761.0,2764528
2025-06-29T23:15:45.671065,6750.0,760.0,2765288
2025-06-29T23:15:46.823765,6786.0,760.0,2766048
2025-06-29T23:15:47.976451,6786.0,760.0,2766808
2025-06-29T23:15:49.129121,6804.0,761.0,2767569
2025-06-29T23:15:50.282833,6768.0,760.0,2768329
2025-06-29T23:15:51.435471,6786.0,760.0,2769089
2025-06-29T23:15:52.588195,6768.0,760.0,2769849
2025-06-29T23:15:53.740792,6786.0,760.0,2770609
2025-06-29T23:15:54.893584,6786.0,760.0,2771369
2025-06-29T23:15:56.046346,6786.0,760.0,2772129
2025-06-29T23:15:57.199032,6786.0,760.0,2772889
2025-06-29T23:15:58.352652,6768.0,760.0,2773649
2025-06-29T23:15:59.505362,6768.0,760.0,2774409
2025-06-29T23:16:00.657986,6786.0,760.0,2775169
2025-06-29T23:16:01.810748,6786.0,760.0,2775929
2025-06-29T23:16:02.963444,6804.0,759.0,2776688
2025-06-29T23:16:04.116114,6768.0,760.0,2777448
2025-06-29T23:16:05.269775,6786.0,759.0,2778207
2025-06-29T23:16:06.422522,6768.0,759.0,2778966
2025-06-29T23:16:07.575180,6786.0,760.0,2779726
2025-06-29T23:16:08.727918,6768.0,759.0,2780485
2025-06-29T23:16:09.880560,6786.0,760.0,2781245
2025-06-29T23:16:11.033289,6786.0,760.0,2782005
2025-06-29T23:16:12.185961,6840.0,759.0,2782764
2025-06-29T23:16:13.339664,6786.0,758.0,2783522
2025-06-29T23:16:14.492321,6804.0,760.0,2784282
2025-06-29T23:16:15.645066,6750.0,758.0,2785040
2025-06-29T23:16:16.797734,6786.0,759.0,2785799
2025-06-29T23:16:17.950470,6786.0,758.0,2786557
2025-06-29T23:16:19.103124,6804.0,759.0,2787316
2025-06-29T23:16:20.255813,6786.0,759.0,2788075
2025-06-29T23:16:21.409545,6786.0,760.0,2788835
2025-06-29T23:16:22.562226,6786.0,758.0,2789593
2025-06-29T23:16:23.714918,6750.0,759.0,2790352
2025-06-29T23:16:24.867557,6822.0,759.0,2791111
2025-06-29T23:16:26.020322,6786.0,759.0,2791870
2025-06-29T23:16:27.173054,6786.0,759.0,2792629
2025-06-29T23:16:28.326712,6786.0,759.0,2793388
2025-06-29T23:16:29.479367,6768.0,758.0,2794146
2025-06-29T23:16:30.632054,6804.0,759.0,2794905
2025-06-29T23:16:31.784722,6768.0,758.0,2795663
2025-06-29T23:16:32.937413,6786.0,759.0,2796422
2025-06-29T23:16:34.090051,6768.0,758.0,2797180
2025-06-29T23:16:35.242728,6786.0,759.0,2797939
2025-06-29T23:16:36.396474,6768.0,758.0,2798697
2025-06-29T23:16:37.549179,6786.0,758.0,2799455
2025-06-29T23:16:38.701912,6768.0,757.0,2800212
2025-06-29T23:16:39.854593,6786.0,759.0,2800971
2025-06-29T23:16:41.007190,6750.0,757.0,2801728
2025-06-29T23:16:42.160011,6786.0,758.0,2802486
2025-06-29T23:16:43.313629,6786.0,758.0,2803244
2025-06-29T23:16:44.466363,6786.0,758.0,2804002
2025-06-29T23:16:45.619121,6768.0,757.0,2804759
2025-06-29T23:16:46.771754,6786.0,759.0,2805518
2025-06-29T23:16:47.924413,6768.0,758.0,2806276
2025-06-29T23:16:49.077194,6804.0,758.0,2807034
2025-06-29T23:16:50.229822,6750.0,757.0,2807791
2025-06-29T23:16:51.383511,6804.0,758.0,2808549
2025-06-29T23:16:52.536203,6768.0,758.0,2809307
2025-06-29T23:16:53.688904,6786.0,758.0,2810065
2025-06-29T23:16:54.841584,6786.0,758.0,2810823
2025-06-29T23:16:55.994202,6768.0,759.0,2811582
2025-06-29T23:16:57.146996,6750.0,758.0,2812340
2025-06-29T23:16:58.299670,6786.0,759.0,2813099
2025-06-29T23:16:59.453445,6750.0,757.0,2813856
2025-06-29T23:17:00.606095,6786.0,758.0,2814614
2025-06-29T23:17:01.758830,6804.0,758.0,2815372
2025-06-29T23:17:02.911443,6786.0,758.0,2816130
2025-06-29T23:17:04.064181,6786.0,758.0,2816888
2025-06-29T23:17:05.216836,6786.0,758.0,2817646
2025-06-29T23:17:06.370500,6750.0,757.0,2818403
2025-06-29T23:17:07.523225,6786.0,758.0,2819161
2025-06-29T23:17:08.675972,6750.0,759.0,2819920
2025-06-29T23:17:09.828587,6786.0,758.0,2820678
2025-06-29T23:17:10.981326,6786.0,758.0,2821436
2025-06-29T23:17:12.134028,6840.0,758.0,2822194
2025-06-29T23:17:13.286753,6768.0,757.0,2822951
2025-06-29T23:17:14.440430,6768.0,758.0,2823709
2025-06-29T23:17:15.593018,6768.0,759.0,2824468
2025-06-29T23:17:16.745847,6786.0,758.0,2825226
2025-06-29T23:17:17.898403,6768.0,756.0,2825982
2025-06-29T23:17:19.051173,6840.0,759.0,2826741
2025-06-29T23:17:20.203928,6786.0,757.0,2827498
2025-06-29T23:17:21.357562,6768.0,758.0,2828256
2025-06-29T23:17:22.510241,6786.0,757.0,2829013
2025-06-29T23:17:23.662991,6786.0,758.0,2829771
2025-06-29T23:17:24.815607,6768.0,758.0,2830529
2025-06-29T23:17:25.968244,6804.0,795.0,2831324
2025-06-29T23:17:27.121026,6750.0,920.0,2832244
2025-06-29T23:17:28.273754,6768.0,832.0,2833076
2025-06-29T23:17:29.427407,6786.0,810.0,2833886
2025-06-29T23:17:30.580132,6786.0,830.0,2834716
2025-06-29T23:17:31.732760,6804.0,757.0,2835473
2025-06-29T23:17:32.885561,6786.0,759.0,2836232
2025-06-29T23:17:34.038170,6786.0,759.0,2836991
2025-06-29T23:17:35.190880,6768.0,758.0,2837749
2025-06-29T23:17:36.344597,6786.0,757.0,2838506
2025-06-29T23:17:37.497228,6768.0,757.0,2839263
2025-06-29T23:17:38.649974,6768.0,757.0,2840020
2025-06-29T23:17:39.802714,6786.0,758.0,2840778
2025-06-29T23:17:40.955287,6786.0,759.0,2841537
2025-06-29T23:17:42.108062,6750.0,757.0,2842294
2025-06-29T23:17:43.260729,6786.0,756.0,2843050
2025-06-29T23:17:44.414381,6786.0,758.0,2843808
2025-06-29T23:17:45.567124,6786.0,758.0,2844566
2025-06-29T23:17:46.719808,6822.0,758.0,2845324
2025-06-29T23:17:47.872529,6768.0,757.0,2846081
2025-06-29T23:17:49.025170,6786.0,759.0,2846840
2025-06-29T23:17:50.177922,6768.0,770.0,2847610
2025-06-29T23:17:51.330617,6822.0,758.0,2848368
2025-06-29T23:17:52.484382,6786.0,757.0,2849125
2025-06-29T23:17:53.636956,6822.0,759.0,2849884
2025-06-29T23:17:54.789671,6750.0,757.0,2850641
2025-06-29T23:17:55.942254,6786.0,757.0,2851398
2025-06-29T23:17:57.095080,6750.0,757.0,2852155
2025-06-29T23:17:58.247688,6786.0,758.0,2852913
2025-06-29T23:17:59.401500,6786.0,758.0,2853671
2025-06-29T23:18:00.554160,6768.0,757.0,2854428
2025-06-29T23:18:01.706867,6786.0,758.0,2855186
2025-06-29T23:18:02.859538,6786.0,757.0,2855943
2025-06-29T23:18:04.012207,6804.0,757.0,2856700
2025-06-29T23:18:05.164883,6786.0,758.0,2857458
2025-06-29T23:18:06.317654,6768.0,758.0,2858216
2025-06-29T23:18:07.471330,6804.0,758.0,2858974
2025-06-29T23:18:08.623953,6768.0,757.0,2859731
2025-06-29T23:18:09.776718,6786.0,758.0,2860489
2025-06-29T23:18:10.929381,6768.0,757.0,2861246
2025-06-29T23:18:12.082046,6786.0,758.0,2862004
2025-06-29T23:18:13.234795,6786.0,758.0,2862762
2025-06-29T23:18:14.388497,6768.0,758.0,2863520
2025-06-29T23:18:15.541083,6786.0,759.0,2864279
2025-06-29T23:18:16.693882,6750.0,758.0,2865037
2025-06-29T23:18:17.846531,6786.0,759.0,2865796
2025-06-29T23:18:18.999246,6786.0,757.0,2866553
2025-06-29T23:18:20.151979,6786.0,758.0,2867311
2025-06-29T23:18:21.304655,6786.0,758.0,2868069
2025-06-29T23:18:22.458281,6786.0,755.0,2868824
2025-06-29T23:18:23.611084,6804.0,757.0,2869581
2025-06-29T23:18:24.763822,6786.0,758.0,2870339
2025-06-29T23:18:25.916407,6804.0,757.0,2871096
2025-06-29T23:18:27.069066,6786.0,758.0,2871854
2025-06-29T23:18:28.221817,6786.0,758.0,2872612
2025-06-29T23:18:29.375488,6768.0,757.0,2873369
2025-06-29T23:18:30.528231,6786.0,758.0,2874127
2025-06-29T23:18:31.680827,6786.0,759.0,2874886
2025-06-29T23:18:32.833648,6768.0,758.0,2875644
2025-06-29T23:18:33.986288,6786.0,757.0,2876401
2025-06-29T23:18:35.139003,6822.0,757.0,2877158
2025-06-29T23:18:36.291602,6786.0,757.0,2877915
2025-06-29T23:18:37.445303,6786.0,757.0,2878672
2025-06-29T23:18:38.598035,6750.0,757.0,2879429
2025-06-29T23:18:39.750709,6804.0,758.0,2880187
2025-06-29T23:18:40.903462,6768.0,758.0,2880945
2025-06-29T23:18:42.056158,6768.0,758.0,2881703
2025-06-29T23:18:43.208757,6768.0,757.0,2882460
2025-06-29T23:18:44.361569,6786.0,759.0,2883219
2025-06-29T23:18:45.515212,6768.0,757.0,2883976
2025-06-29T23:18:46.667871,6786.0,758.0,2884734
2025-06-29T23:18:47.820706,6768.0,759.0,2885493
2025-06-29T23:18:48.973242,6786.0,757.0,2886250
2025-06-29T23:18:50.125974,6750.0,757.0,2887007
2025-06-29T23:18:51.278714,6768.0,757.0,2887764
2025-06-29T23:18:52.432267,6732.0,756.0,2888520
2025-06-29T23:18:53.584963,6768.0,757.0,2889277
2025-06-29T23:18:54.737640,6786.0,756.0,2890033
2025-06-29T23:18:55.890323,6750.0,757.0,2890790
2025-06-29T23:18:57.043161,6786.0,757.0,2891547
2025-06-29T23:18:58.195705,6786.0,758.0,2892305
2025-06-29T23:18:59.348481,6768.0,757.0,2893062
2025-06-29T23:19:00.502095,6804.0,758.0,2893820
2025-06-29T23:19:01.654808,6858.0,758.0,2894578
2025-06-29T23:19:02.807685,6786.0,758.0,2895336
2025-06-29T23:19:03.960397,6732.0,758.0,2896094
2025-06-29T23:19:05.113006,6786.0,757.0,2896851
2025-06-29T23:19:06.265685,6768.0,758.0,2897609
2025-06-29T23:19:07.419249,6768.0,758.0,2898367
2025-06-29T23:19:08.571964,6786.0,756.0,2899123
2025-06-29T23:19:09.724694,6786.0,759.0,2899882
2025-06-29T23:19:10.877347,6786.0,758.0,2900640
2025-06-29T23:19:12.030123,6786.0,758.0,2901398
2025-06-29T23:19:13.182848,6786.0,756.0,2902154
2025-06-29T23:19:14.335458,6804.0,758.0,2902912
2025-06-29T23:19:15.489143,6786.0,758.0,2903670
2025-06-29T23:19:16.641907,6822.0,759.0,2904429
2025-06-29T23:19:17.794689,6786.0,757.0,2905186
2025-06-29T23:19:18.947295,6786.0,757.0,2905943
2025-06-29T23:19:20.099994,6786.0,758.0,2906701
2025-06-29T23:19:21.252744,6786.0,759.0,2907460
2025-06-29T23:19:22.405386,6786.0,758.0,2908218
2025-06-29T23:19:23.559131,6804.0,758.0,2908976
2025-06-29T23:19:24.711724,6768.0,757.0,2909733
2025-06-29T23:19:25.864487,6786.0,801.0,2910534
2025-06-29T23:19:27.017065,6750.0,757.0,2911291
2025-06-29T23:19:28.170833,6804.0,1664.0,2912955
2025-06-29T23:19:29.322530,6768.0,758.0,2913713
2025-06-29T23:19:30.476135,6786.0,758.0,2914471
2025-06-29T23:19:31.628874,6786.0,759.0,2915230
2025-06-29T23:19:32.781586,6822.0,757.0,2915987
2025-06-29T23:19:33.934286,6786.0,757.0,2916744
2025-06-29T23:19:35.086972,6768.0,757.0,2917501
2025-06-29T23:19:36.239696,6750.0,758.0,2918259
2025-06-29T23:19:37.392399,6714.0,759.0,2919018
2025-06-29T23:19:38.546088,6768.0,757.0,2919775
2025-06-29T23:19:39.698747,6768.0,758.0,2920533
2025-06-29T23:19:40.851478,6768.0,758.0,2921291
2025-06-29T23:19:42.004141,6786.0,758.0,2922049
2025-06-29T23:19:43.156871,6786.0,759.0,2922808
2025-06-29T23:19:44.309581,6786.0,759.0,2923567
2025-06-29T23:19:45.463289,6768.0,759.0,2924326
2025-06-29T23:19:46.615946,6822.0,759.0,2925085
2025-06-29T23:19:47.768698,6786.0,757.0,2925842
2025-06-29T23:19:48.921312,6786.0,758.0,2926600
2025-06-29T23:19:50.074079,6750.0,758.0,2927358
2025-06-29T23:19:51.226646,6840.0,757.0,2928115
2025-06-29T23:19:52.379514,6786.0,756.0,2928871
2025-06-29T23:19:53.533143,6786.0,755.0,2929626
2025-06-29T23:19:54.685731,6786.0,754.0,2930380
2025-06-29T23:19:55.838512,6786.0,754.0,2931134
2025-06-29T23:19:56.991205,6786.0,754.0,2931888
2025-06-29T23:19:58.143892,6786.0,755.0,2932643
2025-06-29T23:19:59.296569,6786.0,754.0,2933397
2025-06-29T23:20:00.450263,6768.0,754.0,2934151
2025-06-29T23:20:01.602957,6768.0,755.0,2934906
2025-06-29T23:20:02.755553,6804.0,755.0,2935661
2025-06-29T23:20:03.908405,6786.0,754.0,2936415
2025-06-29T23:20:05.061095,6804.0,754.0,2937169
2025-06-29T23:20:06.213807,6768.0,753.0,2937922
2025-06-29T23:20:07.366496,6804.0,755.0,2938677
2025-06-29T23:20:08.520074,6804.0,753.0,2939430
2025-06-29T23:20:09.672935,6822.0,754.0,2940184
2025-06-29T23:20:10.825507,6786.0,753.0,2940937
2025-06-29T23:20:11.978241,6786.0,755.0,2941692
2025-06-29T23:20:13.130919,6768.0,754.0,2942446
2025-06-29T23:20:14.283600,6786.0,754.0,2943200
2025-06-29T23:20:15.436359,6768.0,754.0,2943954
2025-06-29T23:20:16.590123,6786.0,754.0,2944708
2025-06-29T23:20:17.742666,6786.0,755.0,2945463
2025-06-29T23:20:18.895472,6804.0,755.0,2946218
2025-06-29T23:20:20.048006,6768.0,755.0,2946973
2025-06-29T23:20:21.200697,6786.0,756.0,2947729
2025-06-29T23:20:22.353501,6804.0,755.0,2948484
2025-06-29T23:20:23.507295,6786.0,756.0,2949240
2025-06-29T23:20:24.659870,6804.0,756.0,2949996
2025-06-29T23:20:25.812564,6786.0,754.0,2950750
2025-06-29T23:20:26.965266,6786.0,754.0,2951504
2025-06-29T23:20:28.117953,6786.0,765.0,2952269
2025-06-29T23:20:29.270633,6768.0,753.0,2953022
2025-06-29T23:20:30.423389,6786.0,755.0,2953777
2025-06-29T23:20:31.576990,6786.0,754.0,2954531
2025-06-29T23:20:32.729690,6786.0,754.0,2955285
2025-06-29T23:20:33.882313,6786.0,753.0,2956038
2025-06-29T23:20:35.035149,6804.0,753.0,2956791
2025-06-29T23:20:36.187682,6786.0,753.0,2957544
2025-06-29T23:20:37.340579,6804.0,753.0,2958297
2025-06-29T23:20:38.494192,6768.0,754.0,2959051
2025-06-29T23:20:39.646722,6786.0,754.0,2959805
2025-06-29T23:20:40.799505,6750.0,753.0,2960558
2025-06-29T23:20:41.952085,6786.0,755.0,2961313
2025-06-29T23:20:43.104902,6804.0,754.0,2962067
2025-06-29T23:20:44.257623,6786.0,756.0,2962823
2025-06-29T23:20:45.410280,6768.0,755.0,2963578
2025-06-29T23:20:46.564060,6804.0,754.0,2964332
2025-06-29T23:20:47.716841,6786.0,755.0,2965087
2025-06-29T23:20:48.869297,6786.0,755.0,2965842
2025-06-29T23:20:50.022140,6732.0,755.0,2966597
2025-06-29T23:20:51.174683,6786.0,754.0,2967351
2025-06-29T23:20:52.327505,6786.0,753.0,2968104
2025-06-29T23:20:53.481196,6786.0,755.0,2968859
2025-06-29T23:20:54.633953,6786.0,753.0,2969612
2025-06-29T23:20:55.786630,6822.0,755.0,2970367
2025-06-29T23:20:56.939322,6786.0,754.0,2971121
2025-06-29T23:20:58.091937,6786.0,755.0,2971876
2025-06-29T23:20:59.244709,6768.0,754.0,2972630
2025-06-29T23:21:00.397363,6786.0,753.0,2973383
2025-06-29T23:21:01.551047,6768.0,754.0,2974137
2025-06-29T23:21:02.703665,6822.0,754.0,2974891
2025-06-29T23:21:03.856413,6750.0,754.0,2975645
2025-06-29T23:21:05.010212,6786.0,1680.0,2977325
2025-06-29T23:21:06.162815,6786.0,1776.0,2979101
2025-06-29T23:21:07.315509,6786.0,1628.0,2980729
2025-06-29T23:21:08.467295,6768.0,812.0,2981541
2025-06-29T23:21:09.620970,6804.0,755.0,2982296
2025-06-29T23:21:10.773632,6786.0,753.0,2983049
2025-06-29T23:21:11.926278,6732.0,753.0,2983802
2025-06-29T23:21:13.078965,6768.0,752.0,2984554
2025-06-29T23:21:14.231664,6804.0,753.0,2985307
2025-06-29T23:21:15.384426,6786.0,752.0,2986059
2025-06-29T23:21:16.538153,6786.0,754.0,2986813
2025-06-29T23:21:17.690729,6786.0,753.0,2987566
2025-06-29T23:21:18.843450,6822.0,752.0,2988318
2025-06-29T23:21:19.996128,6786.0,754.0,2989072
2025-06-29T23:21:21.148756,6750.0,754.0,2989826
2025-06-29T23:21:22.301492,6786.0,755.0,2990581
2025-06-29T23:21:23.454216,6786.0,755.0,2991336
2025-06-29T23:21:24.607931,6786.0,754.0,2992090
2025-06-29T23:21:25.760575,6804.0,754.0,2992844
2025-06-29T23:21:26.913327,6750.0,755.0,2993599
2025-06-29T23:21:28.065987,6768.0,753.0,2994352
2025-06-29T23:21:29.218678,6786.0,754.0,2995106
2025-06-29T23:21:30.371461,6840.0,753.0,2995859
2025-06-29T23:21:31.525140,6750.0,755.0,2996614
2025-06-29T23:21:32.677789,6750.0,755.0,2997369
2025-06-29T23:21:33.830479,6804.0,755.0,2998124
2025-06-29T23:21:34.983155,6786.0,754.0,2998878
2025-06-29T23:21:36.135756,6768.0,754.0,2999632
2025-06-29T23:21:37.288679,6786.0,752.0,3000384
2025-06-29T23:21:38.441235,6786.0,754.0,3001138
2025-06-29T23:21:39.594810,6804.0,753.0,3001891
2025-06-29T23:21:40.747655,6786.0,755.0,3002646
2025-06-29T23:21:41.900340,6786.0,753.0,3003399
2025-06-29T23:21:43.052952,6786.0,755.0,3004154
2025-06-29T23:21:44.205677,6822.0,755.0,3004909
2025-06-29T23:21:45.358391,6786.0,755.0,3005664
2025-06-29T23:21:46.511036,6768.0,753.0,3006417
2025-06-29T23:21:47.664759,6786.0,754.0,3007171
2025-06-29T23:21:48.817462,6786.0,753.0,3007924
2025-06-29T23:21:49.970266,6804.0,754.0,3008678
2025-06-29T23:21:51.122769,6786.0,753.0,3009431
2025-06-29T23:21:52.275609,6768.0,753.0,3010184
2025-06-29T23:21:53.428253,6786.0,753.0,3010937
2025-06-29T23:21:54.581925,6804.0,753.0,3011690
2025-06-29T23:21:55.734711,6786.0,753.0,3012443
2025-06-29T23:21:56.887458,6768.0,753.0,3013196
2025-06-29T23:21:58.040113,6804.0,753.0,3013949
2025-06-29T23:21:59.192710,6786.0,752.0,3014701
2025-06-29T23:22:00.345304,6804.0,754.0,3015455
2025-06-29T23:22:01.498070,6786.0,752.0,3016207
2025-06-29T23:22:02.651797,6786.0,753.0,3016960
2025-06-29T23:22:03.804604,6786.0,752.0,3017712
2025-06-29T23:22:04.957100,6822.0,754.0,3018466
2025-06-29T23:22:06.109781,6750.0,752.0,3019218
2025-06-29T23:22:07.262640,6822.0,753.0,3019971
2025-06-29T23:22:08.415293,6786.0,753.0,3020724
2025-06-29T23:22:09.569041,6786.0,752.0,3021476
2025-06-29T23:22:10.721729,6786.0,753.0,3022229
2025-06-29T23:22:11.874418,6786.0,753.0,3022982
2025-06-29T23:22:13.027065,6786.0,752.0,3023734
2025-06-29T23:22:14.179766,6804.0,753.0,3024487
2025-06-29T23:22:15.332445,6768.0,751.0,3025238
2025-06-29T23:22:16.485208,6804.0,752.0,3025990
2025-06-29T23:22:17.638846,6786.0,754.0,3026744
2025-06-29T23:22:18.791586,6840.0,754.0,3027498
2025-06-29T23:22:19.944228,6768.0,752.0,3028250
2025-06-29T23:22:21.096894,6786.0,754.0,3029004
2025-06-29T23:22:22.249572,6768.0,751.0,3029755
2025-06-29T23:22:23.402340,6804.0,752.0,3030507
2025-06-29T23:22:24.556005,6786.0,753.0,3031260
2025-06-29T23:22:25.708751,6804.0,755.0,3032015
2025-06-29T23:22:26.861478,6768.0,753.0,3032768
2025-06-29T23:22:28.014117,6786.0,753.0,3033521
2025-06-29T23:22:29.166752,6768.0,752.0,3034273
2025-06-29T23:22:30.319532,6786.0,753.0,3035026
2025-06-29T23:22:31.472215,6786.0,753.0,3035779
2025-06-29T23:22:32.625827,6786.0,753.0,3036532
2025-06-29T23:22:33.778565,6786.0,752.0,3037284
2025-06-29T23:22:34.931339,6786.0,754.0,3038038
2025-06-29T23:22:36.083953,6768.0,752.0,3038790
2025-06-29T23:22:37.236629,6786.0,754.0,3039544
2025-06-29T23:22:38.389387,6786.0,751.0,3040295
2025-06-29T23:22:39.542034,6804.0,754.0,3041049
2025-06-29T23:22:40.695695,6768.0,753.0,3041802
2025-06-29T23:22:41.848428,6786.0,754.0,3042556
2025-06-29T23:22:43.001111,6786.0,754.0,3043310
2025-06-29T23:22:44.153838,6804.0,752.0,3044062
2025-06-29T23:22:45.306556,6786.0,754.0,3044816
2025-06-29T23:22:46.459124,6768.0,753.0,3045569
2025-06-29T23:22:47.612974,6786.0,752.0,3046321
2025-06-29T23:22:48.765613,6822.0,753.0,3047074
2025-06-29T23:22:49.918297,6786.0,753.0,3047827
2025-06-29T23:22:51.071038,6786.0,753.0,3048580
2025-06-29T23:22:52.223683,6732.0,753.0,3049333
2025-06-29T23:22:53.376396,6786.0,754.0,3050087
2025-06-29T23:22:54.529152,6804.0,752.0,3050839
2025-06-29T23:22:55.682813,6804.0,753.0,3051592
2025-06-29T23:22:56.835456,6768.0,752.0,3052344
2025-06-29T23:22:57.988187,6786.0,754.0,3053098
2025-06-29T23:22:59.140915,6768.0,752.0,3053850
2025-06-29T23:23:00.293584,6786.0,753.0,3054603
2025-06-29T23:23:01.446288,6786.0,753.0,3055356
2025-06-29T23:23:02.600008,6786.0,754.0,3056110
2025-06-29T23:23:03.752500,6714.0,754.0,3056864
2025-06-29T23:23:04.905301,6804.0,753.0,3057617
2025-06-29T23:23:06.058004,6768.0,753.0,3058370
2025-06-29T23:23:07.210763,6786.0,753.0,3059123
2025-06-29T23:23:08.363526,6768.0,752.0,3059875
2025-06-29T23:23:09.516120,6804.0,754.0,3060629
2025-06-29T23:23:10.669839,6768.0,754.0,3061383
2025-06-29T23:23:11.822472,6804.0,752.0,3062135
2025-06-29T23:23:12.975187,6768.0,753.0,3062888
2025-06-29T23:23:14.127912,6786.0,753.0,3063641
2025-06-29T23:23:15.280539,6786.0,753.0,3064394
2025-06-29T23:23:16.433325,6804.0,752.0,3065146
2025-06-29T23:23:17.586966,6732.0,755.0,3065901
2025-06-29T23:23:18.739736,6804.0,753.0,3066654
2025-06-29T23:23:19.892333,6786.0,752.0,3067406
2025-06-29T23:23:21.045107,6786.0,754.0,3068160
2025-06-29T23:23:22.197683,6786.0,753.0,3068913
2025-06-29T23:23:23.350523,6804.0,753.0,3069666
2025-06-29T23:23:24.503158,6750.0,754.0,3070420
2025-06-29T23:23:25.656839,6804.0,752.0,3071172
2025-06-29T23:23:26.809601,6768.0,753.0,3071925
2025-06-29T23:23:27.962171,6786.0,753.0,3072678
2025-06-29T23:23:29.114877,6786.0,753.0,3073431
2025-06-29T23:23:30.267718,6804.0,752.0,3074183
2025-06-29T23:23:31.420176,6786.0,753.0,3074936
2025-06-29T23:23:32.573075,6804.0,753.0,3075689
2025-06-29T23:23:33.726685,6804.0,754.0,3076443
2025-06-29T23:23:34.879386,6804.0,753.0,3077196
2025-06-29T23:23:36.032040,6750.0,753.0,3077949
2025-06-29T23:23:37.184789,6768.0,753.0,3078702
2025-06-29T23:23:38.337478,6786.0,753.0,3079455
2025-06-29T23:23:39.490265,6786.0,755.0,3080210
2025-06-29T23:23:40.643895,6768.0,754.0,3080964
2025-06-29T23:23:41.796524,6786.0,753.0,3081717
2025-06-29T23:23:42.949327,6786.0,754.0,3082471
2025-06-29T23:23:44.101920,6750.0,753.0,3083224
2025-06-29T23:23:45.254724,6786.0,753.0,3083977
2025-06-29T23:23:46.407325,6840.0,753.0,3084730
2025-06-29T23:23:47.560044,6786.0,753.0,3085483
2025-06-29T23:23:48.713747,6822.0,754.0,3086237
2025-06-29T23:23:49.866427,6768.0,754.0,3086991
2025-06-29T23:23:51.019145,6786.0,753.0,3087744
2025-06-29T23:23:52.171887,6786.0,752.0,3088496
2025-06-29T23:23:53.324515,6786.0,753.0,3089249
2025-06-29T23:23:54.477289,6750.0,753.0,3090002
2025-06-29T23:23:55.630986,6786.0,752.0,3090754
2025-06-29T23:23:56.783449,6714.0,754.0,3091508
2025-06-29T23:23:57.936378,6786.0,754.0,3092262
2025-06-29T23:23:59.088969,6750.0,752.0,3093014
2025-06-29T23:24:00.241719,6786.0,754.0,3093768
2025-06-29T23:24:01.394398,6750.0,753.0,3094521
2025-06-29T23:24:02.547069,6822.0,752.0,3095273
2025-06-29T23:24:03.700686,6768.0,754.0,3096027
2025-06-29T23:24:04.853511,6786.0,754.0,3096781
2025-06-29T23:24:06.006059,6822.0,753.0,3097534
2025-06-29T23:24:07.158870,6786.0,754.0,3098288
2025-06-29T23:24:08.311465,6768.0,754.0,3099042
2025-06-29T23:24:09.464308,6822.0,754.0,3099796
2025-06-29T23:24:10.616905,6786.0,753.0,3100549
2025-06-29T23:24:11.770625,6786.0,754.0,3101303
2025-06-29T23:24:12.923290,6768.0,753.0,3102056
2025-06-29T23:24:14.076095,6786.0,754.0,3102810
2025-06-29T23:24:15.228598,6786.0,754.0,3103564
2025-06-29T23:24:16.381486,6822.0,753.0,3104317
2025-06-29T23:24:17.534141,6768.0,753.0,3105070
2025-06-29T23:24:18.687843,6750.0,752.0,3105822
2025-06-29T23:24:19.840542,6804.0,753.0,3106575
2025-06-29T23:24:20.993231,6822.0,755.0,3107330
2025-06-29T23:24:22.145811,6804.0,754.0,3108084
2025-06-29T23:24:23.298615,6786.0,754.0,3108838
2025-06-29T23:24:24.451289,6804.0,752.0,3109590
2025-06-29T23:24:25.604089,6786.0,754.0,3110344
2025-06-29T23:24:26.757634,6786.0,754.0,3111098
2025-06-29T23:24:27.910375,6786.0,753.0,3111851
2025-06-29T23:24:29.063052,6750.0,753.0,3112604
2025-06-29T23:24:30.215561,6786.0,753.0,3113357
2025-06-29T23:24:31.368417,6750.0,752.0,3114109
2025-06-29T23:24:32.521222,6804.0,754.0,3114863
2025-06-29T23:24:33.674927,6786.0,752.0,3115615
2025-06-29T23:24:34.827489,6786.0,753.0,3116368
2025-06-29T23:24:35.980181,6768.0,753.0,3117121
2025-06-29T23:24:37.132944,6786.0,753.0,3117874
2025-06-29T23:24:38.285530,6786.0,753.0,3118627
2025-06-29T23:24:39.438198,6768.0,753.0,3119380
2025-06-29T23:24:40.591039,6750.0,753.0,3120133
2025-06-29T23:24:41.744775,6786.0,754.0,3120887
2025-06-29T23:24:42.897390,6786.0,752.0,3121639
2025-06-29T23:24:44.050106,6786.0,754.0,3122393
2025-06-29T23:24:45.202847,6786.0,753.0,3123146
2025-06-29T23:24:46.355407,6786.0,753.0,3123899
2025-06-29T23:24:47.508235,6786.0,753.0,3124652
2025-06-29T23:24:48.661841,6786.0,753.0,3125405
2025-06-29T23:24:49.814593,6786.0,752.0,3126157
2025-06-29T23:24:50.967230,6786.0,753.0,3126910
2025-06-29T23:24:52.119922,6786.0,754.0,3127664
2025-06-29T23:24:53.272578,6786.0,753.0,3128417
2025-06-29T23:24:54.425405,6786.0,752.0,3129169
2025-06-29T23:24:55.577996,6786.0,753.0,3129922
2025-06-29T23:24:56.731750,6786.0,752.0,3130674
2025-06-29T23:24:57.884434,6804.0,753.0,3131427
2025-06-29T23:24:59.037139,6786.0,754.0,3132181
2025-06-29T23:25:00.189832,6804.0,754.0,3132935
2025-06-29T23:25:01.342440,6768.0,753.0,3133688
2025-06-29T23:25:02.495277,6786.0,754.0,3134442
2025-06-29T23:25:03.647984,6768.0,753.0,3135195
2025-06-29T23:25:04.801672,6750.0,752.0,3135947
2025-06-29T23:25:05.954226,6768.0,754.0,3136701
2025-06-29T23:25:07.106996,6786.0,753.0,3137454
2025-06-29T23:25:08.259704,6786.0,754.0,3138208
2025-06-29T23:25:09.412414,6786.0,755.0,3138963
2025-06-29T23:25:10.565000,6786.0,753.0,3139716
2025-06-29T23:25:11.718767,6786.0,754.0,3140470
2025-06-29T23:25:12.871445,6786.0,753.0,3141223
2025-06-29T23:25:14.024113,6768.0,754.0,3141977
2025-06-29T23:25:15.176886,6768.0,753.0,3142730
2025-06-29T23:25:16.329470,6822.0,754.0,3143484
2025-06-29T23:25:17.482226,6768.0,753.0,3144237
2025-06-29T23:25:18.635001,6804.0,755.0,3144992
2025-06-29T23:25:19.788647,6786.0,753.0,3145745
2025-06-29T23:25:20.941287,6786.0,752.0,3146497
2025-06-29T23:25:22.094014,6786.0,754.0,3147251
2025-06-29T23:25:23.246735,6786.0,754.0,3148005
2025-06-29T23:25:24.399319,6786.0,754.0,3148759
2025-06-29T23:25:25.552198,6804.0,754.0,3149513
2025-06-29T23:25:26.705864,6768.0,752.0,3150265
2025-06-29T23:25:27.858498,6786.0,753.0,3151018
2025-06-29T23:25:29.011268,6786.0,754.0,3151772
2025-06-29T23:25:30.163844,6822.0,755.0,3152527
2025-06-29T23:25:31.316554,6786.0,754.0,3153281
2025-06-29T23:25:32.469328,6804.0,754.0,3154035
2025-06-29T23:25:33.622013,6786.0,753.0,3154788
2025-06-29T23:25:34.775702,6804.0,754.0,3155542
2025-06-29T23:25:35.928365,6750.0,754.0,3156296
2025-06-29T23:25:37.080966,6786.0,754.0,3157050
2025-06-29T23:25:38.233778,6786.0,752.0,3157802
2025-06-29T23:25:39.386423,6804.0,755.0,3158557
2025-06-29T23:25:40.539254,6786.0,755.0,3159312
2025-06-29T23:25:41.692806,6786.0,755.0,3160067
2025-06-29T23:25:42.845567,6786.0,753.0,3160820
2025-06-29T23:25:43.998149,6804.0,755.0,3161575
2025-06-29T23:25:45.150971,6786.0,754.0,3162329
2025-06-29T23:25:46.303532,6786.0,755.0,3163084
2025-06-29T23:25:47.456326,6768.0,754.0,3163838
2025-06-29T23:25:48.609073,6840.0,754.0,3164592
2025-06-29T23:25:49.762678,6768.0,754.0,3165346
2025-06-29T23:25:50.915352,6786.0,755.0,3166101
2025-06-29T23:25:52.068105,6804.0,752.0,3166853
2025-06-29T23:25:53.220819,6786.0,754.0,3167607
2025-06-29T23:25:54.373591,6804.0,753.0,3168360
2025-06-29T23:25:55.526166,6768.0,753.0,3169113
2025-06-29T23:25:56.678959,6786.0,754.0,3169867
2025-06-29T23:25:57.832612,6804.0,755.0,3170622
2025-06-29T23:25:58.985301,6786.0,752.0,3171374
2025-06-29T23:26:00.137991,6786.0,755.0,3172129
2025-06-29T23:26:01.290506,6786.0,754.0,3172883
2025-06-29T23:26:02.443405,6786.0,754.0,3173637
2025-06-29T23:26:03.596123,6786.0,753.0,3174390
2025-06-29T23:26:04.749748,6804.0,754.0,3175144
2025-06-29T23:26:05.902503,6768.0,752.0,3175896
2025-06-29T23:26:07.055191,6786.0,755.0,3176651
2025-06-29T23:26:08.207756,6786.0,753.0,3177404
2025-06-29T23:26:09.360541,6768.0,754.0,3178158
2025-06-29T23:26:10.513201,6804.0,755.0,3178913
2025-06-29T23:26:11.665897,6804.0,754.0,3179667
2025-06-29T23:26:12.819617,6786.0,754.0,3180421
2025-06-29T23:26:13.972311,6804.0,755.0,3181176
2025-06-29T23:26:15.124993,6786.0,754.0,3181930
2025-06-29T23:26:16.277707,6804.0,754.0,3182684
2025-06-29T23:26:17.430416,6768.0,754.0,3183438
2025-06-29T23:26:18.583046,6786.0,756.0,3184194
2025-06-29T23:26:19.736827,6786.0,754.0,3184948
2025-06-29T23:26:20.889394,6804.0,754.0,3185702
2025-06-29T23:26:22.042215,6786.0,755.0,3186457
2025-06-29T23:26:23.194778,6840.0,754.0,3187211
2025-06-29T23:26:24.347548,6786.0,754.0,3187965
2025-06-29T23:26:25.500396,6786.0,754.0,3188719
2025-06-29T23:26:26.652957,6786.0,752.0,3189471
2025-06-29T23:26:27.806672,6786.0,754.0,3190225
2025-06-29T23:26:28.959340,6786.0,753.0,3190978
2025-06-29T23:26:30.111935,6786.0,754.0,3191732
2025-06-29T23:26:31.264735,6786.0,754.0,3192486
2025-06-29T23:26:32.417321,6786.0,753.0,3193239
2025-06-29T23:26:33.570211,6786.0,753.0,3193992
2025-06-29T23:26:34.722769,6786.0,754.0,3194746
2025-06-29T23:26:35.876585,6750.0,754.0,3195500
2025-06-29T23:26:37.029221,6786.0,755.0,3196255
2025-06-29T23:26:38.181943,6786.0,754.0,3197009
2025-06-29T23:26:39.334546,6840.0,753.0,3197762
2025-06-29T23:26:40.487337,6786.0,754.0,3198516
2025-06-29T23:26:41.639913,6786.0,754.0,3199270
2025-06-29T23:26:42.793665,6786.0,754.0,3200024
2025-06-29T23:26:43.946440,6786.0,754.0,3200778
2025-06-29T23:26:45.099143,6732.0,755.0,3201533
2025-06-29T23:26:46.251747,6822.0,754.0,3202287
2025-06-29T23:26:47.404573,6768.0,755.0,3203042
2025-06-29T23:26:48.557115,6786.0,754.0,3203796
2025-06-29T23:26:49.709950,6768.0,755.0,3204551
2025-06-29T23:26:50.863502,6786.0,754.0,3205305
2025-06-29T23:26:52.016212,6786.0,755.0,3206060
2025-06-29T23:26:53.168904,6804.0,754.0,3206814
2025-06-29T23:26:54.321659,6804.0,756.0,3207570
2025-06-29T23:26:55.474337,6786.0,755.0,3208325
2025-06-29T23:26:56.627113,6750.0,755.0,3209080
2025-06-29T23:26:57.780796,6786.0,753.0,3209833
2025-06-29T23:26:58.933448,6786.0,755.0,3210588
2025-06-29T23:27:00.086113,6786.0,752.0,3211340
2025-06-29T23:27:01.238862,6786.0,755.0,3212095
2025-06-29T23:27:02.391523,6786.0,753.0,3212848
2025-06-29T23:27:03.544197,6750.0,753.0,3213601
2025-06-29T23:27:04.696884,6786.0,752.0,3214353
2025-06-29T23:27:05.850610,6786.0,753.0,3215106
2025-06-29T23:27:07.003406,6786.0,754.0,3215860
2025-06-29T23:27:08.156018,6786.0,753.0,3216613
2025-06-29T23:27:09.308763,6768.0,752.0,3217365
2025-06-29T23:27:10.461370,6804.0,754.0,3218119
2025-06-29T23:27:11.614053,6822.0,754.0,3218873
2025-06-29T23:27:12.767826,6786.0,754.0,3219627
2025-06-29T23:27:13.920421,6822.0,754.0,3220381
2025-06-29T23:27:15.073236,6768.0,755.0,3221136
2025-06-29T23:27:16.225910,6804.0,753.0,3221889
2025-06-29T23:27:17.378511,6786.0,753.0,3222642
2025-06-29T23:27:18.531257,6822.0,752.0,3223394
2025-06-29T23:27:19.683938,6750.0,752.0,3224146
2025-06-29T23:27:20.837556,6804.0,753.0,3224899
2025-06-29T23:27:21.990367,6786.0,754.0,3225653
2025-06-29T23:27:23.142953,6804.0,753.0,3226406
2025-06-29T23:27:24.295713,6822.0,753.0,3227159
2025-06-29T23:27:25.448370,6786.0,753.0,3227912
2025-06-29T23:27:26.601146,6786.0,753.0,3228665
2025-06-29T23:27:27.753882,6786.0,752.0,3229417
2025-06-29T23:27:28.907543,6822.0,754.0,3230171
2025-06-29T23:27:30.060116,6786.0,752.0,3230923
2025-06-29T23:27:31.212923,6804.0,755.0,3231678
2025-06-29T23:27:32.365460,6822.0,753.0,3232431
2025-06-29T23:27:33.518320,6786.0,755.0,3233186
2025-06-29T23:27:34.670944,6822.0,753.0,3233939
2025-06-29T23:27:35.824690,6786.0,752.0,3234691
2025-06-29T23:27:36.977406,6786.0,753.0,3235444
2025-06-29T23:27:38.130117,6786.0,755.0,3236199
2025-06-29T23:27:39.282720,6786.0,754.0,3236953
2025-06-29T23:27:40.435479,6768.0,754.0,3237707
2025-06-29T23:27:41.588081,6732.0,752.0,3238459
2025-06-29T23:27:42.740910,6750.0,754.0,3239213
2025-06-29T23:27:43.894577,6822.0,754.0,3239967
2025-06-29T23:27:45.047212,6786.0,753.0,3240720
2025-06-29T23:27:46.200000,6786.0,754.0,3241474
2025-06-29T23:27:47.352694,6786.0,753.0,3242227
2025-06-29T23:27:48.505362,6750.0,753.0,3242980
2025-06-29T23:27:49.658027,6786.0,755.0,3243735
2025-06-29T23:27:50.811756,6822.0,755.0,3244490
2025-06-29T23:27:51.964340,6786.0,755.0,3245245
2025-06-29T23:27:53.117069,6786.0,753.0,3245998
2025-06-29T23:27:54.269707,6750.0,754.0,3246752
2025-06-29T23:27:55.422508,6786.0,754.0,3247506
2025-06-29T23:27:56.575163,6786.0,753.0,3248259
2025-06-29T23:27:57.727921,6786.0,754.0,3249013
2025-06-29T23:27:58.881587,6804.0,754.0,3249767
2025-06-29T23:28:00.034226,6804.0,753.0,3250520
2025-06-29T23:28:01.186882,6804.0,755.0,3251275
2025-06-29T23:28:02.339645,6822.0,755.0,3252030
2025-06-29T23:28:03.492265,6786.0,752.0,3252782
2025-06-29T23:28:04.645116,6786.0,754.0,3253536
2025-06-29T23:28:05.798704,6768.0,754.0,3254290
2025-06-29T23:28:06.951494,6804.0,753.0,3255043
2025-06-29T23:28:08.104146,6786.0,754.0,3255797
2025-06-29T23:28:09.256919,6804.0,754.0,3256551
2025-06-29T23:28:10.409552,6786.0,754.0,3257305
2025-06-29T23:28:11.562205,6768.0,753.0,3258058
2025-06-29T23:28:12.714846,6786.0,751.0,3258809
2025-06-29T23:28:13.868624,6786.0,753.0,3259562
2025-06-29T23:28:15.021279,6732.0,753.0,3260315
2025-06-29T23:28:16.174002,6786.0,755.0,3261070
2025-06-29T23:28:17.326717,6750.0,754.0,3261824
2025-06-29T23:28:18.479489,6804.0,754.0,3262578
2025-06-29T23:28:19.631985,6786.0,754.0,3263332
2025-06-29T23:28:20.784862,6804.0,754.0,3264086
2025-06-29T23:28:21.938540,6786.0,755.0,3264841
2025-06-29T23:28:23.091131,6822.0,754.0,3265595
2025-06-29T23:28:24.243939,6750.0,754.0,3266349
2025-06-29T23:28:25.396565,6786.0,754.0,3267103
2025-06-29T23:28:26.549170,6768.0,752.0,3267855
2025-06-29T23:28:27.702073,6786.0,754.0,3268609
2025-06-29T23:28:28.855686,6786.0,754.0,3269363
2025-06-29T23:28:30.008369,6804.0,753.0,3270116
2025-06-29T23:28:31.161055,6750.0,752.0,3270868
2025-06-29T23:28:32.313746,6822.0,755.0,3271623
2025-06-29T23:28:33.466524,6804.0,752.0,3272375
2025-06-29T23:28:34.619082,6786.0,754.0,3273129
2025-06-29T23:28:35.771800,6750.0,752.0,3273881
2025-06-29T23:28:36.925516,6840.0,753.0,3274634
2025-06-29T23:28:38.078255,6804.0,752.0,3275386
2025-06-29T23:28:39.230983,6804.0,754.0,3276140
2025-06-29T23:28:40.383634,6786.0,753.0,3276893
2025-06-29T23:28:41.536164,6822.0,754.0,3277647
2025-06-29T23:28:42.689033,6786.0,753.0,3278400
2025-06-29T23:28:43.842796,6786.0,754.0,3279154
2025-06-29T23:28:44.995407,6786.0,753.0,3279907
2025-06-29T23:28:46.148133,6804.0,754.0,3280661
2025-06-29T23:28:47.300808,6786.0,753.0,3281414
2025-06-29T23:28:48.453545,6804.0,754.0,3282168
2025-06-29T23:28:49.606251,6822.0,753.0,3282921
2025-06-29T23:28:50.758879,6858.0,754.0,3283675
2025-06-29T23:28:51.912548,6786.0,752.0,3284427
2025-06-29T23:28:53.065353,6750.0,754.0,3285181
2025-06-29T23:28:54.217882,6786.0,755.0,3285936
2025-06-29T23:28:55.370690,6786.0,753.0,3286689
2025-06-29T23:28:56.523334,6786.0,752.0,3287441
2025-06-29T23:28:57.676060,6786.0,754.0,3288195
2025-06-29T23:28:58.828642,6786.0,753.0,3288948
2025-06-29T23:28:59.982549,6822.0,755.0,3289703
2025-06-29T23:29:01.135036,6786.0,754.0,3290457
2025-06-29T23:29:02.287881,6768.0,754.0,3291211
2025-06-29T23:29:03.440520,6804.0,752.0,3291963
2025-06-29T23:29:04.593246,6786.0,753.0,3292716
2025-06-29T23:29:05.745935,6750.0,753.0,3293469
2025-06-29T23:29:06.899618,6804.0,754.0,3294223
2025-06-29T23:29:08.052359,6768.0,754.0,3294977
2025-06-29T23:29:09.205070,6786.0,753.0,3295730
2025-06-29T23:29:10.357698,6822.0,753.0,3296483
2025-06-29T23:29:11.510313,6786.0,753.0,3297236
2025-06-29T23:29:12.663003,6804.0,753.0,3297989
2025-06-29T23:29:13.815769,6786.0,752.0,3298741
2025-06-29T23:29:14.969384,6786.0,754.0,3299495
2025-06-29T23:29:16.122029,6768.0,755.0,3300250
2025-06-29T23:29:17.274787,6786.0,754.0,3301004
2025-06-29T23:29:18.427445,6786.0,754.0,3301758
2025-06-29T23:29:19.580361,6822.0,753.0,3302511
2025-06-29T23:29:20.732967,6768.0,755.0,3303266
2025-06-29T23:29:21.886692,6786.0,753.0,3304019
2025-06-29T23:29:23.039366,6768.0,755.0,3304774
2025-06-29T23:29:24.192037,6804.0,753.0,3305527
2025-06-29T23:29:25.344677,6804.0,753.0,3306280
2025-06-29T23:29:26.497444,6786.0,753.0,3307033
2025-06-29T23:29:27.649991,6786.0,753.0,3307786
2025-06-29T23:29:28.802912,6786.0,754.0,3308540
2025-06-29T23:29:29.956457,6786.0,754.0,3309294
2025-06-29T23:29:31.109267,6786.0,754.0,3310048
2025-06-29T23:29:32.261868,6804.0,753.0,3310801
2025-06-29T23:29:33.414649,6768.0,752.0,3311553
2025-06-29T23:29:34.567164,6786.0,754.0,3312307
2025-06-29T23:29:35.719976,6786.0,754.0,3313061
2025-06-29T23:29:36.873715,6786.0,754.0,3313815
2025-06-29T23:29:38.026411,6768.0,754.0,3314569
2025-06-29T23:29:39.178984,6840.0,754.0,3315323
2025-06-29T23:29:40.331811,6750.0,754.0,3316077
2025-06-29T23:29:41.484397,6786.0,754.0,3316831
2025-06-29T23:29:42.637221,6768.0,755.0,3317586
2025-06-29T23:29:43.789711,6786.0,754.0,3318340
2025-06-29T23:29:44.943544,6768.0,756.0,3319096
2025-06-29T23:29:46.096233,6822.0,755.0,3319851
2025-06-29T23:29:47.248931,6786.0,755.0,3320606
2025-06-29T23:29:48.401605,6786.0,752.0,3321358
2025-06-29T23:29:49.554297,6804.0,754.0,3322112
2025-06-29T23:29:50.707058,6786.0,753.0,3322865
2025-06-29T23:29:51.859778,6786.0,755.0,3323620
2025-06-29T23:29:53.013404,6786.0,754.0,3324374
2025-06-29T23:29:54.166140,6768.0,812.0,3325186
2025-06-29T23:29:55.318787,6840.0,753.0,3325939
2025-06-29T23:29:56.471513,6804.0,754.0,3326693
2025-06-29T23:29:57.624134,6804.0,754.0,3327447
2025-06-29T23:29:58.776907,6786.0,786.0,3328233
2025-06-29T23:29:59.930584,6732.0,754.0,3328987
2025-06-29T23:30:01.084366,6786.0,1172.0,3330159
2025-06-29T23:30:02.237017,6822.0,1606.0,3331765
2025-06-29T23:30:03.388680,6768.0,909.0,3332674
2025-06-29T23:30:04.541423,6786.0,835.0,3333509
2025-06-29T23:30:05.694088,6786.0,852.0,3334361
2025-06-29T23:30:06.847865,6786.0,1026.0,3335387
2025-06-29T23:30:08.000442,6786.0,923.0,3336310
2025-06-29T23:30:09.153061,6786.0,782.0,3337092
2025-06-29T23:30:10.305884,6804.0,781.0,3337873
2025-06-29T23:30:11.458509,6858.0,785.0,3338658
2025-06-29T23:30:12.611271,6804.0,823.0,3339481
2025-06-29T23:30:13.763955,6768.0,770.0,3340251
2025-06-29T23:30:14.917649,6768.0,779.0,3341030
2025-06-29T23:30:16.070255,6786.0,782.0,3341812
2025-06-29T23:30:17.223092,6804.0,758.0,3342570
2025-06-29T23:30:18.375626,6822.0,773.0,3343343
2025-06-29T23:30:19.528399,6840.0,773.0,3344116
2025-06-29T23:30:20.681132,6822.0,762.0,3344878
2025-06-29T23:30:21.833704,6786.0,758.0,3345636
2025-06-29T23:30:22.987527,6768.0,756.0,3346392
2025-06-29T23:30:24.140265,6786.0,756.0,3347148
2025-06-29T23:30:25.292871,6822.0,754.0,3347902
2025-06-29T23:30:26.445612,6750.0,754.0,3348656
2025-06-29T23:30:27.598211,6804.0,757.0,3349413
2025-06-29T23:30:28.751091,6750.0,767.0,3350180
2025-06-29T23:30:29.904631,6768.0,760.0,3350940
2025-06-29T23:30:31.057390,6786.0,754.0,3351694
2025-06-29T23:30:32.210032,6804.0,755.0,3352449
2025-06-29T23:30:33.362844,6750.0,755.0,3353204
2025-06-29T23:30:34.515355,6786.0,756.0,3353960
2025-06-29T23:30:35.668214,6804.0,754.0,3354714
2025-06-29T23:30:36.821798,6840.0,1003.0,3355717
2025-06-29T23:30:37.974504,6786.0,766.0,3356483
2025-06-29T23:30:39.127192,6786.0,768.0,3357251
2025-06-29T23:30:40.279930,6786.0,757.0,3358008
2025-06-29T23:30:41.432640,6786.0,761.0,3358769
2025-06-29T23:30:42.585357,6750.0,755.0,3359524
2025-06-29T23:30:43.737955,6804.0,755.0,3360279
2025-06-29T23:30:44.890713,6786.0,760.0,3361039
2025-06-29T23:30:46.044459,6822.0,813.0,3361852
2025-06-29T23:30:47.197144,6750.0,780.0,3362632
2025-06-29T23:30:48.349765,6786.0,790.0,3363422
2025-06-29T23:30:49.502487,6786.0,786.0,3364208
2025-06-29T23:30:50.655144,6786.0,771.0,3364979
2025-06-29T23:30:51.807891,6786.0,776.0,3365755
2025-06-29T23:30:52.961625,6786.0,762.0,3366517
2025-06-29T23:30:54.114303,6786.0,761.0,3367278
2025-06-29T23:30:55.267027,6822.0,761.0,3368039
2025-06-29T23:30:56.419661,6768.0,758.0,3368797
2025-06-29T23:30:57.572410,6804.0,757.0,3369554
2025-06-29T23:30:58.725008,6786.0,753.0,3370307
2025-06-29T23:30:59.877724,6822.0,754.0,3371061
2025-06-29T23:31:01.031422,6840.0,754.0,3371815
2025-06-29T23:31:02.184081,6858.0,753.0,3372568
2025-06-29T23:31:03.336870,6786.0,755.0,3373323
2025-06-29T23:31:04.489536,6804.0,752.0,3374075
2025-06-29T23:31:05.642259,6732.0,754.0,3374829
2025-06-29T23:31:06.794910,6804.0,758.0,3375587
2025-06-29T23:31:07.948598,6768.0,758.0,3376345
2025-06-29T23:31:09.101302,6768.0,756.0,3377101
2025-06-29T23:31:10.254032,6786.0,754.0,3377855
2025-06-29T23:31:11.406626,6804.0,755.0,3378610
2025-06-29T23:31:12.559409,6750.0,755.0,3379365
2025-06-29T23:31:13.712198,6786.0,753.0,3380118
2025-06-29T23:31:14.864800,6768.0,755.0,3380873
2025-06-29T23:31:16.018382,6804.0,752.0,3381625
2025-06-29T23:31:17.171203,6786.0,753.0,3382378
2025-06-29T23:31:18.323793,6786.0,753.0,3383131
2025-06-29T23:31:19.476588,6786.0,752.0,3383883
2025-06-29T23:31:20.629238,6768.0,754.0,3384637
2025-06-29T23:31:21.781877,6768.0,754.0,3385391
2025-06-29T23:31:22.934644,6786.0,756.0,3386147
2025-06-29T23:31:24.088361,6804.0,763.0,3386910
2025-06-29T23:31:25.241007,6822.0,759.0,3387669
2025-06-29T23:31:26.393777,6786.0,753.0,3388422
2025-06-29T23:31:27.546429,6804.0,754.0,3389176
2025-06-29T23:31:28.699177,6786.0,752.0,3389928
2025-06-29T23:31:29.851733,6804.0,753.0,3390681
2025-06-29T23:31:31.005528,6786.0,754.0,3391435
2025-06-29T23:31:32.158282,6804.0,754.0,3392189
2025-06-29T23:31:33.310970,6786.0,751.0,3392940
2025-06-29T23:31:34.463547,6786.0,753.0,3393693
2025-06-29T23:31:35.616223,6804.0,754.0,3394447
2025-06-29T23:31:36.768942,6804.0,753.0,3395200
2025-06-29T23:31:37.921736,6768.0,752.0,3395952
2025-06-29T23:31:39.075429,6786.0,753.0,3396705
2025-06-29T23:31:40.228025,6786.0,753.0,3397458
2025-06-29T23:31:41.380653,6786.0,754.0,3398212
2025-06-29T23:31:42.533440,6804.0,752.0,3398964
2025-06-29T23:31:43.686080,6786.0,753.0,3399717
2025-06-29T23:31:44.838793,6786.0,753.0,3400470
2025-06-29T23:31:45.992592,6786.0,755.0,3401225
2025-06-29T23:31:47.145296,6786.0,751.0,3401976
2025-06-29T23:31:48.297891,6822.0,755.0,3402731
2025-06-29T23:31:49.450595,6786.0,752.0,3403483
2025-06-29T23:31:50.603361,6822.0,753.0,3404236
2025-06-29T23:31:51.756047,6786.0,753.0,3404989
2025-06-29T23:31:52.908705,6786.0,753.0,3405742
2025-06-29T23:31:54.062423,6786.0,751.0,3406493
2025-06-29T23:31:55.215270,6786.0,755.0,3407248
2025-06-29T23:31:56.367867,6768.0,751.0,3407999
2025-06-29T23:31:57.520580,6786.0,753.0,3408752
2025-06-29T23:31:58.673249,6786.0,754.0,3409506
2025-06-29T23:31:59.825958,6750.0,753.0,3410259
2025-06-29T23:32:00.979658,6786.0,754.0,3411013
2025-06-29T23:32:02.132232,6786.0,754.0,3411767
2025-06-29T23:32:03.285065,6786.0,754.0,3412521
2025-06-29T23:32:04.437697,6768.0,754.0,3413275
2025-06-29T23:32:05.590363,6786.0,753.0,3414028
2025-06-29T23:32:06.743102,6786.0,753.0,3414781
2025-06-29T23:32:07.895806,6768.0,752.0,3415533
2025-06-29T23:32:09.049423,6786.0,752.0,3416285
2025-06-29T23:32:10.202191,6786.0,754.0,3417039
2025-06-29T23:32:11.354796,6786.0,754.0,3417793
2025-06-29T23:32:12.507576,6768.0,753.0,3418546
2025-06-29T23:32:13.660140,6786.0,754.0,3419300
2025-06-29T23:32:14.812934,6786.0,752.0,3420052
2025-06-29T23:32:15.965628,6804.0,755.0,3420807
2025-06-29T23:32:17.119347,6768.0,752.0,3421559
2025-06-29T23:32:18.271988,6858.0,754.0,3422313
2025-06-29T23:32:19.424703,6786.0,752.0,3423065
2025-06-29T23:32:20.577451,6804.0,752.0,3423817
2025-06-29T23:32:21.730131,6786.0,754.0,3424571
2025-06-29T23:32:22.882750,6858.0,754.0,3425325
2025-06-29T23:32:24.037365,6768.0,752.0,3426077
2025-06-29T23:32:25.189124,6804.0,753.0,3426830
2025-06-29T23:32:26.341899,6786.0,756.0,3427586
2025-06-29T23:32:27.494543,6786.0,753.0,3428339
2025-06-29T23:32:28.647263,6768.0,754.0,3429093
2025-06-29T23:32:29.799990,6858.0,753.0,3429846
2025-06-29T23:32:30.952718,6786.0,752.0,3430598
2025-06-29T23:32:32.106360,6786.0,752.0,3431350
2025-06-29T23:32:33.259073,6786.0,755.0,3432105
2025-06-29T23:32:34.411768,6786.0,754.0,3432859
2025-06-29T23:32:35.564524,6768.0,753.0,3433612
2025-06-29T23:32:36.717199,6822.0,754.0,3434366
2025-06-29T23:32:37.869937,6786.0,752.0,3435118
2025-06-29T23:32:39.023617,6804.0,753.0,3435871
2025-06-29T23:32:40.176193,6786.0,753.0,3436624
2025-06-29T23:32:41.328938,6786.0,751.0,3437375
2025-06-29T23:32:42.481643,6786.0,753.0,3438128
2025-06-29T23:32:43.634405,6786.0,754.0,3438882
2025-06-29T23:32:44.787034,6768.0,752.0,3439634
2025-06-29T23:32:45.939780,6804.0,753.0,3440387
2025-06-29T23:32:47.093426,6822.0,755.0,3441142
2025-06-29T23:32:48.246154,6768.0,755.0,3441897
2025-06-29T23:32:49.398782,6786.0,753.0,3442650
2025-06-29T23:32:50.551571,6786.0,753.0,3443403
2025-06-29T23:32:51.704136,6840.0,756.0,3444159
2025-06-29T23:32:52.856911,6786.0,755.0,3444914
2025-06-29T23:32:54.010574,6786.0,753.0,3445667
2025-06-29T23:32:55.163356,6822.0,754.0,3446421
2025-06-29T23:32:56.316016,6822.0,755.0,3447176
2025-06-29T23:32:57.468793,6804.0,754.0,3447930
2025-06-29T23:32:58.621337,6786.0,753.0,3448683
2025-06-29T23:32:59.774098,6786.0,754.0,3449437
2025-06-29T23:33:00.926769,6768.0,753.0,3450190
2025-06-29T23:33:02.080449,6786.0,754.0,3450944
2025-06-29T23:33:03.233175,6768.0,754.0,3451698
2025-06-29T23:33:04.385825,6786.0,753.0,3452451
2025-06-29T23:33:05.538562,6786.0,753.0,3453204
2025-06-29T23:33:06.691288,6786.0,753.0,3453957
2025-06-29T23:33:07.843948,6804.0,753.0,3454710
2025-06-29T23:33:08.996659,6822.0,754.0,3455464
2025-06-29T23:33:10.150345,6768.0,753.0,3456217
2025-06-29T23:33:11.303062,6786.0,755.0,3456972
2025-06-29T23:33:12.455758,6786.0,756.0,3457728
2025-06-29T23:33:13.608476,6804.0,754.0,3458482
2025-06-29T23:33:14.761141,6786.0,754.0,3459236
2025-06-29T23:33:15.913859,6804.0,753.0,3459989
2025-06-29T23:33:17.067535,6786.0,752.0,3460741
2025-06-29T23:33:18.220180,6786.0,753.0,3461494
2025-06-29T23:33:19.372960,6786.0,753.0,3462247
2025-06-29T23:33:20.525641,6822.0,753.0,3463000
2025-06-29T23:33:21.678254,6786.0,755.0,3463755
2025-06-29T23:33:22.830976,6804.0,752.0,3464507
2025-06-29T23:33:23.983655,6786.0,754.0,3465261
2025-06-29T23:33:25.137424,6786.0,752.0,3466013
2025-06-29T23:33:26.290182,6804.0,755.0,3466768
2025-06-29T23:33:27.442699,6804.0,752.0,3467520
2025-06-29T23:33:28.595532,6786.0,753.0,3468273
2025-06-29T23:33:29.748197,6804.0,752.0,3469025
2025-06-29T23:33:30.900857,6786.0,753.0,3469778
2025-06-29T23:33:32.054532,6804.0,759.0,3470537
2025-06-29T23:33:33.207238,6786.0,760.0,3471297
2025-06-29T23:33:34.360013,6786.0,756.0,3472053
2025-06-29T23:33:35.512490,6768.0,755.0,3472808
2025-06-29T23:33:36.665370,6786.0,753.0,3473561
2025-06-29T23:33:37.818067,6786.0,757.0,3474318
2025-06-29T23:33:38.970727,6804.0,759.0,3475077
2025-06-29T23:33:40.124374,6822.0,766.0,3475843
2025-06-29T23:33:41.277202,6804.0,754.0,3476597
2025-06-29T23:33:42.429753,6786.0,754.0,3477351
2025-06-29T23:33:43.582569,6804.0,754.0,3478105
2025-06-29T23:33:44.735075,6786.0,753.0,3478858
2025-06-29T23:33:45.887956,6786.0,753.0,3479611
2025-06-29T23:33:47.040510,6768.0,753.0,3480364
2025-06-29T23:33:48.194386,6786.0,752.0,3481116
2025-06-29T23:33:49.346940,6786.0,756.0,3481872
2025-06-29T23:33:50.499725,6786.0,752.0,3482624
2025-06-29T23:33:51.652327,6804.0,754.0,3483378
2025-06-29T23:33:52.805124,6858.0,752.0,3484130
2025-06-29T23:33:53.957718,6804.0,754.0,3484884
2025-06-29T23:33:55.111463,6804.0,752.0,3485636
2025-06-29T23:33:56.264106,6786.0,754.0,3486390
2025-06-29T23:33:57.416969,6786.0,753.0,3487143
2025-06-29T23:33:58.569476,6786.0,754.0,3487897
2025-06-29T23:33:59.722295,6786.0,753.0,3488650
2025-06-29T23:34:00.874979,6804.0,755.0,3489405
2025-06-29T23:34:02.027593,6804.0,752.0,3490157
2025-06-29T23:34:03.181338,6768.0,753.0,3490910
2025-06-29T23:34:04.334037,6786.0,754.0,3491664
2025-06-29T23:34:05.486755,6786.0,753.0,3492417
2025-06-29T23:34:06.639450,6840.0,863.0,3493280
2025-06-29T23:34:07.792153,6786.0,879.0,3494159
2025-06-29T23:34:08.944927,6804.0,902.0,3495061
2025-06-29T23:34:10.098493,6786.0,870.0,3495931
2025-06-29T23:34:11.251238,6840.0,896.0,3496827
2025-06-29T23:34:12.403820,6786.0,849.0,3497676
2025-06-29T23:34:13.556589,6840.0,817.0,3498493
2025-06-29T23:34:14.709381,6768.0,754.0,3499247
2025-06-29T23:34:15.862046,6822.0,754.0,3500001
2025-06-29T23:34:17.014654,6822.0,754.0,3500755
2025-06-29T23:34:18.168412,6840.0,754.0,3501509
2025-06-29T23:34:19.321160,6786.0,752.0,3502261
2025-06-29T23:34:20.473790,6858.0,754.0,3503015
2025-06-29T23:34:21.626455,6804.0,757.0,3503772
2025-06-29T23:34:22.779174,6804.0,753.0,3504525
2025-06-29T23:34:23.931844,6786.0,752.0,3505277
2025-06-29T23:34:25.086657,6804.0,2662.0,3507939
2025-06-29T23:34:26.239227,6822.0,2443.0,3510382
2025-06-29T23:34:27.392028,6822.0,2548.0,3512930
2025-06-29T23:34:28.544717,6786.0,2500.0,3515430
2025-06-29T23:34:29.697219,6858.0,2531.0,3517961
2025-06-29T23:34:30.850046,6822.0,2534.0,3520495
2025-06-29T23:34:32.002786,6822.0,2547.0,3523042
2025-06-29T23:34:33.156395,6822.0,2551.0,3525593
2025-06-29T23:34:34.309288,6894.0,2512.0,3528105
2025-06-29T23:34:35.461729,6804.0,2416.0,3530521
2025-06-29T23:34:36.614608,6822.0,2463.0,3532984
2025-06-29T23:34:37.767192,6786.0,2485.0,3535469
2025-06-29T23:34:38.919983,6822.0,2429.0,3537898
2025-06-29T23:34:40.072739,6822.0,2370.0,3540268
2025-06-29T23:34:41.226338,6840.0,2410.0,3542678
2025-06-29T23:34:42.378971,6786.0,2458.0,3545136
2025-06-29T23:34:43.531871,6804.0,2420.0,3547556
2025-06-29T23:34:44.684430,6840.0,2352.0,3549908
2025-06-29T23:34:45.837183,6822.0,2518.0,3552426
2025-06-29T23:34:46.989855,6804.0,1514.0,3553940
2025-06-29T23:34:48.142553,6786.0,757.0,3554697
2025-06-29T23:34:49.295152,6804.0,754.0,3555451
2025-06-29T23:34:50.449030,6822.0,1035.0,3556486
2025-06-29T23:34:51.601590,6786.0,1487.0,3557973
2025-06-29T23:34:52.753270,6786.0,754.0,3558727
2025-06-29T23:34:53.905921,6804.0,741.0,3559468
2025-06-29T23:34:55.058722,6786.0,341.0,3559809
2025-06-29T23:34:56.212279,6786.0,149.0,3559958
2025-06-29T23:34:57.363950,6804.0,36.0,3559994
2025-06-29T23:34:58.515641,6786.0,2.0,3559996
2025-06-29T23:34:59.665426,6786.0,-5.0,3559991
2025-06-29T23:35:00.817104,6786.0,2.0,3559993
2025-06-29T23:35:01.966902,6786.0,-7.0,3559986
2025-06-29T23:35:03.115505,6768.0,-7.0,3559979
2025-06-29T23:35:04.265151,6786.0,-5.0,3559974
2025-06-29T23:35:05.417886,6786.0,-7.0,3559967
2025-06-29T23:35:06.570652,6804.0,-7.0,3559960
2025-06-29T23:35:07.723309,6768.0,-6.0,3559954
2025-06-29T23:35:08.876037,6786.0,-7.0,3559947
2025-06-29T23:35:10.028570,6786.0,-7.0,3559940
2025-06-29T23:35:11.177359,6786.0,-5.0,3559935
2025-06-29T23:35:12.325953,6750.0,6.0,3559941
2025-06-29T23:35:13.475733,6786.0,-1.0,3559940
2025-06-29T23:35:14.628410,6750.0,-3.0,3559937
2025-06-29T23:35:15.781011,6804.0,-2.0,3559935
2025-06-29T23:35:16.932777,6786.0,6.0,3559941
2025-06-29T23:35:18.081564,6822.0,7.0,3559948
2025-06-29T23:35:19.231219,6786.0,17.0,3559965
2025-06-29T23:35:20.379915,6786.0,12.0,3559977
2025-06-29T23:35:21.528526,6786.0,8.0,3559985
2025-06-29T23:35:22.677377,6768.0,5.0,3559990
2025-06-29T23:35:23.825969,6750.0,3.0,3559993
2025-06-29T23:35:24.974697,6786.0,1.0,3559994
2025-06-29T23:35:26.124347,6804.0,-2.0,3559992
2025-06-29T23:35:27.275954,6786.0,0.0,3559992
2025-06-29T23:35:28.425715,6768.0,-3.0,3559989
2025-06-29T23:35:29.574512,6750.0,-5.0,3559984
2025-06-29T23:35:30.724151,6750.0,-4.0,3559980
2025-06-29T23:35:31.876971,6786.0,-5.0,3559975
2025-06-29T23:35:33.029534,6786.0,-4.0,3559971
2025-06-29T23:35:34.182330,6786.0,-5.0,3559966
2025-06-29T23:35:35.335025,6768.0,-4.0,3559962
2025-06-29T23:35:36.487758,6786.0,-7.0,3559955
2025-06-29T23:35:37.636463,6768.0,-7.0,3559948
2025-06-29T23:35:38.786179,6786.0,-7.0,3559941
2025-06-29T23:35:39.938725,6786.0,-7.0,3559934
2025-06-29T23:35:41.091495,6786.0,-6.0,3559928
2025-06-29T23:35:42.244059,6768.0,-5.0,3559923
2025-06-29T23:35:43.396914,6786.0,-7.0,3559916
2025-06-29T23:35:44.549535,6858.0,-8.0,3559908
2025-06-29T23:35:46.506710,3933.0,-8.0,-8
2025-06-29T23:35:47.652512,6912.0,-7.0,-15
2025-06-29T23:35:48.800734,6858.0,-8.0,-23
2025-06-29T23:35:49.949601,6876.0,-8.0,-31
2025-06-29T23:35:51.098227,6876.0,-8.0,-39
2025-06-29T23:35:52.246785,6894.0,-7.0,-46
2025-06-29T23:35:53.395627,6840.0,-6.0,-52
2025-06-29T23:35:54.540334,6894.0,-7.0,-59
2025-06-29T23:35:55.685041,6912.0,-7.0,-66
2025-06-29T23:35:56.830628,6858.0,-7.0,-73
2025-06-29T23:35:57.979410,6894.0,-7.0,-80
2025-06-29T23:35:59.128078,6930.0,-7.0,-87
2025-06-29T23:36:00.276628,6858.0,-5.0,-92
2025-06-29T23:36:01.425465,6894.0,-6.0,-98
2025-06-29T23:36:02.575206,6894.0,-3.0,-101
2025-06-29T23:36:03.722918,6912.0,37.0,-64
2025-06-29T23:36:04.871491,6894.0,53.0,-11
2025-06-29T23:36:06.015207,6930.0,25.0,14
2025-06-29T23:36:07.159980,6912.0,3.0,17
2025-06-29T23:36:08.304505,6876.0,2.0,19
2025-06-29T23:36:09.449280,6876.0,6.0,25
2025-06-29T23:36:10.595052,6948.0,33.0,58
2025-06-29T23:36:11.740667,6912.0,63.0,121
2025-06-29T23:36:12.889437,6930.0,63.0,184
2025-06-29T23:36:14.038215,6876.0,63.0,247
2025-06-29T23:36:15.186865,6912.0,59.0,306
2025-06-29T23:36:16.335539,6894.0,59.0,365
2025-06-29T23:36:17.480264,6930.0,48.0,413
2025-06-29T23:36:18.625961,6894.0,26.0,439
2025-06-29T23:36:19.774698,6912.0,64.0,503
2025-06-29T23:36:20.923251,6894.0,57.0,560
2025-06-29T23:36:22.072135,6948.0,32.0,592
2025-06-29T23:36:23.220753,6840.0,30.0,622
2025-06-29T23:36:24.369419,6894.0,31.0,653
2025-06-29T23:36:25.518024,6912.0,31.0,684
2025-06-29T23:36:26.662764,6840.0,30.0,714
2025-06-29T23:36:27.807412,6804.0,21.0,735
2025-06-29T23:36:28.952041,6840.0,0.0,735
2025-06-29T23:36:30.097924,6804.0,26.0,761
2025-06-29T23:36:31.246509,6786.0,64.0,825
2025-06-29T23:36:32.395108,6786.0,64.0,889
2025-06-29T23:36:33.543841,6822.0,60.0,949
2025-06-29T23:36:34.693626,6786.0,56.0,1005
2025-06-29T23:36:35.894874,6822.0,23.0,1028
2025-06-29T23:36:37.043736,6804.0,36.0,1064
2025-06-29T23:36:38.192525,6804.0,25.0,1089
2025-06-29T23:36:39.341981,6804.0,52.0,1141
2025-06-29T23:36:40.490771,6786.0,59.0,1200
2025-06-29T23:36:41.639399,6786.0,64.0,1264
2025-06-29T23:36:42.788258,6804.0,68.0,1332
2025-06-29T23:36:43.937000,6786.0,63.0,1395
2025-06-29T23:36:45.085548,6804.0,66.0,1461
2025-06-29T23:36:46.234359,6840.0,65.0,1526
2025-06-29T23:36:47.382976,6786.0,61.0,1587
2025-06-29T23:36:48.532794,6822.0,58.0,1645
2025-06-29T23:36:49.681383,6804.0,52.0,1697
2025-06-29T23:36:50.830185,6786.0,51.0,1748
2025-06-29T23:36:51.978818,6804.0,13.0,1761
2025-06-29T23:36:53.126533,6804.0,2.0,1763
2025-06-29T23:36:54.275171,6786.0,6.0,1769
2025-06-29T23:36:55.424890,6822.0,14.0,1783
2025-06-29T23:36:56.573611,6822.0,10.0,1793
2025-06-29T23:36:57.723369,6786.0,13.0,1806
2025-06-29T23:36:58.872117,6786.0,15.0,1821
2025-06-29T23:37:00.020822,6840.0,10.0,1831
2025-06-29T23:37:01.169479,6786.0,14.0,1845
2025-06-29T23:37:02.317061,6786.0,9.0,1854
2025-06-29T23:37:03.466940,6822.0,10.0,1864
2025-06-29T23:37:04.614560,6786.0,7.0,1871
2025-06-29T23:37:05.763175,6804.0,7.0,1878
2025-06-29T23:37:06.909017,6786.0,11.0,1889
2025-06-29T23:37:08.057715,6786.0,6.0,1895
2025-06-29T23:37:09.207362,6786.0,25.0,1920
2025-06-29T23:37:10.356198,6822.0,43.0,1963
2025-06-29T23:37:11.504693,6786.0,30.0,1993
2025-06-29T23:37:12.653450,6786.0,58.0,2051
2025-06-29T23:37:13.802183,6786.0,59.0,2110
2025-06-29T23:37:14.950896,6804.0,53.0,2163
2025-06-29T23:37:16.099488,6786.0,47.0,2210
2025-06-29T23:37:17.249344,6822.0,44.0,2254
2025-06-29T23:37:18.397920,6804.0,41.0,2295
2025-06-29T23:37:19.546570,6786.0,65.0,2360
2025-06-29T23:37:20.695359,6804.0,59.0,2419
2025-06-29T23:37:21.844002,6804.0,61.0,2480
2025-06-29T23:37:22.992714,6822.0,64.0,2544
2025-06-29T23:37:24.141409,6804.0,46.0,2590
2025-06-29T23:37:25.290078,6786.0,-3.0,2587
2025-06-29T23:37:26.437901,6804.0,5.0,2592
2025-06-29T23:37:27.583667,6804.0,6.0,2598
2025-06-29T23:37:28.732195,6840.0,6.0,2604
2025-06-29T23:37:29.881103,6786.0,7.0,2611
2025-06-29T23:37:31.029690,6804.0,8.0,2619
2025-06-29T23:37:32.178400,6786.0,7.0,2626
2025-06-29T23:37:33.327022,6822.0,6.0,2632
2025-06-29T23:37:34.475719,6786.0,5.0,2637
2025-06-29T23:37:35.620472,6804.0,6.0,2643
2025-06-29T23:37:36.765092,6786.0,6.0,2649
2025-06-29T23:37:37.910729,6786.0,5.0,2654
2025-06-29T23:37:39.059521,6786.0,3.0,2657
