ISO-10303-21;
HEADER;
FILE_DESCRIPTION(('FreeCAD Model'),'2;1');
FILE_NAME('Open CASCADE Shape Model','2024-11-04T22:26:20',('Author'),(
    ''),'Open CASCADE STEP processor 7.6','FreeCAD','Unknown');
FILE_SCHEMA(('AUTOMOTIVE_DESIGN { 1 0 10303 214 1 1 1 1 }'));
ENDSEC;
DATA;
#1 = APPLICATION_PROTOCOL_DEFINITION('international standard',
  'automotive_design',2000,#2);
#2 = APPLICATION_CONTEXT(
  'core data for automotive mechanical design processes');
#3 = SHAPE_DEFINITION_REPRESENTATION(#4,#10);
#4 = PRODUCT_DEFINITION_SHAPE('','',#5);
#5 = PRODUCT_DEFINITION('design','',#6,#9);
#6 = PRODUCT_DEFINITION_FORMATION('','',#7);
#7 = PRODUCT('BODY','BODY','',(#8));
#8 = PRODUCT_CONTEXT('',#2,'mechanical');
#9 = PRODUCT_DEFINITION_CONTEXT('part definition',#2,'design');
#10 = ADVANCED_BREP_SHAPE_REPRESENTATION('',(#11,#15),#5188);
#11 = AXIS2_PLACEMENT_3D('',#12,#13,#14);
#12 = CARTESIAN_POINT('',(0.,0.,0.));
#13 = DIRECTION('',(0.,0.,1.));
#14 = DIRECTION('',(1.,0.,-0.));
#15 = MANIFOLD_SOLID_BREP('',#16);
#16 = CLOSED_SHELL('',(#17,#1099,#1130,#1155,#1179,#1204,#1228,#1428,
    #1442,#1649,#1673,#1698,#1722,#1747,#1764,#1778,#1802,#1827,#1851,
    #1876,#1893,#1907,#1931,#1956,#1980,#2005,#2022,#2036,#2060,#2085,
    #2109,#2134,#2151,#2165,#2189,#2214,#2238,#2263,#2280,#2294,#2501,
    #2550,#2567,#2584,#2601,#2618,#2630,#2654,#2679,#2703,#2728,#2745,
    #2759,#2783,#2808,#2832,#2857,#2874,#2888,#2912,#2937,#2961,#2986,
    #3003,#3017,#3041,#3066,#3090,#3115,#3132,#3146,#3346,#3370,#3412,
    #3429,#3446,#3463,#3475,#3487,#3511,#3536,#3560,#3585,#3602,#3616,
    #3640,#3665,#3689,#3714,#3731,#3745,#3769,#3794,#3818,#3843,#3860,
    #3874,#3898,#3923,#3947,#3972,#3989,#4003,#4041,#4079,#4117,#4155,
    #4179,#4210,#4248,#4286,#4324,#4341,#4353,#4365,#4382,#4394,#4411,
    #4423,#4440,#4452,#4469,#4481,#4498,#4510,#4527,#4539,#4563,#4588,
    #4612,#4637,#4654,#4668,#4692,#4717,#4741,#4766,#4783,#4797,#4821,
    #4846,#4870,#4895,#4912,#4926,#4950,#4975,#4999,#5024,#5041,#5055,
    #5086,#5110,#5134,#5158,#5175));
#17 = ADVANCED_FACE('',(#18,#1052),#1094,.F.);
#18 = FACE_BOUND('',#19,.F.);
#19 = EDGE_LOOP('',(#20,#30,#38,#46,#55,#63,#72,#80,#88,#96,#105,#113,
    #122,#130,#138,#146,#155,#163,#172,#180,#188,#196,#205,#213,#222,
    #230,#238,#246,#254,#263,#271,#280,#288,#296,#304,#313,#321,#330,
    #338,#346,#354,#363,#371,#380,#388,#396,#404,#413,#421,#430,#438,
    #446,#454,#463,#471,#480,#488,#496,#504,#512,#521,#529,#538,#546,
    #554,#562,#571,#579,#588,#596,#604,#612,#621,#629,#638,#646,#654,
    #662,#671,#679,#688,#696,#704,#712,#721,#729,#738,#746,#754,#762,
    #770,#779,#787,#796,#804,#812,#820,#829,#837,#846,#854,#862,#870,
    #879,#887,#896,#904,#912,#920,#929,#937,#946,#954,#962,#970,#979,
    #987,#996,#1004,#1012,#1020,#1028,#1037,#1045));
#20 = ORIENTED_EDGE('',*,*,#21,.F.);
#21 = EDGE_CURVE('',#22,#24,#26,.T.);
#22 = VERTEX_POINT('',#23);
#23 = CARTESIAN_POINT('',(-1.75,0.,-0.88));
#24 = VERTEX_POINT('',#25);
#25 = CARTESIAN_POINT('',(-1.469,0.,-0.88));
#26 = LINE('',#27,#28);
#27 = CARTESIAN_POINT('',(-1.75,0.,-0.88));
#28 = VECTOR('',#29,1.);
#29 = DIRECTION('',(1.,0.,0.));
#30 = ORIENTED_EDGE('',*,*,#31,.T.);
#31 = EDGE_CURVE('',#22,#32,#34,.T.);
#32 = VERTEX_POINT('',#33);
#33 = CARTESIAN_POINT('',(-1.75,0.,-0.62));
#34 = LINE('',#35,#36);
#35 = CARTESIAN_POINT('',(-1.75,0.,-0.88));
#36 = VECTOR('',#37,1.);
#37 = DIRECTION('',(0.,0.,1.));
#38 = ORIENTED_EDGE('',*,*,#39,.T.);
#39 = EDGE_CURVE('',#32,#40,#42,.T.);
#40 = VERTEX_POINT('',#41);
#41 = CARTESIAN_POINT('',(-1.469,0.,-0.62));
#42 = LINE('',#43,#44);
#43 = CARTESIAN_POINT('',(-1.75,0.,-0.62));
#44 = VECTOR('',#45,1.);
#45 = DIRECTION('',(1.,0.,0.));
#46 = ORIENTED_EDGE('',*,*,#47,.F.);
#47 = EDGE_CURVE('',#48,#40,#50,.T.);
#48 = VERTEX_POINT('',#49);
#49 = CARTESIAN_POINT('',(-1.35,0.,-0.501));
#50 = CIRCLE('',#51,0.119);
#51 = AXIS2_PLACEMENT_3D('',#52,#53,#54);
#52 = CARTESIAN_POINT('',(-1.469,0.,-0.501));
#53 = DIRECTION('',(-0.,1.,0.));
#54 = DIRECTION('',(1.,0.,0.));
#55 = ORIENTED_EDGE('',*,*,#56,.F.);
#56 = EDGE_CURVE('',#57,#48,#59,.T.);
#57 = VERTEX_POINT('',#58);
#58 = CARTESIAN_POINT('',(-1.35,0.,-0.499));
#59 = LINE('',#60,#61);
#60 = CARTESIAN_POINT('',(-1.35,0.,-0.499));
#61 = VECTOR('',#62,1.);
#62 = DIRECTION('',(0.,0.,-1.));
#63 = ORIENTED_EDGE('',*,*,#64,.F.);
#64 = EDGE_CURVE('',#65,#57,#67,.T.);
#65 = VERTEX_POINT('',#66);
#66 = CARTESIAN_POINT('',(-1.469,0.,-0.38));
#67 = CIRCLE('',#68,0.119);
#68 = AXIS2_PLACEMENT_3D('',#69,#70,#71);
#69 = CARTESIAN_POINT('',(-1.469,0.,-0.499));
#70 = DIRECTION('',(0.,1.,0.));
#71 = DIRECTION('',(0.,-0.,1.));
#72 = ORIENTED_EDGE('',*,*,#73,.F.);
#73 = EDGE_CURVE('',#74,#65,#76,.T.);
#74 = VERTEX_POINT('',#75);
#75 = CARTESIAN_POINT('',(-1.75,0.,-0.38));
#76 = LINE('',#77,#78);
#77 = CARTESIAN_POINT('',(-1.75,0.,-0.38));
#78 = VECTOR('',#79,1.);
#79 = DIRECTION('',(1.,0.,0.));
#80 = ORIENTED_EDGE('',*,*,#81,.T.);
#81 = EDGE_CURVE('',#74,#82,#84,.T.);
#82 = VERTEX_POINT('',#83);
#83 = CARTESIAN_POINT('',(-1.75,0.,-0.12));
#84 = LINE('',#85,#86);
#85 = CARTESIAN_POINT('',(-1.75,0.,-0.38));
#86 = VECTOR('',#87,1.);
#87 = DIRECTION('',(0.,0.,1.));
#88 = ORIENTED_EDGE('',*,*,#89,.T.);
#89 = EDGE_CURVE('',#82,#90,#92,.T.);
#90 = VERTEX_POINT('',#91);
#91 = CARTESIAN_POINT('',(-1.469,0.,-0.12));
#92 = LINE('',#93,#94);
#93 = CARTESIAN_POINT('',(-1.75,0.,-0.12));
#94 = VECTOR('',#95,1.);
#95 = DIRECTION('',(1.,0.,0.));
#96 = ORIENTED_EDGE('',*,*,#97,.F.);
#97 = EDGE_CURVE('',#98,#90,#100,.T.);
#98 = VERTEX_POINT('',#99);
#99 = CARTESIAN_POINT('',(-1.35,0.,-1.E-03));
#100 = CIRCLE('',#101,0.119);
#101 = AXIS2_PLACEMENT_3D('',#102,#103,#104);
#102 = CARTESIAN_POINT('',(-1.469,0.,-1.E-03));
#103 = DIRECTION('',(-0.,1.,0.));
#104 = DIRECTION('',(1.,0.,0.));
#105 = ORIENTED_EDGE('',*,*,#106,.F.);
#106 = EDGE_CURVE('',#107,#98,#109,.T.);
#107 = VERTEX_POINT('',#108);
#108 = CARTESIAN_POINT('',(-1.35,0.,1.E-03));
#109 = LINE('',#110,#111);
#110 = CARTESIAN_POINT('',(-1.35,0.,1.E-03));
#111 = VECTOR('',#112,1.);
#112 = DIRECTION('',(0.,0.,-1.));
#113 = ORIENTED_EDGE('',*,*,#114,.F.);
#114 = EDGE_CURVE('',#115,#107,#117,.T.);
#115 = VERTEX_POINT('',#116);
#116 = CARTESIAN_POINT('',(-1.469,0.,0.12));
#117 = CIRCLE('',#118,0.119);
#118 = AXIS2_PLACEMENT_3D('',#119,#120,#121);
#119 = CARTESIAN_POINT('',(-1.469,0.,1.E-03));
#120 = DIRECTION('',(0.,1.,0.));
#121 = DIRECTION('',(0.,-0.,1.));
#122 = ORIENTED_EDGE('',*,*,#123,.F.);
#123 = EDGE_CURVE('',#124,#115,#126,.T.);
#124 = VERTEX_POINT('',#125);
#125 = CARTESIAN_POINT('',(-1.75,0.,0.12));
#126 = LINE('',#127,#128);
#127 = CARTESIAN_POINT('',(-1.75,0.,0.12));
#128 = VECTOR('',#129,1.);
#129 = DIRECTION('',(1.,0.,0.));
#130 = ORIENTED_EDGE('',*,*,#131,.T.);
#131 = EDGE_CURVE('',#124,#132,#134,.T.);
#132 = VERTEX_POINT('',#133);
#133 = CARTESIAN_POINT('',(-1.75,0.,0.38));
#134 = LINE('',#135,#136);
#135 = CARTESIAN_POINT('',(-1.75,0.,0.12));
#136 = VECTOR('',#137,1.);
#137 = DIRECTION('',(0.,0.,1.));
#138 = ORIENTED_EDGE('',*,*,#139,.T.);
#139 = EDGE_CURVE('',#132,#140,#142,.T.);
#140 = VERTEX_POINT('',#141);
#141 = CARTESIAN_POINT('',(-1.469,0.,0.38));
#142 = LINE('',#143,#144);
#143 = CARTESIAN_POINT('',(-1.75,0.,0.38));
#144 = VECTOR('',#145,1.);
#145 = DIRECTION('',(1.,0.,0.));
#146 = ORIENTED_EDGE('',*,*,#147,.F.);
#147 = EDGE_CURVE('',#148,#140,#150,.T.);
#148 = VERTEX_POINT('',#149);
#149 = CARTESIAN_POINT('',(-1.35,0.,0.499));
#150 = CIRCLE('',#151,0.119);
#151 = AXIS2_PLACEMENT_3D('',#152,#153,#154);
#152 = CARTESIAN_POINT('',(-1.469,0.,0.499));
#153 = DIRECTION('',(-0.,1.,0.));
#154 = DIRECTION('',(1.,0.,0.));
#155 = ORIENTED_EDGE('',*,*,#156,.F.);
#156 = EDGE_CURVE('',#157,#148,#159,.T.);
#157 = VERTEX_POINT('',#158);
#158 = CARTESIAN_POINT('',(-1.35,0.,0.501));
#159 = LINE('',#160,#161);
#160 = CARTESIAN_POINT('',(-1.35,0.,0.501));
#161 = VECTOR('',#162,1.);
#162 = DIRECTION('',(0.,0.,-1.));
#163 = ORIENTED_EDGE('',*,*,#164,.F.);
#164 = EDGE_CURVE('',#165,#157,#167,.T.);
#165 = VERTEX_POINT('',#166);
#166 = CARTESIAN_POINT('',(-1.469,0.,0.62));
#167 = CIRCLE('',#168,0.119);
#168 = AXIS2_PLACEMENT_3D('',#169,#170,#171);
#169 = CARTESIAN_POINT('',(-1.469,0.,0.501));
#170 = DIRECTION('',(0.,1.,0.));
#171 = DIRECTION('',(0.,-0.,1.));
#172 = ORIENTED_EDGE('',*,*,#173,.F.);
#173 = EDGE_CURVE('',#174,#165,#176,.T.);
#174 = VERTEX_POINT('',#175);
#175 = CARTESIAN_POINT('',(-1.75,0.,0.62));
#176 = LINE('',#177,#178);
#177 = CARTESIAN_POINT('',(-1.75,0.,0.62));
#178 = VECTOR('',#179,1.);
#179 = DIRECTION('',(1.,0.,0.));
#180 = ORIENTED_EDGE('',*,*,#181,.T.);
#181 = EDGE_CURVE('',#174,#182,#184,.T.);
#182 = VERTEX_POINT('',#183);
#183 = CARTESIAN_POINT('',(-1.75,0.,0.88));
#184 = LINE('',#185,#186);
#185 = CARTESIAN_POINT('',(-1.75,0.,0.62));
#186 = VECTOR('',#187,1.);
#187 = DIRECTION('',(0.,0.,1.));
#188 = ORIENTED_EDGE('',*,*,#189,.T.);
#189 = EDGE_CURVE('',#182,#190,#192,.T.);
#190 = VERTEX_POINT('',#191);
#191 = CARTESIAN_POINT('',(-1.469,0.,0.88));
#192 = LINE('',#193,#194);
#193 = CARTESIAN_POINT('',(-1.75,0.,0.88));
#194 = VECTOR('',#195,1.);
#195 = DIRECTION('',(1.,0.,0.));
#196 = ORIENTED_EDGE('',*,*,#197,.F.);
#197 = EDGE_CURVE('',#198,#190,#200,.T.);
#198 = VERTEX_POINT('',#199);
#199 = CARTESIAN_POINT('',(-1.35,0.,0.999));
#200 = CIRCLE('',#201,0.119);
#201 = AXIS2_PLACEMENT_3D('',#202,#203,#204);
#202 = CARTESIAN_POINT('',(-1.469,0.,0.999));
#203 = DIRECTION('',(-0.,1.,0.));
#204 = DIRECTION('',(1.,0.,0.));
#205 = ORIENTED_EDGE('',*,*,#206,.F.);
#206 = EDGE_CURVE('',#207,#198,#209,.T.);
#207 = VERTEX_POINT('',#208);
#208 = CARTESIAN_POINT('',(-1.35,0.,1.001));
#209 = LINE('',#210,#211);
#210 = CARTESIAN_POINT('',(-1.35,0.,1.001));
#211 = VECTOR('',#212,1.);
#212 = DIRECTION('',(0.,0.,-1.));
#213 = ORIENTED_EDGE('',*,*,#214,.F.);
#214 = EDGE_CURVE('',#215,#207,#217,.T.);
#215 = VERTEX_POINT('',#216);
#216 = CARTESIAN_POINT('',(-1.469,0.,1.12));
#217 = CIRCLE('',#218,0.119);
#218 = AXIS2_PLACEMENT_3D('',#219,#220,#221);
#219 = CARTESIAN_POINT('',(-1.469,0.,1.001));
#220 = DIRECTION('',(0.,1.,0.));
#221 = DIRECTION('',(0.,-0.,1.));
#222 = ORIENTED_EDGE('',*,*,#223,.F.);
#223 = EDGE_CURVE('',#224,#215,#226,.T.);
#224 = VERTEX_POINT('',#225);
#225 = CARTESIAN_POINT('',(-1.75,0.,1.12));
#226 = LINE('',#227,#228);
#227 = CARTESIAN_POINT('',(-1.75,0.,1.12));
#228 = VECTOR('',#229,1.);
#229 = DIRECTION('',(1.,0.,0.));
#230 = ORIENTED_EDGE('',*,*,#231,.T.);
#231 = EDGE_CURVE('',#224,#232,#234,.T.);
#232 = VERTEX_POINT('',#233);
#233 = CARTESIAN_POINT('',(-1.75,0.,1.75));
#234 = LINE('',#235,#236);
#235 = CARTESIAN_POINT('',(-1.75,0.,1.12));
#236 = VECTOR('',#237,1.);
#237 = DIRECTION('',(0.,0.,1.));
#238 = ORIENTED_EDGE('',*,*,#239,.T.);
#239 = EDGE_CURVE('',#232,#240,#242,.T.);
#240 = VERTEX_POINT('',#241);
#241 = CARTESIAN_POINT('',(-1.12,0.,1.75));
#242 = LINE('',#243,#244);
#243 = CARTESIAN_POINT('',(-1.75,0.,1.75));
#244 = VECTOR('',#245,1.);
#245 = DIRECTION('',(1.,0.,0.));
#246 = ORIENTED_EDGE('',*,*,#247,.T.);
#247 = EDGE_CURVE('',#240,#248,#250,.T.);
#248 = VERTEX_POINT('',#249);
#249 = CARTESIAN_POINT('',(-1.12,0.,1.469));
#250 = LINE('',#251,#252);
#251 = CARTESIAN_POINT('',(-1.12,0.,1.75));
#252 = VECTOR('',#253,1.);
#253 = DIRECTION('',(0.,0.,-1.));
#254 = ORIENTED_EDGE('',*,*,#255,.T.);
#255 = EDGE_CURVE('',#248,#256,#258,.T.);
#256 = VERTEX_POINT('',#257);
#257 = CARTESIAN_POINT('',(-1.001,0.,1.35));
#258 = CIRCLE('',#259,0.119);
#259 = AXIS2_PLACEMENT_3D('',#260,#261,#262);
#260 = CARTESIAN_POINT('',(-1.001,0.,1.469));
#261 = DIRECTION('',(0.,-1.,0.));
#262 = DIRECTION('',(-1.,0.,0.));
#263 = ORIENTED_EDGE('',*,*,#264,.T.);
#264 = EDGE_CURVE('',#256,#265,#267,.T.);
#265 = VERTEX_POINT('',#266);
#266 = CARTESIAN_POINT('',(-0.999,0.,1.35));
#267 = LINE('',#268,#269);
#268 = CARTESIAN_POINT('',(-1.001,0.,1.35));
#269 = VECTOR('',#270,1.);
#270 = DIRECTION('',(1.,0.,0.));
#271 = ORIENTED_EDGE('',*,*,#272,.T.);
#272 = EDGE_CURVE('',#265,#273,#275,.T.);
#273 = VERTEX_POINT('',#274);
#274 = CARTESIAN_POINT('',(-0.88,0.,1.469));
#275 = CIRCLE('',#276,0.119);
#276 = AXIS2_PLACEMENT_3D('',#277,#278,#279);
#277 = CARTESIAN_POINT('',(-0.999,0.,1.469));
#278 = DIRECTION('',(0.,-1.,0.));
#279 = DIRECTION('',(0.,0.,-1.));
#280 = ORIENTED_EDGE('',*,*,#281,.F.);
#281 = EDGE_CURVE('',#282,#273,#284,.T.);
#282 = VERTEX_POINT('',#283);
#283 = CARTESIAN_POINT('',(-0.88,0.,1.75));
#284 = LINE('',#285,#286);
#285 = CARTESIAN_POINT('',(-0.88,0.,1.75));
#286 = VECTOR('',#287,1.);
#287 = DIRECTION('',(0.,0.,-1.));
#288 = ORIENTED_EDGE('',*,*,#289,.T.);
#289 = EDGE_CURVE('',#282,#290,#292,.T.);
#290 = VERTEX_POINT('',#291);
#291 = CARTESIAN_POINT('',(-0.62,0.,1.75));
#292 = LINE('',#293,#294);
#293 = CARTESIAN_POINT('',(-0.88,0.,1.75));
#294 = VECTOR('',#295,1.);
#295 = DIRECTION('',(1.,0.,0.));
#296 = ORIENTED_EDGE('',*,*,#297,.T.);
#297 = EDGE_CURVE('',#290,#298,#300,.T.);
#298 = VERTEX_POINT('',#299);
#299 = CARTESIAN_POINT('',(-0.62,0.,1.469));
#300 = LINE('',#301,#302);
#301 = CARTESIAN_POINT('',(-0.62,0.,1.75));
#302 = VECTOR('',#303,1.);
#303 = DIRECTION('',(0.,0.,-1.));
#304 = ORIENTED_EDGE('',*,*,#305,.T.);
#305 = EDGE_CURVE('',#298,#306,#308,.T.);
#306 = VERTEX_POINT('',#307);
#307 = CARTESIAN_POINT('',(-0.501,0.,1.35));
#308 = CIRCLE('',#309,0.119);
#309 = AXIS2_PLACEMENT_3D('',#310,#311,#312);
#310 = CARTESIAN_POINT('',(-0.501,0.,1.469));
#311 = DIRECTION('',(0.,-1.,0.));
#312 = DIRECTION('',(-1.,0.,0.));
#313 = ORIENTED_EDGE('',*,*,#314,.T.);
#314 = EDGE_CURVE('',#306,#315,#317,.T.);
#315 = VERTEX_POINT('',#316);
#316 = CARTESIAN_POINT('',(-0.499,0.,1.35));
#317 = LINE('',#318,#319);
#318 = CARTESIAN_POINT('',(-0.501,0.,1.35));
#319 = VECTOR('',#320,1.);
#320 = DIRECTION('',(1.,0.,0.));
#321 = ORIENTED_EDGE('',*,*,#322,.T.);
#322 = EDGE_CURVE('',#315,#323,#325,.T.);
#323 = VERTEX_POINT('',#324);
#324 = CARTESIAN_POINT('',(-0.38,0.,1.469));
#325 = CIRCLE('',#326,0.119);
#326 = AXIS2_PLACEMENT_3D('',#327,#328,#329);
#327 = CARTESIAN_POINT('',(-0.499,0.,1.469));
#328 = DIRECTION('',(0.,-1.,0.));
#329 = DIRECTION('',(0.,0.,-1.));
#330 = ORIENTED_EDGE('',*,*,#331,.F.);
#331 = EDGE_CURVE('',#332,#323,#334,.T.);
#332 = VERTEX_POINT('',#333);
#333 = CARTESIAN_POINT('',(-0.38,0.,1.75));
#334 = LINE('',#335,#336);
#335 = CARTESIAN_POINT('',(-0.38,0.,1.75));
#336 = VECTOR('',#337,1.);
#337 = DIRECTION('',(0.,0.,-1.));
#338 = ORIENTED_EDGE('',*,*,#339,.T.);
#339 = EDGE_CURVE('',#332,#340,#342,.T.);
#340 = VERTEX_POINT('',#341);
#341 = CARTESIAN_POINT('',(-0.12,0.,1.75));
#342 = LINE('',#343,#344);
#343 = CARTESIAN_POINT('',(-0.38,0.,1.75));
#344 = VECTOR('',#345,1.);
#345 = DIRECTION('',(1.,0.,0.));
#346 = ORIENTED_EDGE('',*,*,#347,.T.);
#347 = EDGE_CURVE('',#340,#348,#350,.T.);
#348 = VERTEX_POINT('',#349);
#349 = CARTESIAN_POINT('',(-0.12,0.,1.469));
#350 = LINE('',#351,#352);
#351 = CARTESIAN_POINT('',(-0.12,0.,1.75));
#352 = VECTOR('',#353,1.);
#353 = DIRECTION('',(0.,0.,-1.));
#354 = ORIENTED_EDGE('',*,*,#355,.T.);
#355 = EDGE_CURVE('',#348,#356,#358,.T.);
#356 = VERTEX_POINT('',#357);
#357 = CARTESIAN_POINT('',(-1.E-03,0.,1.35));
#358 = CIRCLE('',#359,0.119);
#359 = AXIS2_PLACEMENT_3D('',#360,#361,#362);
#360 = CARTESIAN_POINT('',(-1.E-03,0.,1.469));
#361 = DIRECTION('',(0.,-1.,0.));
#362 = DIRECTION('',(-1.,0.,0.));
#363 = ORIENTED_EDGE('',*,*,#364,.T.);
#364 = EDGE_CURVE('',#356,#365,#367,.T.);
#365 = VERTEX_POINT('',#366);
#366 = CARTESIAN_POINT('',(1.E-03,0.,1.35));
#367 = LINE('',#368,#369);
#368 = CARTESIAN_POINT('',(-1.E-03,0.,1.35));
#369 = VECTOR('',#370,1.);
#370 = DIRECTION('',(1.,0.,0.));
#371 = ORIENTED_EDGE('',*,*,#372,.T.);
#372 = EDGE_CURVE('',#365,#373,#375,.T.);
#373 = VERTEX_POINT('',#374);
#374 = CARTESIAN_POINT('',(0.12,0.,1.469));
#375 = CIRCLE('',#376,0.119);
#376 = AXIS2_PLACEMENT_3D('',#377,#378,#379);
#377 = CARTESIAN_POINT('',(1.E-03,0.,1.469));
#378 = DIRECTION('',(0.,-1.,0.));
#379 = DIRECTION('',(0.,0.,-1.));
#380 = ORIENTED_EDGE('',*,*,#381,.F.);
#381 = EDGE_CURVE('',#382,#373,#384,.T.);
#382 = VERTEX_POINT('',#383);
#383 = CARTESIAN_POINT('',(0.12,0.,1.75));
#384 = LINE('',#385,#386);
#385 = CARTESIAN_POINT('',(0.12,0.,1.75));
#386 = VECTOR('',#387,1.);
#387 = DIRECTION('',(0.,0.,-1.));
#388 = ORIENTED_EDGE('',*,*,#389,.T.);
#389 = EDGE_CURVE('',#382,#390,#392,.T.);
#390 = VERTEX_POINT('',#391);
#391 = CARTESIAN_POINT('',(0.38,0.,1.75));
#392 = LINE('',#393,#394);
#393 = CARTESIAN_POINT('',(0.12,0.,1.75));
#394 = VECTOR('',#395,1.);
#395 = DIRECTION('',(1.,0.,0.));
#396 = ORIENTED_EDGE('',*,*,#397,.T.);
#397 = EDGE_CURVE('',#390,#398,#400,.T.);
#398 = VERTEX_POINT('',#399);
#399 = CARTESIAN_POINT('',(0.38,0.,1.469));
#400 = LINE('',#401,#402);
#401 = CARTESIAN_POINT('',(0.38,0.,1.75));
#402 = VECTOR('',#403,1.);
#403 = DIRECTION('',(0.,0.,-1.));
#404 = ORIENTED_EDGE('',*,*,#405,.T.);
#405 = EDGE_CURVE('',#398,#406,#408,.T.);
#406 = VERTEX_POINT('',#407);
#407 = CARTESIAN_POINT('',(0.499,0.,1.35));
#408 = CIRCLE('',#409,0.119);
#409 = AXIS2_PLACEMENT_3D('',#410,#411,#412);
#410 = CARTESIAN_POINT('',(0.499,0.,1.469));
#411 = DIRECTION('',(0.,-1.,0.));
#412 = DIRECTION('',(-1.,0.,0.));
#413 = ORIENTED_EDGE('',*,*,#414,.T.);
#414 = EDGE_CURVE('',#406,#415,#417,.T.);
#415 = VERTEX_POINT('',#416);
#416 = CARTESIAN_POINT('',(0.501,0.,1.35));
#417 = LINE('',#418,#419);
#418 = CARTESIAN_POINT('',(0.499,0.,1.35));
#419 = VECTOR('',#420,1.);
#420 = DIRECTION('',(1.,0.,0.));
#421 = ORIENTED_EDGE('',*,*,#422,.T.);
#422 = EDGE_CURVE('',#415,#423,#425,.T.);
#423 = VERTEX_POINT('',#424);
#424 = CARTESIAN_POINT('',(0.62,0.,1.469));
#425 = CIRCLE('',#426,0.119);
#426 = AXIS2_PLACEMENT_3D('',#427,#428,#429);
#427 = CARTESIAN_POINT('',(0.501,0.,1.469));
#428 = DIRECTION('',(0.,-1.,0.));
#429 = DIRECTION('',(0.,0.,-1.));
#430 = ORIENTED_EDGE('',*,*,#431,.F.);
#431 = EDGE_CURVE('',#432,#423,#434,.T.);
#432 = VERTEX_POINT('',#433);
#433 = CARTESIAN_POINT('',(0.62,0.,1.75));
#434 = LINE('',#435,#436);
#435 = CARTESIAN_POINT('',(0.62,0.,1.75));
#436 = VECTOR('',#437,1.);
#437 = DIRECTION('',(0.,0.,-1.));
#438 = ORIENTED_EDGE('',*,*,#439,.T.);
#439 = EDGE_CURVE('',#432,#440,#442,.T.);
#440 = VERTEX_POINT('',#441);
#441 = CARTESIAN_POINT('',(0.88,0.,1.75));
#442 = LINE('',#443,#444);
#443 = CARTESIAN_POINT('',(0.62,0.,1.75));
#444 = VECTOR('',#445,1.);
#445 = DIRECTION('',(1.,0.,0.));
#446 = ORIENTED_EDGE('',*,*,#447,.T.);
#447 = EDGE_CURVE('',#440,#448,#450,.T.);
#448 = VERTEX_POINT('',#449);
#449 = CARTESIAN_POINT('',(0.88,0.,1.469));
#450 = LINE('',#451,#452);
#451 = CARTESIAN_POINT('',(0.88,0.,1.75));
#452 = VECTOR('',#453,1.);
#453 = DIRECTION('',(0.,0.,-1.));
#454 = ORIENTED_EDGE('',*,*,#455,.T.);
#455 = EDGE_CURVE('',#448,#456,#458,.T.);
#456 = VERTEX_POINT('',#457);
#457 = CARTESIAN_POINT('',(0.999,0.,1.35));
#458 = CIRCLE('',#459,0.119);
#459 = AXIS2_PLACEMENT_3D('',#460,#461,#462);
#460 = CARTESIAN_POINT('',(0.999,0.,1.469));
#461 = DIRECTION('',(0.,-1.,0.));
#462 = DIRECTION('',(-1.,0.,0.));
#463 = ORIENTED_EDGE('',*,*,#464,.T.);
#464 = EDGE_CURVE('',#456,#465,#467,.T.);
#465 = VERTEX_POINT('',#466);
#466 = CARTESIAN_POINT('',(1.001,0.,1.35));
#467 = LINE('',#468,#469);
#468 = CARTESIAN_POINT('',(0.999,0.,1.35));
#469 = VECTOR('',#470,1.);
#470 = DIRECTION('',(1.,0.,0.));
#471 = ORIENTED_EDGE('',*,*,#472,.T.);
#472 = EDGE_CURVE('',#465,#473,#475,.T.);
#473 = VERTEX_POINT('',#474);
#474 = CARTESIAN_POINT('',(1.12,0.,1.469));
#475 = CIRCLE('',#476,0.119);
#476 = AXIS2_PLACEMENT_3D('',#477,#478,#479);
#477 = CARTESIAN_POINT('',(1.001,0.,1.469));
#478 = DIRECTION('',(0.,-1.,0.));
#479 = DIRECTION('',(0.,0.,-1.));
#480 = ORIENTED_EDGE('',*,*,#481,.F.);
#481 = EDGE_CURVE('',#482,#473,#484,.T.);
#482 = VERTEX_POINT('',#483);
#483 = CARTESIAN_POINT('',(1.12,0.,1.75));
#484 = LINE('',#485,#486);
#485 = CARTESIAN_POINT('',(1.12,0.,1.75));
#486 = VECTOR('',#487,1.);
#487 = DIRECTION('',(0.,0.,-1.));
#488 = ORIENTED_EDGE('',*,*,#489,.T.);
#489 = EDGE_CURVE('',#482,#490,#492,.T.);
#490 = VERTEX_POINT('',#491);
#491 = CARTESIAN_POINT('',(1.75,0.,1.75));
#492 = LINE('',#493,#494);
#493 = CARTESIAN_POINT('',(1.12,0.,1.75));
#494 = VECTOR('',#495,1.);
#495 = DIRECTION('',(1.,0.,0.));
#496 = ORIENTED_EDGE('',*,*,#497,.T.);
#497 = EDGE_CURVE('',#490,#498,#500,.T.);
#498 = VERTEX_POINT('',#499);
#499 = CARTESIAN_POINT('',(1.75,0.,1.12));
#500 = LINE('',#501,#502);
#501 = CARTESIAN_POINT('',(1.75,0.,1.75));
#502 = VECTOR('',#503,1.);
#503 = DIRECTION('',(0.,0.,-1.));
#504 = ORIENTED_EDGE('',*,*,#505,.T.);
#505 = EDGE_CURVE('',#498,#506,#508,.T.);
#506 = VERTEX_POINT('',#507);
#507 = CARTESIAN_POINT('',(1.469,0.,1.12));
#508 = LINE('',#509,#510);
#509 = CARTESIAN_POINT('',(1.75,0.,1.12));
#510 = VECTOR('',#511,1.);
#511 = DIRECTION('',(-1.,0.,0.));
#512 = ORIENTED_EDGE('',*,*,#513,.T.);
#513 = EDGE_CURVE('',#506,#514,#516,.T.);
#514 = VERTEX_POINT('',#515);
#515 = CARTESIAN_POINT('',(1.35,0.,1.001));
#516 = CIRCLE('',#517,0.119);
#517 = AXIS2_PLACEMENT_3D('',#518,#519,#520);
#518 = CARTESIAN_POINT('',(1.469,0.,1.001));
#519 = DIRECTION('',(0.,-1.,0.));
#520 = DIRECTION('',(0.,0.,1.));
#521 = ORIENTED_EDGE('',*,*,#522,.T.);
#522 = EDGE_CURVE('',#514,#523,#525,.T.);
#523 = VERTEX_POINT('',#524);
#524 = CARTESIAN_POINT('',(1.35,0.,0.999));
#525 = LINE('',#526,#527);
#526 = CARTESIAN_POINT('',(1.35,0.,1.001));
#527 = VECTOR('',#528,1.);
#528 = DIRECTION('',(0.,0.,-1.));
#529 = ORIENTED_EDGE('',*,*,#530,.T.);
#530 = EDGE_CURVE('',#523,#531,#533,.T.);
#531 = VERTEX_POINT('',#532);
#532 = CARTESIAN_POINT('',(1.469,0.,0.88));
#533 = CIRCLE('',#534,0.119);
#534 = AXIS2_PLACEMENT_3D('',#535,#536,#537);
#535 = CARTESIAN_POINT('',(1.469,0.,0.999));
#536 = DIRECTION('',(0.,-1.,0.));
#537 = DIRECTION('',(-1.,0.,0.));
#538 = ORIENTED_EDGE('',*,*,#539,.F.);
#539 = EDGE_CURVE('',#540,#531,#542,.T.);
#540 = VERTEX_POINT('',#541);
#541 = CARTESIAN_POINT('',(1.75,0.,0.88));
#542 = LINE('',#543,#544);
#543 = CARTESIAN_POINT('',(1.75,0.,0.88));
#544 = VECTOR('',#545,1.);
#545 = DIRECTION('',(-1.,0.,0.));
#546 = ORIENTED_EDGE('',*,*,#547,.T.);
#547 = EDGE_CURVE('',#540,#548,#550,.T.);
#548 = VERTEX_POINT('',#549);
#549 = CARTESIAN_POINT('',(1.75,0.,0.62));
#550 = LINE('',#551,#552);
#551 = CARTESIAN_POINT('',(1.75,0.,0.88));
#552 = VECTOR('',#553,1.);
#553 = DIRECTION('',(0.,0.,-1.));
#554 = ORIENTED_EDGE('',*,*,#555,.T.);
#555 = EDGE_CURVE('',#548,#556,#558,.T.);
#556 = VERTEX_POINT('',#557);
#557 = CARTESIAN_POINT('',(1.469,0.,0.62));
#558 = LINE('',#559,#560);
#559 = CARTESIAN_POINT('',(1.75,0.,0.62));
#560 = VECTOR('',#561,1.);
#561 = DIRECTION('',(-1.,0.,0.));
#562 = ORIENTED_EDGE('',*,*,#563,.T.);
#563 = EDGE_CURVE('',#556,#564,#566,.T.);
#564 = VERTEX_POINT('',#565);
#565 = CARTESIAN_POINT('',(1.35,0.,0.501));
#566 = CIRCLE('',#567,0.119);
#567 = AXIS2_PLACEMENT_3D('',#568,#569,#570);
#568 = CARTESIAN_POINT('',(1.469,0.,0.501));
#569 = DIRECTION('',(0.,-1.,0.));
#570 = DIRECTION('',(0.,0.,1.));
#571 = ORIENTED_EDGE('',*,*,#572,.T.);
#572 = EDGE_CURVE('',#564,#573,#575,.T.);
#573 = VERTEX_POINT('',#574);
#574 = CARTESIAN_POINT('',(1.35,0.,0.499));
#575 = LINE('',#576,#577);
#576 = CARTESIAN_POINT('',(1.35,0.,0.501));
#577 = VECTOR('',#578,1.);
#578 = DIRECTION('',(0.,0.,-1.));
#579 = ORIENTED_EDGE('',*,*,#580,.T.);
#580 = EDGE_CURVE('',#573,#581,#583,.T.);
#581 = VERTEX_POINT('',#582);
#582 = CARTESIAN_POINT('',(1.469,0.,0.38));
#583 = CIRCLE('',#584,0.119);
#584 = AXIS2_PLACEMENT_3D('',#585,#586,#587);
#585 = CARTESIAN_POINT('',(1.469,0.,0.499));
#586 = DIRECTION('',(0.,-1.,0.));
#587 = DIRECTION('',(-1.,0.,0.));
#588 = ORIENTED_EDGE('',*,*,#589,.F.);
#589 = EDGE_CURVE('',#590,#581,#592,.T.);
#590 = VERTEX_POINT('',#591);
#591 = CARTESIAN_POINT('',(1.75,0.,0.38));
#592 = LINE('',#593,#594);
#593 = CARTESIAN_POINT('',(1.75,0.,0.38));
#594 = VECTOR('',#595,1.);
#595 = DIRECTION('',(-1.,0.,0.));
#596 = ORIENTED_EDGE('',*,*,#597,.T.);
#597 = EDGE_CURVE('',#590,#598,#600,.T.);
#598 = VERTEX_POINT('',#599);
#599 = CARTESIAN_POINT('',(1.75,0.,0.12));
#600 = LINE('',#601,#602);
#601 = CARTESIAN_POINT('',(1.75,0.,0.38));
#602 = VECTOR('',#603,1.);
#603 = DIRECTION('',(0.,0.,-1.));
#604 = ORIENTED_EDGE('',*,*,#605,.T.);
#605 = EDGE_CURVE('',#598,#606,#608,.T.);
#606 = VERTEX_POINT('',#607);
#607 = CARTESIAN_POINT('',(1.469,0.,0.12));
#608 = LINE('',#609,#610);
#609 = CARTESIAN_POINT('',(1.75,0.,0.12));
#610 = VECTOR('',#611,1.);
#611 = DIRECTION('',(-1.,0.,0.));
#612 = ORIENTED_EDGE('',*,*,#613,.T.);
#613 = EDGE_CURVE('',#606,#614,#616,.T.);
#614 = VERTEX_POINT('',#615);
#615 = CARTESIAN_POINT('',(1.35,0.,1.E-03));
#616 = CIRCLE('',#617,0.119);
#617 = AXIS2_PLACEMENT_3D('',#618,#619,#620);
#618 = CARTESIAN_POINT('',(1.469,0.,1.E-03));
#619 = DIRECTION('',(0.,-1.,0.));
#620 = DIRECTION('',(0.,0.,1.));
#621 = ORIENTED_EDGE('',*,*,#622,.T.);
#622 = EDGE_CURVE('',#614,#623,#625,.T.);
#623 = VERTEX_POINT('',#624);
#624 = CARTESIAN_POINT('',(1.35,0.,-1.E-03));
#625 = LINE('',#626,#627);
#626 = CARTESIAN_POINT('',(1.35,0.,1.E-03));
#627 = VECTOR('',#628,1.);
#628 = DIRECTION('',(0.,0.,-1.));
#629 = ORIENTED_EDGE('',*,*,#630,.T.);
#630 = EDGE_CURVE('',#623,#631,#633,.T.);
#631 = VERTEX_POINT('',#632);
#632 = CARTESIAN_POINT('',(1.469,0.,-0.12));
#633 = CIRCLE('',#634,0.119);
#634 = AXIS2_PLACEMENT_3D('',#635,#636,#637);
#635 = CARTESIAN_POINT('',(1.469,0.,-1.E-03));
#636 = DIRECTION('',(0.,-1.,0.));
#637 = DIRECTION('',(-1.,0.,0.));
#638 = ORIENTED_EDGE('',*,*,#639,.F.);
#639 = EDGE_CURVE('',#640,#631,#642,.T.);
#640 = VERTEX_POINT('',#641);
#641 = CARTESIAN_POINT('',(1.75,0.,-0.12));
#642 = LINE('',#643,#644);
#643 = CARTESIAN_POINT('',(1.75,0.,-0.12));
#644 = VECTOR('',#645,1.);
#645 = DIRECTION('',(-1.,0.,0.));
#646 = ORIENTED_EDGE('',*,*,#647,.T.);
#647 = EDGE_CURVE('',#640,#648,#650,.T.);
#648 = VERTEX_POINT('',#649);
#649 = CARTESIAN_POINT('',(1.75,0.,-0.38));
#650 = LINE('',#651,#652);
#651 = CARTESIAN_POINT('',(1.75,0.,-0.12));
#652 = VECTOR('',#653,1.);
#653 = DIRECTION('',(0.,0.,-1.));
#654 = ORIENTED_EDGE('',*,*,#655,.T.);
#655 = EDGE_CURVE('',#648,#656,#658,.T.);
#656 = VERTEX_POINT('',#657);
#657 = CARTESIAN_POINT('',(1.469,0.,-0.38));
#658 = LINE('',#659,#660);
#659 = CARTESIAN_POINT('',(1.75,0.,-0.38));
#660 = VECTOR('',#661,1.);
#661 = DIRECTION('',(-1.,0.,0.));
#662 = ORIENTED_EDGE('',*,*,#663,.T.);
#663 = EDGE_CURVE('',#656,#664,#666,.T.);
#664 = VERTEX_POINT('',#665);
#665 = CARTESIAN_POINT('',(1.35,0.,-0.499));
#666 = CIRCLE('',#667,0.119);
#667 = AXIS2_PLACEMENT_3D('',#668,#669,#670);
#668 = CARTESIAN_POINT('',(1.469,0.,-0.499));
#669 = DIRECTION('',(0.,-1.,0.));
#670 = DIRECTION('',(0.,0.,1.));
#671 = ORIENTED_EDGE('',*,*,#672,.T.);
#672 = EDGE_CURVE('',#664,#673,#675,.T.);
#673 = VERTEX_POINT('',#674);
#674 = CARTESIAN_POINT('',(1.35,0.,-0.501));
#675 = LINE('',#676,#677);
#676 = CARTESIAN_POINT('',(1.35,0.,-0.499));
#677 = VECTOR('',#678,1.);
#678 = DIRECTION('',(0.,0.,-1.));
#679 = ORIENTED_EDGE('',*,*,#680,.T.);
#680 = EDGE_CURVE('',#673,#681,#683,.T.);
#681 = VERTEX_POINT('',#682);
#682 = CARTESIAN_POINT('',(1.469,0.,-0.62));
#683 = CIRCLE('',#684,0.119);
#684 = AXIS2_PLACEMENT_3D('',#685,#686,#687);
#685 = CARTESIAN_POINT('',(1.469,0.,-0.501));
#686 = DIRECTION('',(0.,-1.,0.));
#687 = DIRECTION('',(-1.,0.,0.));
#688 = ORIENTED_EDGE('',*,*,#689,.F.);
#689 = EDGE_CURVE('',#690,#681,#692,.T.);
#690 = VERTEX_POINT('',#691);
#691 = CARTESIAN_POINT('',(1.75,0.,-0.62));
#692 = LINE('',#693,#694);
#693 = CARTESIAN_POINT('',(1.75,0.,-0.62));
#694 = VECTOR('',#695,1.);
#695 = DIRECTION('',(-1.,0.,0.));
#696 = ORIENTED_EDGE('',*,*,#697,.T.);
#697 = EDGE_CURVE('',#690,#698,#700,.T.);
#698 = VERTEX_POINT('',#699);
#699 = CARTESIAN_POINT('',(1.75,0.,-0.88));
#700 = LINE('',#701,#702);
#701 = CARTESIAN_POINT('',(1.75,0.,-0.62));
#702 = VECTOR('',#703,1.);
#703 = DIRECTION('',(0.,0.,-1.));
#704 = ORIENTED_EDGE('',*,*,#705,.T.);
#705 = EDGE_CURVE('',#698,#706,#708,.T.);
#706 = VERTEX_POINT('',#707);
#707 = CARTESIAN_POINT('',(1.469,0.,-0.88));
#708 = LINE('',#709,#710);
#709 = CARTESIAN_POINT('',(1.75,0.,-0.88));
#710 = VECTOR('',#711,1.);
#711 = DIRECTION('',(-1.,0.,0.));
#712 = ORIENTED_EDGE('',*,*,#713,.T.);
#713 = EDGE_CURVE('',#706,#714,#716,.T.);
#714 = VERTEX_POINT('',#715);
#715 = CARTESIAN_POINT('',(1.35,0.,-0.999));
#716 = CIRCLE('',#717,0.119);
#717 = AXIS2_PLACEMENT_3D('',#718,#719,#720);
#718 = CARTESIAN_POINT('',(1.469,0.,-0.999));
#719 = DIRECTION('',(0.,-1.,0.));
#720 = DIRECTION('',(0.,0.,1.));
#721 = ORIENTED_EDGE('',*,*,#722,.T.);
#722 = EDGE_CURVE('',#714,#723,#725,.T.);
#723 = VERTEX_POINT('',#724);
#724 = CARTESIAN_POINT('',(1.35,0.,-1.001));
#725 = LINE('',#726,#727);
#726 = CARTESIAN_POINT('',(1.35,0.,-0.999));
#727 = VECTOR('',#728,1.);
#728 = DIRECTION('',(0.,0.,-1.));
#729 = ORIENTED_EDGE('',*,*,#730,.T.);
#730 = EDGE_CURVE('',#723,#731,#733,.T.);
#731 = VERTEX_POINT('',#732);
#732 = CARTESIAN_POINT('',(1.469,0.,-1.12));
#733 = CIRCLE('',#734,0.119);
#734 = AXIS2_PLACEMENT_3D('',#735,#736,#737);
#735 = CARTESIAN_POINT('',(1.469,0.,-1.001));
#736 = DIRECTION('',(0.,-1.,0.));
#737 = DIRECTION('',(-1.,0.,0.));
#738 = ORIENTED_EDGE('',*,*,#739,.F.);
#739 = EDGE_CURVE('',#740,#731,#742,.T.);
#740 = VERTEX_POINT('',#741);
#741 = CARTESIAN_POINT('',(1.75,0.,-1.12));
#742 = LINE('',#743,#744);
#743 = CARTESIAN_POINT('',(1.75,0.,-1.12));
#744 = VECTOR('',#745,1.);
#745 = DIRECTION('',(-1.,0.,0.));
#746 = ORIENTED_EDGE('',*,*,#747,.T.);
#747 = EDGE_CURVE('',#740,#748,#750,.T.);
#748 = VERTEX_POINT('',#749);
#749 = CARTESIAN_POINT('',(1.75,0.,-1.75));
#750 = LINE('',#751,#752);
#751 = CARTESIAN_POINT('',(1.75,0.,-1.12));
#752 = VECTOR('',#753,1.);
#753 = DIRECTION('',(0.,0.,-1.));
#754 = ORIENTED_EDGE('',*,*,#755,.T.);
#755 = EDGE_CURVE('',#748,#756,#758,.T.);
#756 = VERTEX_POINT('',#757);
#757 = CARTESIAN_POINT('',(1.12,0.,-1.75));
#758 = LINE('',#759,#760);
#759 = CARTESIAN_POINT('',(1.75,0.,-1.75));
#760 = VECTOR('',#761,1.);
#761 = DIRECTION('',(-1.,0.,0.));
#762 = ORIENTED_EDGE('',*,*,#763,.T.);
#763 = EDGE_CURVE('',#756,#764,#766,.T.);
#764 = VERTEX_POINT('',#765);
#765 = CARTESIAN_POINT('',(1.12,0.,-1.469));
#766 = LINE('',#767,#768);
#767 = CARTESIAN_POINT('',(1.12,0.,-1.75));
#768 = VECTOR('',#769,1.);
#769 = DIRECTION('',(0.,0.,1.));
#770 = ORIENTED_EDGE('',*,*,#771,.F.);
#771 = EDGE_CURVE('',#772,#764,#774,.T.);
#772 = VERTEX_POINT('',#773);
#773 = CARTESIAN_POINT('',(1.001,0.,-1.35));
#774 = CIRCLE('',#775,0.119);
#775 = AXIS2_PLACEMENT_3D('',#776,#777,#778);
#776 = CARTESIAN_POINT('',(1.001,0.,-1.469));
#777 = DIRECTION('',(0.,1.,0.));
#778 = DIRECTION('',(0.,-0.,1.));
#779 = ORIENTED_EDGE('',*,*,#780,.F.);
#780 = EDGE_CURVE('',#781,#772,#783,.T.);
#781 = VERTEX_POINT('',#782);
#782 = CARTESIAN_POINT('',(0.999,0.,-1.35));
#783 = LINE('',#784,#785);
#784 = CARTESIAN_POINT('',(0.999,0.,-1.35));
#785 = VECTOR('',#786,1.);
#786 = DIRECTION('',(1.,0.,0.));
#787 = ORIENTED_EDGE('',*,*,#788,.F.);
#788 = EDGE_CURVE('',#789,#781,#791,.T.);
#789 = VERTEX_POINT('',#790);
#790 = CARTESIAN_POINT('',(0.88,0.,-1.469));
#791 = CIRCLE('',#792,0.119);
#792 = AXIS2_PLACEMENT_3D('',#793,#794,#795);
#793 = CARTESIAN_POINT('',(0.999,0.,-1.469));
#794 = DIRECTION('',(0.,1.,0.));
#795 = DIRECTION('',(-1.,0.,0.));
#796 = ORIENTED_EDGE('',*,*,#797,.F.);
#797 = EDGE_CURVE('',#798,#789,#800,.T.);
#798 = VERTEX_POINT('',#799);
#799 = CARTESIAN_POINT('',(0.88,0.,-1.75));
#800 = LINE('',#801,#802);
#801 = CARTESIAN_POINT('',(0.88,0.,-1.75));
#802 = VECTOR('',#803,1.);
#803 = DIRECTION('',(0.,0.,1.));
#804 = ORIENTED_EDGE('',*,*,#805,.T.);
#805 = EDGE_CURVE('',#798,#806,#808,.T.);
#806 = VERTEX_POINT('',#807);
#807 = CARTESIAN_POINT('',(0.62,0.,-1.75));
#808 = LINE('',#809,#810);
#809 = CARTESIAN_POINT('',(0.88,0.,-1.75));
#810 = VECTOR('',#811,1.);
#811 = DIRECTION('',(-1.,0.,0.));
#812 = ORIENTED_EDGE('',*,*,#813,.T.);
#813 = EDGE_CURVE('',#806,#814,#816,.T.);
#814 = VERTEX_POINT('',#815);
#815 = CARTESIAN_POINT('',(0.62,0.,-1.469));
#816 = LINE('',#817,#818);
#817 = CARTESIAN_POINT('',(0.62,0.,-1.75));
#818 = VECTOR('',#819,1.);
#819 = DIRECTION('',(0.,0.,1.));
#820 = ORIENTED_EDGE('',*,*,#821,.F.);
#821 = EDGE_CURVE('',#822,#814,#824,.T.);
#822 = VERTEX_POINT('',#823);
#823 = CARTESIAN_POINT('',(0.501,0.,-1.35));
#824 = CIRCLE('',#825,0.119);
#825 = AXIS2_PLACEMENT_3D('',#826,#827,#828);
#826 = CARTESIAN_POINT('',(0.501,0.,-1.469));
#827 = DIRECTION('',(0.,1.,0.));
#828 = DIRECTION('',(0.,-0.,1.));
#829 = ORIENTED_EDGE('',*,*,#830,.F.);
#830 = EDGE_CURVE('',#831,#822,#833,.T.);
#831 = VERTEX_POINT('',#832);
#832 = CARTESIAN_POINT('',(0.499,0.,-1.35));
#833 = LINE('',#834,#835);
#834 = CARTESIAN_POINT('',(0.499,0.,-1.35));
#835 = VECTOR('',#836,1.);
#836 = DIRECTION('',(1.,0.,0.));
#837 = ORIENTED_EDGE('',*,*,#838,.F.);
#838 = EDGE_CURVE('',#839,#831,#841,.T.);
#839 = VERTEX_POINT('',#840);
#840 = CARTESIAN_POINT('',(0.38,0.,-1.469));
#841 = CIRCLE('',#842,0.119);
#842 = AXIS2_PLACEMENT_3D('',#843,#844,#845);
#843 = CARTESIAN_POINT('',(0.499,0.,-1.469));
#844 = DIRECTION('',(0.,1.,0.));
#845 = DIRECTION('',(-1.,0.,0.));
#846 = ORIENTED_EDGE('',*,*,#847,.F.);
#847 = EDGE_CURVE('',#848,#839,#850,.T.);
#848 = VERTEX_POINT('',#849);
#849 = CARTESIAN_POINT('',(0.38,0.,-1.75));
#850 = LINE('',#851,#852);
#851 = CARTESIAN_POINT('',(0.38,0.,-1.75));
#852 = VECTOR('',#853,1.);
#853 = DIRECTION('',(0.,0.,1.));
#854 = ORIENTED_EDGE('',*,*,#855,.T.);
#855 = EDGE_CURVE('',#848,#856,#858,.T.);
#856 = VERTEX_POINT('',#857);
#857 = CARTESIAN_POINT('',(0.12,0.,-1.75));
#858 = LINE('',#859,#860);
#859 = CARTESIAN_POINT('',(0.38,0.,-1.75));
#860 = VECTOR('',#861,1.);
#861 = DIRECTION('',(-1.,0.,0.));
#862 = ORIENTED_EDGE('',*,*,#863,.T.);
#863 = EDGE_CURVE('',#856,#864,#866,.T.);
#864 = VERTEX_POINT('',#865);
#865 = CARTESIAN_POINT('',(0.12,0.,-1.469));
#866 = LINE('',#867,#868);
#867 = CARTESIAN_POINT('',(0.12,0.,-1.75));
#868 = VECTOR('',#869,1.);
#869 = DIRECTION('',(0.,0.,1.));
#870 = ORIENTED_EDGE('',*,*,#871,.F.);
#871 = EDGE_CURVE('',#872,#864,#874,.T.);
#872 = VERTEX_POINT('',#873);
#873 = CARTESIAN_POINT('',(1.E-03,0.,-1.35));
#874 = CIRCLE('',#875,0.119);
#875 = AXIS2_PLACEMENT_3D('',#876,#877,#878);
#876 = CARTESIAN_POINT('',(1.E-03,0.,-1.469));
#877 = DIRECTION('',(0.,1.,0.));
#878 = DIRECTION('',(0.,-0.,1.));
#879 = ORIENTED_EDGE('',*,*,#880,.F.);
#880 = EDGE_CURVE('',#881,#872,#883,.T.);
#881 = VERTEX_POINT('',#882);
#882 = CARTESIAN_POINT('',(-1.E-03,0.,-1.35));
#883 = LINE('',#884,#885);
#884 = CARTESIAN_POINT('',(-1.E-03,0.,-1.35));
#885 = VECTOR('',#886,1.);
#886 = DIRECTION('',(1.,0.,0.));
#887 = ORIENTED_EDGE('',*,*,#888,.F.);
#888 = EDGE_CURVE('',#889,#881,#891,.T.);
#889 = VERTEX_POINT('',#890);
#890 = CARTESIAN_POINT('',(-0.12,0.,-1.469));
#891 = CIRCLE('',#892,0.119);
#892 = AXIS2_PLACEMENT_3D('',#893,#894,#895);
#893 = CARTESIAN_POINT('',(-1.E-03,0.,-1.469));
#894 = DIRECTION('',(0.,1.,0.));
#895 = DIRECTION('',(-1.,0.,0.));
#896 = ORIENTED_EDGE('',*,*,#897,.F.);
#897 = EDGE_CURVE('',#898,#889,#900,.T.);
#898 = VERTEX_POINT('',#899);
#899 = CARTESIAN_POINT('',(-0.12,0.,-1.75));
#900 = LINE('',#901,#902);
#901 = CARTESIAN_POINT('',(-0.12,0.,-1.75));
#902 = VECTOR('',#903,1.);
#903 = DIRECTION('',(0.,0.,1.));
#904 = ORIENTED_EDGE('',*,*,#905,.T.);
#905 = EDGE_CURVE('',#898,#906,#908,.T.);
#906 = VERTEX_POINT('',#907);
#907 = CARTESIAN_POINT('',(-0.38,0.,-1.75));
#908 = LINE('',#909,#910);
#909 = CARTESIAN_POINT('',(-0.12,0.,-1.75));
#910 = VECTOR('',#911,1.);
#911 = DIRECTION('',(-1.,0.,0.));
#912 = ORIENTED_EDGE('',*,*,#913,.T.);
#913 = EDGE_CURVE('',#906,#914,#916,.T.);
#914 = VERTEX_POINT('',#915);
#915 = CARTESIAN_POINT('',(-0.38,0.,-1.469));
#916 = LINE('',#917,#918);
#917 = CARTESIAN_POINT('',(-0.38,0.,-1.75));
#918 = VECTOR('',#919,1.);
#919 = DIRECTION('',(0.,0.,1.));
#920 = ORIENTED_EDGE('',*,*,#921,.F.);
#921 = EDGE_CURVE('',#922,#914,#924,.T.);
#922 = VERTEX_POINT('',#923);
#923 = CARTESIAN_POINT('',(-0.499,0.,-1.35));
#924 = CIRCLE('',#925,0.119);
#925 = AXIS2_PLACEMENT_3D('',#926,#927,#928);
#926 = CARTESIAN_POINT('',(-0.499,0.,-1.469));
#927 = DIRECTION('',(0.,1.,0.));
#928 = DIRECTION('',(0.,-0.,1.));
#929 = ORIENTED_EDGE('',*,*,#930,.F.);
#930 = EDGE_CURVE('',#931,#922,#933,.T.);
#931 = VERTEX_POINT('',#932);
#932 = CARTESIAN_POINT('',(-0.501,0.,-1.35));
#933 = LINE('',#934,#935);
#934 = CARTESIAN_POINT('',(-0.501,0.,-1.35));
#935 = VECTOR('',#936,1.);
#936 = DIRECTION('',(1.,0.,0.));
#937 = ORIENTED_EDGE('',*,*,#938,.F.);
#938 = EDGE_CURVE('',#939,#931,#941,.T.);
#939 = VERTEX_POINT('',#940);
#940 = CARTESIAN_POINT('',(-0.62,0.,-1.469));
#941 = CIRCLE('',#942,0.119);
#942 = AXIS2_PLACEMENT_3D('',#943,#944,#945);
#943 = CARTESIAN_POINT('',(-0.501,0.,-1.469));
#944 = DIRECTION('',(0.,1.,0.));
#945 = DIRECTION('',(-1.,0.,0.));
#946 = ORIENTED_EDGE('',*,*,#947,.F.);
#947 = EDGE_CURVE('',#948,#939,#950,.T.);
#948 = VERTEX_POINT('',#949);
#949 = CARTESIAN_POINT('',(-0.62,0.,-1.75));
#950 = LINE('',#951,#952);
#951 = CARTESIAN_POINT('',(-0.62,0.,-1.75));
#952 = VECTOR('',#953,1.);
#953 = DIRECTION('',(0.,0.,1.));
#954 = ORIENTED_EDGE('',*,*,#955,.T.);
#955 = EDGE_CURVE('',#948,#956,#958,.T.);
#956 = VERTEX_POINT('',#957);
#957 = CARTESIAN_POINT('',(-0.88,0.,-1.75));
#958 = LINE('',#959,#960);
#959 = CARTESIAN_POINT('',(-0.62,0.,-1.75));
#960 = VECTOR('',#961,1.);
#961 = DIRECTION('',(-1.,0.,0.));
#962 = ORIENTED_EDGE('',*,*,#963,.T.);
#963 = EDGE_CURVE('',#956,#964,#966,.T.);
#964 = VERTEX_POINT('',#965);
#965 = CARTESIAN_POINT('',(-0.88,0.,-1.469));
#966 = LINE('',#967,#968);
#967 = CARTESIAN_POINT('',(-0.88,0.,-1.75));
#968 = VECTOR('',#969,1.);
#969 = DIRECTION('',(0.,0.,1.));
#970 = ORIENTED_EDGE('',*,*,#971,.F.);
#971 = EDGE_CURVE('',#972,#964,#974,.T.);
#972 = VERTEX_POINT('',#973);
#973 = CARTESIAN_POINT('',(-0.999,0.,-1.35));
#974 = CIRCLE('',#975,0.119);
#975 = AXIS2_PLACEMENT_3D('',#976,#977,#978);
#976 = CARTESIAN_POINT('',(-0.999,0.,-1.469));
#977 = DIRECTION('',(0.,1.,0.));
#978 = DIRECTION('',(0.,-0.,1.));
#979 = ORIENTED_EDGE('',*,*,#980,.F.);
#980 = EDGE_CURVE('',#981,#972,#983,.T.);
#981 = VERTEX_POINT('',#982);
#982 = CARTESIAN_POINT('',(-1.001,0.,-1.35));
#983 = LINE('',#984,#985);
#984 = CARTESIAN_POINT('',(-1.001,0.,-1.35));
#985 = VECTOR('',#986,1.);
#986 = DIRECTION('',(1.,0.,0.));
#987 = ORIENTED_EDGE('',*,*,#988,.F.);
#988 = EDGE_CURVE('',#989,#981,#991,.T.);
#989 = VERTEX_POINT('',#990);
#990 = CARTESIAN_POINT('',(-1.12,0.,-1.469));
#991 = CIRCLE('',#992,0.119);
#992 = AXIS2_PLACEMENT_3D('',#993,#994,#995);
#993 = CARTESIAN_POINT('',(-1.001,0.,-1.469));
#994 = DIRECTION('',(0.,1.,0.));
#995 = DIRECTION('',(-1.,0.,0.));
#996 = ORIENTED_EDGE('',*,*,#997,.F.);
#997 = EDGE_CURVE('',#998,#989,#1000,.T.);
#998 = VERTEX_POINT('',#999);
#999 = CARTESIAN_POINT('',(-1.12,0.,-1.75));
#1000 = LINE('',#1001,#1002);
#1001 = CARTESIAN_POINT('',(-1.12,0.,-1.75));
#1002 = VECTOR('',#1003,1.);
#1003 = DIRECTION('',(0.,0.,1.));
#1004 = ORIENTED_EDGE('',*,*,#1005,.T.);
#1005 = EDGE_CURVE('',#998,#1006,#1008,.T.);
#1006 = VERTEX_POINT('',#1007);
#1007 = CARTESIAN_POINT('',(-1.75,0.,-1.75));
#1008 = LINE('',#1009,#1010);
#1009 = CARTESIAN_POINT('',(-1.12,0.,-1.75));
#1010 = VECTOR('',#1011,1.);
#1011 = DIRECTION('',(-1.,0.,0.));
#1012 = ORIENTED_EDGE('',*,*,#1013,.T.);
#1013 = EDGE_CURVE('',#1006,#1014,#1016,.T.);
#1014 = VERTEX_POINT('',#1015);
#1015 = CARTESIAN_POINT('',(-1.75,0.,-1.12));
#1016 = LINE('',#1017,#1018);
#1017 = CARTESIAN_POINT('',(-1.75,0.,-1.75));
#1018 = VECTOR('',#1019,1.);
#1019 = DIRECTION('',(0.,0.,1.));
#1020 = ORIENTED_EDGE('',*,*,#1021,.T.);
#1021 = EDGE_CURVE('',#1014,#1022,#1024,.T.);
#1022 = VERTEX_POINT('',#1023);
#1023 = CARTESIAN_POINT('',(-1.469,0.,-1.12));
#1024 = LINE('',#1025,#1026);
#1025 = CARTESIAN_POINT('',(-1.75,0.,-1.12));
#1026 = VECTOR('',#1027,1.);
#1027 = DIRECTION('',(1.,0.,0.));
#1028 = ORIENTED_EDGE('',*,*,#1029,.F.);
#1029 = EDGE_CURVE('',#1030,#1022,#1032,.T.);
#1030 = VERTEX_POINT('',#1031);
#1031 = CARTESIAN_POINT('',(-1.35,0.,-1.001));
#1032 = CIRCLE('',#1033,0.119);
#1033 = AXIS2_PLACEMENT_3D('',#1034,#1035,#1036);
#1034 = CARTESIAN_POINT('',(-1.469,0.,-1.001));
#1035 = DIRECTION('',(-0.,1.,0.));
#1036 = DIRECTION('',(1.,0.,0.));
#1037 = ORIENTED_EDGE('',*,*,#1038,.F.);
#1038 = EDGE_CURVE('',#1039,#1030,#1041,.T.);
#1039 = VERTEX_POINT('',#1040);
#1040 = CARTESIAN_POINT('',(-1.35,0.,-0.999));
#1041 = LINE('',#1042,#1043);
#1042 = CARTESIAN_POINT('',(-1.35,0.,-0.999));
#1043 = VECTOR('',#1044,1.);
#1044 = DIRECTION('',(0.,0.,-1.));
#1045 = ORIENTED_EDGE('',*,*,#1046,.F.);
#1046 = EDGE_CURVE('',#24,#1039,#1047,.T.);
#1047 = CIRCLE('',#1048,0.119);
#1048 = AXIS2_PLACEMENT_3D('',#1049,#1050,#1051);
#1049 = CARTESIAN_POINT('',(-1.469,0.,-0.999));
#1050 = DIRECTION('',(0.,1.,0.));
#1051 = DIRECTION('',(0.,-0.,1.));
#1052 = FACE_BOUND('',#1053,.F.);
#1053 = EDGE_LOOP('',(#1054,#1064,#1072,#1080,#1088));
#1054 = ORIENTED_EDGE('',*,*,#1055,.F.);
#1055 = EDGE_CURVE('',#1056,#1058,#1060,.T.);
#1056 = VERTEX_POINT('',#1057);
#1057 = CARTESIAN_POINT('',(-1.025,0.,-0.725));
#1058 = VERTEX_POINT('',#1059);
#1059 = CARTESIAN_POINT('',(-1.025,0.,1.025));
#1060 = LINE('',#1061,#1062);
#1061 = CARTESIAN_POINT('',(-1.025,0.,-0.725));
#1062 = VECTOR('',#1063,1.);
#1063 = DIRECTION('',(0.,0.,1.));
#1064 = ORIENTED_EDGE('',*,*,#1065,.T.);
#1065 = EDGE_CURVE('',#1056,#1066,#1068,.T.);
#1066 = VERTEX_POINT('',#1067);
#1067 = CARTESIAN_POINT('',(-0.725,0.,-1.025));
#1068 = LINE('',#1069,#1070);
#1069 = CARTESIAN_POINT('',(-1.025,0.,-0.725));
#1070 = VECTOR('',#1071,1.);
#1071 = DIRECTION('',(0.707106781187,0.,-0.707106781187));
#1072 = ORIENTED_EDGE('',*,*,#1073,.F.);
#1073 = EDGE_CURVE('',#1074,#1066,#1076,.T.);
#1074 = VERTEX_POINT('',#1075);
#1075 = CARTESIAN_POINT('',(1.025,0.,-1.025));
#1076 = LINE('',#1077,#1078);
#1077 = CARTESIAN_POINT('',(1.025,0.,-1.025));
#1078 = VECTOR('',#1079,1.);
#1079 = DIRECTION('',(-1.,0.,0.));
#1080 = ORIENTED_EDGE('',*,*,#1081,.F.);
#1081 = EDGE_CURVE('',#1082,#1074,#1084,.T.);
#1082 = VERTEX_POINT('',#1083);
#1083 = CARTESIAN_POINT('',(1.025,0.,1.025));
#1084 = LINE('',#1085,#1086);
#1085 = CARTESIAN_POINT('',(1.025,0.,1.025));
#1086 = VECTOR('',#1087,1.);
#1087 = DIRECTION('',(0.,0.,-1.));
#1088 = ORIENTED_EDGE('',*,*,#1089,.F.);
#1089 = EDGE_CURVE('',#1058,#1082,#1090,.T.);
#1090 = LINE('',#1091,#1092);
#1091 = CARTESIAN_POINT('',(-1.025,0.,1.025));
#1092 = VECTOR('',#1093,1.);
#1093 = DIRECTION('',(1.,0.,0.));
#1094 = PLANE('',#1095);
#1095 = AXIS2_PLACEMENT_3D('',#1096,#1097,#1098);
#1096 = CARTESIAN_POINT('',(0.,0.,0.));
#1097 = DIRECTION('',(0.,1.,0.));
#1098 = DIRECTION('',(1.,0.,0.));
#1099 = ADVANCED_FACE('',(#1100),#1125,.F.);
#1100 = FACE_BOUND('',#1101,.F.);
#1101 = EDGE_LOOP('',(#1102,#1103,#1111,#1119));
#1102 = ORIENTED_EDGE('',*,*,#21,.T.);
#1103 = ORIENTED_EDGE('',*,*,#1104,.T.);
#1104 = EDGE_CURVE('',#24,#1105,#1107,.T.);
#1105 = VERTEX_POINT('',#1106);
#1106 = CARTESIAN_POINT('',(-1.469,0.175,-0.88));
#1107 = LINE('',#1108,#1109);
#1108 = CARTESIAN_POINT('',(-1.469,0.,-0.88));
#1109 = VECTOR('',#1110,1.);
#1110 = DIRECTION('',(0.,1.,0.));
#1111 = ORIENTED_EDGE('',*,*,#1112,.F.);
#1112 = EDGE_CURVE('',#1113,#1105,#1115,.T.);
#1113 = VERTEX_POINT('',#1114);
#1114 = CARTESIAN_POINT('',(-1.75,0.175,-0.88));
#1115 = LINE('',#1116,#1117);
#1116 = CARTESIAN_POINT('',(-1.75,0.175,-0.88));
#1117 = VECTOR('',#1118,1.);
#1118 = DIRECTION('',(1.,0.,0.));
#1119 = ORIENTED_EDGE('',*,*,#1120,.F.);
#1120 = EDGE_CURVE('',#22,#1113,#1121,.T.);
#1121 = LINE('',#1122,#1123);
#1122 = CARTESIAN_POINT('',(-1.75,0.,-0.88));
#1123 = VECTOR('',#1124,1.);
#1124 = DIRECTION('',(0.,1.,0.));
#1125 = PLANE('',#1126);
#1126 = AXIS2_PLACEMENT_3D('',#1127,#1128,#1129);
#1127 = CARTESIAN_POINT('',(-1.85,-2.5E-02,-0.88));
#1128 = DIRECTION('',(0.,0.,1.));
#1129 = DIRECTION('',(1.,0.,-0.));
#1130 = ADVANCED_FACE('',(#1131),#1150,.F.);
#1131 = FACE_BOUND('',#1132,.F.);
#1132 = EDGE_LOOP('',(#1133,#1134,#1142,#1149));
#1133 = ORIENTED_EDGE('',*,*,#1046,.T.);
#1134 = ORIENTED_EDGE('',*,*,#1135,.T.);
#1135 = EDGE_CURVE('',#1039,#1136,#1138,.T.);
#1136 = VERTEX_POINT('',#1137);
#1137 = CARTESIAN_POINT('',(-1.35,0.175,-0.999));
#1138 = LINE('',#1139,#1140);
#1139 = CARTESIAN_POINT('',(-1.35,0.,-0.999));
#1140 = VECTOR('',#1141,1.);
#1141 = DIRECTION('',(0.,1.,0.));
#1142 = ORIENTED_EDGE('',*,*,#1143,.F.);
#1143 = EDGE_CURVE('',#1105,#1136,#1144,.T.);
#1144 = CIRCLE('',#1145,0.119);
#1145 = AXIS2_PLACEMENT_3D('',#1146,#1147,#1148);
#1146 = CARTESIAN_POINT('',(-1.469,0.175,-0.999));
#1147 = DIRECTION('',(0.,1.,0.));
#1148 = DIRECTION('',(0.,-0.,1.));
#1149 = ORIENTED_EDGE('',*,*,#1104,.F.);
#1150 = CYLINDRICAL_SURFACE('',#1151,0.119);
#1151 = AXIS2_PLACEMENT_3D('',#1152,#1153,#1154);
#1152 = CARTESIAN_POINT('',(-1.469,-2.5E-02,-0.999));
#1153 = DIRECTION('',(0.,1.,0.));
#1154 = DIRECTION('',(1.,0.,0.));
#1155 = ADVANCED_FACE('',(#1156),#1174,.F.);
#1156 = FACE_BOUND('',#1157,.F.);
#1157 = EDGE_LOOP('',(#1158,#1159,#1167,#1173));
#1158 = ORIENTED_EDGE('',*,*,#1038,.T.);
#1159 = ORIENTED_EDGE('',*,*,#1160,.T.);
#1160 = EDGE_CURVE('',#1030,#1161,#1163,.T.);
#1161 = VERTEX_POINT('',#1162);
#1162 = CARTESIAN_POINT('',(-1.35,0.175,-1.001));
#1163 = LINE('',#1164,#1165);
#1164 = CARTESIAN_POINT('',(-1.35,0.,-1.001));
#1165 = VECTOR('',#1166,1.);
#1166 = DIRECTION('',(0.,1.,0.));
#1167 = ORIENTED_EDGE('',*,*,#1168,.F.);
#1168 = EDGE_CURVE('',#1136,#1161,#1169,.T.);
#1169 = LINE('',#1170,#1171);
#1170 = CARTESIAN_POINT('',(-1.35,0.175,-0.999));
#1171 = VECTOR('',#1172,1.);
#1172 = DIRECTION('',(0.,0.,-1.));
#1173 = ORIENTED_EDGE('',*,*,#1135,.F.);
#1174 = PLANE('',#1175);
#1175 = AXIS2_PLACEMENT_3D('',#1176,#1177,#1178);
#1176 = CARTESIAN_POINT('',(-1.35,-2.5E-02,-0.999));
#1177 = DIRECTION('',(1.,0.,0.));
#1178 = DIRECTION('',(0.,0.,-1.));
#1179 = ADVANCED_FACE('',(#1180),#1199,.F.);
#1180 = FACE_BOUND('',#1181,.F.);
#1181 = EDGE_LOOP('',(#1182,#1183,#1191,#1198));
#1182 = ORIENTED_EDGE('',*,*,#1029,.T.);
#1183 = ORIENTED_EDGE('',*,*,#1184,.T.);
#1184 = EDGE_CURVE('',#1022,#1185,#1187,.T.);
#1185 = VERTEX_POINT('',#1186);
#1186 = CARTESIAN_POINT('',(-1.469,0.175,-1.12));
#1187 = LINE('',#1188,#1189);
#1188 = CARTESIAN_POINT('',(-1.469,0.,-1.12));
#1189 = VECTOR('',#1190,1.);
#1190 = DIRECTION('',(0.,1.,0.));
#1191 = ORIENTED_EDGE('',*,*,#1192,.F.);
#1192 = EDGE_CURVE('',#1161,#1185,#1193,.T.);
#1193 = CIRCLE('',#1194,0.119);
#1194 = AXIS2_PLACEMENT_3D('',#1195,#1196,#1197);
#1195 = CARTESIAN_POINT('',(-1.469,0.175,-1.001));
#1196 = DIRECTION('',(-0.,1.,0.));
#1197 = DIRECTION('',(1.,0.,0.));
#1198 = ORIENTED_EDGE('',*,*,#1160,.F.);
#1199 = CYLINDRICAL_SURFACE('',#1200,0.119);
#1200 = AXIS2_PLACEMENT_3D('',#1201,#1202,#1203);
#1201 = CARTESIAN_POINT('',(-1.469,-2.5E-02,-1.001));
#1202 = DIRECTION('',(0.,1.,0.));
#1203 = DIRECTION('',(1.,0.,0.));
#1204 = ADVANCED_FACE('',(#1205),#1223,.F.);
#1205 = FACE_BOUND('',#1206,.F.);
#1206 = EDGE_LOOP('',(#1207,#1208,#1216,#1222));
#1207 = ORIENTED_EDGE('',*,*,#1021,.F.);
#1208 = ORIENTED_EDGE('',*,*,#1209,.T.);
#1209 = EDGE_CURVE('',#1014,#1210,#1212,.T.);
#1210 = VERTEX_POINT('',#1211);
#1211 = CARTESIAN_POINT('',(-1.75,0.175,-1.12));
#1212 = LINE('',#1213,#1214);
#1213 = CARTESIAN_POINT('',(-1.75,0.,-1.12));
#1214 = VECTOR('',#1215,1.);
#1215 = DIRECTION('',(0.,1.,0.));
#1216 = ORIENTED_EDGE('',*,*,#1217,.F.);
#1217 = EDGE_CURVE('',#1185,#1210,#1218,.T.);
#1218 = LINE('',#1219,#1220);
#1219 = CARTESIAN_POINT('',(-1.469,0.175,-1.12));
#1220 = VECTOR('',#1221,1.);
#1221 = DIRECTION('',(-1.,0.,0.));
#1222 = ORIENTED_EDGE('',*,*,#1184,.F.);
#1223 = PLANE('',#1224);
#1224 = AXIS2_PLACEMENT_3D('',#1225,#1226,#1227);
#1225 = CARTESIAN_POINT('',(-1.469,-2.5E-02,-1.12));
#1226 = DIRECTION('',(0.,0.,-1.));
#1227 = DIRECTION('',(-1.,0.,0.));
#1228 = ADVANCED_FACE('',(#1229,#1355,#1389),#1423,.T.);
#1229 = FACE_BOUND('',#1230,.F.);
#1230 = EDGE_LOOP('',(#1231,#1237,#1238,#1239,#1247,#1255,#1261,#1262,
    #1270,#1278,#1284,#1285,#1293,#1301,#1307,#1308,#1316,#1324,#1330,
    #1331,#1339,#1347,#1353,#1354));
#1231 = ORIENTED_EDGE('',*,*,#1232,.T.);
#1232 = EDGE_CURVE('',#1113,#1210,#1233,.T.);
#1233 = LINE('',#1234,#1235);
#1234 = CARTESIAN_POINT('',(-1.75,0.175,-0.88));
#1235 = VECTOR('',#1236,1.);
#1236 = DIRECTION('',(0.,0.,-1.));
#1237 = ORIENTED_EDGE('',*,*,#1209,.F.);
#1238 = ORIENTED_EDGE('',*,*,#1013,.F.);
#1239 = ORIENTED_EDGE('',*,*,#1240,.T.);
#1240 = EDGE_CURVE('',#1006,#1241,#1243,.T.);
#1241 = VERTEX_POINT('',#1242);
#1242 = CARTESIAN_POINT('',(-1.75,0.975,-1.75));
#1243 = LINE('',#1244,#1245);
#1244 = CARTESIAN_POINT('',(-1.75,0.,-1.75));
#1245 = VECTOR('',#1246,1.);
#1246 = DIRECTION('',(0.,1.,0.));
#1247 = ORIENTED_EDGE('',*,*,#1248,.T.);
#1248 = EDGE_CURVE('',#1241,#1249,#1251,.T.);
#1249 = VERTEX_POINT('',#1250);
#1250 = CARTESIAN_POINT('',(-1.75,0.975,1.75));
#1251 = LINE('',#1252,#1253);
#1252 = CARTESIAN_POINT('',(-1.75,0.975,-1.75));
#1253 = VECTOR('',#1254,1.);
#1254 = DIRECTION('',(0.,0.,1.));
#1255 = ORIENTED_EDGE('',*,*,#1256,.F.);
#1256 = EDGE_CURVE('',#232,#1249,#1257,.T.);
#1257 = LINE('',#1258,#1259);
#1258 = CARTESIAN_POINT('',(-1.75,0.,1.75));
#1259 = VECTOR('',#1260,1.);
#1260 = DIRECTION('',(0.,1.,0.));
#1261 = ORIENTED_EDGE('',*,*,#231,.F.);
#1262 = ORIENTED_EDGE('',*,*,#1263,.T.);
#1263 = EDGE_CURVE('',#224,#1264,#1266,.T.);
#1264 = VERTEX_POINT('',#1265);
#1265 = CARTESIAN_POINT('',(-1.75,0.175,1.12));
#1266 = LINE('',#1267,#1268);
#1267 = CARTESIAN_POINT('',(-1.75,0.,1.12));
#1268 = VECTOR('',#1269,1.);
#1269 = DIRECTION('',(0.,1.,0.));
#1270 = ORIENTED_EDGE('',*,*,#1271,.T.);
#1271 = EDGE_CURVE('',#1264,#1272,#1274,.T.);
#1272 = VERTEX_POINT('',#1273);
#1273 = CARTESIAN_POINT('',(-1.75,0.175,0.88));
#1274 = LINE('',#1275,#1276);
#1275 = CARTESIAN_POINT('',(-1.75,0.175,1.12));
#1276 = VECTOR('',#1277,1.);
#1277 = DIRECTION('',(0.,0.,-1.));
#1278 = ORIENTED_EDGE('',*,*,#1279,.F.);
#1279 = EDGE_CURVE('',#182,#1272,#1280,.T.);
#1280 = LINE('',#1281,#1282);
#1281 = CARTESIAN_POINT('',(-1.75,0.,0.88));
#1282 = VECTOR('',#1283,1.);
#1283 = DIRECTION('',(0.,1.,0.));
#1284 = ORIENTED_EDGE('',*,*,#181,.F.);
#1285 = ORIENTED_EDGE('',*,*,#1286,.T.);
#1286 = EDGE_CURVE('',#174,#1287,#1289,.T.);
#1287 = VERTEX_POINT('',#1288);
#1288 = CARTESIAN_POINT('',(-1.75,0.175,0.62));
#1289 = LINE('',#1290,#1291);
#1290 = CARTESIAN_POINT('',(-1.75,0.,0.62));
#1291 = VECTOR('',#1292,1.);
#1292 = DIRECTION('',(0.,1.,0.));
#1293 = ORIENTED_EDGE('',*,*,#1294,.T.);
#1294 = EDGE_CURVE('',#1287,#1295,#1297,.T.);
#1295 = VERTEX_POINT('',#1296);
#1296 = CARTESIAN_POINT('',(-1.75,0.175,0.38));
#1297 = LINE('',#1298,#1299);
#1298 = CARTESIAN_POINT('',(-1.75,0.175,0.62));
#1299 = VECTOR('',#1300,1.);
#1300 = DIRECTION('',(0.,0.,-1.));
#1301 = ORIENTED_EDGE('',*,*,#1302,.F.);
#1302 = EDGE_CURVE('',#132,#1295,#1303,.T.);
#1303 = LINE('',#1304,#1305);
#1304 = CARTESIAN_POINT('',(-1.75,0.,0.38));
#1305 = VECTOR('',#1306,1.);
#1306 = DIRECTION('',(0.,1.,0.));
#1307 = ORIENTED_EDGE('',*,*,#131,.F.);
#1308 = ORIENTED_EDGE('',*,*,#1309,.T.);
#1309 = EDGE_CURVE('',#124,#1310,#1312,.T.);
#1310 = VERTEX_POINT('',#1311);
#1311 = CARTESIAN_POINT('',(-1.75,0.175,0.12));
#1312 = LINE('',#1313,#1314);
#1313 = CARTESIAN_POINT('',(-1.75,0.,0.12));
#1314 = VECTOR('',#1315,1.);
#1315 = DIRECTION('',(0.,1.,0.));
#1316 = ORIENTED_EDGE('',*,*,#1317,.T.);
#1317 = EDGE_CURVE('',#1310,#1318,#1320,.T.);
#1318 = VERTEX_POINT('',#1319);
#1319 = CARTESIAN_POINT('',(-1.75,0.175,-0.12));
#1320 = LINE('',#1321,#1322);
#1321 = CARTESIAN_POINT('',(-1.75,0.175,0.12));
#1322 = VECTOR('',#1323,1.);
#1323 = DIRECTION('',(0.,0.,-1.));
#1324 = ORIENTED_EDGE('',*,*,#1325,.F.);
#1325 = EDGE_CURVE('',#82,#1318,#1326,.T.);
#1326 = LINE('',#1327,#1328);
#1327 = CARTESIAN_POINT('',(-1.75,0.,-0.12));
#1328 = VECTOR('',#1329,1.);
#1329 = DIRECTION('',(0.,1.,0.));
#1330 = ORIENTED_EDGE('',*,*,#81,.F.);
#1331 = ORIENTED_EDGE('',*,*,#1332,.T.);
#1332 = EDGE_CURVE('',#74,#1333,#1335,.T.);
#1333 = VERTEX_POINT('',#1334);
#1334 = CARTESIAN_POINT('',(-1.75,0.175,-0.38));
#1335 = LINE('',#1336,#1337);
#1336 = CARTESIAN_POINT('',(-1.75,0.,-0.38));
#1337 = VECTOR('',#1338,1.);
#1338 = DIRECTION('',(0.,1.,0.));
#1339 = ORIENTED_EDGE('',*,*,#1340,.T.);
#1340 = EDGE_CURVE('',#1333,#1341,#1343,.T.);
#1341 = VERTEX_POINT('',#1342);
#1342 = CARTESIAN_POINT('',(-1.75,0.175,-0.62));
#1343 = LINE('',#1344,#1345);
#1344 = CARTESIAN_POINT('',(-1.75,0.175,-0.38));
#1345 = VECTOR('',#1346,1.);
#1346 = DIRECTION('',(0.,0.,-1.));
#1347 = ORIENTED_EDGE('',*,*,#1348,.F.);
#1348 = EDGE_CURVE('',#32,#1341,#1349,.T.);
#1349 = LINE('',#1350,#1351);
#1350 = CARTESIAN_POINT('',(-1.75,0.,-0.62));
#1351 = VECTOR('',#1352,1.);
#1352 = DIRECTION('',(0.,1.,0.));
#1353 = ORIENTED_EDGE('',*,*,#31,.F.);
#1354 = ORIENTED_EDGE('',*,*,#1120,.T.);
#1355 = FACE_BOUND('',#1356,.F.);
#1356 = EDGE_LOOP('',(#1357,#1367,#1375,#1383));
#1357 = ORIENTED_EDGE('',*,*,#1358,.T.);
#1358 = EDGE_CURVE('',#1359,#1361,#1363,.T.);
#1359 = VERTEX_POINT('',#1360);
#1360 = CARTESIAN_POINT('',(-1.75,7.5E-02,-1.625));
#1361 = VERTEX_POINT('',#1362);
#1362 = CARTESIAN_POINT('',(-1.75,7.5E-02,-1.475));
#1363 = LINE('',#1364,#1365);
#1364 = CARTESIAN_POINT('',(-1.75,7.5E-02,-1.625));
#1365 = VECTOR('',#1366,1.);
#1366 = DIRECTION('',(0.,0.,1.));
#1367 = ORIENTED_EDGE('',*,*,#1368,.T.);
#1368 = EDGE_CURVE('',#1361,#1369,#1371,.T.);
#1369 = VERTEX_POINT('',#1370);
#1370 = CARTESIAN_POINT('',(-1.75,0.175,-1.475));
#1371 = LINE('',#1372,#1373);
#1372 = CARTESIAN_POINT('',(-1.75,7.5E-02,-1.475));
#1373 = VECTOR('',#1374,1.);
#1374 = DIRECTION('',(0.,1.,0.));
#1375 = ORIENTED_EDGE('',*,*,#1376,.F.);
#1376 = EDGE_CURVE('',#1377,#1369,#1379,.T.);
#1377 = VERTEX_POINT('',#1378);
#1378 = CARTESIAN_POINT('',(-1.75,0.175,-1.625));
#1379 = LINE('',#1380,#1381);
#1380 = CARTESIAN_POINT('',(-1.75,0.175,-1.625));
#1381 = VECTOR('',#1382,1.);
#1382 = DIRECTION('',(0.,0.,1.));
#1383 = ORIENTED_EDGE('',*,*,#1384,.F.);
#1384 = EDGE_CURVE('',#1359,#1377,#1385,.T.);
#1385 = LINE('',#1386,#1387);
#1386 = CARTESIAN_POINT('',(-1.75,7.5E-02,-1.625));
#1387 = VECTOR('',#1388,1.);
#1388 = DIRECTION('',(0.,1.,0.));
#1389 = FACE_BOUND('',#1390,.F.);
#1390 = EDGE_LOOP('',(#1391,#1401,#1409,#1417));
#1391 = ORIENTED_EDGE('',*,*,#1392,.T.);
#1392 = EDGE_CURVE('',#1393,#1395,#1397,.T.);
#1393 = VERTEX_POINT('',#1394);
#1394 = CARTESIAN_POINT('',(-1.75,7.5E-02,1.475));
#1395 = VERTEX_POINT('',#1396);
#1396 = CARTESIAN_POINT('',(-1.75,7.5E-02,1.625));
#1397 = LINE('',#1398,#1399);
#1398 = CARTESIAN_POINT('',(-1.75,7.5E-02,1.475));
#1399 = VECTOR('',#1400,1.);
#1400 = DIRECTION('',(0.,0.,1.));
#1401 = ORIENTED_EDGE('',*,*,#1402,.T.);
#1402 = EDGE_CURVE('',#1395,#1403,#1405,.T.);
#1403 = VERTEX_POINT('',#1404);
#1404 = CARTESIAN_POINT('',(-1.75,0.175,1.625));
#1405 = LINE('',#1406,#1407);
#1406 = CARTESIAN_POINT('',(-1.75,7.5E-02,1.625));
#1407 = VECTOR('',#1408,1.);
#1408 = DIRECTION('',(0.,1.,0.));
#1409 = ORIENTED_EDGE('',*,*,#1410,.F.);
#1410 = EDGE_CURVE('',#1411,#1403,#1413,.T.);
#1411 = VERTEX_POINT('',#1412);
#1412 = CARTESIAN_POINT('',(-1.75,0.175,1.475));
#1413 = LINE('',#1414,#1415);
#1414 = CARTESIAN_POINT('',(-1.75,0.175,1.475));
#1415 = VECTOR('',#1416,1.);
#1416 = DIRECTION('',(0.,0.,1.));
#1417 = ORIENTED_EDGE('',*,*,#1418,.F.);
#1418 = EDGE_CURVE('',#1393,#1411,#1419,.T.);
#1419 = LINE('',#1420,#1421);
#1420 = CARTESIAN_POINT('',(-1.75,7.5E-02,1.475));
#1421 = VECTOR('',#1422,1.);
#1422 = DIRECTION('',(0.,1.,0.));
#1423 = PLANE('',#1424);
#1424 = AXIS2_PLACEMENT_3D('',#1425,#1426,#1427);
#1425 = CARTESIAN_POINT('',(-1.75,0.,-1.75));
#1426 = DIRECTION('',(-1.,0.,0.));
#1427 = DIRECTION('',(0.,0.,1.));
#1428 = ADVANCED_FACE('',(#1429),#1437,.F.);
#1429 = FACE_BOUND('',#1430,.F.);
#1430 = EDGE_LOOP('',(#1431,#1432,#1433,#1434,#1435,#1436));
#1431 = ORIENTED_EDGE('',*,*,#1232,.F.);
#1432 = ORIENTED_EDGE('',*,*,#1112,.T.);
#1433 = ORIENTED_EDGE('',*,*,#1143,.T.);
#1434 = ORIENTED_EDGE('',*,*,#1168,.T.);
#1435 = ORIENTED_EDGE('',*,*,#1192,.T.);
#1436 = ORIENTED_EDGE('',*,*,#1217,.T.);
#1437 = PLANE('',#1438);
#1438 = AXIS2_PLACEMENT_3D('',#1439,#1440,#1441);
#1439 = CARTESIAN_POINT('',(0.,0.175,0.));
#1440 = DIRECTION('',(0.,1.,0.));
#1441 = DIRECTION('',(1.,0.,0.));
#1442 = ADVANCED_FACE('',(#1443,#1576,#1610),#1644,.T.);
#1443 = FACE_BOUND('',#1444,.F.);
#1444 = EDGE_LOOP('',(#1445,#1453,#1461,#1467,#1468,#1476,#1484,#1490,
    #1491,#1499,#1507,#1513,#1514,#1522,#1530,#1536,#1537,#1545,#1553,
    #1559,#1560,#1568,#1574,#1575));
#1445 = ORIENTED_EDGE('',*,*,#1446,.T.);
#1446 = EDGE_CURVE('',#998,#1447,#1449,.T.);
#1447 = VERTEX_POINT('',#1448);
#1448 = CARTESIAN_POINT('',(-1.12,0.175,-1.75));
#1449 = LINE('',#1450,#1451);
#1450 = CARTESIAN_POINT('',(-1.12,0.,-1.75));
#1451 = VECTOR('',#1452,1.);
#1452 = DIRECTION('',(0.,1.,0.));
#1453 = ORIENTED_EDGE('',*,*,#1454,.T.);
#1454 = EDGE_CURVE('',#1447,#1455,#1457,.T.);
#1455 = VERTEX_POINT('',#1456);
#1456 = CARTESIAN_POINT('',(-0.88,0.175,-1.75));
#1457 = LINE('',#1458,#1459);
#1458 = CARTESIAN_POINT('',(-1.12,0.175,-1.75));
#1459 = VECTOR('',#1460,1.);
#1460 = DIRECTION('',(1.,0.,0.));
#1461 = ORIENTED_EDGE('',*,*,#1462,.F.);
#1462 = EDGE_CURVE('',#956,#1455,#1463,.T.);
#1463 = LINE('',#1464,#1465);
#1464 = CARTESIAN_POINT('',(-0.88,0.,-1.75));
#1465 = VECTOR('',#1466,1.);
#1466 = DIRECTION('',(0.,1.,0.));
#1467 = ORIENTED_EDGE('',*,*,#955,.F.);
#1468 = ORIENTED_EDGE('',*,*,#1469,.T.);
#1469 = EDGE_CURVE('',#948,#1470,#1472,.T.);
#1470 = VERTEX_POINT('',#1471);
#1471 = CARTESIAN_POINT('',(-0.62,0.175,-1.75));
#1472 = LINE('',#1473,#1474);
#1473 = CARTESIAN_POINT('',(-0.62,0.,-1.75));
#1474 = VECTOR('',#1475,1.);
#1475 = DIRECTION('',(0.,1.,0.));
#1476 = ORIENTED_EDGE('',*,*,#1477,.T.);
#1477 = EDGE_CURVE('',#1470,#1478,#1480,.T.);
#1478 = VERTEX_POINT('',#1479);
#1479 = CARTESIAN_POINT('',(-0.38,0.175,-1.75));
#1480 = LINE('',#1481,#1482);
#1481 = CARTESIAN_POINT('',(-0.62,0.175,-1.75));
#1482 = VECTOR('',#1483,1.);
#1483 = DIRECTION('',(1.,0.,0.));
#1484 = ORIENTED_EDGE('',*,*,#1485,.F.);
#1485 = EDGE_CURVE('',#906,#1478,#1486,.T.);
#1486 = LINE('',#1487,#1488);
#1487 = CARTESIAN_POINT('',(-0.38,0.,-1.75));
#1488 = VECTOR('',#1489,1.);
#1489 = DIRECTION('',(0.,1.,0.));
#1490 = ORIENTED_EDGE('',*,*,#905,.F.);
#1491 = ORIENTED_EDGE('',*,*,#1492,.T.);
#1492 = EDGE_CURVE('',#898,#1493,#1495,.T.);
#1493 = VERTEX_POINT('',#1494);
#1494 = CARTESIAN_POINT('',(-0.12,0.175,-1.75));
#1495 = LINE('',#1496,#1497);
#1496 = CARTESIAN_POINT('',(-0.12,0.,-1.75));
#1497 = VECTOR('',#1498,1.);
#1498 = DIRECTION('',(0.,1.,0.));
#1499 = ORIENTED_EDGE('',*,*,#1500,.T.);
#1500 = EDGE_CURVE('',#1493,#1501,#1503,.T.);
#1501 = VERTEX_POINT('',#1502);
#1502 = CARTESIAN_POINT('',(0.12,0.175,-1.75));
#1503 = LINE('',#1504,#1505);
#1504 = CARTESIAN_POINT('',(-0.12,0.175,-1.75));
#1505 = VECTOR('',#1506,1.);
#1506 = DIRECTION('',(1.,0.,0.));
#1507 = ORIENTED_EDGE('',*,*,#1508,.F.);
#1508 = EDGE_CURVE('',#856,#1501,#1509,.T.);
#1509 = LINE('',#1510,#1511);
#1510 = CARTESIAN_POINT('',(0.12,0.,-1.75));
#1511 = VECTOR('',#1512,1.);
#1512 = DIRECTION('',(0.,1.,0.));
#1513 = ORIENTED_EDGE('',*,*,#855,.F.);
#1514 = ORIENTED_EDGE('',*,*,#1515,.T.);
#1515 = EDGE_CURVE('',#848,#1516,#1518,.T.);
#1516 = VERTEX_POINT('',#1517);
#1517 = CARTESIAN_POINT('',(0.38,0.175,-1.75));
#1518 = LINE('',#1519,#1520);
#1519 = CARTESIAN_POINT('',(0.38,0.,-1.75));
#1520 = VECTOR('',#1521,1.);
#1521 = DIRECTION('',(0.,1.,0.));
#1522 = ORIENTED_EDGE('',*,*,#1523,.T.);
#1523 = EDGE_CURVE('',#1516,#1524,#1526,.T.);
#1524 = VERTEX_POINT('',#1525);
#1525 = CARTESIAN_POINT('',(0.62,0.175,-1.75));
#1526 = LINE('',#1527,#1528);
#1527 = CARTESIAN_POINT('',(0.38,0.175,-1.75));
#1528 = VECTOR('',#1529,1.);
#1529 = DIRECTION('',(1.,0.,0.));
#1530 = ORIENTED_EDGE('',*,*,#1531,.F.);
#1531 = EDGE_CURVE('',#806,#1524,#1532,.T.);
#1532 = LINE('',#1533,#1534);
#1533 = CARTESIAN_POINT('',(0.62,0.,-1.75));
#1534 = VECTOR('',#1535,1.);
#1535 = DIRECTION('',(0.,1.,0.));
#1536 = ORIENTED_EDGE('',*,*,#805,.F.);
#1537 = ORIENTED_EDGE('',*,*,#1538,.T.);
#1538 = EDGE_CURVE('',#798,#1539,#1541,.T.);
#1539 = VERTEX_POINT('',#1540);
#1540 = CARTESIAN_POINT('',(0.88,0.175,-1.75));
#1541 = LINE('',#1542,#1543);
#1542 = CARTESIAN_POINT('',(0.88,0.,-1.75));
#1543 = VECTOR('',#1544,1.);
#1544 = DIRECTION('',(0.,1.,0.));
#1545 = ORIENTED_EDGE('',*,*,#1546,.T.);
#1546 = EDGE_CURVE('',#1539,#1547,#1549,.T.);
#1547 = VERTEX_POINT('',#1548);
#1548 = CARTESIAN_POINT('',(1.12,0.175,-1.75));
#1549 = LINE('',#1550,#1551);
#1550 = CARTESIAN_POINT('',(0.88,0.175,-1.75));
#1551 = VECTOR('',#1552,1.);
#1552 = DIRECTION('',(1.,0.,0.));
#1553 = ORIENTED_EDGE('',*,*,#1554,.F.);
#1554 = EDGE_CURVE('',#756,#1547,#1555,.T.);
#1555 = LINE('',#1556,#1557);
#1556 = CARTESIAN_POINT('',(1.12,0.,-1.75));
#1557 = VECTOR('',#1558,1.);
#1558 = DIRECTION('',(0.,1.,0.));
#1559 = ORIENTED_EDGE('',*,*,#755,.F.);
#1560 = ORIENTED_EDGE('',*,*,#1561,.T.);
#1561 = EDGE_CURVE('',#748,#1562,#1564,.T.);
#1562 = VERTEX_POINT('',#1563);
#1563 = CARTESIAN_POINT('',(1.75,0.975,-1.75));
#1564 = LINE('',#1565,#1566);
#1565 = CARTESIAN_POINT('',(1.75,0.,-1.75));
#1566 = VECTOR('',#1567,1.);
#1567 = DIRECTION('',(0.,1.,0.));
#1568 = ORIENTED_EDGE('',*,*,#1569,.T.);
#1569 = EDGE_CURVE('',#1562,#1241,#1570,.T.);
#1570 = LINE('',#1571,#1572);
#1571 = CARTESIAN_POINT('',(1.75,0.975,-1.75));
#1572 = VECTOR('',#1573,1.);
#1573 = DIRECTION('',(-1.,0.,0.));
#1574 = ORIENTED_EDGE('',*,*,#1240,.F.);
#1575 = ORIENTED_EDGE('',*,*,#1005,.F.);
#1576 = FACE_BOUND('',#1577,.F.);
#1577 = EDGE_LOOP('',(#1578,#1588,#1596,#1604));
#1578 = ORIENTED_EDGE('',*,*,#1579,.T.);
#1579 = EDGE_CURVE('',#1580,#1582,#1584,.T.);
#1580 = VERTEX_POINT('',#1581);
#1581 = CARTESIAN_POINT('',(1.625,7.5E-02,-1.75));
#1582 = VERTEX_POINT('',#1583);
#1583 = CARTESIAN_POINT('',(1.475,7.5E-02,-1.75));
#1584 = LINE('',#1585,#1586);
#1585 = CARTESIAN_POINT('',(1.625,7.5E-02,-1.75));
#1586 = VECTOR('',#1587,1.);
#1587 = DIRECTION('',(-1.,0.,0.));
#1588 = ORIENTED_EDGE('',*,*,#1589,.T.);
#1589 = EDGE_CURVE('',#1582,#1590,#1592,.T.);
#1590 = VERTEX_POINT('',#1591);
#1591 = CARTESIAN_POINT('',(1.475,0.175,-1.75));
#1592 = LINE('',#1593,#1594);
#1593 = CARTESIAN_POINT('',(1.475,7.5E-02,-1.75));
#1594 = VECTOR('',#1595,1.);
#1595 = DIRECTION('',(0.,1.,0.));
#1596 = ORIENTED_EDGE('',*,*,#1597,.F.);
#1597 = EDGE_CURVE('',#1598,#1590,#1600,.T.);
#1598 = VERTEX_POINT('',#1599);
#1599 = CARTESIAN_POINT('',(1.625,0.175,-1.75));
#1600 = LINE('',#1601,#1602);
#1601 = CARTESIAN_POINT('',(1.625,0.175,-1.75));
#1602 = VECTOR('',#1603,1.);
#1603 = DIRECTION('',(-1.,0.,0.));
#1604 = ORIENTED_EDGE('',*,*,#1605,.F.);
#1605 = EDGE_CURVE('',#1580,#1598,#1606,.T.);
#1606 = LINE('',#1607,#1608);
#1607 = CARTESIAN_POINT('',(1.625,7.5E-02,-1.75));
#1608 = VECTOR('',#1609,1.);
#1609 = DIRECTION('',(0.,1.,0.));
#1610 = FACE_BOUND('',#1611,.F.);
#1611 = EDGE_LOOP('',(#1612,#1622,#1630,#1638));
#1612 = ORIENTED_EDGE('',*,*,#1613,.T.);
#1613 = EDGE_CURVE('',#1614,#1616,#1618,.T.);
#1614 = VERTEX_POINT('',#1615);
#1615 = CARTESIAN_POINT('',(-1.475,7.5E-02,-1.75));
#1616 = VERTEX_POINT('',#1617);
#1617 = CARTESIAN_POINT('',(-1.625,7.5E-02,-1.75));
#1618 = LINE('',#1619,#1620);
#1619 = CARTESIAN_POINT('',(-1.475,7.5E-02,-1.75));
#1620 = VECTOR('',#1621,1.);
#1621 = DIRECTION('',(-1.,0.,0.));
#1622 = ORIENTED_EDGE('',*,*,#1623,.T.);
#1623 = EDGE_CURVE('',#1616,#1624,#1626,.T.);
#1624 = VERTEX_POINT('',#1625);
#1625 = CARTESIAN_POINT('',(-1.625,0.175,-1.75));
#1626 = LINE('',#1627,#1628);
#1627 = CARTESIAN_POINT('',(-1.625,7.5E-02,-1.75));
#1628 = VECTOR('',#1629,1.);
#1629 = DIRECTION('',(0.,1.,0.));
#1630 = ORIENTED_EDGE('',*,*,#1631,.F.);
#1631 = EDGE_CURVE('',#1632,#1624,#1634,.T.);
#1632 = VERTEX_POINT('',#1633);
#1633 = CARTESIAN_POINT('',(-1.475,0.175,-1.75));
#1634 = LINE('',#1635,#1636);
#1635 = CARTESIAN_POINT('',(-1.475,0.175,-1.75));
#1636 = VECTOR('',#1637,1.);
#1637 = DIRECTION('',(-1.,0.,0.));
#1638 = ORIENTED_EDGE('',*,*,#1639,.F.);
#1639 = EDGE_CURVE('',#1614,#1632,#1640,.T.);
#1640 = LINE('',#1641,#1642);
#1641 = CARTESIAN_POINT('',(-1.475,7.5E-02,-1.75));
#1642 = VECTOR('',#1643,1.);
#1643 = DIRECTION('',(0.,1.,0.));
#1644 = PLANE('',#1645);
#1645 = AXIS2_PLACEMENT_3D('',#1646,#1647,#1648);
#1646 = CARTESIAN_POINT('',(1.75,0.,-1.75));
#1647 = DIRECTION('',(0.,0.,-1.));
#1648 = DIRECTION('',(-1.,0.,0.));
#1649 = ADVANCED_FACE('',(#1650),#1668,.F.);
#1650 = FACE_BOUND('',#1651,.F.);
#1651 = EDGE_LOOP('',(#1652,#1653,#1661,#1667));
#1652 = ORIENTED_EDGE('',*,*,#997,.T.);
#1653 = ORIENTED_EDGE('',*,*,#1654,.T.);
#1654 = EDGE_CURVE('',#989,#1655,#1657,.T.);
#1655 = VERTEX_POINT('',#1656);
#1656 = CARTESIAN_POINT('',(-1.12,0.175,-1.469));
#1657 = LINE('',#1658,#1659);
#1658 = CARTESIAN_POINT('',(-1.12,0.,-1.469));
#1659 = VECTOR('',#1660,1.);
#1660 = DIRECTION('',(0.,1.,0.));
#1661 = ORIENTED_EDGE('',*,*,#1662,.F.);
#1662 = EDGE_CURVE('',#1447,#1655,#1663,.T.);
#1663 = LINE('',#1664,#1665);
#1664 = CARTESIAN_POINT('',(-1.12,0.175,-1.75));
#1665 = VECTOR('',#1666,1.);
#1666 = DIRECTION('',(0.,0.,1.));
#1667 = ORIENTED_EDGE('',*,*,#1446,.F.);
#1668 = PLANE('',#1669);
#1669 = AXIS2_PLACEMENT_3D('',#1670,#1671,#1672);
#1670 = CARTESIAN_POINT('',(-1.12,-2.5E-02,-1.85));
#1671 = DIRECTION('',(-1.,0.,0.));
#1672 = DIRECTION('',(0.,0.,1.));
#1673 = ADVANCED_FACE('',(#1674),#1693,.F.);
#1674 = FACE_BOUND('',#1675,.F.);
#1675 = EDGE_LOOP('',(#1676,#1677,#1685,#1692));
#1676 = ORIENTED_EDGE('',*,*,#988,.T.);
#1677 = ORIENTED_EDGE('',*,*,#1678,.T.);
#1678 = EDGE_CURVE('',#981,#1679,#1681,.T.);
#1679 = VERTEX_POINT('',#1680);
#1680 = CARTESIAN_POINT('',(-1.001,0.175,-1.35));
#1681 = LINE('',#1682,#1683);
#1682 = CARTESIAN_POINT('',(-1.001,0.,-1.35));
#1683 = VECTOR('',#1684,1.);
#1684 = DIRECTION('',(0.,1.,0.));
#1685 = ORIENTED_EDGE('',*,*,#1686,.F.);
#1686 = EDGE_CURVE('',#1655,#1679,#1687,.T.);
#1687 = CIRCLE('',#1688,0.119);
#1688 = AXIS2_PLACEMENT_3D('',#1689,#1690,#1691);
#1689 = CARTESIAN_POINT('',(-1.001,0.175,-1.469));
#1690 = DIRECTION('',(0.,1.,0.));
#1691 = DIRECTION('',(-1.,0.,0.));
#1692 = ORIENTED_EDGE('',*,*,#1654,.F.);
#1693 = CYLINDRICAL_SURFACE('',#1694,0.119);
#1694 = AXIS2_PLACEMENT_3D('',#1695,#1696,#1697);
#1695 = CARTESIAN_POINT('',(-1.001,-2.5E-02,-1.469));
#1696 = DIRECTION('',(0.,1.,0.));
#1697 = DIRECTION('',(1.,0.,0.));
#1698 = ADVANCED_FACE('',(#1699),#1717,.F.);
#1699 = FACE_BOUND('',#1700,.F.);
#1700 = EDGE_LOOP('',(#1701,#1702,#1710,#1716));
#1701 = ORIENTED_EDGE('',*,*,#980,.T.);
#1702 = ORIENTED_EDGE('',*,*,#1703,.T.);
#1703 = EDGE_CURVE('',#972,#1704,#1706,.T.);
#1704 = VERTEX_POINT('',#1705);
#1705 = CARTESIAN_POINT('',(-0.999,0.175,-1.35));
#1706 = LINE('',#1707,#1708);
#1707 = CARTESIAN_POINT('',(-0.999,0.,-1.35));
#1708 = VECTOR('',#1709,1.);
#1709 = DIRECTION('',(0.,1.,0.));
#1710 = ORIENTED_EDGE('',*,*,#1711,.F.);
#1711 = EDGE_CURVE('',#1679,#1704,#1712,.T.);
#1712 = LINE('',#1713,#1714);
#1713 = CARTESIAN_POINT('',(-1.001,0.175,-1.35));
#1714 = VECTOR('',#1715,1.);
#1715 = DIRECTION('',(1.,0.,0.));
#1716 = ORIENTED_EDGE('',*,*,#1678,.F.);
#1717 = PLANE('',#1718);
#1718 = AXIS2_PLACEMENT_3D('',#1719,#1720,#1721);
#1719 = CARTESIAN_POINT('',(-1.001,-2.5E-02,-1.35));
#1720 = DIRECTION('',(0.,0.,1.));
#1721 = DIRECTION('',(1.,0.,-0.));
#1722 = ADVANCED_FACE('',(#1723),#1742,.F.);
#1723 = FACE_BOUND('',#1724,.F.);
#1724 = EDGE_LOOP('',(#1725,#1726,#1734,#1741));
#1725 = ORIENTED_EDGE('',*,*,#971,.T.);
#1726 = ORIENTED_EDGE('',*,*,#1727,.T.);
#1727 = EDGE_CURVE('',#964,#1728,#1730,.T.);
#1728 = VERTEX_POINT('',#1729);
#1729 = CARTESIAN_POINT('',(-0.88,0.175,-1.469));
#1730 = LINE('',#1731,#1732);
#1731 = CARTESIAN_POINT('',(-0.88,0.,-1.469));
#1732 = VECTOR('',#1733,1.);
#1733 = DIRECTION('',(0.,1.,0.));
#1734 = ORIENTED_EDGE('',*,*,#1735,.F.);
#1735 = EDGE_CURVE('',#1704,#1728,#1736,.T.);
#1736 = CIRCLE('',#1737,0.119);
#1737 = AXIS2_PLACEMENT_3D('',#1738,#1739,#1740);
#1738 = CARTESIAN_POINT('',(-0.999,0.175,-1.469));
#1739 = DIRECTION('',(0.,1.,0.));
#1740 = DIRECTION('',(0.,-0.,1.));
#1741 = ORIENTED_EDGE('',*,*,#1703,.F.);
#1742 = CYLINDRICAL_SURFACE('',#1743,0.119);
#1743 = AXIS2_PLACEMENT_3D('',#1744,#1745,#1746);
#1744 = CARTESIAN_POINT('',(-0.999,-2.5E-02,-1.469));
#1745 = DIRECTION('',(0.,1.,0.));
#1746 = DIRECTION('',(1.,0.,0.));
#1747 = ADVANCED_FACE('',(#1748),#1759,.F.);
#1748 = FACE_BOUND('',#1749,.F.);
#1749 = EDGE_LOOP('',(#1750,#1751,#1752,#1758));
#1750 = ORIENTED_EDGE('',*,*,#963,.F.);
#1751 = ORIENTED_EDGE('',*,*,#1462,.T.);
#1752 = ORIENTED_EDGE('',*,*,#1753,.F.);
#1753 = EDGE_CURVE('',#1728,#1455,#1754,.T.);
#1754 = LINE('',#1755,#1756);
#1755 = CARTESIAN_POINT('',(-0.88,0.175,-1.469));
#1756 = VECTOR('',#1757,1.);
#1757 = DIRECTION('',(0.,0.,-1.));
#1758 = ORIENTED_EDGE('',*,*,#1727,.F.);
#1759 = PLANE('',#1760);
#1760 = AXIS2_PLACEMENT_3D('',#1761,#1762,#1763);
#1761 = CARTESIAN_POINT('',(-0.88,-2.5E-02,-1.469));
#1762 = DIRECTION('',(1.,0.,0.));
#1763 = DIRECTION('',(0.,0.,-1.));
#1764 = ADVANCED_FACE('',(#1765),#1773,.F.);
#1765 = FACE_BOUND('',#1766,.F.);
#1766 = EDGE_LOOP('',(#1767,#1768,#1769,#1770,#1771,#1772));
#1767 = ORIENTED_EDGE('',*,*,#1454,.F.);
#1768 = ORIENTED_EDGE('',*,*,#1662,.T.);
#1769 = ORIENTED_EDGE('',*,*,#1686,.T.);
#1770 = ORIENTED_EDGE('',*,*,#1711,.T.);
#1771 = ORIENTED_EDGE('',*,*,#1735,.T.);
#1772 = ORIENTED_EDGE('',*,*,#1753,.T.);
#1773 = PLANE('',#1774);
#1774 = AXIS2_PLACEMENT_3D('',#1775,#1776,#1777);
#1775 = CARTESIAN_POINT('',(0.,0.175,0.));
#1776 = DIRECTION('',(0.,1.,0.));
#1777 = DIRECTION('',(1.,0.,0.));
#1778 = ADVANCED_FACE('',(#1779),#1797,.F.);
#1779 = FACE_BOUND('',#1780,.F.);
#1780 = EDGE_LOOP('',(#1781,#1782,#1790,#1796));
#1781 = ORIENTED_EDGE('',*,*,#947,.T.);
#1782 = ORIENTED_EDGE('',*,*,#1783,.T.);
#1783 = EDGE_CURVE('',#939,#1784,#1786,.T.);
#1784 = VERTEX_POINT('',#1785);
#1785 = CARTESIAN_POINT('',(-0.62,0.175,-1.469));
#1786 = LINE('',#1787,#1788);
#1787 = CARTESIAN_POINT('',(-0.62,0.,-1.469));
#1788 = VECTOR('',#1789,1.);
#1789 = DIRECTION('',(0.,1.,0.));
#1790 = ORIENTED_EDGE('',*,*,#1791,.F.);
#1791 = EDGE_CURVE('',#1470,#1784,#1792,.T.);
#1792 = LINE('',#1793,#1794);
#1793 = CARTESIAN_POINT('',(-0.62,0.175,-1.75));
#1794 = VECTOR('',#1795,1.);
#1795 = DIRECTION('',(0.,0.,1.));
#1796 = ORIENTED_EDGE('',*,*,#1469,.F.);
#1797 = PLANE('',#1798);
#1798 = AXIS2_PLACEMENT_3D('',#1799,#1800,#1801);
#1799 = CARTESIAN_POINT('',(-0.62,-2.5E-02,-1.85));
#1800 = DIRECTION('',(-1.,0.,0.));
#1801 = DIRECTION('',(0.,0.,1.));
#1802 = ADVANCED_FACE('',(#1803),#1822,.F.);
#1803 = FACE_BOUND('',#1804,.F.);
#1804 = EDGE_LOOP('',(#1805,#1806,#1814,#1821));
#1805 = ORIENTED_EDGE('',*,*,#938,.T.);
#1806 = ORIENTED_EDGE('',*,*,#1807,.T.);
#1807 = EDGE_CURVE('',#931,#1808,#1810,.T.);
#1808 = VERTEX_POINT('',#1809);
#1809 = CARTESIAN_POINT('',(-0.501,0.175,-1.35));
#1810 = LINE('',#1811,#1812);
#1811 = CARTESIAN_POINT('',(-0.501,0.,-1.35));
#1812 = VECTOR('',#1813,1.);
#1813 = DIRECTION('',(0.,1.,0.));
#1814 = ORIENTED_EDGE('',*,*,#1815,.F.);
#1815 = EDGE_CURVE('',#1784,#1808,#1816,.T.);
#1816 = CIRCLE('',#1817,0.119);
#1817 = AXIS2_PLACEMENT_3D('',#1818,#1819,#1820);
#1818 = CARTESIAN_POINT('',(-0.501,0.175,-1.469));
#1819 = DIRECTION('',(0.,1.,0.));
#1820 = DIRECTION('',(-1.,0.,0.));
#1821 = ORIENTED_EDGE('',*,*,#1783,.F.);
#1822 = CYLINDRICAL_SURFACE('',#1823,0.119);
#1823 = AXIS2_PLACEMENT_3D('',#1824,#1825,#1826);
#1824 = CARTESIAN_POINT('',(-0.501,-2.5E-02,-1.469));
#1825 = DIRECTION('',(0.,1.,0.));
#1826 = DIRECTION('',(1.,0.,0.));
#1827 = ADVANCED_FACE('',(#1828),#1846,.F.);
#1828 = FACE_BOUND('',#1829,.F.);
#1829 = EDGE_LOOP('',(#1830,#1831,#1839,#1845));
#1830 = ORIENTED_EDGE('',*,*,#930,.T.);
#1831 = ORIENTED_EDGE('',*,*,#1832,.T.);
#1832 = EDGE_CURVE('',#922,#1833,#1835,.T.);
#1833 = VERTEX_POINT('',#1834);
#1834 = CARTESIAN_POINT('',(-0.499,0.175,-1.35));
#1835 = LINE('',#1836,#1837);
#1836 = CARTESIAN_POINT('',(-0.499,0.,-1.35));
#1837 = VECTOR('',#1838,1.);
#1838 = DIRECTION('',(0.,1.,0.));
#1839 = ORIENTED_EDGE('',*,*,#1840,.F.);
#1840 = EDGE_CURVE('',#1808,#1833,#1841,.T.);
#1841 = LINE('',#1842,#1843);
#1842 = CARTESIAN_POINT('',(-0.501,0.175,-1.35));
#1843 = VECTOR('',#1844,1.);
#1844 = DIRECTION('',(1.,0.,0.));
#1845 = ORIENTED_EDGE('',*,*,#1807,.F.);
#1846 = PLANE('',#1847);
#1847 = AXIS2_PLACEMENT_3D('',#1848,#1849,#1850);
#1848 = CARTESIAN_POINT('',(-0.501,-2.5E-02,-1.35));
#1849 = DIRECTION('',(0.,0.,1.));
#1850 = DIRECTION('',(1.,0.,-0.));
#1851 = ADVANCED_FACE('',(#1852),#1871,.F.);
#1852 = FACE_BOUND('',#1853,.F.);
#1853 = EDGE_LOOP('',(#1854,#1855,#1863,#1870));
#1854 = ORIENTED_EDGE('',*,*,#921,.T.);
#1855 = ORIENTED_EDGE('',*,*,#1856,.T.);
#1856 = EDGE_CURVE('',#914,#1857,#1859,.T.);
#1857 = VERTEX_POINT('',#1858);
#1858 = CARTESIAN_POINT('',(-0.38,0.175,-1.469));
#1859 = LINE('',#1860,#1861);
#1860 = CARTESIAN_POINT('',(-0.38,0.,-1.469));
#1861 = VECTOR('',#1862,1.);
#1862 = DIRECTION('',(0.,1.,0.));
#1863 = ORIENTED_EDGE('',*,*,#1864,.F.);
#1864 = EDGE_CURVE('',#1833,#1857,#1865,.T.);
#1865 = CIRCLE('',#1866,0.119);
#1866 = AXIS2_PLACEMENT_3D('',#1867,#1868,#1869);
#1867 = CARTESIAN_POINT('',(-0.499,0.175,-1.469));
#1868 = DIRECTION('',(0.,1.,0.));
#1869 = DIRECTION('',(0.,-0.,1.));
#1870 = ORIENTED_EDGE('',*,*,#1832,.F.);
#1871 = CYLINDRICAL_SURFACE('',#1872,0.119);
#1872 = AXIS2_PLACEMENT_3D('',#1873,#1874,#1875);
#1873 = CARTESIAN_POINT('',(-0.499,-2.5E-02,-1.469));
#1874 = DIRECTION('',(0.,1.,0.));
#1875 = DIRECTION('',(1.,0.,0.));
#1876 = ADVANCED_FACE('',(#1877),#1888,.F.);
#1877 = FACE_BOUND('',#1878,.F.);
#1878 = EDGE_LOOP('',(#1879,#1880,#1881,#1887));
#1879 = ORIENTED_EDGE('',*,*,#913,.F.);
#1880 = ORIENTED_EDGE('',*,*,#1485,.T.);
#1881 = ORIENTED_EDGE('',*,*,#1882,.F.);
#1882 = EDGE_CURVE('',#1857,#1478,#1883,.T.);
#1883 = LINE('',#1884,#1885);
#1884 = CARTESIAN_POINT('',(-0.38,0.175,-1.469));
#1885 = VECTOR('',#1886,1.);
#1886 = DIRECTION('',(0.,0.,-1.));
#1887 = ORIENTED_EDGE('',*,*,#1856,.F.);
#1888 = PLANE('',#1889);
#1889 = AXIS2_PLACEMENT_3D('',#1890,#1891,#1892);
#1890 = CARTESIAN_POINT('',(-0.38,-2.5E-02,-1.469));
#1891 = DIRECTION('',(1.,0.,0.));
#1892 = DIRECTION('',(0.,0.,-1.));
#1893 = ADVANCED_FACE('',(#1894),#1902,.F.);
#1894 = FACE_BOUND('',#1895,.F.);
#1895 = EDGE_LOOP('',(#1896,#1897,#1898,#1899,#1900,#1901));
#1896 = ORIENTED_EDGE('',*,*,#1477,.F.);
#1897 = ORIENTED_EDGE('',*,*,#1791,.T.);
#1898 = ORIENTED_EDGE('',*,*,#1815,.T.);
#1899 = ORIENTED_EDGE('',*,*,#1840,.T.);
#1900 = ORIENTED_EDGE('',*,*,#1864,.T.);
#1901 = ORIENTED_EDGE('',*,*,#1882,.T.);
#1902 = PLANE('',#1903);
#1903 = AXIS2_PLACEMENT_3D('',#1904,#1905,#1906);
#1904 = CARTESIAN_POINT('',(0.,0.175,0.));
#1905 = DIRECTION('',(0.,1.,0.));
#1906 = DIRECTION('',(1.,0.,0.));
#1907 = ADVANCED_FACE('',(#1908),#1926,.F.);
#1908 = FACE_BOUND('',#1909,.F.);
#1909 = EDGE_LOOP('',(#1910,#1911,#1919,#1925));
#1910 = ORIENTED_EDGE('',*,*,#897,.T.);
#1911 = ORIENTED_EDGE('',*,*,#1912,.T.);
#1912 = EDGE_CURVE('',#889,#1913,#1915,.T.);
#1913 = VERTEX_POINT('',#1914);
#1914 = CARTESIAN_POINT('',(-0.12,0.175,-1.469));
#1915 = LINE('',#1916,#1917);
#1916 = CARTESIAN_POINT('',(-0.12,0.,-1.469));
#1917 = VECTOR('',#1918,1.);
#1918 = DIRECTION('',(0.,1.,0.));
#1919 = ORIENTED_EDGE('',*,*,#1920,.F.);
#1920 = EDGE_CURVE('',#1493,#1913,#1921,.T.);
#1921 = LINE('',#1922,#1923);
#1922 = CARTESIAN_POINT('',(-0.12,0.175,-1.75));
#1923 = VECTOR('',#1924,1.);
#1924 = DIRECTION('',(0.,0.,1.));
#1925 = ORIENTED_EDGE('',*,*,#1492,.F.);
#1926 = PLANE('',#1927);
#1927 = AXIS2_PLACEMENT_3D('',#1928,#1929,#1930);
#1928 = CARTESIAN_POINT('',(-0.12,-2.5E-02,-1.85));
#1929 = DIRECTION('',(-1.,0.,0.));
#1930 = DIRECTION('',(0.,0.,1.));
#1931 = ADVANCED_FACE('',(#1932),#1951,.F.);
#1932 = FACE_BOUND('',#1933,.F.);
#1933 = EDGE_LOOP('',(#1934,#1935,#1943,#1950));
#1934 = ORIENTED_EDGE('',*,*,#888,.T.);
#1935 = ORIENTED_EDGE('',*,*,#1936,.T.);
#1936 = EDGE_CURVE('',#881,#1937,#1939,.T.);
#1937 = VERTEX_POINT('',#1938);
#1938 = CARTESIAN_POINT('',(-1.E-03,0.175,-1.35));
#1939 = LINE('',#1940,#1941);
#1940 = CARTESIAN_POINT('',(-1.E-03,0.,-1.35));
#1941 = VECTOR('',#1942,1.);
#1942 = DIRECTION('',(0.,1.,0.));
#1943 = ORIENTED_EDGE('',*,*,#1944,.F.);
#1944 = EDGE_CURVE('',#1913,#1937,#1945,.T.);
#1945 = CIRCLE('',#1946,0.119);
#1946 = AXIS2_PLACEMENT_3D('',#1947,#1948,#1949);
#1947 = CARTESIAN_POINT('',(-1.E-03,0.175,-1.469));
#1948 = DIRECTION('',(0.,1.,0.));
#1949 = DIRECTION('',(-1.,0.,0.));
#1950 = ORIENTED_EDGE('',*,*,#1912,.F.);
#1951 = CYLINDRICAL_SURFACE('',#1952,0.119);
#1952 = AXIS2_PLACEMENT_3D('',#1953,#1954,#1955);
#1953 = CARTESIAN_POINT('',(-1.E-03,-2.5E-02,-1.469));
#1954 = DIRECTION('',(0.,1.,0.));
#1955 = DIRECTION('',(1.,0.,0.));
#1956 = ADVANCED_FACE('',(#1957),#1975,.F.);
#1957 = FACE_BOUND('',#1958,.F.);
#1958 = EDGE_LOOP('',(#1959,#1960,#1968,#1974));
#1959 = ORIENTED_EDGE('',*,*,#880,.T.);
#1960 = ORIENTED_EDGE('',*,*,#1961,.T.);
#1961 = EDGE_CURVE('',#872,#1962,#1964,.T.);
#1962 = VERTEX_POINT('',#1963);
#1963 = CARTESIAN_POINT('',(1.E-03,0.175,-1.35));
#1964 = LINE('',#1965,#1966);
#1965 = CARTESIAN_POINT('',(1.E-03,0.,-1.35));
#1966 = VECTOR('',#1967,1.);
#1967 = DIRECTION('',(0.,1.,0.));
#1968 = ORIENTED_EDGE('',*,*,#1969,.F.);
#1969 = EDGE_CURVE('',#1937,#1962,#1970,.T.);
#1970 = LINE('',#1971,#1972);
#1971 = CARTESIAN_POINT('',(-1.E-03,0.175,-1.35));
#1972 = VECTOR('',#1973,1.);
#1973 = DIRECTION('',(1.,0.,0.));
#1974 = ORIENTED_EDGE('',*,*,#1936,.F.);
#1975 = PLANE('',#1976);
#1976 = AXIS2_PLACEMENT_3D('',#1977,#1978,#1979);
#1977 = CARTESIAN_POINT('',(-1.E-03,-2.5E-02,-1.35));
#1978 = DIRECTION('',(0.,0.,1.));
#1979 = DIRECTION('',(1.,0.,-0.));
#1980 = ADVANCED_FACE('',(#1981),#2000,.F.);
#1981 = FACE_BOUND('',#1982,.F.);
#1982 = EDGE_LOOP('',(#1983,#1984,#1992,#1999));
#1983 = ORIENTED_EDGE('',*,*,#871,.T.);
#1984 = ORIENTED_EDGE('',*,*,#1985,.T.);
#1985 = EDGE_CURVE('',#864,#1986,#1988,.T.);
#1986 = VERTEX_POINT('',#1987);
#1987 = CARTESIAN_POINT('',(0.12,0.175,-1.469));
#1988 = LINE('',#1989,#1990);
#1989 = CARTESIAN_POINT('',(0.12,0.,-1.469));
#1990 = VECTOR('',#1991,1.);
#1991 = DIRECTION('',(0.,1.,0.));
#1992 = ORIENTED_EDGE('',*,*,#1993,.F.);
#1993 = EDGE_CURVE('',#1962,#1986,#1994,.T.);
#1994 = CIRCLE('',#1995,0.119);
#1995 = AXIS2_PLACEMENT_3D('',#1996,#1997,#1998);
#1996 = CARTESIAN_POINT('',(1.E-03,0.175,-1.469));
#1997 = DIRECTION('',(0.,1.,0.));
#1998 = DIRECTION('',(0.,-0.,1.));
#1999 = ORIENTED_EDGE('',*,*,#1961,.F.);
#2000 = CYLINDRICAL_SURFACE('',#2001,0.119);
#2001 = AXIS2_PLACEMENT_3D('',#2002,#2003,#2004);
#2002 = CARTESIAN_POINT('',(1.E-03,-2.5E-02,-1.469));
#2003 = DIRECTION('',(0.,1.,0.));
#2004 = DIRECTION('',(1.,0.,0.));
#2005 = ADVANCED_FACE('',(#2006),#2017,.F.);
#2006 = FACE_BOUND('',#2007,.F.);
#2007 = EDGE_LOOP('',(#2008,#2009,#2010,#2016));
#2008 = ORIENTED_EDGE('',*,*,#863,.F.);
#2009 = ORIENTED_EDGE('',*,*,#1508,.T.);
#2010 = ORIENTED_EDGE('',*,*,#2011,.F.);
#2011 = EDGE_CURVE('',#1986,#1501,#2012,.T.);
#2012 = LINE('',#2013,#2014);
#2013 = CARTESIAN_POINT('',(0.12,0.175,-1.469));
#2014 = VECTOR('',#2015,1.);
#2015 = DIRECTION('',(0.,0.,-1.));
#2016 = ORIENTED_EDGE('',*,*,#1985,.F.);
#2017 = PLANE('',#2018);
#2018 = AXIS2_PLACEMENT_3D('',#2019,#2020,#2021);
#2019 = CARTESIAN_POINT('',(0.12,-2.5E-02,-1.469));
#2020 = DIRECTION('',(1.,0.,0.));
#2021 = DIRECTION('',(0.,0.,-1.));
#2022 = ADVANCED_FACE('',(#2023),#2031,.F.);
#2023 = FACE_BOUND('',#2024,.F.);
#2024 = EDGE_LOOP('',(#2025,#2026,#2027,#2028,#2029,#2030));
#2025 = ORIENTED_EDGE('',*,*,#1500,.F.);
#2026 = ORIENTED_EDGE('',*,*,#1920,.T.);
#2027 = ORIENTED_EDGE('',*,*,#1944,.T.);
#2028 = ORIENTED_EDGE('',*,*,#1969,.T.);
#2029 = ORIENTED_EDGE('',*,*,#1993,.T.);
#2030 = ORIENTED_EDGE('',*,*,#2011,.T.);
#2031 = PLANE('',#2032);
#2032 = AXIS2_PLACEMENT_3D('',#2033,#2034,#2035);
#2033 = CARTESIAN_POINT('',(0.,0.175,0.));
#2034 = DIRECTION('',(0.,1.,0.));
#2035 = DIRECTION('',(1.,0.,0.));
#2036 = ADVANCED_FACE('',(#2037),#2055,.F.);
#2037 = FACE_BOUND('',#2038,.F.);
#2038 = EDGE_LOOP('',(#2039,#2040,#2048,#2054));
#2039 = ORIENTED_EDGE('',*,*,#847,.T.);
#2040 = ORIENTED_EDGE('',*,*,#2041,.T.);
#2041 = EDGE_CURVE('',#839,#2042,#2044,.T.);
#2042 = VERTEX_POINT('',#2043);
#2043 = CARTESIAN_POINT('',(0.38,0.175,-1.469));
#2044 = LINE('',#2045,#2046);
#2045 = CARTESIAN_POINT('',(0.38,0.,-1.469));
#2046 = VECTOR('',#2047,1.);
#2047 = DIRECTION('',(0.,1.,0.));
#2048 = ORIENTED_EDGE('',*,*,#2049,.F.);
#2049 = EDGE_CURVE('',#1516,#2042,#2050,.T.);
#2050 = LINE('',#2051,#2052);
#2051 = CARTESIAN_POINT('',(0.38,0.175,-1.75));
#2052 = VECTOR('',#2053,1.);
#2053 = DIRECTION('',(0.,0.,1.));
#2054 = ORIENTED_EDGE('',*,*,#1515,.F.);
#2055 = PLANE('',#2056);
#2056 = AXIS2_PLACEMENT_3D('',#2057,#2058,#2059);
#2057 = CARTESIAN_POINT('',(0.38,-2.5E-02,-1.85));
#2058 = DIRECTION('',(-1.,0.,0.));
#2059 = DIRECTION('',(0.,0.,1.));
#2060 = ADVANCED_FACE('',(#2061),#2080,.F.);
#2061 = FACE_BOUND('',#2062,.F.);
#2062 = EDGE_LOOP('',(#2063,#2064,#2072,#2079));
#2063 = ORIENTED_EDGE('',*,*,#838,.T.);
#2064 = ORIENTED_EDGE('',*,*,#2065,.T.);
#2065 = EDGE_CURVE('',#831,#2066,#2068,.T.);
#2066 = VERTEX_POINT('',#2067);
#2067 = CARTESIAN_POINT('',(0.499,0.175,-1.35));
#2068 = LINE('',#2069,#2070);
#2069 = CARTESIAN_POINT('',(0.499,0.,-1.35));
#2070 = VECTOR('',#2071,1.);
#2071 = DIRECTION('',(0.,1.,0.));
#2072 = ORIENTED_EDGE('',*,*,#2073,.F.);
#2073 = EDGE_CURVE('',#2042,#2066,#2074,.T.);
#2074 = CIRCLE('',#2075,0.119);
#2075 = AXIS2_PLACEMENT_3D('',#2076,#2077,#2078);
#2076 = CARTESIAN_POINT('',(0.499,0.175,-1.469));
#2077 = DIRECTION('',(0.,1.,0.));
#2078 = DIRECTION('',(-1.,0.,0.));
#2079 = ORIENTED_EDGE('',*,*,#2041,.F.);
#2080 = CYLINDRICAL_SURFACE('',#2081,0.119);
#2081 = AXIS2_PLACEMENT_3D('',#2082,#2083,#2084);
#2082 = CARTESIAN_POINT('',(0.499,-2.5E-02,-1.469));
#2083 = DIRECTION('',(0.,1.,0.));
#2084 = DIRECTION('',(1.,0.,0.));
#2085 = ADVANCED_FACE('',(#2086),#2104,.F.);
#2086 = FACE_BOUND('',#2087,.F.);
#2087 = EDGE_LOOP('',(#2088,#2089,#2097,#2103));
#2088 = ORIENTED_EDGE('',*,*,#830,.T.);
#2089 = ORIENTED_EDGE('',*,*,#2090,.T.);
#2090 = EDGE_CURVE('',#822,#2091,#2093,.T.);
#2091 = VERTEX_POINT('',#2092);
#2092 = CARTESIAN_POINT('',(0.501,0.175,-1.35));
#2093 = LINE('',#2094,#2095);
#2094 = CARTESIAN_POINT('',(0.501,0.,-1.35));
#2095 = VECTOR('',#2096,1.);
#2096 = DIRECTION('',(0.,1.,0.));
#2097 = ORIENTED_EDGE('',*,*,#2098,.F.);
#2098 = EDGE_CURVE('',#2066,#2091,#2099,.T.);
#2099 = LINE('',#2100,#2101);
#2100 = CARTESIAN_POINT('',(0.499,0.175,-1.35));
#2101 = VECTOR('',#2102,1.);
#2102 = DIRECTION('',(1.,0.,0.));
#2103 = ORIENTED_EDGE('',*,*,#2065,.F.);
#2104 = PLANE('',#2105);
#2105 = AXIS2_PLACEMENT_3D('',#2106,#2107,#2108);
#2106 = CARTESIAN_POINT('',(0.499,-2.5E-02,-1.35));
#2107 = DIRECTION('',(0.,0.,1.));
#2108 = DIRECTION('',(1.,0.,-0.));
#2109 = ADVANCED_FACE('',(#2110),#2129,.F.);
#2110 = FACE_BOUND('',#2111,.F.);
#2111 = EDGE_LOOP('',(#2112,#2113,#2121,#2128));
#2112 = ORIENTED_EDGE('',*,*,#821,.T.);
#2113 = ORIENTED_EDGE('',*,*,#2114,.T.);
#2114 = EDGE_CURVE('',#814,#2115,#2117,.T.);
#2115 = VERTEX_POINT('',#2116);
#2116 = CARTESIAN_POINT('',(0.62,0.175,-1.469));
#2117 = LINE('',#2118,#2119);
#2118 = CARTESIAN_POINT('',(0.62,0.,-1.469));
#2119 = VECTOR('',#2120,1.);
#2120 = DIRECTION('',(0.,1.,0.));
#2121 = ORIENTED_EDGE('',*,*,#2122,.F.);
#2122 = EDGE_CURVE('',#2091,#2115,#2123,.T.);
#2123 = CIRCLE('',#2124,0.119);
#2124 = AXIS2_PLACEMENT_3D('',#2125,#2126,#2127);
#2125 = CARTESIAN_POINT('',(0.501,0.175,-1.469));
#2126 = DIRECTION('',(0.,1.,0.));
#2127 = DIRECTION('',(0.,-0.,1.));
#2128 = ORIENTED_EDGE('',*,*,#2090,.F.);
#2129 = CYLINDRICAL_SURFACE('',#2130,0.119);
#2130 = AXIS2_PLACEMENT_3D('',#2131,#2132,#2133);
#2131 = CARTESIAN_POINT('',(0.501,-2.5E-02,-1.469));
#2132 = DIRECTION('',(0.,1.,0.));
#2133 = DIRECTION('',(1.,0.,0.));
#2134 = ADVANCED_FACE('',(#2135),#2146,.F.);
#2135 = FACE_BOUND('',#2136,.F.);
#2136 = EDGE_LOOP('',(#2137,#2138,#2139,#2145));
#2137 = ORIENTED_EDGE('',*,*,#813,.F.);
#2138 = ORIENTED_EDGE('',*,*,#1531,.T.);
#2139 = ORIENTED_EDGE('',*,*,#2140,.F.);
#2140 = EDGE_CURVE('',#2115,#1524,#2141,.T.);
#2141 = LINE('',#2142,#2143);
#2142 = CARTESIAN_POINT('',(0.62,0.175,-1.469));
#2143 = VECTOR('',#2144,1.);
#2144 = DIRECTION('',(0.,0.,-1.));
#2145 = ORIENTED_EDGE('',*,*,#2114,.F.);
#2146 = PLANE('',#2147);
#2147 = AXIS2_PLACEMENT_3D('',#2148,#2149,#2150);
#2148 = CARTESIAN_POINT('',(0.62,-2.5E-02,-1.469));
#2149 = DIRECTION('',(1.,0.,0.));
#2150 = DIRECTION('',(0.,0.,-1.));
#2151 = ADVANCED_FACE('',(#2152),#2160,.F.);
#2152 = FACE_BOUND('',#2153,.F.);
#2153 = EDGE_LOOP('',(#2154,#2155,#2156,#2157,#2158,#2159));
#2154 = ORIENTED_EDGE('',*,*,#1523,.F.);
#2155 = ORIENTED_EDGE('',*,*,#2049,.T.);
#2156 = ORIENTED_EDGE('',*,*,#2073,.T.);
#2157 = ORIENTED_EDGE('',*,*,#2098,.T.);
#2158 = ORIENTED_EDGE('',*,*,#2122,.T.);
#2159 = ORIENTED_EDGE('',*,*,#2140,.T.);
#2160 = PLANE('',#2161);
#2161 = AXIS2_PLACEMENT_3D('',#2162,#2163,#2164);
#2162 = CARTESIAN_POINT('',(0.,0.175,0.));
#2163 = DIRECTION('',(0.,1.,0.));
#2164 = DIRECTION('',(1.,0.,0.));
#2165 = ADVANCED_FACE('',(#2166),#2184,.F.);
#2166 = FACE_BOUND('',#2167,.F.);
#2167 = EDGE_LOOP('',(#2168,#2169,#2177,#2183));
#2168 = ORIENTED_EDGE('',*,*,#797,.T.);
#2169 = ORIENTED_EDGE('',*,*,#2170,.T.);
#2170 = EDGE_CURVE('',#789,#2171,#2173,.T.);
#2171 = VERTEX_POINT('',#2172);
#2172 = CARTESIAN_POINT('',(0.88,0.175,-1.469));
#2173 = LINE('',#2174,#2175);
#2174 = CARTESIAN_POINT('',(0.88,0.,-1.469));
#2175 = VECTOR('',#2176,1.);
#2176 = DIRECTION('',(0.,1.,0.));
#2177 = ORIENTED_EDGE('',*,*,#2178,.F.);
#2178 = EDGE_CURVE('',#1539,#2171,#2179,.T.);
#2179 = LINE('',#2180,#2181);
#2180 = CARTESIAN_POINT('',(0.88,0.175,-1.75));
#2181 = VECTOR('',#2182,1.);
#2182 = DIRECTION('',(0.,0.,1.));
#2183 = ORIENTED_EDGE('',*,*,#1538,.F.);
#2184 = PLANE('',#2185);
#2185 = AXIS2_PLACEMENT_3D('',#2186,#2187,#2188);
#2186 = CARTESIAN_POINT('',(0.88,-2.5E-02,-1.85));
#2187 = DIRECTION('',(-1.,0.,0.));
#2188 = DIRECTION('',(0.,0.,1.));
#2189 = ADVANCED_FACE('',(#2190),#2209,.F.);
#2190 = FACE_BOUND('',#2191,.F.);
#2191 = EDGE_LOOP('',(#2192,#2193,#2201,#2208));
#2192 = ORIENTED_EDGE('',*,*,#788,.T.);
#2193 = ORIENTED_EDGE('',*,*,#2194,.T.);
#2194 = EDGE_CURVE('',#781,#2195,#2197,.T.);
#2195 = VERTEX_POINT('',#2196);
#2196 = CARTESIAN_POINT('',(0.999,0.175,-1.35));
#2197 = LINE('',#2198,#2199);
#2198 = CARTESIAN_POINT('',(0.999,0.,-1.35));
#2199 = VECTOR('',#2200,1.);
#2200 = DIRECTION('',(0.,1.,0.));
#2201 = ORIENTED_EDGE('',*,*,#2202,.F.);
#2202 = EDGE_CURVE('',#2171,#2195,#2203,.T.);
#2203 = CIRCLE('',#2204,0.119);
#2204 = AXIS2_PLACEMENT_3D('',#2205,#2206,#2207);
#2205 = CARTESIAN_POINT('',(0.999,0.175,-1.469));
#2206 = DIRECTION('',(0.,1.,0.));
#2207 = DIRECTION('',(-1.,0.,0.));
#2208 = ORIENTED_EDGE('',*,*,#2170,.F.);
#2209 = CYLINDRICAL_SURFACE('',#2210,0.119);
#2210 = AXIS2_PLACEMENT_3D('',#2211,#2212,#2213);
#2211 = CARTESIAN_POINT('',(0.999,-2.5E-02,-1.469));
#2212 = DIRECTION('',(0.,1.,0.));
#2213 = DIRECTION('',(1.,0.,0.));
#2214 = ADVANCED_FACE('',(#2215),#2233,.F.);
#2215 = FACE_BOUND('',#2216,.F.);
#2216 = EDGE_LOOP('',(#2217,#2218,#2226,#2232));
#2217 = ORIENTED_EDGE('',*,*,#780,.T.);
#2218 = ORIENTED_EDGE('',*,*,#2219,.T.);
#2219 = EDGE_CURVE('',#772,#2220,#2222,.T.);
#2220 = VERTEX_POINT('',#2221);
#2221 = CARTESIAN_POINT('',(1.001,0.175,-1.35));
#2222 = LINE('',#2223,#2224);
#2223 = CARTESIAN_POINT('',(1.001,0.,-1.35));
#2224 = VECTOR('',#2225,1.);
#2225 = DIRECTION('',(0.,1.,0.));
#2226 = ORIENTED_EDGE('',*,*,#2227,.F.);
#2227 = EDGE_CURVE('',#2195,#2220,#2228,.T.);
#2228 = LINE('',#2229,#2230);
#2229 = CARTESIAN_POINT('',(0.999,0.175,-1.35));
#2230 = VECTOR('',#2231,1.);
#2231 = DIRECTION('',(1.,0.,0.));
#2232 = ORIENTED_EDGE('',*,*,#2194,.F.);
#2233 = PLANE('',#2234);
#2234 = AXIS2_PLACEMENT_3D('',#2235,#2236,#2237);
#2235 = CARTESIAN_POINT('',(0.999,-2.5E-02,-1.35));
#2236 = DIRECTION('',(0.,0.,1.));
#2237 = DIRECTION('',(1.,0.,-0.));
#2238 = ADVANCED_FACE('',(#2239),#2258,.F.);
#2239 = FACE_BOUND('',#2240,.F.);
#2240 = EDGE_LOOP('',(#2241,#2242,#2250,#2257));
#2241 = ORIENTED_EDGE('',*,*,#771,.T.);
#2242 = ORIENTED_EDGE('',*,*,#2243,.T.);
#2243 = EDGE_CURVE('',#764,#2244,#2246,.T.);
#2244 = VERTEX_POINT('',#2245);
#2245 = CARTESIAN_POINT('',(1.12,0.175,-1.469));
#2246 = LINE('',#2247,#2248);
#2247 = CARTESIAN_POINT('',(1.12,0.,-1.469));
#2248 = VECTOR('',#2249,1.);
#2249 = DIRECTION('',(0.,1.,0.));
#2250 = ORIENTED_EDGE('',*,*,#2251,.F.);
#2251 = EDGE_CURVE('',#2220,#2244,#2252,.T.);
#2252 = CIRCLE('',#2253,0.119);
#2253 = AXIS2_PLACEMENT_3D('',#2254,#2255,#2256);
#2254 = CARTESIAN_POINT('',(1.001,0.175,-1.469));
#2255 = DIRECTION('',(0.,1.,0.));
#2256 = DIRECTION('',(0.,-0.,1.));
#2257 = ORIENTED_EDGE('',*,*,#2219,.F.);
#2258 = CYLINDRICAL_SURFACE('',#2259,0.119);
#2259 = AXIS2_PLACEMENT_3D('',#2260,#2261,#2262);
#2260 = CARTESIAN_POINT('',(1.001,-2.5E-02,-1.469));
#2261 = DIRECTION('',(0.,1.,0.));
#2262 = DIRECTION('',(1.,0.,0.));
#2263 = ADVANCED_FACE('',(#2264),#2275,.F.);
#2264 = FACE_BOUND('',#2265,.F.);
#2265 = EDGE_LOOP('',(#2266,#2267,#2268,#2274));
#2266 = ORIENTED_EDGE('',*,*,#763,.F.);
#2267 = ORIENTED_EDGE('',*,*,#1554,.T.);
#2268 = ORIENTED_EDGE('',*,*,#2269,.F.);
#2269 = EDGE_CURVE('',#2244,#1547,#2270,.T.);
#2270 = LINE('',#2271,#2272);
#2271 = CARTESIAN_POINT('',(1.12,0.175,-1.469));
#2272 = VECTOR('',#2273,1.);
#2273 = DIRECTION('',(0.,0.,-1.));
#2274 = ORIENTED_EDGE('',*,*,#2243,.F.);
#2275 = PLANE('',#2276);
#2276 = AXIS2_PLACEMENT_3D('',#2277,#2278,#2279);
#2277 = CARTESIAN_POINT('',(1.12,-2.5E-02,-1.469));
#2278 = DIRECTION('',(1.,0.,0.));
#2279 = DIRECTION('',(0.,0.,-1.));
#2280 = ADVANCED_FACE('',(#2281),#2289,.F.);
#2281 = FACE_BOUND('',#2282,.F.);
#2282 = EDGE_LOOP('',(#2283,#2284,#2285,#2286,#2287,#2288));
#2283 = ORIENTED_EDGE('',*,*,#1546,.F.);
#2284 = ORIENTED_EDGE('',*,*,#2178,.T.);
#2285 = ORIENTED_EDGE('',*,*,#2202,.T.);
#2286 = ORIENTED_EDGE('',*,*,#2227,.T.);
#2287 = ORIENTED_EDGE('',*,*,#2251,.T.);
#2288 = ORIENTED_EDGE('',*,*,#2269,.T.);
#2289 = PLANE('',#2290);
#2290 = AXIS2_PLACEMENT_3D('',#2291,#2292,#2293);
#2291 = CARTESIAN_POINT('',(0.,0.175,0.));
#2292 = DIRECTION('',(0.,1.,0.));
#2293 = DIRECTION('',(1.,0.,0.));
#2294 = ADVANCED_FACE('',(#2295,#2428,#2462),#2496,.T.);
#2295 = FACE_BOUND('',#2296,.F.);
#2296 = EDGE_LOOP('',(#2297,#2307,#2313,#2314,#2322,#2330,#2336,#2337,
    #2345,#2353,#2359,#2360,#2368,#2376,#2382,#2383,#2391,#2399,#2405,
    #2406,#2414,#2420,#2421,#2422));
#2297 = ORIENTED_EDGE('',*,*,#2298,.F.);
#2298 = EDGE_CURVE('',#2299,#2301,#2303,.T.);
#2299 = VERTEX_POINT('',#2300);
#2300 = CARTESIAN_POINT('',(1.75,0.175,-0.88));
#2301 = VERTEX_POINT('',#2302);
#2302 = CARTESIAN_POINT('',(1.75,0.175,-1.12));
#2303 = LINE('',#2304,#2305);
#2304 = CARTESIAN_POINT('',(1.75,0.175,-0.88));
#2305 = VECTOR('',#2306,1.);
#2306 = DIRECTION('',(0.,0.,-1.));
#2307 = ORIENTED_EDGE('',*,*,#2308,.F.);
#2308 = EDGE_CURVE('',#698,#2299,#2309,.T.);
#2309 = LINE('',#2310,#2311);
#2310 = CARTESIAN_POINT('',(1.75,0.,-0.88));
#2311 = VECTOR('',#2312,1.);
#2312 = DIRECTION('',(0.,1.,0.));
#2313 = ORIENTED_EDGE('',*,*,#697,.F.);
#2314 = ORIENTED_EDGE('',*,*,#2315,.T.);
#2315 = EDGE_CURVE('',#690,#2316,#2318,.T.);
#2316 = VERTEX_POINT('',#2317);
#2317 = CARTESIAN_POINT('',(1.75,0.175,-0.62));
#2318 = LINE('',#2319,#2320);
#2319 = CARTESIAN_POINT('',(1.75,0.,-0.62));
#2320 = VECTOR('',#2321,1.);
#2321 = DIRECTION('',(0.,1.,0.));
#2322 = ORIENTED_EDGE('',*,*,#2323,.F.);
#2323 = EDGE_CURVE('',#2324,#2316,#2326,.T.);
#2324 = VERTEX_POINT('',#2325);
#2325 = CARTESIAN_POINT('',(1.75,0.175,-0.38));
#2326 = LINE('',#2327,#2328);
#2327 = CARTESIAN_POINT('',(1.75,0.175,-0.38));
#2328 = VECTOR('',#2329,1.);
#2329 = DIRECTION('',(0.,0.,-1.));
#2330 = ORIENTED_EDGE('',*,*,#2331,.F.);
#2331 = EDGE_CURVE('',#648,#2324,#2332,.T.);
#2332 = LINE('',#2333,#2334);
#2333 = CARTESIAN_POINT('',(1.75,0.,-0.38));
#2334 = VECTOR('',#2335,1.);
#2335 = DIRECTION('',(0.,1.,0.));
#2336 = ORIENTED_EDGE('',*,*,#647,.F.);
#2337 = ORIENTED_EDGE('',*,*,#2338,.T.);
#2338 = EDGE_CURVE('',#640,#2339,#2341,.T.);
#2339 = VERTEX_POINT('',#2340);
#2340 = CARTESIAN_POINT('',(1.75,0.175,-0.12));
#2341 = LINE('',#2342,#2343);
#2342 = CARTESIAN_POINT('',(1.75,0.,-0.12));
#2343 = VECTOR('',#2344,1.);
#2344 = DIRECTION('',(0.,1.,0.));
#2345 = ORIENTED_EDGE('',*,*,#2346,.F.);
#2346 = EDGE_CURVE('',#2347,#2339,#2349,.T.);
#2347 = VERTEX_POINT('',#2348);
#2348 = CARTESIAN_POINT('',(1.75,0.175,0.12));
#2349 = LINE('',#2350,#2351);
#2350 = CARTESIAN_POINT('',(1.75,0.175,0.12));
#2351 = VECTOR('',#2352,1.);
#2352 = DIRECTION('',(0.,0.,-1.));
#2353 = ORIENTED_EDGE('',*,*,#2354,.F.);
#2354 = EDGE_CURVE('',#598,#2347,#2355,.T.);
#2355 = LINE('',#2356,#2357);
#2356 = CARTESIAN_POINT('',(1.75,0.,0.12));
#2357 = VECTOR('',#2358,1.);
#2358 = DIRECTION('',(0.,1.,0.));
#2359 = ORIENTED_EDGE('',*,*,#597,.F.);
#2360 = ORIENTED_EDGE('',*,*,#2361,.T.);
#2361 = EDGE_CURVE('',#590,#2362,#2364,.T.);
#2362 = VERTEX_POINT('',#2363);
#2363 = CARTESIAN_POINT('',(1.75,0.175,0.38));
#2364 = LINE('',#2365,#2366);
#2365 = CARTESIAN_POINT('',(1.75,0.,0.38));
#2366 = VECTOR('',#2367,1.);
#2367 = DIRECTION('',(0.,1.,0.));
#2368 = ORIENTED_EDGE('',*,*,#2369,.F.);
#2369 = EDGE_CURVE('',#2370,#2362,#2372,.T.);
#2370 = VERTEX_POINT('',#2371);
#2371 = CARTESIAN_POINT('',(1.75,0.175,0.62));
#2372 = LINE('',#2373,#2374);
#2373 = CARTESIAN_POINT('',(1.75,0.175,0.62));
#2374 = VECTOR('',#2375,1.);
#2375 = DIRECTION('',(0.,0.,-1.));
#2376 = ORIENTED_EDGE('',*,*,#2377,.F.);
#2377 = EDGE_CURVE('',#548,#2370,#2378,.T.);
#2378 = LINE('',#2379,#2380);
#2379 = CARTESIAN_POINT('',(1.75,0.,0.62));
#2380 = VECTOR('',#2381,1.);
#2381 = DIRECTION('',(0.,1.,0.));
#2382 = ORIENTED_EDGE('',*,*,#547,.F.);
#2383 = ORIENTED_EDGE('',*,*,#2384,.T.);
#2384 = EDGE_CURVE('',#540,#2385,#2387,.T.);
#2385 = VERTEX_POINT('',#2386);
#2386 = CARTESIAN_POINT('',(1.75,0.175,0.88));
#2387 = LINE('',#2388,#2389);
#2388 = CARTESIAN_POINT('',(1.75,0.,0.88));
#2389 = VECTOR('',#2390,1.);
#2390 = DIRECTION('',(0.,1.,0.));
#2391 = ORIENTED_EDGE('',*,*,#2392,.F.);
#2392 = EDGE_CURVE('',#2393,#2385,#2395,.T.);
#2393 = VERTEX_POINT('',#2394);
#2394 = CARTESIAN_POINT('',(1.75,0.175,1.12));
#2395 = LINE('',#2396,#2397);
#2396 = CARTESIAN_POINT('',(1.75,0.175,1.12));
#2397 = VECTOR('',#2398,1.);
#2398 = DIRECTION('',(0.,0.,-1.));
#2399 = ORIENTED_EDGE('',*,*,#2400,.F.);
#2400 = EDGE_CURVE('',#498,#2393,#2401,.T.);
#2401 = LINE('',#2402,#2403);
#2402 = CARTESIAN_POINT('',(1.75,0.,1.12));
#2403 = VECTOR('',#2404,1.);
#2404 = DIRECTION('',(0.,1.,0.));
#2405 = ORIENTED_EDGE('',*,*,#497,.F.);
#2406 = ORIENTED_EDGE('',*,*,#2407,.T.);
#2407 = EDGE_CURVE('',#490,#2408,#2410,.T.);
#2408 = VERTEX_POINT('',#2409);
#2409 = CARTESIAN_POINT('',(1.75,0.975,1.75));
#2410 = LINE('',#2411,#2412);
#2411 = CARTESIAN_POINT('',(1.75,0.,1.75));
#2412 = VECTOR('',#2413,1.);
#2413 = DIRECTION('',(0.,1.,0.));
#2414 = ORIENTED_EDGE('',*,*,#2415,.T.);
#2415 = EDGE_CURVE('',#2408,#1562,#2416,.T.);
#2416 = LINE('',#2417,#2418);
#2417 = CARTESIAN_POINT('',(1.75,0.975,1.75));
#2418 = VECTOR('',#2419,1.);
#2419 = DIRECTION('',(0.,0.,-1.));
#2420 = ORIENTED_EDGE('',*,*,#1561,.F.);
#2421 = ORIENTED_EDGE('',*,*,#747,.F.);
#2422 = ORIENTED_EDGE('',*,*,#2423,.T.);
#2423 = EDGE_CURVE('',#740,#2301,#2424,.T.);
#2424 = LINE('',#2425,#2426);
#2425 = CARTESIAN_POINT('',(1.75,0.,-1.12));
#2426 = VECTOR('',#2427,1.);
#2427 = DIRECTION('',(0.,1.,0.));
#2428 = FACE_BOUND('',#2429,.F.);
#2429 = EDGE_LOOP('',(#2430,#2440,#2448,#2456));
#2430 = ORIENTED_EDGE('',*,*,#2431,.T.);
#2431 = EDGE_CURVE('',#2432,#2434,#2436,.T.);
#2432 = VERTEX_POINT('',#2433);
#2433 = CARTESIAN_POINT('',(1.75,7.5E-02,1.625));
#2434 = VERTEX_POINT('',#2435);
#2435 = CARTESIAN_POINT('',(1.75,7.5E-02,1.475));
#2436 = LINE('',#2437,#2438);
#2437 = CARTESIAN_POINT('',(1.75,7.5E-02,1.625));
#2438 = VECTOR('',#2439,1.);
#2439 = DIRECTION('',(0.,0.,-1.));
#2440 = ORIENTED_EDGE('',*,*,#2441,.T.);
#2441 = EDGE_CURVE('',#2434,#2442,#2444,.T.);
#2442 = VERTEX_POINT('',#2443);
#2443 = CARTESIAN_POINT('',(1.75,0.175,1.475));
#2444 = LINE('',#2445,#2446);
#2445 = CARTESIAN_POINT('',(1.75,7.5E-02,1.475));
#2446 = VECTOR('',#2447,1.);
#2447 = DIRECTION('',(0.,1.,0.));
#2448 = ORIENTED_EDGE('',*,*,#2449,.F.);
#2449 = EDGE_CURVE('',#2450,#2442,#2452,.T.);
#2450 = VERTEX_POINT('',#2451);
#2451 = CARTESIAN_POINT('',(1.75,0.175,1.625));
#2452 = LINE('',#2453,#2454);
#2453 = CARTESIAN_POINT('',(1.75,0.175,1.625));
#2454 = VECTOR('',#2455,1.);
#2455 = DIRECTION('',(0.,0.,-1.));
#2456 = ORIENTED_EDGE('',*,*,#2457,.F.);
#2457 = EDGE_CURVE('',#2432,#2450,#2458,.T.);
#2458 = LINE('',#2459,#2460);
#2459 = CARTESIAN_POINT('',(1.75,7.5E-02,1.625));
#2460 = VECTOR('',#2461,1.);
#2461 = DIRECTION('',(0.,1.,0.));
#2462 = FACE_BOUND('',#2463,.F.);
#2463 = EDGE_LOOP('',(#2464,#2474,#2482,#2490));
#2464 = ORIENTED_EDGE('',*,*,#2465,.T.);
#2465 = EDGE_CURVE('',#2466,#2468,#2470,.T.);
#2466 = VERTEX_POINT('',#2467);
#2467 = CARTESIAN_POINT('',(1.75,7.5E-02,-1.475));
#2468 = VERTEX_POINT('',#2469);
#2469 = CARTESIAN_POINT('',(1.75,7.5E-02,-1.625));
#2470 = LINE('',#2471,#2472);
#2471 = CARTESIAN_POINT('',(1.75,7.5E-02,-1.475));
#2472 = VECTOR('',#2473,1.);
#2473 = DIRECTION('',(0.,0.,-1.));
#2474 = ORIENTED_EDGE('',*,*,#2475,.T.);
#2475 = EDGE_CURVE('',#2468,#2476,#2478,.T.);
#2476 = VERTEX_POINT('',#2477);
#2477 = CARTESIAN_POINT('',(1.75,0.175,-1.625));
#2478 = LINE('',#2479,#2480);
#2479 = CARTESIAN_POINT('',(1.75,7.5E-02,-1.625));
#2480 = VECTOR('',#2481,1.);
#2481 = DIRECTION('',(0.,1.,0.));
#2482 = ORIENTED_EDGE('',*,*,#2483,.F.);
#2483 = EDGE_CURVE('',#2484,#2476,#2486,.T.);
#2484 = VERTEX_POINT('',#2485);
#2485 = CARTESIAN_POINT('',(1.75,0.175,-1.475));
#2486 = LINE('',#2487,#2488);
#2487 = CARTESIAN_POINT('',(1.75,0.175,-1.475));
#2488 = VECTOR('',#2489,1.);
#2489 = DIRECTION('',(0.,0.,-1.));
#2490 = ORIENTED_EDGE('',*,*,#2491,.F.);
#2491 = EDGE_CURVE('',#2466,#2484,#2492,.T.);
#2492 = LINE('',#2493,#2494);
#2493 = CARTESIAN_POINT('',(1.75,7.5E-02,-1.475));
#2494 = VECTOR('',#2495,1.);
#2495 = DIRECTION('',(0.,1.,0.));
#2496 = PLANE('',#2497);
#2497 = AXIS2_PLACEMENT_3D('',#2498,#2499,#2500);
#2498 = CARTESIAN_POINT('',(1.75,0.,1.75));
#2499 = DIRECTION('',(1.,0.,0.));
#2500 = DIRECTION('',(0.,0.,-1.));
#2501 = ADVANCED_FACE('',(#2502),#2545,.T.);
#2502 = FACE_BOUND('',#2503,.F.);
#2503 = EDGE_LOOP('',(#2504,#2505,#2513,#2522,#2530,#2539));
#2504 = ORIENTED_EDGE('',*,*,#2298,.T.);
#2505 = ORIENTED_EDGE('',*,*,#2506,.F.);
#2506 = EDGE_CURVE('',#2507,#2301,#2509,.T.);
#2507 = VERTEX_POINT('',#2508);
#2508 = CARTESIAN_POINT('',(1.469,0.175,-1.12));
#2509 = LINE('',#2510,#2511);
#2510 = CARTESIAN_POINT('',(1.469,0.175,-1.12));
#2511 = VECTOR('',#2512,1.);
#2512 = DIRECTION('',(1.,0.,0.));
#2513 = ORIENTED_EDGE('',*,*,#2514,.F.);
#2514 = EDGE_CURVE('',#2515,#2507,#2517,.T.);
#2515 = VERTEX_POINT('',#2516);
#2516 = CARTESIAN_POINT('',(1.35,0.175,-1.001));
#2517 = CIRCLE('',#2518,0.119);
#2518 = AXIS2_PLACEMENT_3D('',#2519,#2520,#2521);
#2519 = CARTESIAN_POINT('',(1.469,0.175,-1.001));
#2520 = DIRECTION('',(0.,-1.,0.));
#2521 = DIRECTION('',(-1.,0.,0.));
#2522 = ORIENTED_EDGE('',*,*,#2523,.F.);
#2523 = EDGE_CURVE('',#2524,#2515,#2526,.T.);
#2524 = VERTEX_POINT('',#2525);
#2525 = CARTESIAN_POINT('',(1.35,0.175,-0.999));
#2526 = LINE('',#2527,#2528);
#2527 = CARTESIAN_POINT('',(1.35,0.175,-0.999));
#2528 = VECTOR('',#2529,1.);
#2529 = DIRECTION('',(0.,0.,-1.));
#2530 = ORIENTED_EDGE('',*,*,#2531,.F.);
#2531 = EDGE_CURVE('',#2532,#2524,#2534,.T.);
#2532 = VERTEX_POINT('',#2533);
#2533 = CARTESIAN_POINT('',(1.469,0.175,-0.88));
#2534 = CIRCLE('',#2535,0.119);
#2535 = AXIS2_PLACEMENT_3D('',#2536,#2537,#2538);
#2536 = CARTESIAN_POINT('',(1.469,0.175,-0.999));
#2537 = DIRECTION('',(0.,-1.,0.));
#2538 = DIRECTION('',(0.,0.,1.));
#2539 = ORIENTED_EDGE('',*,*,#2540,.F.);
#2540 = EDGE_CURVE('',#2299,#2532,#2541,.T.);
#2541 = LINE('',#2542,#2543);
#2542 = CARTESIAN_POINT('',(1.75,0.175,-0.88));
#2543 = VECTOR('',#2544,1.);
#2544 = DIRECTION('',(-1.,0.,0.));
#2545 = PLANE('',#2546);
#2546 = AXIS2_PLACEMENT_3D('',#2547,#2548,#2549);
#2547 = CARTESIAN_POINT('',(0.,0.175,0.));
#2548 = DIRECTION('',(0.,-1.,0.));
#2549 = DIRECTION('',(-1.,0.,0.));
#2550 = ADVANCED_FACE('',(#2551),#2562,.T.);
#2551 = FACE_BOUND('',#2552,.F.);
#2552 = EDGE_LOOP('',(#2553,#2554,#2560,#2561));
#2553 = ORIENTED_EDGE('',*,*,#739,.T.);
#2554 = ORIENTED_EDGE('',*,*,#2555,.T.);
#2555 = EDGE_CURVE('',#731,#2507,#2556,.T.);
#2556 = LINE('',#2557,#2558);
#2557 = CARTESIAN_POINT('',(1.469,0.,-1.12));
#2558 = VECTOR('',#2559,1.);
#2559 = DIRECTION('',(0.,1.,0.));
#2560 = ORIENTED_EDGE('',*,*,#2506,.T.);
#2561 = ORIENTED_EDGE('',*,*,#2423,.F.);
#2562 = PLANE('',#2563);
#2563 = AXIS2_PLACEMENT_3D('',#2564,#2565,#2566);
#2564 = CARTESIAN_POINT('',(1.469,-2.5E-02,-1.12));
#2565 = DIRECTION('',(0.,0.,1.));
#2566 = DIRECTION('',(1.,0.,-0.));
#2567 = ADVANCED_FACE('',(#2568),#2579,.F.);
#2568 = FACE_BOUND('',#2569,.F.);
#2569 = EDGE_LOOP('',(#2570,#2571,#2577,#2578));
#2570 = ORIENTED_EDGE('',*,*,#730,.F.);
#2571 = ORIENTED_EDGE('',*,*,#2572,.T.);
#2572 = EDGE_CURVE('',#723,#2515,#2573,.T.);
#2573 = LINE('',#2574,#2575);
#2574 = CARTESIAN_POINT('',(1.35,0.,-1.001));
#2575 = VECTOR('',#2576,1.);
#2576 = DIRECTION('',(0.,1.,0.));
#2577 = ORIENTED_EDGE('',*,*,#2514,.T.);
#2578 = ORIENTED_EDGE('',*,*,#2555,.F.);
#2579 = CYLINDRICAL_SURFACE('',#2580,0.119);
#2580 = AXIS2_PLACEMENT_3D('',#2581,#2582,#2583);
#2581 = CARTESIAN_POINT('',(1.469,-2.5E-02,-1.001));
#2582 = DIRECTION('',(0.,-1.,0.));
#2583 = DIRECTION('',(-1.,0.,0.));
#2584 = ADVANCED_FACE('',(#2585),#2596,.T.);
#2585 = FACE_BOUND('',#2586,.F.);
#2586 = EDGE_LOOP('',(#2587,#2588,#2594,#2595));
#2587 = ORIENTED_EDGE('',*,*,#722,.F.);
#2588 = ORIENTED_EDGE('',*,*,#2589,.T.);
#2589 = EDGE_CURVE('',#714,#2524,#2590,.T.);
#2590 = LINE('',#2591,#2592);
#2591 = CARTESIAN_POINT('',(1.35,0.,-0.999));
#2592 = VECTOR('',#2593,1.);
#2593 = DIRECTION('',(0.,1.,0.));
#2594 = ORIENTED_EDGE('',*,*,#2523,.T.);
#2595 = ORIENTED_EDGE('',*,*,#2572,.F.);
#2596 = PLANE('',#2597);
#2597 = AXIS2_PLACEMENT_3D('',#2598,#2599,#2600);
#2598 = CARTESIAN_POINT('',(1.35,-2.5E-02,-0.999));
#2599 = DIRECTION('',(1.,0.,0.));
#2600 = DIRECTION('',(0.,0.,-1.));
#2601 = ADVANCED_FACE('',(#2602),#2613,.F.);
#2602 = FACE_BOUND('',#2603,.F.);
#2603 = EDGE_LOOP('',(#2604,#2605,#2611,#2612));
#2604 = ORIENTED_EDGE('',*,*,#713,.F.);
#2605 = ORIENTED_EDGE('',*,*,#2606,.T.);
#2606 = EDGE_CURVE('',#706,#2532,#2607,.T.);
#2607 = LINE('',#2608,#2609);
#2608 = CARTESIAN_POINT('',(1.469,0.,-0.88));
#2609 = VECTOR('',#2610,1.);
#2610 = DIRECTION('',(0.,1.,0.));
#2611 = ORIENTED_EDGE('',*,*,#2531,.T.);
#2612 = ORIENTED_EDGE('',*,*,#2589,.F.);
#2613 = CYLINDRICAL_SURFACE('',#2614,0.119);
#2614 = AXIS2_PLACEMENT_3D('',#2615,#2616,#2617);
#2615 = CARTESIAN_POINT('',(1.469,-2.5E-02,-0.999));
#2616 = DIRECTION('',(0.,-1.,0.));
#2617 = DIRECTION('',(-1.,0.,0.));
#2618 = ADVANCED_FACE('',(#2619),#2625,.T.);
#2619 = FACE_BOUND('',#2620,.F.);
#2620 = EDGE_LOOP('',(#2621,#2622,#2623,#2624));
#2621 = ORIENTED_EDGE('',*,*,#705,.F.);
#2622 = ORIENTED_EDGE('',*,*,#2308,.T.);
#2623 = ORIENTED_EDGE('',*,*,#2540,.T.);
#2624 = ORIENTED_EDGE('',*,*,#2606,.F.);
#2625 = PLANE('',#2626);
#2626 = AXIS2_PLACEMENT_3D('',#2627,#2628,#2629);
#2627 = CARTESIAN_POINT('',(1.85,-2.5E-02,-0.88));
#2628 = DIRECTION('',(0.,0.,-1.));
#2629 = DIRECTION('',(-1.,0.,0.));
#2630 = ADVANCED_FACE('',(#2631),#2649,.T.);
#2631 = FACE_BOUND('',#2632,.F.);
#2632 = EDGE_LOOP('',(#2633,#2634,#2642,#2648));
#2633 = ORIENTED_EDGE('',*,*,#689,.T.);
#2634 = ORIENTED_EDGE('',*,*,#2635,.T.);
#2635 = EDGE_CURVE('',#681,#2636,#2638,.T.);
#2636 = VERTEX_POINT('',#2637);
#2637 = CARTESIAN_POINT('',(1.469,0.175,-0.62));
#2638 = LINE('',#2639,#2640);
#2639 = CARTESIAN_POINT('',(1.469,0.,-0.62));
#2640 = VECTOR('',#2641,1.);
#2641 = DIRECTION('',(0.,1.,0.));
#2642 = ORIENTED_EDGE('',*,*,#2643,.T.);
#2643 = EDGE_CURVE('',#2636,#2316,#2644,.T.);
#2644 = LINE('',#2645,#2646);
#2645 = CARTESIAN_POINT('',(1.469,0.175,-0.62));
#2646 = VECTOR('',#2647,1.);
#2647 = DIRECTION('',(1.,0.,0.));
#2648 = ORIENTED_EDGE('',*,*,#2315,.F.);
#2649 = PLANE('',#2650);
#2650 = AXIS2_PLACEMENT_3D('',#2651,#2652,#2653);
#2651 = CARTESIAN_POINT('',(1.469,-2.5E-02,-0.62));
#2652 = DIRECTION('',(0.,0.,1.));
#2653 = DIRECTION('',(1.,0.,-0.));
#2654 = ADVANCED_FACE('',(#2655),#2674,.F.);
#2655 = FACE_BOUND('',#2656,.F.);
#2656 = EDGE_LOOP('',(#2657,#2658,#2666,#2673));
#2657 = ORIENTED_EDGE('',*,*,#680,.F.);
#2658 = ORIENTED_EDGE('',*,*,#2659,.T.);
#2659 = EDGE_CURVE('',#673,#2660,#2662,.T.);
#2660 = VERTEX_POINT('',#2661);
#2661 = CARTESIAN_POINT('',(1.35,0.175,-0.501));
#2662 = LINE('',#2663,#2664);
#2663 = CARTESIAN_POINT('',(1.35,0.,-0.501));
#2664 = VECTOR('',#2665,1.);
#2665 = DIRECTION('',(0.,1.,0.));
#2666 = ORIENTED_EDGE('',*,*,#2667,.T.);
#2667 = EDGE_CURVE('',#2660,#2636,#2668,.T.);
#2668 = CIRCLE('',#2669,0.119);
#2669 = AXIS2_PLACEMENT_3D('',#2670,#2671,#2672);
#2670 = CARTESIAN_POINT('',(1.469,0.175,-0.501));
#2671 = DIRECTION('',(0.,-1.,0.));
#2672 = DIRECTION('',(-1.,0.,0.));
#2673 = ORIENTED_EDGE('',*,*,#2635,.F.);
#2674 = CYLINDRICAL_SURFACE('',#2675,0.119);
#2675 = AXIS2_PLACEMENT_3D('',#2676,#2677,#2678);
#2676 = CARTESIAN_POINT('',(1.469,-2.5E-02,-0.501));
#2677 = DIRECTION('',(0.,-1.,0.));
#2678 = DIRECTION('',(-1.,0.,0.));
#2679 = ADVANCED_FACE('',(#2680),#2698,.T.);
#2680 = FACE_BOUND('',#2681,.F.);
#2681 = EDGE_LOOP('',(#2682,#2683,#2691,#2697));
#2682 = ORIENTED_EDGE('',*,*,#672,.F.);
#2683 = ORIENTED_EDGE('',*,*,#2684,.T.);
#2684 = EDGE_CURVE('',#664,#2685,#2687,.T.);
#2685 = VERTEX_POINT('',#2686);
#2686 = CARTESIAN_POINT('',(1.35,0.175,-0.499));
#2687 = LINE('',#2688,#2689);
#2688 = CARTESIAN_POINT('',(1.35,0.,-0.499));
#2689 = VECTOR('',#2690,1.);
#2690 = DIRECTION('',(0.,1.,0.));
#2691 = ORIENTED_EDGE('',*,*,#2692,.T.);
#2692 = EDGE_CURVE('',#2685,#2660,#2693,.T.);
#2693 = LINE('',#2694,#2695);
#2694 = CARTESIAN_POINT('',(1.35,0.175,-0.499));
#2695 = VECTOR('',#2696,1.);
#2696 = DIRECTION('',(0.,0.,-1.));
#2697 = ORIENTED_EDGE('',*,*,#2659,.F.);
#2698 = PLANE('',#2699);
#2699 = AXIS2_PLACEMENT_3D('',#2700,#2701,#2702);
#2700 = CARTESIAN_POINT('',(1.35,-2.5E-02,-0.499));
#2701 = DIRECTION('',(1.,0.,0.));
#2702 = DIRECTION('',(0.,0.,-1.));
#2703 = ADVANCED_FACE('',(#2704),#2723,.F.);
#2704 = FACE_BOUND('',#2705,.F.);
#2705 = EDGE_LOOP('',(#2706,#2707,#2715,#2722));
#2706 = ORIENTED_EDGE('',*,*,#663,.F.);
#2707 = ORIENTED_EDGE('',*,*,#2708,.T.);
#2708 = EDGE_CURVE('',#656,#2709,#2711,.T.);
#2709 = VERTEX_POINT('',#2710);
#2710 = CARTESIAN_POINT('',(1.469,0.175,-0.38));
#2711 = LINE('',#2712,#2713);
#2712 = CARTESIAN_POINT('',(1.469,0.,-0.38));
#2713 = VECTOR('',#2714,1.);
#2714 = DIRECTION('',(0.,1.,0.));
#2715 = ORIENTED_EDGE('',*,*,#2716,.T.);
#2716 = EDGE_CURVE('',#2709,#2685,#2717,.T.);
#2717 = CIRCLE('',#2718,0.119);
#2718 = AXIS2_PLACEMENT_3D('',#2719,#2720,#2721);
#2719 = CARTESIAN_POINT('',(1.469,0.175,-0.499));
#2720 = DIRECTION('',(0.,-1.,0.));
#2721 = DIRECTION('',(0.,0.,1.));
#2722 = ORIENTED_EDGE('',*,*,#2684,.F.);
#2723 = CYLINDRICAL_SURFACE('',#2724,0.119);
#2724 = AXIS2_PLACEMENT_3D('',#2725,#2726,#2727);
#2725 = CARTESIAN_POINT('',(1.469,-2.5E-02,-0.499));
#2726 = DIRECTION('',(0.,-1.,0.));
#2727 = DIRECTION('',(-1.,0.,0.));
#2728 = ADVANCED_FACE('',(#2729),#2740,.T.);
#2729 = FACE_BOUND('',#2730,.F.);
#2730 = EDGE_LOOP('',(#2731,#2732,#2733,#2739));
#2731 = ORIENTED_EDGE('',*,*,#655,.F.);
#2732 = ORIENTED_EDGE('',*,*,#2331,.T.);
#2733 = ORIENTED_EDGE('',*,*,#2734,.T.);
#2734 = EDGE_CURVE('',#2324,#2709,#2735,.T.);
#2735 = LINE('',#2736,#2737);
#2736 = CARTESIAN_POINT('',(1.75,0.175,-0.38));
#2737 = VECTOR('',#2738,1.);
#2738 = DIRECTION('',(-1.,0.,0.));
#2739 = ORIENTED_EDGE('',*,*,#2708,.F.);
#2740 = PLANE('',#2741);
#2741 = AXIS2_PLACEMENT_3D('',#2742,#2743,#2744);
#2742 = CARTESIAN_POINT('',(1.85,-2.5E-02,-0.38));
#2743 = DIRECTION('',(0.,0.,-1.));
#2744 = DIRECTION('',(-1.,0.,0.));
#2745 = ADVANCED_FACE('',(#2746),#2754,.T.);
#2746 = FACE_BOUND('',#2747,.F.);
#2747 = EDGE_LOOP('',(#2748,#2749,#2750,#2751,#2752,#2753));
#2748 = ORIENTED_EDGE('',*,*,#2323,.T.);
#2749 = ORIENTED_EDGE('',*,*,#2643,.F.);
#2750 = ORIENTED_EDGE('',*,*,#2667,.F.);
#2751 = ORIENTED_EDGE('',*,*,#2692,.F.);
#2752 = ORIENTED_EDGE('',*,*,#2716,.F.);
#2753 = ORIENTED_EDGE('',*,*,#2734,.F.);
#2754 = PLANE('',#2755);
#2755 = AXIS2_PLACEMENT_3D('',#2756,#2757,#2758);
#2756 = CARTESIAN_POINT('',(0.,0.175,0.));
#2757 = DIRECTION('',(0.,-1.,0.));
#2758 = DIRECTION('',(-1.,0.,0.));
#2759 = ADVANCED_FACE('',(#2760),#2778,.T.);
#2760 = FACE_BOUND('',#2761,.F.);
#2761 = EDGE_LOOP('',(#2762,#2763,#2771,#2777));
#2762 = ORIENTED_EDGE('',*,*,#639,.T.);
#2763 = ORIENTED_EDGE('',*,*,#2764,.T.);
#2764 = EDGE_CURVE('',#631,#2765,#2767,.T.);
#2765 = VERTEX_POINT('',#2766);
#2766 = CARTESIAN_POINT('',(1.469,0.175,-0.12));
#2767 = LINE('',#2768,#2769);
#2768 = CARTESIAN_POINT('',(1.469,0.,-0.12));
#2769 = VECTOR('',#2770,1.);
#2770 = DIRECTION('',(0.,1.,0.));
#2771 = ORIENTED_EDGE('',*,*,#2772,.T.);
#2772 = EDGE_CURVE('',#2765,#2339,#2773,.T.);
#2773 = LINE('',#2774,#2775);
#2774 = CARTESIAN_POINT('',(1.469,0.175,-0.12));
#2775 = VECTOR('',#2776,1.);
#2776 = DIRECTION('',(1.,0.,0.));
#2777 = ORIENTED_EDGE('',*,*,#2338,.F.);
#2778 = PLANE('',#2779);
#2779 = AXIS2_PLACEMENT_3D('',#2780,#2781,#2782);
#2780 = CARTESIAN_POINT('',(1.469,-2.5E-02,-0.12));
#2781 = DIRECTION('',(0.,0.,1.));
#2782 = DIRECTION('',(1.,0.,-0.));
#2783 = ADVANCED_FACE('',(#2784),#2803,.F.);
#2784 = FACE_BOUND('',#2785,.F.);
#2785 = EDGE_LOOP('',(#2786,#2787,#2795,#2802));
#2786 = ORIENTED_EDGE('',*,*,#630,.F.);
#2787 = ORIENTED_EDGE('',*,*,#2788,.T.);
#2788 = EDGE_CURVE('',#623,#2789,#2791,.T.);
#2789 = VERTEX_POINT('',#2790);
#2790 = CARTESIAN_POINT('',(1.35,0.175,-1.E-03));
#2791 = LINE('',#2792,#2793);
#2792 = CARTESIAN_POINT('',(1.35,0.,-1.E-03));
#2793 = VECTOR('',#2794,1.);
#2794 = DIRECTION('',(0.,1.,0.));
#2795 = ORIENTED_EDGE('',*,*,#2796,.T.);
#2796 = EDGE_CURVE('',#2789,#2765,#2797,.T.);
#2797 = CIRCLE('',#2798,0.119);
#2798 = AXIS2_PLACEMENT_3D('',#2799,#2800,#2801);
#2799 = CARTESIAN_POINT('',(1.469,0.175,-1.E-03));
#2800 = DIRECTION('',(0.,-1.,0.));
#2801 = DIRECTION('',(-1.,0.,0.));
#2802 = ORIENTED_EDGE('',*,*,#2764,.F.);
#2803 = CYLINDRICAL_SURFACE('',#2804,0.119);
#2804 = AXIS2_PLACEMENT_3D('',#2805,#2806,#2807);
#2805 = CARTESIAN_POINT('',(1.469,-2.5E-02,-1.E-03));
#2806 = DIRECTION('',(0.,-1.,0.));
#2807 = DIRECTION('',(-1.,0.,0.));
#2808 = ADVANCED_FACE('',(#2809),#2827,.T.);
#2809 = FACE_BOUND('',#2810,.F.);
#2810 = EDGE_LOOP('',(#2811,#2812,#2820,#2826));
#2811 = ORIENTED_EDGE('',*,*,#622,.F.);
#2812 = ORIENTED_EDGE('',*,*,#2813,.T.);
#2813 = EDGE_CURVE('',#614,#2814,#2816,.T.);
#2814 = VERTEX_POINT('',#2815);
#2815 = CARTESIAN_POINT('',(1.35,0.175,1.E-03));
#2816 = LINE('',#2817,#2818);
#2817 = CARTESIAN_POINT('',(1.35,0.,1.E-03));
#2818 = VECTOR('',#2819,1.);
#2819 = DIRECTION('',(0.,1.,0.));
#2820 = ORIENTED_EDGE('',*,*,#2821,.T.);
#2821 = EDGE_CURVE('',#2814,#2789,#2822,.T.);
#2822 = LINE('',#2823,#2824);
#2823 = CARTESIAN_POINT('',(1.35,0.175,1.E-03));
#2824 = VECTOR('',#2825,1.);
#2825 = DIRECTION('',(0.,0.,-1.));
#2826 = ORIENTED_EDGE('',*,*,#2788,.F.);
#2827 = PLANE('',#2828);
#2828 = AXIS2_PLACEMENT_3D('',#2829,#2830,#2831);
#2829 = CARTESIAN_POINT('',(1.35,-2.5E-02,1.E-03));
#2830 = DIRECTION('',(1.,0.,0.));
#2831 = DIRECTION('',(0.,0.,-1.));
#2832 = ADVANCED_FACE('',(#2833),#2852,.F.);
#2833 = FACE_BOUND('',#2834,.F.);
#2834 = EDGE_LOOP('',(#2835,#2836,#2844,#2851));
#2835 = ORIENTED_EDGE('',*,*,#613,.F.);
#2836 = ORIENTED_EDGE('',*,*,#2837,.T.);
#2837 = EDGE_CURVE('',#606,#2838,#2840,.T.);
#2838 = VERTEX_POINT('',#2839);
#2839 = CARTESIAN_POINT('',(1.469,0.175,0.12));
#2840 = LINE('',#2841,#2842);
#2841 = CARTESIAN_POINT('',(1.469,0.,0.12));
#2842 = VECTOR('',#2843,1.);
#2843 = DIRECTION('',(0.,1.,0.));
#2844 = ORIENTED_EDGE('',*,*,#2845,.T.);
#2845 = EDGE_CURVE('',#2838,#2814,#2846,.T.);
#2846 = CIRCLE('',#2847,0.119);
#2847 = AXIS2_PLACEMENT_3D('',#2848,#2849,#2850);
#2848 = CARTESIAN_POINT('',(1.469,0.175,1.E-03));
#2849 = DIRECTION('',(0.,-1.,0.));
#2850 = DIRECTION('',(0.,0.,1.));
#2851 = ORIENTED_EDGE('',*,*,#2813,.F.);
#2852 = CYLINDRICAL_SURFACE('',#2853,0.119);
#2853 = AXIS2_PLACEMENT_3D('',#2854,#2855,#2856);
#2854 = CARTESIAN_POINT('',(1.469,-2.5E-02,1.E-03));
#2855 = DIRECTION('',(0.,-1.,0.));
#2856 = DIRECTION('',(-1.,0.,0.));
#2857 = ADVANCED_FACE('',(#2858),#2869,.T.);
#2858 = FACE_BOUND('',#2859,.F.);
#2859 = EDGE_LOOP('',(#2860,#2861,#2862,#2868));
#2860 = ORIENTED_EDGE('',*,*,#605,.F.);
#2861 = ORIENTED_EDGE('',*,*,#2354,.T.);
#2862 = ORIENTED_EDGE('',*,*,#2863,.T.);
#2863 = EDGE_CURVE('',#2347,#2838,#2864,.T.);
#2864 = LINE('',#2865,#2866);
#2865 = CARTESIAN_POINT('',(1.75,0.175,0.12));
#2866 = VECTOR('',#2867,1.);
#2867 = DIRECTION('',(-1.,0.,0.));
#2868 = ORIENTED_EDGE('',*,*,#2837,.F.);
#2869 = PLANE('',#2870);
#2870 = AXIS2_PLACEMENT_3D('',#2871,#2872,#2873);
#2871 = CARTESIAN_POINT('',(1.85,-2.5E-02,0.12));
#2872 = DIRECTION('',(0.,0.,-1.));
#2873 = DIRECTION('',(-1.,0.,0.));
#2874 = ADVANCED_FACE('',(#2875),#2883,.T.);
#2875 = FACE_BOUND('',#2876,.F.);
#2876 = EDGE_LOOP('',(#2877,#2878,#2879,#2880,#2881,#2882));
#2877 = ORIENTED_EDGE('',*,*,#2346,.T.);
#2878 = ORIENTED_EDGE('',*,*,#2772,.F.);
#2879 = ORIENTED_EDGE('',*,*,#2796,.F.);
#2880 = ORIENTED_EDGE('',*,*,#2821,.F.);
#2881 = ORIENTED_EDGE('',*,*,#2845,.F.);
#2882 = ORIENTED_EDGE('',*,*,#2863,.F.);
#2883 = PLANE('',#2884);
#2884 = AXIS2_PLACEMENT_3D('',#2885,#2886,#2887);
#2885 = CARTESIAN_POINT('',(0.,0.175,0.));
#2886 = DIRECTION('',(0.,-1.,0.));
#2887 = DIRECTION('',(-1.,0.,0.));
#2888 = ADVANCED_FACE('',(#2889),#2907,.T.);
#2889 = FACE_BOUND('',#2890,.F.);
#2890 = EDGE_LOOP('',(#2891,#2892,#2900,#2906));
#2891 = ORIENTED_EDGE('',*,*,#589,.T.);
#2892 = ORIENTED_EDGE('',*,*,#2893,.T.);
#2893 = EDGE_CURVE('',#581,#2894,#2896,.T.);
#2894 = VERTEX_POINT('',#2895);
#2895 = CARTESIAN_POINT('',(1.469,0.175,0.38));
#2896 = LINE('',#2897,#2898);
#2897 = CARTESIAN_POINT('',(1.469,0.,0.38));
#2898 = VECTOR('',#2899,1.);
#2899 = DIRECTION('',(0.,1.,0.));
#2900 = ORIENTED_EDGE('',*,*,#2901,.T.);
#2901 = EDGE_CURVE('',#2894,#2362,#2902,.T.);
#2902 = LINE('',#2903,#2904);
#2903 = CARTESIAN_POINT('',(1.469,0.175,0.38));
#2904 = VECTOR('',#2905,1.);
#2905 = DIRECTION('',(1.,0.,0.));
#2906 = ORIENTED_EDGE('',*,*,#2361,.F.);
#2907 = PLANE('',#2908);
#2908 = AXIS2_PLACEMENT_3D('',#2909,#2910,#2911);
#2909 = CARTESIAN_POINT('',(1.469,-2.5E-02,0.38));
#2910 = DIRECTION('',(0.,0.,1.));
#2911 = DIRECTION('',(1.,0.,-0.));
#2912 = ADVANCED_FACE('',(#2913),#2932,.F.);
#2913 = FACE_BOUND('',#2914,.F.);
#2914 = EDGE_LOOP('',(#2915,#2916,#2924,#2931));
#2915 = ORIENTED_EDGE('',*,*,#580,.F.);
#2916 = ORIENTED_EDGE('',*,*,#2917,.T.);
#2917 = EDGE_CURVE('',#573,#2918,#2920,.T.);
#2918 = VERTEX_POINT('',#2919);
#2919 = CARTESIAN_POINT('',(1.35,0.175,0.499));
#2920 = LINE('',#2921,#2922);
#2921 = CARTESIAN_POINT('',(1.35,0.,0.499));
#2922 = VECTOR('',#2923,1.);
#2923 = DIRECTION('',(0.,1.,0.));
#2924 = ORIENTED_EDGE('',*,*,#2925,.T.);
#2925 = EDGE_CURVE('',#2918,#2894,#2926,.T.);
#2926 = CIRCLE('',#2927,0.119);
#2927 = AXIS2_PLACEMENT_3D('',#2928,#2929,#2930);
#2928 = CARTESIAN_POINT('',(1.469,0.175,0.499));
#2929 = DIRECTION('',(0.,-1.,0.));
#2930 = DIRECTION('',(-1.,0.,0.));
#2931 = ORIENTED_EDGE('',*,*,#2893,.F.);
#2932 = CYLINDRICAL_SURFACE('',#2933,0.119);
#2933 = AXIS2_PLACEMENT_3D('',#2934,#2935,#2936);
#2934 = CARTESIAN_POINT('',(1.469,-2.5E-02,0.499));
#2935 = DIRECTION('',(0.,-1.,0.));
#2936 = DIRECTION('',(-1.,0.,0.));
#2937 = ADVANCED_FACE('',(#2938),#2956,.T.);
#2938 = FACE_BOUND('',#2939,.F.);
#2939 = EDGE_LOOP('',(#2940,#2941,#2949,#2955));
#2940 = ORIENTED_EDGE('',*,*,#572,.F.);
#2941 = ORIENTED_EDGE('',*,*,#2942,.T.);
#2942 = EDGE_CURVE('',#564,#2943,#2945,.T.);
#2943 = VERTEX_POINT('',#2944);
#2944 = CARTESIAN_POINT('',(1.35,0.175,0.501));
#2945 = LINE('',#2946,#2947);
#2946 = CARTESIAN_POINT('',(1.35,0.,0.501));
#2947 = VECTOR('',#2948,1.);
#2948 = DIRECTION('',(0.,1.,0.));
#2949 = ORIENTED_EDGE('',*,*,#2950,.T.);
#2950 = EDGE_CURVE('',#2943,#2918,#2951,.T.);
#2951 = LINE('',#2952,#2953);
#2952 = CARTESIAN_POINT('',(1.35,0.175,0.501));
#2953 = VECTOR('',#2954,1.);
#2954 = DIRECTION('',(0.,0.,-1.));
#2955 = ORIENTED_EDGE('',*,*,#2917,.F.);
#2956 = PLANE('',#2957);
#2957 = AXIS2_PLACEMENT_3D('',#2958,#2959,#2960);
#2958 = CARTESIAN_POINT('',(1.35,-2.5E-02,0.501));
#2959 = DIRECTION('',(1.,0.,0.));
#2960 = DIRECTION('',(0.,0.,-1.));
#2961 = ADVANCED_FACE('',(#2962),#2981,.F.);
#2962 = FACE_BOUND('',#2963,.F.);
#2963 = EDGE_LOOP('',(#2964,#2965,#2973,#2980));
#2964 = ORIENTED_EDGE('',*,*,#563,.F.);
#2965 = ORIENTED_EDGE('',*,*,#2966,.T.);
#2966 = EDGE_CURVE('',#556,#2967,#2969,.T.);
#2967 = VERTEX_POINT('',#2968);
#2968 = CARTESIAN_POINT('',(1.469,0.175,0.62));
#2969 = LINE('',#2970,#2971);
#2970 = CARTESIAN_POINT('',(1.469,0.,0.62));
#2971 = VECTOR('',#2972,1.);
#2972 = DIRECTION('',(0.,1.,0.));
#2973 = ORIENTED_EDGE('',*,*,#2974,.T.);
#2974 = EDGE_CURVE('',#2967,#2943,#2975,.T.);
#2975 = CIRCLE('',#2976,0.119);
#2976 = AXIS2_PLACEMENT_3D('',#2977,#2978,#2979);
#2977 = CARTESIAN_POINT('',(1.469,0.175,0.501));
#2978 = DIRECTION('',(0.,-1.,0.));
#2979 = DIRECTION('',(0.,0.,1.));
#2980 = ORIENTED_EDGE('',*,*,#2942,.F.);
#2981 = CYLINDRICAL_SURFACE('',#2982,0.119);
#2982 = AXIS2_PLACEMENT_3D('',#2983,#2984,#2985);
#2983 = CARTESIAN_POINT('',(1.469,-2.5E-02,0.501));
#2984 = DIRECTION('',(0.,-1.,0.));
#2985 = DIRECTION('',(-1.,0.,0.));
#2986 = ADVANCED_FACE('',(#2987),#2998,.T.);
#2987 = FACE_BOUND('',#2988,.F.);
#2988 = EDGE_LOOP('',(#2989,#2990,#2991,#2997));
#2989 = ORIENTED_EDGE('',*,*,#555,.F.);
#2990 = ORIENTED_EDGE('',*,*,#2377,.T.);
#2991 = ORIENTED_EDGE('',*,*,#2992,.T.);
#2992 = EDGE_CURVE('',#2370,#2967,#2993,.T.);
#2993 = LINE('',#2994,#2995);
#2994 = CARTESIAN_POINT('',(1.75,0.175,0.62));
#2995 = VECTOR('',#2996,1.);
#2996 = DIRECTION('',(-1.,0.,0.));
#2997 = ORIENTED_EDGE('',*,*,#2966,.F.);
#2998 = PLANE('',#2999);
#2999 = AXIS2_PLACEMENT_3D('',#3000,#3001,#3002);
#3000 = CARTESIAN_POINT('',(1.85,-2.5E-02,0.62));
#3001 = DIRECTION('',(0.,0.,-1.));
#3002 = DIRECTION('',(-1.,0.,0.));
#3003 = ADVANCED_FACE('',(#3004),#3012,.T.);
#3004 = FACE_BOUND('',#3005,.F.);
#3005 = EDGE_LOOP('',(#3006,#3007,#3008,#3009,#3010,#3011));
#3006 = ORIENTED_EDGE('',*,*,#2369,.T.);
#3007 = ORIENTED_EDGE('',*,*,#2901,.F.);
#3008 = ORIENTED_EDGE('',*,*,#2925,.F.);
#3009 = ORIENTED_EDGE('',*,*,#2950,.F.);
#3010 = ORIENTED_EDGE('',*,*,#2974,.F.);
#3011 = ORIENTED_EDGE('',*,*,#2992,.F.);
#3012 = PLANE('',#3013);
#3013 = AXIS2_PLACEMENT_3D('',#3014,#3015,#3016);
#3014 = CARTESIAN_POINT('',(0.,0.175,0.));
#3015 = DIRECTION('',(0.,-1.,0.));
#3016 = DIRECTION('',(-1.,0.,0.));
#3017 = ADVANCED_FACE('',(#3018),#3036,.T.);
#3018 = FACE_BOUND('',#3019,.F.);
#3019 = EDGE_LOOP('',(#3020,#3021,#3029,#3035));
#3020 = ORIENTED_EDGE('',*,*,#539,.T.);
#3021 = ORIENTED_EDGE('',*,*,#3022,.T.);
#3022 = EDGE_CURVE('',#531,#3023,#3025,.T.);
#3023 = VERTEX_POINT('',#3024);
#3024 = CARTESIAN_POINT('',(1.469,0.175,0.88));
#3025 = LINE('',#3026,#3027);
#3026 = CARTESIAN_POINT('',(1.469,0.,0.88));
#3027 = VECTOR('',#3028,1.);
#3028 = DIRECTION('',(0.,1.,0.));
#3029 = ORIENTED_EDGE('',*,*,#3030,.T.);
#3030 = EDGE_CURVE('',#3023,#2385,#3031,.T.);
#3031 = LINE('',#3032,#3033);
#3032 = CARTESIAN_POINT('',(1.469,0.175,0.88));
#3033 = VECTOR('',#3034,1.);
#3034 = DIRECTION('',(1.,0.,0.));
#3035 = ORIENTED_EDGE('',*,*,#2384,.F.);
#3036 = PLANE('',#3037);
#3037 = AXIS2_PLACEMENT_3D('',#3038,#3039,#3040);
#3038 = CARTESIAN_POINT('',(1.469,-2.5E-02,0.88));
#3039 = DIRECTION('',(0.,0.,1.));
#3040 = DIRECTION('',(1.,0.,-0.));
#3041 = ADVANCED_FACE('',(#3042),#3061,.F.);
#3042 = FACE_BOUND('',#3043,.F.);
#3043 = EDGE_LOOP('',(#3044,#3045,#3053,#3060));
#3044 = ORIENTED_EDGE('',*,*,#530,.F.);
#3045 = ORIENTED_EDGE('',*,*,#3046,.T.);
#3046 = EDGE_CURVE('',#523,#3047,#3049,.T.);
#3047 = VERTEX_POINT('',#3048);
#3048 = CARTESIAN_POINT('',(1.35,0.175,0.999));
#3049 = LINE('',#3050,#3051);
#3050 = CARTESIAN_POINT('',(1.35,0.,0.999));
#3051 = VECTOR('',#3052,1.);
#3052 = DIRECTION('',(0.,1.,0.));
#3053 = ORIENTED_EDGE('',*,*,#3054,.T.);
#3054 = EDGE_CURVE('',#3047,#3023,#3055,.T.);
#3055 = CIRCLE('',#3056,0.119);
#3056 = AXIS2_PLACEMENT_3D('',#3057,#3058,#3059);
#3057 = CARTESIAN_POINT('',(1.469,0.175,0.999));
#3058 = DIRECTION('',(0.,-1.,0.));
#3059 = DIRECTION('',(-1.,0.,0.));
#3060 = ORIENTED_EDGE('',*,*,#3022,.F.);
#3061 = CYLINDRICAL_SURFACE('',#3062,0.119);
#3062 = AXIS2_PLACEMENT_3D('',#3063,#3064,#3065);
#3063 = CARTESIAN_POINT('',(1.469,-2.5E-02,0.999));
#3064 = DIRECTION('',(0.,-1.,0.));
#3065 = DIRECTION('',(-1.,0.,0.));
#3066 = ADVANCED_FACE('',(#3067),#3085,.T.);
#3067 = FACE_BOUND('',#3068,.F.);
#3068 = EDGE_LOOP('',(#3069,#3070,#3078,#3084));
#3069 = ORIENTED_EDGE('',*,*,#522,.F.);
#3070 = ORIENTED_EDGE('',*,*,#3071,.T.);
#3071 = EDGE_CURVE('',#514,#3072,#3074,.T.);
#3072 = VERTEX_POINT('',#3073);
#3073 = CARTESIAN_POINT('',(1.35,0.175,1.001));
#3074 = LINE('',#3075,#3076);
#3075 = CARTESIAN_POINT('',(1.35,0.,1.001));
#3076 = VECTOR('',#3077,1.);
#3077 = DIRECTION('',(0.,1.,0.));
#3078 = ORIENTED_EDGE('',*,*,#3079,.T.);
#3079 = EDGE_CURVE('',#3072,#3047,#3080,.T.);
#3080 = LINE('',#3081,#3082);
#3081 = CARTESIAN_POINT('',(1.35,0.175,1.001));
#3082 = VECTOR('',#3083,1.);
#3083 = DIRECTION('',(0.,0.,-1.));
#3084 = ORIENTED_EDGE('',*,*,#3046,.F.);
#3085 = PLANE('',#3086);
#3086 = AXIS2_PLACEMENT_3D('',#3087,#3088,#3089);
#3087 = CARTESIAN_POINT('',(1.35,-2.5E-02,1.001));
#3088 = DIRECTION('',(1.,0.,0.));
#3089 = DIRECTION('',(0.,0.,-1.));
#3090 = ADVANCED_FACE('',(#3091),#3110,.F.);
#3091 = FACE_BOUND('',#3092,.F.);
#3092 = EDGE_LOOP('',(#3093,#3094,#3102,#3109));
#3093 = ORIENTED_EDGE('',*,*,#513,.F.);
#3094 = ORIENTED_EDGE('',*,*,#3095,.T.);
#3095 = EDGE_CURVE('',#506,#3096,#3098,.T.);
#3096 = VERTEX_POINT('',#3097);
#3097 = CARTESIAN_POINT('',(1.469,0.175,1.12));
#3098 = LINE('',#3099,#3100);
#3099 = CARTESIAN_POINT('',(1.469,0.,1.12));
#3100 = VECTOR('',#3101,1.);
#3101 = DIRECTION('',(0.,1.,0.));
#3102 = ORIENTED_EDGE('',*,*,#3103,.T.);
#3103 = EDGE_CURVE('',#3096,#3072,#3104,.T.);
#3104 = CIRCLE('',#3105,0.119);
#3105 = AXIS2_PLACEMENT_3D('',#3106,#3107,#3108);
#3106 = CARTESIAN_POINT('',(1.469,0.175,1.001));
#3107 = DIRECTION('',(0.,-1.,0.));
#3108 = DIRECTION('',(0.,0.,1.));
#3109 = ORIENTED_EDGE('',*,*,#3071,.F.);
#3110 = CYLINDRICAL_SURFACE('',#3111,0.119);
#3111 = AXIS2_PLACEMENT_3D('',#3112,#3113,#3114);
#3112 = CARTESIAN_POINT('',(1.469,-2.5E-02,1.001));
#3113 = DIRECTION('',(0.,-1.,0.));
#3114 = DIRECTION('',(-1.,0.,0.));
#3115 = ADVANCED_FACE('',(#3116),#3127,.T.);
#3116 = FACE_BOUND('',#3117,.F.);
#3117 = EDGE_LOOP('',(#3118,#3119,#3120,#3126));
#3118 = ORIENTED_EDGE('',*,*,#505,.F.);
#3119 = ORIENTED_EDGE('',*,*,#2400,.T.);
#3120 = ORIENTED_EDGE('',*,*,#3121,.T.);
#3121 = EDGE_CURVE('',#2393,#3096,#3122,.T.);
#3122 = LINE('',#3123,#3124);
#3123 = CARTESIAN_POINT('',(1.75,0.175,1.12));
#3124 = VECTOR('',#3125,1.);
#3125 = DIRECTION('',(-1.,0.,0.));
#3126 = ORIENTED_EDGE('',*,*,#3095,.F.);
#3127 = PLANE('',#3128);
#3128 = AXIS2_PLACEMENT_3D('',#3129,#3130,#3131);
#3129 = CARTESIAN_POINT('',(1.85,-2.5E-02,1.12));
#3130 = DIRECTION('',(0.,0.,-1.));
#3131 = DIRECTION('',(-1.,0.,0.));
#3132 = ADVANCED_FACE('',(#3133),#3141,.T.);
#3133 = FACE_BOUND('',#3134,.F.);
#3134 = EDGE_LOOP('',(#3135,#3136,#3137,#3138,#3139,#3140));
#3135 = ORIENTED_EDGE('',*,*,#2392,.T.);
#3136 = ORIENTED_EDGE('',*,*,#3030,.F.);
#3137 = ORIENTED_EDGE('',*,*,#3054,.F.);
#3138 = ORIENTED_EDGE('',*,*,#3079,.F.);
#3139 = ORIENTED_EDGE('',*,*,#3103,.F.);
#3140 = ORIENTED_EDGE('',*,*,#3121,.F.);
#3141 = PLANE('',#3142);
#3142 = AXIS2_PLACEMENT_3D('',#3143,#3144,#3145);
#3143 = CARTESIAN_POINT('',(0.,0.175,0.));
#3144 = DIRECTION('',(0.,-1.,0.));
#3145 = DIRECTION('',(-1.,0.,0.));
#3146 = ADVANCED_FACE('',(#3147,#3273,#3307),#3341,.T.);
#3147 = FACE_BOUND('',#3148,.F.);
#3148 = EDGE_LOOP('',(#3149,#3157,#3158,#3159,#3165,#3166,#3167,#3175,
    #3183,#3189,#3190,#3198,#3206,#3212,#3213,#3221,#3229,#3235,#3236,
    #3244,#3252,#3258,#3259,#3267));
#3149 = ORIENTED_EDGE('',*,*,#3150,.F.);
#3150 = EDGE_CURVE('',#240,#3151,#3153,.T.);
#3151 = VERTEX_POINT('',#3152);
#3152 = CARTESIAN_POINT('',(-1.12,0.175,1.75));
#3153 = LINE('',#3154,#3155);
#3154 = CARTESIAN_POINT('',(-1.12,0.,1.75));
#3155 = VECTOR('',#3156,1.);
#3156 = DIRECTION('',(0.,1.,0.));
#3157 = ORIENTED_EDGE('',*,*,#239,.F.);
#3158 = ORIENTED_EDGE('',*,*,#1256,.T.);
#3159 = ORIENTED_EDGE('',*,*,#3160,.T.);
#3160 = EDGE_CURVE('',#1249,#2408,#3161,.T.);
#3161 = LINE('',#3162,#3163);
#3162 = CARTESIAN_POINT('',(-1.75,0.975,1.75));
#3163 = VECTOR('',#3164,1.);
#3164 = DIRECTION('',(1.,0.,0.));
#3165 = ORIENTED_EDGE('',*,*,#2407,.F.);
#3166 = ORIENTED_EDGE('',*,*,#489,.F.);
#3167 = ORIENTED_EDGE('',*,*,#3168,.T.);
#3168 = EDGE_CURVE('',#482,#3169,#3171,.T.);
#3169 = VERTEX_POINT('',#3170);
#3170 = CARTESIAN_POINT('',(1.12,0.175,1.75));
#3171 = LINE('',#3172,#3173);
#3172 = CARTESIAN_POINT('',(1.12,0.,1.75));
#3173 = VECTOR('',#3174,1.);
#3174 = DIRECTION('',(0.,1.,0.));
#3175 = ORIENTED_EDGE('',*,*,#3176,.F.);
#3176 = EDGE_CURVE('',#3177,#3169,#3179,.T.);
#3177 = VERTEX_POINT('',#3178);
#3178 = CARTESIAN_POINT('',(0.88,0.175,1.75));
#3179 = LINE('',#3180,#3181);
#3180 = CARTESIAN_POINT('',(0.88,0.175,1.75));
#3181 = VECTOR('',#3182,1.);
#3182 = DIRECTION('',(1.,0.,0.));
#3183 = ORIENTED_EDGE('',*,*,#3184,.F.);
#3184 = EDGE_CURVE('',#440,#3177,#3185,.T.);
#3185 = LINE('',#3186,#3187);
#3186 = CARTESIAN_POINT('',(0.88,0.,1.75));
#3187 = VECTOR('',#3188,1.);
#3188 = DIRECTION('',(0.,1.,0.));
#3189 = ORIENTED_EDGE('',*,*,#439,.F.);
#3190 = ORIENTED_EDGE('',*,*,#3191,.T.);
#3191 = EDGE_CURVE('',#432,#3192,#3194,.T.);
#3192 = VERTEX_POINT('',#3193);
#3193 = CARTESIAN_POINT('',(0.62,0.175,1.75));
#3194 = LINE('',#3195,#3196);
#3195 = CARTESIAN_POINT('',(0.62,0.,1.75));
#3196 = VECTOR('',#3197,1.);
#3197 = DIRECTION('',(0.,1.,0.));
#3198 = ORIENTED_EDGE('',*,*,#3199,.F.);
#3199 = EDGE_CURVE('',#3200,#3192,#3202,.T.);
#3200 = VERTEX_POINT('',#3201);
#3201 = CARTESIAN_POINT('',(0.38,0.175,1.75));
#3202 = LINE('',#3203,#3204);
#3203 = CARTESIAN_POINT('',(0.38,0.175,1.75));
#3204 = VECTOR('',#3205,1.);
#3205 = DIRECTION('',(1.,0.,0.));
#3206 = ORIENTED_EDGE('',*,*,#3207,.F.);
#3207 = EDGE_CURVE('',#390,#3200,#3208,.T.);
#3208 = LINE('',#3209,#3210);
#3209 = CARTESIAN_POINT('',(0.38,0.,1.75));
#3210 = VECTOR('',#3211,1.);
#3211 = DIRECTION('',(0.,1.,0.));
#3212 = ORIENTED_EDGE('',*,*,#389,.F.);
#3213 = ORIENTED_EDGE('',*,*,#3214,.T.);
#3214 = EDGE_CURVE('',#382,#3215,#3217,.T.);
#3215 = VERTEX_POINT('',#3216);
#3216 = CARTESIAN_POINT('',(0.12,0.175,1.75));
#3217 = LINE('',#3218,#3219);
#3218 = CARTESIAN_POINT('',(0.12,0.,1.75));
#3219 = VECTOR('',#3220,1.);
#3220 = DIRECTION('',(0.,1.,0.));
#3221 = ORIENTED_EDGE('',*,*,#3222,.F.);
#3222 = EDGE_CURVE('',#3223,#3215,#3225,.T.);
#3223 = VERTEX_POINT('',#3224);
#3224 = CARTESIAN_POINT('',(-0.12,0.175,1.75));
#3225 = LINE('',#3226,#3227);
#3226 = CARTESIAN_POINT('',(-0.12,0.175,1.75));
#3227 = VECTOR('',#3228,1.);
#3228 = DIRECTION('',(1.,0.,0.));
#3229 = ORIENTED_EDGE('',*,*,#3230,.F.);
#3230 = EDGE_CURVE('',#340,#3223,#3231,.T.);
#3231 = LINE('',#3232,#3233);
#3232 = CARTESIAN_POINT('',(-0.12,0.,1.75));
#3233 = VECTOR('',#3234,1.);
#3234 = DIRECTION('',(0.,1.,0.));
#3235 = ORIENTED_EDGE('',*,*,#339,.F.);
#3236 = ORIENTED_EDGE('',*,*,#3237,.T.);
#3237 = EDGE_CURVE('',#332,#3238,#3240,.T.);
#3238 = VERTEX_POINT('',#3239);
#3239 = CARTESIAN_POINT('',(-0.38,0.175,1.75));
#3240 = LINE('',#3241,#3242);
#3241 = CARTESIAN_POINT('',(-0.38,0.,1.75));
#3242 = VECTOR('',#3243,1.);
#3243 = DIRECTION('',(0.,1.,0.));
#3244 = ORIENTED_EDGE('',*,*,#3245,.F.);
#3245 = EDGE_CURVE('',#3246,#3238,#3248,.T.);
#3246 = VERTEX_POINT('',#3247);
#3247 = CARTESIAN_POINT('',(-0.62,0.175,1.75));
#3248 = LINE('',#3249,#3250);
#3249 = CARTESIAN_POINT('',(-0.62,0.175,1.75));
#3250 = VECTOR('',#3251,1.);
#3251 = DIRECTION('',(1.,0.,0.));
#3252 = ORIENTED_EDGE('',*,*,#3253,.F.);
#3253 = EDGE_CURVE('',#290,#3246,#3254,.T.);
#3254 = LINE('',#3255,#3256);
#3255 = CARTESIAN_POINT('',(-0.62,0.,1.75));
#3256 = VECTOR('',#3257,1.);
#3257 = DIRECTION('',(0.,1.,0.));
#3258 = ORIENTED_EDGE('',*,*,#289,.F.);
#3259 = ORIENTED_EDGE('',*,*,#3260,.T.);
#3260 = EDGE_CURVE('',#282,#3261,#3263,.T.);
#3261 = VERTEX_POINT('',#3262);
#3262 = CARTESIAN_POINT('',(-0.88,0.175,1.75));
#3263 = LINE('',#3264,#3265);
#3264 = CARTESIAN_POINT('',(-0.88,0.,1.75));
#3265 = VECTOR('',#3266,1.);
#3266 = DIRECTION('',(0.,1.,0.));
#3267 = ORIENTED_EDGE('',*,*,#3268,.F.);
#3268 = EDGE_CURVE('',#3151,#3261,#3269,.T.);
#3269 = LINE('',#3270,#3271);
#3270 = CARTESIAN_POINT('',(-1.12,0.175,1.75));
#3271 = VECTOR('',#3272,1.);
#3272 = DIRECTION('',(1.,0.,0.));
#3273 = FACE_BOUND('',#3274,.F.);
#3274 = EDGE_LOOP('',(#3275,#3285,#3293,#3301));
#3275 = ORIENTED_EDGE('',*,*,#3276,.T.);
#3276 = EDGE_CURVE('',#3277,#3279,#3281,.T.);
#3277 = VERTEX_POINT('',#3278);
#3278 = CARTESIAN_POINT('',(-1.625,7.5E-02,1.75));
#3279 = VERTEX_POINT('',#3280);
#3280 = CARTESIAN_POINT('',(-1.475,7.5E-02,1.75));
#3281 = LINE('',#3282,#3283);
#3282 = CARTESIAN_POINT('',(-1.625,7.5E-02,1.75));
#3283 = VECTOR('',#3284,1.);
#3284 = DIRECTION('',(1.,0.,0.));
#3285 = ORIENTED_EDGE('',*,*,#3286,.T.);
#3286 = EDGE_CURVE('',#3279,#3287,#3289,.T.);
#3287 = VERTEX_POINT('',#3288);
#3288 = CARTESIAN_POINT('',(-1.475,0.175,1.75));
#3289 = LINE('',#3290,#3291);
#3290 = CARTESIAN_POINT('',(-1.475,7.5E-02,1.75));
#3291 = VECTOR('',#3292,1.);
#3292 = DIRECTION('',(0.,1.,0.));
#3293 = ORIENTED_EDGE('',*,*,#3294,.F.);
#3294 = EDGE_CURVE('',#3295,#3287,#3297,.T.);
#3295 = VERTEX_POINT('',#3296);
#3296 = CARTESIAN_POINT('',(-1.625,0.175,1.75));
#3297 = LINE('',#3298,#3299);
#3298 = CARTESIAN_POINT('',(-1.625,0.175,1.75));
#3299 = VECTOR('',#3300,1.);
#3300 = DIRECTION('',(1.,0.,0.));
#3301 = ORIENTED_EDGE('',*,*,#3302,.F.);
#3302 = EDGE_CURVE('',#3277,#3295,#3303,.T.);
#3303 = LINE('',#3304,#3305);
#3304 = CARTESIAN_POINT('',(-1.625,7.5E-02,1.75));
#3305 = VECTOR('',#3306,1.);
#3306 = DIRECTION('',(0.,1.,0.));
#3307 = FACE_BOUND('',#3308,.F.);
#3308 = EDGE_LOOP('',(#3309,#3319,#3327,#3335));
#3309 = ORIENTED_EDGE('',*,*,#3310,.T.);
#3310 = EDGE_CURVE('',#3311,#3313,#3315,.T.);
#3311 = VERTEX_POINT('',#3312);
#3312 = CARTESIAN_POINT('',(1.475,7.5E-02,1.75));
#3313 = VERTEX_POINT('',#3314);
#3314 = CARTESIAN_POINT('',(1.625,7.5E-02,1.75));
#3315 = LINE('',#3316,#3317);
#3316 = CARTESIAN_POINT('',(1.475,7.5E-02,1.75));
#3317 = VECTOR('',#3318,1.);
#3318 = DIRECTION('',(1.,0.,0.));
#3319 = ORIENTED_EDGE('',*,*,#3320,.T.);
#3320 = EDGE_CURVE('',#3313,#3321,#3323,.T.);
#3321 = VERTEX_POINT('',#3322);
#3322 = CARTESIAN_POINT('',(1.625,0.175,1.75));
#3323 = LINE('',#3324,#3325);
#3324 = CARTESIAN_POINT('',(1.625,7.5E-02,1.75));
#3325 = VECTOR('',#3326,1.);
#3326 = DIRECTION('',(0.,1.,0.));
#3327 = ORIENTED_EDGE('',*,*,#3328,.F.);
#3328 = EDGE_CURVE('',#3329,#3321,#3331,.T.);
#3329 = VERTEX_POINT('',#3330);
#3330 = CARTESIAN_POINT('',(1.475,0.175,1.75));
#3331 = LINE('',#3332,#3333);
#3332 = CARTESIAN_POINT('',(1.475,0.175,1.75));
#3333 = VECTOR('',#3334,1.);
#3334 = DIRECTION('',(1.,0.,0.));
#3335 = ORIENTED_EDGE('',*,*,#3336,.F.);
#3336 = EDGE_CURVE('',#3311,#3329,#3337,.T.);
#3337 = LINE('',#3338,#3339);
#3338 = CARTESIAN_POINT('',(1.475,7.5E-02,1.75));
#3339 = VECTOR('',#3340,1.);
#3340 = DIRECTION('',(0.,1.,0.));
#3341 = PLANE('',#3342);
#3342 = AXIS2_PLACEMENT_3D('',#3343,#3344,#3345);
#3343 = CARTESIAN_POINT('',(-1.75,0.,1.75));
#3344 = DIRECTION('',(0.,0.,1.));
#3345 = DIRECTION('',(1.,0.,-0.));
#3346 = ADVANCED_FACE('',(#3347),#3365,.T.);
#3347 = FACE_BOUND('',#3348,.F.);
#3348 = EDGE_LOOP('',(#3349,#3350,#3351,#3359));
#3349 = ORIENTED_EDGE('',*,*,#247,.F.);
#3350 = ORIENTED_EDGE('',*,*,#3150,.T.);
#3351 = ORIENTED_EDGE('',*,*,#3352,.T.);
#3352 = EDGE_CURVE('',#3151,#3353,#3355,.T.);
#3353 = VERTEX_POINT('',#3354);
#3354 = CARTESIAN_POINT('',(-1.12,0.175,1.469));
#3355 = LINE('',#3356,#3357);
#3356 = CARTESIAN_POINT('',(-1.12,0.175,1.75));
#3357 = VECTOR('',#3358,1.);
#3358 = DIRECTION('',(0.,0.,-1.));
#3359 = ORIENTED_EDGE('',*,*,#3360,.F.);
#3360 = EDGE_CURVE('',#248,#3353,#3361,.T.);
#3361 = LINE('',#3362,#3363);
#3362 = CARTESIAN_POINT('',(-1.12,0.,1.469));
#3363 = VECTOR('',#3364,1.);
#3364 = DIRECTION('',(0.,1.,0.));
#3365 = PLANE('',#3366);
#3366 = AXIS2_PLACEMENT_3D('',#3367,#3368,#3369);
#3367 = CARTESIAN_POINT('',(-1.12,-2.5E-02,1.85));
#3368 = DIRECTION('',(1.,0.,0.));
#3369 = DIRECTION('',(0.,0.,-1.));
#3370 = ADVANCED_FACE('',(#3371),#3407,.T.);
#3371 = FACE_BOUND('',#3372,.F.);
#3372 = EDGE_LOOP('',(#3373,#3374,#3382,#3391,#3399,#3406));
#3373 = ORIENTED_EDGE('',*,*,#3268,.T.);
#3374 = ORIENTED_EDGE('',*,*,#3375,.F.);
#3375 = EDGE_CURVE('',#3376,#3261,#3378,.T.);
#3376 = VERTEX_POINT('',#3377);
#3377 = CARTESIAN_POINT('',(-0.88,0.175,1.469));
#3378 = LINE('',#3379,#3380);
#3379 = CARTESIAN_POINT('',(-0.88,0.175,1.469));
#3380 = VECTOR('',#3381,1.);
#3381 = DIRECTION('',(0.,0.,1.));
#3382 = ORIENTED_EDGE('',*,*,#3383,.F.);
#3383 = EDGE_CURVE('',#3384,#3376,#3386,.T.);
#3384 = VERTEX_POINT('',#3385);
#3385 = CARTESIAN_POINT('',(-0.999,0.175,1.35));
#3386 = CIRCLE('',#3387,0.119);
#3387 = AXIS2_PLACEMENT_3D('',#3388,#3389,#3390);
#3388 = CARTESIAN_POINT('',(-0.999,0.175,1.469));
#3389 = DIRECTION('',(0.,-1.,0.));
#3390 = DIRECTION('',(0.,0.,-1.));
#3391 = ORIENTED_EDGE('',*,*,#3392,.F.);
#3392 = EDGE_CURVE('',#3393,#3384,#3395,.T.);
#3393 = VERTEX_POINT('',#3394);
#3394 = CARTESIAN_POINT('',(-1.001,0.175,1.35));
#3395 = LINE('',#3396,#3397);
#3396 = CARTESIAN_POINT('',(-1.001,0.175,1.35));
#3397 = VECTOR('',#3398,1.);
#3398 = DIRECTION('',(1.,0.,0.));
#3399 = ORIENTED_EDGE('',*,*,#3400,.F.);
#3400 = EDGE_CURVE('',#3353,#3393,#3401,.T.);
#3401 = CIRCLE('',#3402,0.119);
#3402 = AXIS2_PLACEMENT_3D('',#3403,#3404,#3405);
#3403 = CARTESIAN_POINT('',(-1.001,0.175,1.469));
#3404 = DIRECTION('',(0.,-1.,0.));
#3405 = DIRECTION('',(-1.,0.,0.));
#3406 = ORIENTED_EDGE('',*,*,#3352,.F.);
#3407 = PLANE('',#3408);
#3408 = AXIS2_PLACEMENT_3D('',#3409,#3410,#3411);
#3409 = CARTESIAN_POINT('',(0.,0.175,0.));
#3410 = DIRECTION('',(0.,-1.,0.));
#3411 = DIRECTION('',(1.,0.,0.));
#3412 = ADVANCED_FACE('',(#3413),#3424,.T.);
#3413 = FACE_BOUND('',#3414,.F.);
#3414 = EDGE_LOOP('',(#3415,#3416,#3422,#3423));
#3415 = ORIENTED_EDGE('',*,*,#281,.T.);
#3416 = ORIENTED_EDGE('',*,*,#3417,.T.);
#3417 = EDGE_CURVE('',#273,#3376,#3418,.T.);
#3418 = LINE('',#3419,#3420);
#3419 = CARTESIAN_POINT('',(-0.88,0.,1.469));
#3420 = VECTOR('',#3421,1.);
#3421 = DIRECTION('',(0.,1.,0.));
#3422 = ORIENTED_EDGE('',*,*,#3375,.T.);
#3423 = ORIENTED_EDGE('',*,*,#3260,.F.);
#3424 = PLANE('',#3425);
#3425 = AXIS2_PLACEMENT_3D('',#3426,#3427,#3428);
#3426 = CARTESIAN_POINT('',(-0.88,-2.5E-02,1.469));
#3427 = DIRECTION('',(-1.,0.,0.));
#3428 = DIRECTION('',(0.,0.,1.));
#3429 = ADVANCED_FACE('',(#3430),#3441,.F.);
#3430 = FACE_BOUND('',#3431,.F.);
#3431 = EDGE_LOOP('',(#3432,#3433,#3439,#3440));
#3432 = ORIENTED_EDGE('',*,*,#272,.F.);
#3433 = ORIENTED_EDGE('',*,*,#3434,.T.);
#3434 = EDGE_CURVE('',#265,#3384,#3435,.T.);
#3435 = LINE('',#3436,#3437);
#3436 = CARTESIAN_POINT('',(-0.999,0.,1.35));
#3437 = VECTOR('',#3438,1.);
#3438 = DIRECTION('',(0.,1.,0.));
#3439 = ORIENTED_EDGE('',*,*,#3383,.T.);
#3440 = ORIENTED_EDGE('',*,*,#3417,.F.);
#3441 = CYLINDRICAL_SURFACE('',#3442,0.119);
#3442 = AXIS2_PLACEMENT_3D('',#3443,#3444,#3445);
#3443 = CARTESIAN_POINT('',(-0.999,-2.5E-02,1.469));
#3444 = DIRECTION('',(0.,-1.,0.));
#3445 = DIRECTION('',(1.,0.,0.));
#3446 = ADVANCED_FACE('',(#3447),#3458,.T.);
#3447 = FACE_BOUND('',#3448,.F.);
#3448 = EDGE_LOOP('',(#3449,#3450,#3456,#3457));
#3449 = ORIENTED_EDGE('',*,*,#264,.F.);
#3450 = ORIENTED_EDGE('',*,*,#3451,.T.);
#3451 = EDGE_CURVE('',#256,#3393,#3452,.T.);
#3452 = LINE('',#3453,#3454);
#3453 = CARTESIAN_POINT('',(-1.001,0.,1.35));
#3454 = VECTOR('',#3455,1.);
#3455 = DIRECTION('',(0.,1.,0.));
#3456 = ORIENTED_EDGE('',*,*,#3392,.T.);
#3457 = ORIENTED_EDGE('',*,*,#3434,.F.);
#3458 = PLANE('',#3459);
#3459 = AXIS2_PLACEMENT_3D('',#3460,#3461,#3462);
#3460 = CARTESIAN_POINT('',(-1.001,-2.5E-02,1.35));
#3461 = DIRECTION('',(0.,0.,1.));
#3462 = DIRECTION('',(1.,0.,-0.));
#3463 = ADVANCED_FACE('',(#3464),#3470,.F.);
#3464 = FACE_BOUND('',#3465,.F.);
#3465 = EDGE_LOOP('',(#3466,#3467,#3468,#3469));
#3466 = ORIENTED_EDGE('',*,*,#255,.F.);
#3467 = ORIENTED_EDGE('',*,*,#3360,.T.);
#3468 = ORIENTED_EDGE('',*,*,#3400,.T.);
#3469 = ORIENTED_EDGE('',*,*,#3451,.F.);
#3470 = CYLINDRICAL_SURFACE('',#3471,0.119);
#3471 = AXIS2_PLACEMENT_3D('',#3472,#3473,#3474);
#3472 = CARTESIAN_POINT('',(-1.001,-2.5E-02,1.469));
#3473 = DIRECTION('',(0.,-1.,0.));
#3474 = DIRECTION('',(1.,0.,0.));
#3475 = ADVANCED_FACE('',(#3476),#3482,.T.);
#3476 = FACE_BOUND('',#3477,.F.);
#3477 = EDGE_LOOP('',(#3478,#3479,#3480,#3481));
#3478 = ORIENTED_EDGE('',*,*,#1248,.F.);
#3479 = ORIENTED_EDGE('',*,*,#1569,.F.);
#3480 = ORIENTED_EDGE('',*,*,#2415,.F.);
#3481 = ORIENTED_EDGE('',*,*,#3160,.F.);
#3482 = PLANE('',#3483);
#3483 = AXIS2_PLACEMENT_3D('',#3484,#3485,#3486);
#3484 = CARTESIAN_POINT('',(0.,0.975,0.));
#3485 = DIRECTION('',(0.,1.,0.));
#3486 = DIRECTION('',(1.,0.,0.));
#3487 = ADVANCED_FACE('',(#3488),#3506,.T.);
#3488 = FACE_BOUND('',#3489,.F.);
#3489 = EDGE_LOOP('',(#3490,#3491,#3499,#3505));
#3490 = ORIENTED_EDGE('',*,*,#481,.T.);
#3491 = ORIENTED_EDGE('',*,*,#3492,.T.);
#3492 = EDGE_CURVE('',#473,#3493,#3495,.T.);
#3493 = VERTEX_POINT('',#3494);
#3494 = CARTESIAN_POINT('',(1.12,0.175,1.469));
#3495 = LINE('',#3496,#3497);
#3496 = CARTESIAN_POINT('',(1.12,0.,1.469));
#3497 = VECTOR('',#3498,1.);
#3498 = DIRECTION('',(0.,1.,0.));
#3499 = ORIENTED_EDGE('',*,*,#3500,.T.);
#3500 = EDGE_CURVE('',#3493,#3169,#3501,.T.);
#3501 = LINE('',#3502,#3503);
#3502 = CARTESIAN_POINT('',(1.12,0.175,1.469));
#3503 = VECTOR('',#3504,1.);
#3504 = DIRECTION('',(0.,0.,1.));
#3505 = ORIENTED_EDGE('',*,*,#3168,.F.);
#3506 = PLANE('',#3507);
#3507 = AXIS2_PLACEMENT_3D('',#3508,#3509,#3510);
#3508 = CARTESIAN_POINT('',(1.12,-2.5E-02,1.469));
#3509 = DIRECTION('',(-1.,0.,0.));
#3510 = DIRECTION('',(0.,0.,1.));
#3511 = ADVANCED_FACE('',(#3512),#3531,.F.);
#3512 = FACE_BOUND('',#3513,.F.);
#3513 = EDGE_LOOP('',(#3514,#3515,#3523,#3530));
#3514 = ORIENTED_EDGE('',*,*,#472,.F.);
#3515 = ORIENTED_EDGE('',*,*,#3516,.T.);
#3516 = EDGE_CURVE('',#465,#3517,#3519,.T.);
#3517 = VERTEX_POINT('',#3518);
#3518 = CARTESIAN_POINT('',(1.001,0.175,1.35));
#3519 = LINE('',#3520,#3521);
#3520 = CARTESIAN_POINT('',(1.001,0.,1.35));
#3521 = VECTOR('',#3522,1.);
#3522 = DIRECTION('',(0.,1.,0.));
#3523 = ORIENTED_EDGE('',*,*,#3524,.T.);
#3524 = EDGE_CURVE('',#3517,#3493,#3525,.T.);
#3525 = CIRCLE('',#3526,0.119);
#3526 = AXIS2_PLACEMENT_3D('',#3527,#3528,#3529);
#3527 = CARTESIAN_POINT('',(1.001,0.175,1.469));
#3528 = DIRECTION('',(0.,-1.,0.));
#3529 = DIRECTION('',(0.,0.,-1.));
#3530 = ORIENTED_EDGE('',*,*,#3492,.F.);
#3531 = CYLINDRICAL_SURFACE('',#3532,0.119);
#3532 = AXIS2_PLACEMENT_3D('',#3533,#3534,#3535);
#3533 = CARTESIAN_POINT('',(1.001,-2.5E-02,1.469));
#3534 = DIRECTION('',(0.,-1.,0.));
#3535 = DIRECTION('',(1.,0.,0.));
#3536 = ADVANCED_FACE('',(#3537),#3555,.T.);
#3537 = FACE_BOUND('',#3538,.F.);
#3538 = EDGE_LOOP('',(#3539,#3540,#3548,#3554));
#3539 = ORIENTED_EDGE('',*,*,#464,.F.);
#3540 = ORIENTED_EDGE('',*,*,#3541,.T.);
#3541 = EDGE_CURVE('',#456,#3542,#3544,.T.);
#3542 = VERTEX_POINT('',#3543);
#3543 = CARTESIAN_POINT('',(0.999,0.175,1.35));
#3544 = LINE('',#3545,#3546);
#3545 = CARTESIAN_POINT('',(0.999,0.,1.35));
#3546 = VECTOR('',#3547,1.);
#3547 = DIRECTION('',(0.,1.,0.));
#3548 = ORIENTED_EDGE('',*,*,#3549,.T.);
#3549 = EDGE_CURVE('',#3542,#3517,#3550,.T.);
#3550 = LINE('',#3551,#3552);
#3551 = CARTESIAN_POINT('',(0.999,0.175,1.35));
#3552 = VECTOR('',#3553,1.);
#3553 = DIRECTION('',(1.,0.,0.));
#3554 = ORIENTED_EDGE('',*,*,#3516,.F.);
#3555 = PLANE('',#3556);
#3556 = AXIS2_PLACEMENT_3D('',#3557,#3558,#3559);
#3557 = CARTESIAN_POINT('',(0.999,-2.5E-02,1.35));
#3558 = DIRECTION('',(0.,0.,1.));
#3559 = DIRECTION('',(1.,0.,-0.));
#3560 = ADVANCED_FACE('',(#3561),#3580,.F.);
#3561 = FACE_BOUND('',#3562,.F.);
#3562 = EDGE_LOOP('',(#3563,#3564,#3572,#3579));
#3563 = ORIENTED_EDGE('',*,*,#455,.F.);
#3564 = ORIENTED_EDGE('',*,*,#3565,.T.);
#3565 = EDGE_CURVE('',#448,#3566,#3568,.T.);
#3566 = VERTEX_POINT('',#3567);
#3567 = CARTESIAN_POINT('',(0.88,0.175,1.469));
#3568 = LINE('',#3569,#3570);
#3569 = CARTESIAN_POINT('',(0.88,0.,1.469));
#3570 = VECTOR('',#3571,1.);
#3571 = DIRECTION('',(0.,1.,0.));
#3572 = ORIENTED_EDGE('',*,*,#3573,.T.);
#3573 = EDGE_CURVE('',#3566,#3542,#3574,.T.);
#3574 = CIRCLE('',#3575,0.119);
#3575 = AXIS2_PLACEMENT_3D('',#3576,#3577,#3578);
#3576 = CARTESIAN_POINT('',(0.999,0.175,1.469));
#3577 = DIRECTION('',(0.,-1.,0.));
#3578 = DIRECTION('',(-1.,0.,0.));
#3579 = ORIENTED_EDGE('',*,*,#3541,.F.);
#3580 = CYLINDRICAL_SURFACE('',#3581,0.119);
#3581 = AXIS2_PLACEMENT_3D('',#3582,#3583,#3584);
#3582 = CARTESIAN_POINT('',(0.999,-2.5E-02,1.469));
#3583 = DIRECTION('',(0.,-1.,0.));
#3584 = DIRECTION('',(1.,0.,0.));
#3585 = ADVANCED_FACE('',(#3586),#3597,.T.);
#3586 = FACE_BOUND('',#3587,.F.);
#3587 = EDGE_LOOP('',(#3588,#3589,#3590,#3596));
#3588 = ORIENTED_EDGE('',*,*,#447,.F.);
#3589 = ORIENTED_EDGE('',*,*,#3184,.T.);
#3590 = ORIENTED_EDGE('',*,*,#3591,.T.);
#3591 = EDGE_CURVE('',#3177,#3566,#3592,.T.);
#3592 = LINE('',#3593,#3594);
#3593 = CARTESIAN_POINT('',(0.88,0.175,1.75));
#3594 = VECTOR('',#3595,1.);
#3595 = DIRECTION('',(0.,0.,-1.));
#3596 = ORIENTED_EDGE('',*,*,#3565,.F.);
#3597 = PLANE('',#3598);
#3598 = AXIS2_PLACEMENT_3D('',#3599,#3600,#3601);
#3599 = CARTESIAN_POINT('',(0.88,-2.5E-02,1.85));
#3600 = DIRECTION('',(1.,0.,0.));
#3601 = DIRECTION('',(0.,0.,-1.));
#3602 = ADVANCED_FACE('',(#3603),#3611,.T.);
#3603 = FACE_BOUND('',#3604,.F.);
#3604 = EDGE_LOOP('',(#3605,#3606,#3607,#3608,#3609,#3610));
#3605 = ORIENTED_EDGE('',*,*,#3176,.T.);
#3606 = ORIENTED_EDGE('',*,*,#3500,.F.);
#3607 = ORIENTED_EDGE('',*,*,#3524,.F.);
#3608 = ORIENTED_EDGE('',*,*,#3549,.F.);
#3609 = ORIENTED_EDGE('',*,*,#3573,.F.);
#3610 = ORIENTED_EDGE('',*,*,#3591,.F.);
#3611 = PLANE('',#3612);
#3612 = AXIS2_PLACEMENT_3D('',#3613,#3614,#3615);
#3613 = CARTESIAN_POINT('',(0.,0.175,0.));
#3614 = DIRECTION('',(0.,-1.,0.));
#3615 = DIRECTION('',(1.,0.,0.));
#3616 = ADVANCED_FACE('',(#3617),#3635,.T.);
#3617 = FACE_BOUND('',#3618,.F.);
#3618 = EDGE_LOOP('',(#3619,#3620,#3628,#3634));
#3619 = ORIENTED_EDGE('',*,*,#431,.T.);
#3620 = ORIENTED_EDGE('',*,*,#3621,.T.);
#3621 = EDGE_CURVE('',#423,#3622,#3624,.T.);
#3622 = VERTEX_POINT('',#3623);
#3623 = CARTESIAN_POINT('',(0.62,0.175,1.469));
#3624 = LINE('',#3625,#3626);
#3625 = CARTESIAN_POINT('',(0.62,0.,1.469));
#3626 = VECTOR('',#3627,1.);
#3627 = DIRECTION('',(0.,1.,0.));
#3628 = ORIENTED_EDGE('',*,*,#3629,.T.);
#3629 = EDGE_CURVE('',#3622,#3192,#3630,.T.);
#3630 = LINE('',#3631,#3632);
#3631 = CARTESIAN_POINT('',(0.62,0.175,1.469));
#3632 = VECTOR('',#3633,1.);
#3633 = DIRECTION('',(0.,0.,1.));
#3634 = ORIENTED_EDGE('',*,*,#3191,.F.);
#3635 = PLANE('',#3636);
#3636 = AXIS2_PLACEMENT_3D('',#3637,#3638,#3639);
#3637 = CARTESIAN_POINT('',(0.62,-2.5E-02,1.469));
#3638 = DIRECTION('',(-1.,0.,0.));
#3639 = DIRECTION('',(0.,0.,1.));
#3640 = ADVANCED_FACE('',(#3641),#3660,.F.);
#3641 = FACE_BOUND('',#3642,.F.);
#3642 = EDGE_LOOP('',(#3643,#3644,#3652,#3659));
#3643 = ORIENTED_EDGE('',*,*,#422,.F.);
#3644 = ORIENTED_EDGE('',*,*,#3645,.T.);
#3645 = EDGE_CURVE('',#415,#3646,#3648,.T.);
#3646 = VERTEX_POINT('',#3647);
#3647 = CARTESIAN_POINT('',(0.501,0.175,1.35));
#3648 = LINE('',#3649,#3650);
#3649 = CARTESIAN_POINT('',(0.501,0.,1.35));
#3650 = VECTOR('',#3651,1.);
#3651 = DIRECTION('',(0.,1.,0.));
#3652 = ORIENTED_EDGE('',*,*,#3653,.T.);
#3653 = EDGE_CURVE('',#3646,#3622,#3654,.T.);
#3654 = CIRCLE('',#3655,0.119);
#3655 = AXIS2_PLACEMENT_3D('',#3656,#3657,#3658);
#3656 = CARTESIAN_POINT('',(0.501,0.175,1.469));
#3657 = DIRECTION('',(0.,-1.,0.));
#3658 = DIRECTION('',(0.,0.,-1.));
#3659 = ORIENTED_EDGE('',*,*,#3621,.F.);
#3660 = CYLINDRICAL_SURFACE('',#3661,0.119);
#3661 = AXIS2_PLACEMENT_3D('',#3662,#3663,#3664);
#3662 = CARTESIAN_POINT('',(0.501,-2.5E-02,1.469));
#3663 = DIRECTION('',(0.,-1.,0.));
#3664 = DIRECTION('',(1.,0.,0.));
#3665 = ADVANCED_FACE('',(#3666),#3684,.T.);
#3666 = FACE_BOUND('',#3667,.F.);
#3667 = EDGE_LOOP('',(#3668,#3669,#3677,#3683));
#3668 = ORIENTED_EDGE('',*,*,#414,.F.);
#3669 = ORIENTED_EDGE('',*,*,#3670,.T.);
#3670 = EDGE_CURVE('',#406,#3671,#3673,.T.);
#3671 = VERTEX_POINT('',#3672);
#3672 = CARTESIAN_POINT('',(0.499,0.175,1.35));
#3673 = LINE('',#3674,#3675);
#3674 = CARTESIAN_POINT('',(0.499,0.,1.35));
#3675 = VECTOR('',#3676,1.);
#3676 = DIRECTION('',(0.,1.,0.));
#3677 = ORIENTED_EDGE('',*,*,#3678,.T.);
#3678 = EDGE_CURVE('',#3671,#3646,#3679,.T.);
#3679 = LINE('',#3680,#3681);
#3680 = CARTESIAN_POINT('',(0.499,0.175,1.35));
#3681 = VECTOR('',#3682,1.);
#3682 = DIRECTION('',(1.,0.,0.));
#3683 = ORIENTED_EDGE('',*,*,#3645,.F.);
#3684 = PLANE('',#3685);
#3685 = AXIS2_PLACEMENT_3D('',#3686,#3687,#3688);
#3686 = CARTESIAN_POINT('',(0.499,-2.5E-02,1.35));
#3687 = DIRECTION('',(0.,0.,1.));
#3688 = DIRECTION('',(1.,0.,-0.));
#3689 = ADVANCED_FACE('',(#3690),#3709,.F.);
#3690 = FACE_BOUND('',#3691,.F.);
#3691 = EDGE_LOOP('',(#3692,#3693,#3701,#3708));
#3692 = ORIENTED_EDGE('',*,*,#405,.F.);
#3693 = ORIENTED_EDGE('',*,*,#3694,.T.);
#3694 = EDGE_CURVE('',#398,#3695,#3697,.T.);
#3695 = VERTEX_POINT('',#3696);
#3696 = CARTESIAN_POINT('',(0.38,0.175,1.469));
#3697 = LINE('',#3698,#3699);
#3698 = CARTESIAN_POINT('',(0.38,0.,1.469));
#3699 = VECTOR('',#3700,1.);
#3700 = DIRECTION('',(0.,1.,0.));
#3701 = ORIENTED_EDGE('',*,*,#3702,.T.);
#3702 = EDGE_CURVE('',#3695,#3671,#3703,.T.);
#3703 = CIRCLE('',#3704,0.119);
#3704 = AXIS2_PLACEMENT_3D('',#3705,#3706,#3707);
#3705 = CARTESIAN_POINT('',(0.499,0.175,1.469));
#3706 = DIRECTION('',(0.,-1.,0.));
#3707 = DIRECTION('',(-1.,0.,0.));
#3708 = ORIENTED_EDGE('',*,*,#3670,.F.);
#3709 = CYLINDRICAL_SURFACE('',#3710,0.119);
#3710 = AXIS2_PLACEMENT_3D('',#3711,#3712,#3713);
#3711 = CARTESIAN_POINT('',(0.499,-2.5E-02,1.469));
#3712 = DIRECTION('',(0.,-1.,0.));
#3713 = DIRECTION('',(1.,0.,0.));
#3714 = ADVANCED_FACE('',(#3715),#3726,.T.);
#3715 = FACE_BOUND('',#3716,.F.);
#3716 = EDGE_LOOP('',(#3717,#3718,#3719,#3725));
#3717 = ORIENTED_EDGE('',*,*,#397,.F.);
#3718 = ORIENTED_EDGE('',*,*,#3207,.T.);
#3719 = ORIENTED_EDGE('',*,*,#3720,.T.);
#3720 = EDGE_CURVE('',#3200,#3695,#3721,.T.);
#3721 = LINE('',#3722,#3723);
#3722 = CARTESIAN_POINT('',(0.38,0.175,1.75));
#3723 = VECTOR('',#3724,1.);
#3724 = DIRECTION('',(0.,0.,-1.));
#3725 = ORIENTED_EDGE('',*,*,#3694,.F.);
#3726 = PLANE('',#3727);
#3727 = AXIS2_PLACEMENT_3D('',#3728,#3729,#3730);
#3728 = CARTESIAN_POINT('',(0.38,-2.5E-02,1.85));
#3729 = DIRECTION('',(1.,0.,0.));
#3730 = DIRECTION('',(0.,0.,-1.));
#3731 = ADVANCED_FACE('',(#3732),#3740,.T.);
#3732 = FACE_BOUND('',#3733,.F.);
#3733 = EDGE_LOOP('',(#3734,#3735,#3736,#3737,#3738,#3739));
#3734 = ORIENTED_EDGE('',*,*,#3199,.T.);
#3735 = ORIENTED_EDGE('',*,*,#3629,.F.);
#3736 = ORIENTED_EDGE('',*,*,#3653,.F.);
#3737 = ORIENTED_EDGE('',*,*,#3678,.F.);
#3738 = ORIENTED_EDGE('',*,*,#3702,.F.);
#3739 = ORIENTED_EDGE('',*,*,#3720,.F.);
#3740 = PLANE('',#3741);
#3741 = AXIS2_PLACEMENT_3D('',#3742,#3743,#3744);
#3742 = CARTESIAN_POINT('',(0.,0.175,0.));
#3743 = DIRECTION('',(0.,-1.,0.));
#3744 = DIRECTION('',(1.,0.,0.));
#3745 = ADVANCED_FACE('',(#3746),#3764,.T.);
#3746 = FACE_BOUND('',#3747,.F.);
#3747 = EDGE_LOOP('',(#3748,#3749,#3757,#3763));
#3748 = ORIENTED_EDGE('',*,*,#381,.T.);
#3749 = ORIENTED_EDGE('',*,*,#3750,.T.);
#3750 = EDGE_CURVE('',#373,#3751,#3753,.T.);
#3751 = VERTEX_POINT('',#3752);
#3752 = CARTESIAN_POINT('',(0.12,0.175,1.469));
#3753 = LINE('',#3754,#3755);
#3754 = CARTESIAN_POINT('',(0.12,0.,1.469));
#3755 = VECTOR('',#3756,1.);
#3756 = DIRECTION('',(0.,1.,0.));
#3757 = ORIENTED_EDGE('',*,*,#3758,.T.);
#3758 = EDGE_CURVE('',#3751,#3215,#3759,.T.);
#3759 = LINE('',#3760,#3761);
#3760 = CARTESIAN_POINT('',(0.12,0.175,1.469));
#3761 = VECTOR('',#3762,1.);
#3762 = DIRECTION('',(0.,0.,1.));
#3763 = ORIENTED_EDGE('',*,*,#3214,.F.);
#3764 = PLANE('',#3765);
#3765 = AXIS2_PLACEMENT_3D('',#3766,#3767,#3768);
#3766 = CARTESIAN_POINT('',(0.12,-2.5E-02,1.469));
#3767 = DIRECTION('',(-1.,0.,0.));
#3768 = DIRECTION('',(0.,0.,1.));
#3769 = ADVANCED_FACE('',(#3770),#3789,.F.);
#3770 = FACE_BOUND('',#3771,.F.);
#3771 = EDGE_LOOP('',(#3772,#3773,#3781,#3788));
#3772 = ORIENTED_EDGE('',*,*,#372,.F.);
#3773 = ORIENTED_EDGE('',*,*,#3774,.T.);
#3774 = EDGE_CURVE('',#365,#3775,#3777,.T.);
#3775 = VERTEX_POINT('',#3776);
#3776 = CARTESIAN_POINT('',(1.E-03,0.175,1.35));
#3777 = LINE('',#3778,#3779);
#3778 = CARTESIAN_POINT('',(1.E-03,0.,1.35));
#3779 = VECTOR('',#3780,1.);
#3780 = DIRECTION('',(0.,1.,0.));
#3781 = ORIENTED_EDGE('',*,*,#3782,.T.);
#3782 = EDGE_CURVE('',#3775,#3751,#3783,.T.);
#3783 = CIRCLE('',#3784,0.119);
#3784 = AXIS2_PLACEMENT_3D('',#3785,#3786,#3787);
#3785 = CARTESIAN_POINT('',(1.E-03,0.175,1.469));
#3786 = DIRECTION('',(0.,-1.,0.));
#3787 = DIRECTION('',(0.,0.,-1.));
#3788 = ORIENTED_EDGE('',*,*,#3750,.F.);
#3789 = CYLINDRICAL_SURFACE('',#3790,0.119);
#3790 = AXIS2_PLACEMENT_3D('',#3791,#3792,#3793);
#3791 = CARTESIAN_POINT('',(1.E-03,-2.5E-02,1.469));
#3792 = DIRECTION('',(0.,-1.,0.));
#3793 = DIRECTION('',(1.,0.,0.));
#3794 = ADVANCED_FACE('',(#3795),#3813,.T.);
#3795 = FACE_BOUND('',#3796,.F.);
#3796 = EDGE_LOOP('',(#3797,#3798,#3806,#3812));
#3797 = ORIENTED_EDGE('',*,*,#364,.F.);
#3798 = ORIENTED_EDGE('',*,*,#3799,.T.);
#3799 = EDGE_CURVE('',#356,#3800,#3802,.T.);
#3800 = VERTEX_POINT('',#3801);
#3801 = CARTESIAN_POINT('',(-1.E-03,0.175,1.35));
#3802 = LINE('',#3803,#3804);
#3803 = CARTESIAN_POINT('',(-1.E-03,0.,1.35));
#3804 = VECTOR('',#3805,1.);
#3805 = DIRECTION('',(0.,1.,0.));
#3806 = ORIENTED_EDGE('',*,*,#3807,.T.);
#3807 = EDGE_CURVE('',#3800,#3775,#3808,.T.);
#3808 = LINE('',#3809,#3810);
#3809 = CARTESIAN_POINT('',(-1.E-03,0.175,1.35));
#3810 = VECTOR('',#3811,1.);
#3811 = DIRECTION('',(1.,0.,0.));
#3812 = ORIENTED_EDGE('',*,*,#3774,.F.);
#3813 = PLANE('',#3814);
#3814 = AXIS2_PLACEMENT_3D('',#3815,#3816,#3817);
#3815 = CARTESIAN_POINT('',(-1.E-03,-2.5E-02,1.35));
#3816 = DIRECTION('',(0.,0.,1.));
#3817 = DIRECTION('',(1.,0.,-0.));
#3818 = ADVANCED_FACE('',(#3819),#3838,.F.);
#3819 = FACE_BOUND('',#3820,.F.);
#3820 = EDGE_LOOP('',(#3821,#3822,#3830,#3837));
#3821 = ORIENTED_EDGE('',*,*,#355,.F.);
#3822 = ORIENTED_EDGE('',*,*,#3823,.T.);
#3823 = EDGE_CURVE('',#348,#3824,#3826,.T.);
#3824 = VERTEX_POINT('',#3825);
#3825 = CARTESIAN_POINT('',(-0.12,0.175,1.469));
#3826 = LINE('',#3827,#3828);
#3827 = CARTESIAN_POINT('',(-0.12,0.,1.469));
#3828 = VECTOR('',#3829,1.);
#3829 = DIRECTION('',(0.,1.,0.));
#3830 = ORIENTED_EDGE('',*,*,#3831,.T.);
#3831 = EDGE_CURVE('',#3824,#3800,#3832,.T.);
#3832 = CIRCLE('',#3833,0.119);
#3833 = AXIS2_PLACEMENT_3D('',#3834,#3835,#3836);
#3834 = CARTESIAN_POINT('',(-1.E-03,0.175,1.469));
#3835 = DIRECTION('',(0.,-1.,0.));
#3836 = DIRECTION('',(-1.,0.,0.));
#3837 = ORIENTED_EDGE('',*,*,#3799,.F.);
#3838 = CYLINDRICAL_SURFACE('',#3839,0.119);
#3839 = AXIS2_PLACEMENT_3D('',#3840,#3841,#3842);
#3840 = CARTESIAN_POINT('',(-1.E-03,-2.5E-02,1.469));
#3841 = DIRECTION('',(0.,-1.,0.));
#3842 = DIRECTION('',(1.,0.,0.));
#3843 = ADVANCED_FACE('',(#3844),#3855,.T.);
#3844 = FACE_BOUND('',#3845,.F.);
#3845 = EDGE_LOOP('',(#3846,#3847,#3848,#3854));
#3846 = ORIENTED_EDGE('',*,*,#347,.F.);
#3847 = ORIENTED_EDGE('',*,*,#3230,.T.);
#3848 = ORIENTED_EDGE('',*,*,#3849,.T.);
#3849 = EDGE_CURVE('',#3223,#3824,#3850,.T.);
#3850 = LINE('',#3851,#3852);
#3851 = CARTESIAN_POINT('',(-0.12,0.175,1.75));
#3852 = VECTOR('',#3853,1.);
#3853 = DIRECTION('',(0.,0.,-1.));
#3854 = ORIENTED_EDGE('',*,*,#3823,.F.);
#3855 = PLANE('',#3856);
#3856 = AXIS2_PLACEMENT_3D('',#3857,#3858,#3859);
#3857 = CARTESIAN_POINT('',(-0.12,-2.5E-02,1.85));
#3858 = DIRECTION('',(1.,0.,0.));
#3859 = DIRECTION('',(0.,0.,-1.));
#3860 = ADVANCED_FACE('',(#3861),#3869,.T.);
#3861 = FACE_BOUND('',#3862,.F.);
#3862 = EDGE_LOOP('',(#3863,#3864,#3865,#3866,#3867,#3868));
#3863 = ORIENTED_EDGE('',*,*,#3222,.T.);
#3864 = ORIENTED_EDGE('',*,*,#3758,.F.);
#3865 = ORIENTED_EDGE('',*,*,#3782,.F.);
#3866 = ORIENTED_EDGE('',*,*,#3807,.F.);
#3867 = ORIENTED_EDGE('',*,*,#3831,.F.);
#3868 = ORIENTED_EDGE('',*,*,#3849,.F.);
#3869 = PLANE('',#3870);
#3870 = AXIS2_PLACEMENT_3D('',#3871,#3872,#3873);
#3871 = CARTESIAN_POINT('',(0.,0.175,0.));
#3872 = DIRECTION('',(0.,-1.,0.));
#3873 = DIRECTION('',(1.,0.,0.));
#3874 = ADVANCED_FACE('',(#3875),#3893,.T.);
#3875 = FACE_BOUND('',#3876,.F.);
#3876 = EDGE_LOOP('',(#3877,#3878,#3886,#3892));
#3877 = ORIENTED_EDGE('',*,*,#331,.T.);
#3878 = ORIENTED_EDGE('',*,*,#3879,.T.);
#3879 = EDGE_CURVE('',#323,#3880,#3882,.T.);
#3880 = VERTEX_POINT('',#3881);
#3881 = CARTESIAN_POINT('',(-0.38,0.175,1.469));
#3882 = LINE('',#3883,#3884);
#3883 = CARTESIAN_POINT('',(-0.38,0.,1.469));
#3884 = VECTOR('',#3885,1.);
#3885 = DIRECTION('',(0.,1.,0.));
#3886 = ORIENTED_EDGE('',*,*,#3887,.T.);
#3887 = EDGE_CURVE('',#3880,#3238,#3888,.T.);
#3888 = LINE('',#3889,#3890);
#3889 = CARTESIAN_POINT('',(-0.38,0.175,1.469));
#3890 = VECTOR('',#3891,1.);
#3891 = DIRECTION('',(0.,0.,1.));
#3892 = ORIENTED_EDGE('',*,*,#3237,.F.);
#3893 = PLANE('',#3894);
#3894 = AXIS2_PLACEMENT_3D('',#3895,#3896,#3897);
#3895 = CARTESIAN_POINT('',(-0.38,-2.5E-02,1.469));
#3896 = DIRECTION('',(-1.,0.,0.));
#3897 = DIRECTION('',(0.,0.,1.));
#3898 = ADVANCED_FACE('',(#3899),#3918,.F.);
#3899 = FACE_BOUND('',#3900,.F.);
#3900 = EDGE_LOOP('',(#3901,#3902,#3910,#3917));
#3901 = ORIENTED_EDGE('',*,*,#322,.F.);
#3902 = ORIENTED_EDGE('',*,*,#3903,.T.);
#3903 = EDGE_CURVE('',#315,#3904,#3906,.T.);
#3904 = VERTEX_POINT('',#3905);
#3905 = CARTESIAN_POINT('',(-0.499,0.175,1.35));
#3906 = LINE('',#3907,#3908);
#3907 = CARTESIAN_POINT('',(-0.499,0.,1.35));
#3908 = VECTOR('',#3909,1.);
#3909 = DIRECTION('',(0.,1.,0.));
#3910 = ORIENTED_EDGE('',*,*,#3911,.T.);
#3911 = EDGE_CURVE('',#3904,#3880,#3912,.T.);
#3912 = CIRCLE('',#3913,0.119);
#3913 = AXIS2_PLACEMENT_3D('',#3914,#3915,#3916);
#3914 = CARTESIAN_POINT('',(-0.499,0.175,1.469));
#3915 = DIRECTION('',(0.,-1.,0.));
#3916 = DIRECTION('',(0.,0.,-1.));
#3917 = ORIENTED_EDGE('',*,*,#3879,.F.);
#3918 = CYLINDRICAL_SURFACE('',#3919,0.119);
#3919 = AXIS2_PLACEMENT_3D('',#3920,#3921,#3922);
#3920 = CARTESIAN_POINT('',(-0.499,-2.5E-02,1.469));
#3921 = DIRECTION('',(0.,-1.,0.));
#3922 = DIRECTION('',(1.,0.,0.));
#3923 = ADVANCED_FACE('',(#3924),#3942,.T.);
#3924 = FACE_BOUND('',#3925,.F.);
#3925 = EDGE_LOOP('',(#3926,#3927,#3935,#3941));
#3926 = ORIENTED_EDGE('',*,*,#314,.F.);
#3927 = ORIENTED_EDGE('',*,*,#3928,.T.);
#3928 = EDGE_CURVE('',#306,#3929,#3931,.T.);
#3929 = VERTEX_POINT('',#3930);
#3930 = CARTESIAN_POINT('',(-0.501,0.175,1.35));
#3931 = LINE('',#3932,#3933);
#3932 = CARTESIAN_POINT('',(-0.501,0.,1.35));
#3933 = VECTOR('',#3934,1.);
#3934 = DIRECTION('',(0.,1.,0.));
#3935 = ORIENTED_EDGE('',*,*,#3936,.T.);
#3936 = EDGE_CURVE('',#3929,#3904,#3937,.T.);
#3937 = LINE('',#3938,#3939);
#3938 = CARTESIAN_POINT('',(-0.501,0.175,1.35));
#3939 = VECTOR('',#3940,1.);
#3940 = DIRECTION('',(1.,0.,0.));
#3941 = ORIENTED_EDGE('',*,*,#3903,.F.);
#3942 = PLANE('',#3943);
#3943 = AXIS2_PLACEMENT_3D('',#3944,#3945,#3946);
#3944 = CARTESIAN_POINT('',(-0.501,-2.5E-02,1.35));
#3945 = DIRECTION('',(0.,0.,1.));
#3946 = DIRECTION('',(1.,0.,-0.));
#3947 = ADVANCED_FACE('',(#3948),#3967,.F.);
#3948 = FACE_BOUND('',#3949,.F.);
#3949 = EDGE_LOOP('',(#3950,#3951,#3959,#3966));
#3950 = ORIENTED_EDGE('',*,*,#305,.F.);
#3951 = ORIENTED_EDGE('',*,*,#3952,.T.);
#3952 = EDGE_CURVE('',#298,#3953,#3955,.T.);
#3953 = VERTEX_POINT('',#3954);
#3954 = CARTESIAN_POINT('',(-0.62,0.175,1.469));
#3955 = LINE('',#3956,#3957);
#3956 = CARTESIAN_POINT('',(-0.62,0.,1.469));
#3957 = VECTOR('',#3958,1.);
#3958 = DIRECTION('',(0.,1.,0.));
#3959 = ORIENTED_EDGE('',*,*,#3960,.T.);
#3960 = EDGE_CURVE('',#3953,#3929,#3961,.T.);
#3961 = CIRCLE('',#3962,0.119);
#3962 = AXIS2_PLACEMENT_3D('',#3963,#3964,#3965);
#3963 = CARTESIAN_POINT('',(-0.501,0.175,1.469));
#3964 = DIRECTION('',(0.,-1.,0.));
#3965 = DIRECTION('',(-1.,0.,0.));
#3966 = ORIENTED_EDGE('',*,*,#3928,.F.);
#3967 = CYLINDRICAL_SURFACE('',#3968,0.119);
#3968 = AXIS2_PLACEMENT_3D('',#3969,#3970,#3971);
#3969 = CARTESIAN_POINT('',(-0.501,-2.5E-02,1.469));
#3970 = DIRECTION('',(0.,-1.,0.));
#3971 = DIRECTION('',(1.,0.,0.));
#3972 = ADVANCED_FACE('',(#3973),#3984,.T.);
#3973 = FACE_BOUND('',#3974,.F.);
#3974 = EDGE_LOOP('',(#3975,#3976,#3977,#3983));
#3975 = ORIENTED_EDGE('',*,*,#297,.F.);
#3976 = ORIENTED_EDGE('',*,*,#3253,.T.);
#3977 = ORIENTED_EDGE('',*,*,#3978,.T.);
#3978 = EDGE_CURVE('',#3246,#3953,#3979,.T.);
#3979 = LINE('',#3980,#3981);
#3980 = CARTESIAN_POINT('',(-0.62,0.175,1.75));
#3981 = VECTOR('',#3982,1.);
#3982 = DIRECTION('',(0.,0.,-1.));
#3983 = ORIENTED_EDGE('',*,*,#3952,.F.);
#3984 = PLANE('',#3985);
#3985 = AXIS2_PLACEMENT_3D('',#3986,#3987,#3988);
#3986 = CARTESIAN_POINT('',(-0.62,-2.5E-02,1.85));
#3987 = DIRECTION('',(1.,0.,0.));
#3988 = DIRECTION('',(0.,0.,-1.));
#3989 = ADVANCED_FACE('',(#3990),#3998,.T.);
#3990 = FACE_BOUND('',#3991,.F.);
#3991 = EDGE_LOOP('',(#3992,#3993,#3994,#3995,#3996,#3997));
#3992 = ORIENTED_EDGE('',*,*,#3245,.T.);
#3993 = ORIENTED_EDGE('',*,*,#3887,.F.);
#3994 = ORIENTED_EDGE('',*,*,#3911,.F.);
#3995 = ORIENTED_EDGE('',*,*,#3936,.F.);
#3996 = ORIENTED_EDGE('',*,*,#3960,.F.);
#3997 = ORIENTED_EDGE('',*,*,#3978,.F.);
#3998 = PLANE('',#3999);
#3999 = AXIS2_PLACEMENT_3D('',#4000,#4001,#4002);
#4000 = CARTESIAN_POINT('',(0.,0.175,0.));
#4001 = DIRECTION('',(0.,-1.,0.));
#4002 = DIRECTION('',(1.,0.,0.));
#4003 = ADVANCED_FACE('',(#4004),#4036,.T.);
#4004 = FACE_BOUND('',#4005,.F.);
#4005 = EDGE_LOOP('',(#4006,#4007,#4015,#4021,#4022,#4030));
#4006 = ORIENTED_EDGE('',*,*,#1358,.F.);
#4007 = ORIENTED_EDGE('',*,*,#4008,.F.);
#4008 = EDGE_CURVE('',#4009,#1359,#4011,.T.);
#4009 = VERTEX_POINT('',#4010);
#4010 = CARTESIAN_POINT('',(-1.625,7.5E-02,-1.625));
#4011 = LINE('',#4012,#4013);
#4012 = CARTESIAN_POINT('',(-1.625,7.5E-02,-1.625));
#4013 = VECTOR('',#4014,1.);
#4014 = DIRECTION('',(-1.,0.,0.));
#4015 = ORIENTED_EDGE('',*,*,#4016,.F.);
#4016 = EDGE_CURVE('',#1616,#4009,#4017,.T.);
#4017 = LINE('',#4018,#4019);
#4018 = CARTESIAN_POINT('',(-1.625,7.5E-02,-1.75));
#4019 = VECTOR('',#4020,1.);
#4020 = DIRECTION('',(0.,0.,1.));
#4021 = ORIENTED_EDGE('',*,*,#1613,.F.);
#4022 = ORIENTED_EDGE('',*,*,#4023,.F.);
#4023 = EDGE_CURVE('',#4024,#1614,#4026,.T.);
#4024 = VERTEX_POINT('',#4025);
#4025 = CARTESIAN_POINT('',(-1.475,7.5E-02,-1.475));
#4026 = LINE('',#4027,#4028);
#4027 = CARTESIAN_POINT('',(-1.475,7.5E-02,-1.475));
#4028 = VECTOR('',#4029,1.);
#4029 = DIRECTION('',(0.,0.,-1.));
#4030 = ORIENTED_EDGE('',*,*,#4031,.F.);
#4031 = EDGE_CURVE('',#1361,#4024,#4032,.T.);
#4032 = LINE('',#4033,#4034);
#4033 = CARTESIAN_POINT('',(-1.75,7.5E-02,-1.475));
#4034 = VECTOR('',#4035,1.);
#4035 = DIRECTION('',(1.,0.,0.));
#4036 = PLANE('',#4037);
#4037 = AXIS2_PLACEMENT_3D('',#4038,#4039,#4040);
#4038 = CARTESIAN_POINT('',(0.,7.5E-02,0.));
#4039 = DIRECTION('',(0.,1.,0.));
#4040 = DIRECTION('',(1.,0.,0.));
#4041 = ADVANCED_FACE('',(#4042),#4074,.T.);
#4042 = FACE_BOUND('',#4043,.F.);
#4043 = EDGE_LOOP('',(#4044,#4045,#4053,#4059,#4060,#4068));
#4044 = ORIENTED_EDGE('',*,*,#1392,.F.);
#4045 = ORIENTED_EDGE('',*,*,#4046,.F.);
#4046 = EDGE_CURVE('',#4047,#1393,#4049,.T.);
#4047 = VERTEX_POINT('',#4048);
#4048 = CARTESIAN_POINT('',(-1.475,7.5E-02,1.475));
#4049 = LINE('',#4050,#4051);
#4050 = CARTESIAN_POINT('',(-1.475,7.5E-02,1.475));
#4051 = VECTOR('',#4052,1.);
#4052 = DIRECTION('',(-1.,0.,0.));
#4053 = ORIENTED_EDGE('',*,*,#4054,.F.);
#4054 = EDGE_CURVE('',#3279,#4047,#4055,.T.);
#4055 = LINE('',#4056,#4057);
#4056 = CARTESIAN_POINT('',(-1.475,7.5E-02,1.75));
#4057 = VECTOR('',#4058,1.);
#4058 = DIRECTION('',(0.,0.,-1.));
#4059 = ORIENTED_EDGE('',*,*,#3276,.F.);
#4060 = ORIENTED_EDGE('',*,*,#4061,.F.);
#4061 = EDGE_CURVE('',#4062,#3277,#4064,.T.);
#4062 = VERTEX_POINT('',#4063);
#4063 = CARTESIAN_POINT('',(-1.625,7.5E-02,1.625));
#4064 = LINE('',#4065,#4066);
#4065 = CARTESIAN_POINT('',(-1.625,7.5E-02,1.625));
#4066 = VECTOR('',#4067,1.);
#4067 = DIRECTION('',(0.,0.,1.));
#4068 = ORIENTED_EDGE('',*,*,#4069,.F.);
#4069 = EDGE_CURVE('',#1395,#4062,#4070,.T.);
#4070 = LINE('',#4071,#4072);
#4071 = CARTESIAN_POINT('',(-1.75,7.5E-02,1.625));
#4072 = VECTOR('',#4073,1.);
#4073 = DIRECTION('',(1.,0.,0.));
#4074 = PLANE('',#4075);
#4075 = AXIS2_PLACEMENT_3D('',#4076,#4077,#4078);
#4076 = CARTESIAN_POINT('',(0.,7.5E-02,0.));
#4077 = DIRECTION('',(0.,1.,0.));
#4078 = DIRECTION('',(1.,0.,0.));
#4079 = ADVANCED_FACE('',(#4080),#4112,.T.);
#4080 = FACE_BOUND('',#4081,.F.);
#4081 = EDGE_LOOP('',(#4082,#4083,#4091,#4097,#4098,#4106));
#4082 = ORIENTED_EDGE('',*,*,#3310,.F.);
#4083 = ORIENTED_EDGE('',*,*,#4084,.F.);
#4084 = EDGE_CURVE('',#4085,#3311,#4087,.T.);
#4085 = VERTEX_POINT('',#4086);
#4086 = CARTESIAN_POINT('',(1.475,7.5E-02,1.475));
#4087 = LINE('',#4088,#4089);
#4088 = CARTESIAN_POINT('',(1.475,7.5E-02,1.475));
#4089 = VECTOR('',#4090,1.);
#4090 = DIRECTION('',(0.,0.,1.));
#4091 = ORIENTED_EDGE('',*,*,#4092,.F.);
#4092 = EDGE_CURVE('',#2434,#4085,#4093,.T.);
#4093 = LINE('',#4094,#4095);
#4094 = CARTESIAN_POINT('',(1.75,7.5E-02,1.475));
#4095 = VECTOR('',#4096,1.);
#4096 = DIRECTION('',(-1.,0.,0.));
#4097 = ORIENTED_EDGE('',*,*,#2431,.F.);
#4098 = ORIENTED_EDGE('',*,*,#4099,.F.);
#4099 = EDGE_CURVE('',#4100,#2432,#4102,.T.);
#4100 = VERTEX_POINT('',#4101);
#4101 = CARTESIAN_POINT('',(1.625,7.5E-02,1.625));
#4102 = LINE('',#4103,#4104);
#4103 = CARTESIAN_POINT('',(1.625,7.5E-02,1.625));
#4104 = VECTOR('',#4105,1.);
#4105 = DIRECTION('',(1.,0.,0.));
#4106 = ORIENTED_EDGE('',*,*,#4107,.F.);
#4107 = EDGE_CURVE('',#3313,#4100,#4108,.T.);
#4108 = LINE('',#4109,#4110);
#4109 = CARTESIAN_POINT('',(1.625,7.5E-02,1.75));
#4110 = VECTOR('',#4111,1.);
#4111 = DIRECTION('',(0.,0.,-1.));
#4112 = PLANE('',#4113);
#4113 = AXIS2_PLACEMENT_3D('',#4114,#4115,#4116);
#4114 = CARTESIAN_POINT('',(0.,7.5E-02,0.));
#4115 = DIRECTION('',(0.,1.,0.));
#4116 = DIRECTION('',(1.,0.,0.));
#4117 = ADVANCED_FACE('',(#4118),#4150,.T.);
#4118 = FACE_BOUND('',#4119,.F.);
#4119 = EDGE_LOOP('',(#4120,#4121,#4129,#4135,#4136,#4144));
#4120 = ORIENTED_EDGE('',*,*,#2465,.F.);
#4121 = ORIENTED_EDGE('',*,*,#4122,.F.);
#4122 = EDGE_CURVE('',#4123,#2466,#4125,.T.);
#4123 = VERTEX_POINT('',#4124);
#4124 = CARTESIAN_POINT('',(1.475,7.5E-02,-1.475));
#4125 = LINE('',#4126,#4127);
#4126 = CARTESIAN_POINT('',(1.475,7.5E-02,-1.475));
#4127 = VECTOR('',#4128,1.);
#4128 = DIRECTION('',(1.,0.,0.));
#4129 = ORIENTED_EDGE('',*,*,#4130,.F.);
#4130 = EDGE_CURVE('',#1582,#4123,#4131,.T.);
#4131 = LINE('',#4132,#4133);
#4132 = CARTESIAN_POINT('',(1.475,7.5E-02,-1.75));
#4133 = VECTOR('',#4134,1.);
#4134 = DIRECTION('',(0.,0.,1.));
#4135 = ORIENTED_EDGE('',*,*,#1579,.F.);
#4136 = ORIENTED_EDGE('',*,*,#4137,.F.);
#4137 = EDGE_CURVE('',#4138,#1580,#4140,.T.);
#4138 = VERTEX_POINT('',#4139);
#4139 = CARTESIAN_POINT('',(1.625,7.5E-02,-1.625));
#4140 = LINE('',#4141,#4142);
#4141 = CARTESIAN_POINT('',(1.625,7.5E-02,-1.625));
#4142 = VECTOR('',#4143,1.);
#4143 = DIRECTION('',(0.,0.,-1.));
#4144 = ORIENTED_EDGE('',*,*,#4145,.F.);
#4145 = EDGE_CURVE('',#2468,#4138,#4146,.T.);
#4146 = LINE('',#4147,#4148);
#4147 = CARTESIAN_POINT('',(1.75,7.5E-02,-1.625));
#4148 = VECTOR('',#4149,1.);
#4149 = DIRECTION('',(-1.,0.,0.));
#4150 = PLANE('',#4151);
#4151 = AXIS2_PLACEMENT_3D('',#4152,#4153,#4154);
#4152 = CARTESIAN_POINT('',(0.,7.5E-02,0.));
#4153 = DIRECTION('',(0.,1.,0.));
#4154 = DIRECTION('',(1.,0.,0.));
#4155 = ADVANCED_FACE('',(#4156),#4174,.F.);
#4156 = FACE_BOUND('',#4157,.F.);
#4157 = EDGE_LOOP('',(#4158,#4159,#4167,#4173));
#4158 = ORIENTED_EDGE('',*,*,#1384,.T.);
#4159 = ORIENTED_EDGE('',*,*,#4160,.F.);
#4160 = EDGE_CURVE('',#4161,#1377,#4163,.T.);
#4161 = VERTEX_POINT('',#4162);
#4162 = CARTESIAN_POINT('',(-1.625,0.175,-1.625));
#4163 = LINE('',#4164,#4165);
#4164 = CARTESIAN_POINT('',(-1.625,0.175,-1.625));
#4165 = VECTOR('',#4166,1.);
#4166 = DIRECTION('',(-1.,0.,0.));
#4167 = ORIENTED_EDGE('',*,*,#4168,.F.);
#4168 = EDGE_CURVE('',#4009,#4161,#4169,.T.);
#4169 = LINE('',#4170,#4171);
#4170 = CARTESIAN_POINT('',(-1.625,7.5E-02,-1.625));
#4171 = VECTOR('',#4172,1.);
#4172 = DIRECTION('',(0.,1.,0.));
#4173 = ORIENTED_EDGE('',*,*,#4008,.T.);
#4174 = PLANE('',#4175);
#4175 = AXIS2_PLACEMENT_3D('',#4176,#4177,#4178);
#4176 = CARTESIAN_POINT('',(-1.625,7.5E-02,-1.625));
#4177 = DIRECTION('',(0.,0.,-1.));
#4178 = DIRECTION('',(-1.,0.,0.));
#4179 = ADVANCED_FACE('',(#4180),#4205,.F.);
#4180 = FACE_BOUND('',#4181,.F.);
#4181 = EDGE_LOOP('',(#4182,#4183,#4191,#4197,#4198,#4204));
#4182 = ORIENTED_EDGE('',*,*,#1376,.T.);
#4183 = ORIENTED_EDGE('',*,*,#4184,.T.);
#4184 = EDGE_CURVE('',#1369,#4185,#4187,.T.);
#4185 = VERTEX_POINT('',#4186);
#4186 = CARTESIAN_POINT('',(-1.475,0.175,-1.475));
#4187 = LINE('',#4188,#4189);
#4188 = CARTESIAN_POINT('',(-1.75,0.175,-1.475));
#4189 = VECTOR('',#4190,1.);
#4190 = DIRECTION('',(1.,0.,0.));
#4191 = ORIENTED_EDGE('',*,*,#4192,.T.);
#4192 = EDGE_CURVE('',#4185,#1632,#4193,.T.);
#4193 = LINE('',#4194,#4195);
#4194 = CARTESIAN_POINT('',(-1.475,0.175,-1.475));
#4195 = VECTOR('',#4196,1.);
#4196 = DIRECTION('',(0.,0.,-1.));
#4197 = ORIENTED_EDGE('',*,*,#1631,.T.);
#4198 = ORIENTED_EDGE('',*,*,#4199,.T.);
#4199 = EDGE_CURVE('',#1624,#4161,#4200,.T.);
#4200 = LINE('',#4201,#4202);
#4201 = CARTESIAN_POINT('',(-1.625,0.175,-1.75));
#4202 = VECTOR('',#4203,1.);
#4203 = DIRECTION('',(0.,0.,1.));
#4204 = ORIENTED_EDGE('',*,*,#4160,.T.);
#4205 = PLANE('',#4206);
#4206 = AXIS2_PLACEMENT_3D('',#4207,#4208,#4209);
#4207 = CARTESIAN_POINT('',(0.,0.175,0.));
#4208 = DIRECTION('',(0.,1.,0.));
#4209 = DIRECTION('',(1.,0.,0.));
#4210 = ADVANCED_FACE('',(#4211),#4243,.F.);
#4211 = FACE_BOUND('',#4212,.F.);
#4212 = EDGE_LOOP('',(#4213,#4214,#4222,#4228,#4229,#4237));
#4213 = ORIENTED_EDGE('',*,*,#1410,.T.);
#4214 = ORIENTED_EDGE('',*,*,#4215,.T.);
#4215 = EDGE_CURVE('',#1403,#4216,#4218,.T.);
#4216 = VERTEX_POINT('',#4217);
#4217 = CARTESIAN_POINT('',(-1.625,0.175,1.625));
#4218 = LINE('',#4219,#4220);
#4219 = CARTESIAN_POINT('',(-1.75,0.175,1.625));
#4220 = VECTOR('',#4221,1.);
#4221 = DIRECTION('',(1.,0.,0.));
#4222 = ORIENTED_EDGE('',*,*,#4223,.T.);
#4223 = EDGE_CURVE('',#4216,#3295,#4224,.T.);
#4224 = LINE('',#4225,#4226);
#4225 = CARTESIAN_POINT('',(-1.625,0.175,1.625));
#4226 = VECTOR('',#4227,1.);
#4227 = DIRECTION('',(0.,0.,1.));
#4228 = ORIENTED_EDGE('',*,*,#3294,.T.);
#4229 = ORIENTED_EDGE('',*,*,#4230,.T.);
#4230 = EDGE_CURVE('',#3287,#4231,#4233,.T.);
#4231 = VERTEX_POINT('',#4232);
#4232 = CARTESIAN_POINT('',(-1.475,0.175,1.475));
#4233 = LINE('',#4234,#4235);
#4234 = CARTESIAN_POINT('',(-1.475,0.175,1.75));
#4235 = VECTOR('',#4236,1.);
#4236 = DIRECTION('',(0.,0.,-1.));
#4237 = ORIENTED_EDGE('',*,*,#4238,.T.);
#4238 = EDGE_CURVE('',#4231,#1411,#4239,.T.);
#4239 = LINE('',#4240,#4241);
#4240 = CARTESIAN_POINT('',(-1.475,0.175,1.475));
#4241 = VECTOR('',#4242,1.);
#4242 = DIRECTION('',(-1.,0.,0.));
#4243 = PLANE('',#4244);
#4244 = AXIS2_PLACEMENT_3D('',#4245,#4246,#4247);
#4245 = CARTESIAN_POINT('',(0.,0.175,0.));
#4246 = DIRECTION('',(0.,1.,0.));
#4247 = DIRECTION('',(1.,0.,0.));
#4248 = ADVANCED_FACE('',(#4249),#4281,.F.);
#4249 = FACE_BOUND('',#4250,.F.);
#4250 = EDGE_LOOP('',(#4251,#4252,#4260,#4266,#4267,#4275));
#4251 = ORIENTED_EDGE('',*,*,#3328,.T.);
#4252 = ORIENTED_EDGE('',*,*,#4253,.T.);
#4253 = EDGE_CURVE('',#3321,#4254,#4256,.T.);
#4254 = VERTEX_POINT('',#4255);
#4255 = CARTESIAN_POINT('',(1.625,0.175,1.625));
#4256 = LINE('',#4257,#4258);
#4257 = CARTESIAN_POINT('',(1.625,0.175,1.75));
#4258 = VECTOR('',#4259,1.);
#4259 = DIRECTION('',(0.,0.,-1.));
#4260 = ORIENTED_EDGE('',*,*,#4261,.T.);
#4261 = EDGE_CURVE('',#4254,#2450,#4262,.T.);
#4262 = LINE('',#4263,#4264);
#4263 = CARTESIAN_POINT('',(1.625,0.175,1.625));
#4264 = VECTOR('',#4265,1.);
#4265 = DIRECTION('',(1.,0.,0.));
#4266 = ORIENTED_EDGE('',*,*,#2449,.T.);
#4267 = ORIENTED_EDGE('',*,*,#4268,.T.);
#4268 = EDGE_CURVE('',#2442,#4269,#4271,.T.);
#4269 = VERTEX_POINT('',#4270);
#4270 = CARTESIAN_POINT('',(1.475,0.175,1.475));
#4271 = LINE('',#4272,#4273);
#4272 = CARTESIAN_POINT('',(1.75,0.175,1.475));
#4273 = VECTOR('',#4274,1.);
#4274 = DIRECTION('',(-1.,0.,0.));
#4275 = ORIENTED_EDGE('',*,*,#4276,.T.);
#4276 = EDGE_CURVE('',#4269,#3329,#4277,.T.);
#4277 = LINE('',#4278,#4279);
#4278 = CARTESIAN_POINT('',(1.475,0.175,1.475));
#4279 = VECTOR('',#4280,1.);
#4280 = DIRECTION('',(0.,0.,1.));
#4281 = PLANE('',#4282);
#4282 = AXIS2_PLACEMENT_3D('',#4283,#4284,#4285);
#4283 = CARTESIAN_POINT('',(0.,0.175,0.));
#4284 = DIRECTION('',(0.,1.,0.));
#4285 = DIRECTION('',(1.,0.,0.));
#4286 = ADVANCED_FACE('',(#4287),#4319,.F.);
#4287 = FACE_BOUND('',#4288,.F.);
#4288 = EDGE_LOOP('',(#4289,#4290,#4298,#4304,#4305,#4313));
#4289 = ORIENTED_EDGE('',*,*,#2483,.T.);
#4290 = ORIENTED_EDGE('',*,*,#4291,.T.);
#4291 = EDGE_CURVE('',#2476,#4292,#4294,.T.);
#4292 = VERTEX_POINT('',#4293);
#4293 = CARTESIAN_POINT('',(1.625,0.175,-1.625));
#4294 = LINE('',#4295,#4296);
#4295 = CARTESIAN_POINT('',(1.75,0.175,-1.625));
#4296 = VECTOR('',#4297,1.);
#4297 = DIRECTION('',(-1.,0.,0.));
#4298 = ORIENTED_EDGE('',*,*,#4299,.T.);
#4299 = EDGE_CURVE('',#4292,#1598,#4300,.T.);
#4300 = LINE('',#4301,#4302);
#4301 = CARTESIAN_POINT('',(1.625,0.175,-1.625));
#4302 = VECTOR('',#4303,1.);
#4303 = DIRECTION('',(0.,0.,-1.));
#4304 = ORIENTED_EDGE('',*,*,#1597,.T.);
#4305 = ORIENTED_EDGE('',*,*,#4306,.T.);
#4306 = EDGE_CURVE('',#1590,#4307,#4309,.T.);
#4307 = VERTEX_POINT('',#4308);
#4308 = CARTESIAN_POINT('',(1.475,0.175,-1.475));
#4309 = LINE('',#4310,#4311);
#4310 = CARTESIAN_POINT('',(1.475,0.175,-1.75));
#4311 = VECTOR('',#4312,1.);
#4312 = DIRECTION('',(0.,0.,1.));
#4313 = ORIENTED_EDGE('',*,*,#4314,.T.);
#4314 = EDGE_CURVE('',#4307,#2484,#4315,.T.);
#4315 = LINE('',#4316,#4317);
#4316 = CARTESIAN_POINT('',(1.475,0.175,-1.475));
#4317 = VECTOR('',#4318,1.);
#4318 = DIRECTION('',(1.,0.,0.));
#4319 = PLANE('',#4320);
#4320 = AXIS2_PLACEMENT_3D('',#4321,#4322,#4323);
#4321 = CARTESIAN_POINT('',(0.,0.175,0.));
#4322 = DIRECTION('',(0.,1.,0.));
#4323 = DIRECTION('',(1.,0.,0.));
#4324 = ADVANCED_FACE('',(#4325),#4336,.F.);
#4325 = FACE_BOUND('',#4326,.F.);
#4326 = EDGE_LOOP('',(#4327,#4328,#4329,#4335));
#4327 = ORIENTED_EDGE('',*,*,#1368,.F.);
#4328 = ORIENTED_EDGE('',*,*,#4031,.T.);
#4329 = ORIENTED_EDGE('',*,*,#4330,.T.);
#4330 = EDGE_CURVE('',#4024,#4185,#4331,.T.);
#4331 = LINE('',#4332,#4333);
#4332 = CARTESIAN_POINT('',(-1.475,7.5E-02,-1.475));
#4333 = VECTOR('',#4334,1.);
#4334 = DIRECTION('',(0.,1.,0.));
#4335 = ORIENTED_EDGE('',*,*,#4184,.F.);
#4336 = PLANE('',#4337);
#4337 = AXIS2_PLACEMENT_3D('',#4338,#4339,#4340);
#4338 = CARTESIAN_POINT('',(-1.85,7.5E-02,-1.475));
#4339 = DIRECTION('',(0.,0.,1.));
#4340 = DIRECTION('',(1.,0.,-0.));
#4341 = ADVANCED_FACE('',(#4342),#4348,.F.);
#4342 = FACE_BOUND('',#4343,.F.);
#4343 = EDGE_LOOP('',(#4344,#4345,#4346,#4347));
#4344 = ORIENTED_EDGE('',*,*,#1639,.T.);
#4345 = ORIENTED_EDGE('',*,*,#4192,.F.);
#4346 = ORIENTED_EDGE('',*,*,#4330,.F.);
#4347 = ORIENTED_EDGE('',*,*,#4023,.T.);
#4348 = PLANE('',#4349);
#4349 = AXIS2_PLACEMENT_3D('',#4350,#4351,#4352);
#4350 = CARTESIAN_POINT('',(-1.475,7.5E-02,-1.475));
#4351 = DIRECTION('',(1.,0.,0.));
#4352 = DIRECTION('',(0.,0.,-1.));
#4353 = ADVANCED_FACE('',(#4354),#4360,.F.);
#4354 = FACE_BOUND('',#4355,.F.);
#4355 = EDGE_LOOP('',(#4356,#4357,#4358,#4359));
#4356 = ORIENTED_EDGE('',*,*,#1623,.F.);
#4357 = ORIENTED_EDGE('',*,*,#4016,.T.);
#4358 = ORIENTED_EDGE('',*,*,#4168,.T.);
#4359 = ORIENTED_EDGE('',*,*,#4199,.F.);
#4360 = PLANE('',#4361);
#4361 = AXIS2_PLACEMENT_3D('',#4362,#4363,#4364);
#4362 = CARTESIAN_POINT('',(-1.625,7.5E-02,-1.85));
#4363 = DIRECTION('',(-1.,0.,0.));
#4364 = DIRECTION('',(0.,0.,1.));
#4365 = ADVANCED_FACE('',(#4366),#4377,.F.);
#4366 = FACE_BOUND('',#4367,.F.);
#4367 = EDGE_LOOP('',(#4368,#4369,#4370,#4376));
#4368 = ORIENTED_EDGE('',*,*,#1402,.F.);
#4369 = ORIENTED_EDGE('',*,*,#4069,.T.);
#4370 = ORIENTED_EDGE('',*,*,#4371,.T.);
#4371 = EDGE_CURVE('',#4062,#4216,#4372,.T.);
#4372 = LINE('',#4373,#4374);
#4373 = CARTESIAN_POINT('',(-1.625,7.5E-02,1.625));
#4374 = VECTOR('',#4375,1.);
#4375 = DIRECTION('',(0.,1.,0.));
#4376 = ORIENTED_EDGE('',*,*,#4215,.F.);
#4377 = PLANE('',#4378);
#4378 = AXIS2_PLACEMENT_3D('',#4379,#4380,#4381);
#4379 = CARTESIAN_POINT('',(-1.85,7.5E-02,1.625));
#4380 = DIRECTION('',(0.,0.,1.));
#4381 = DIRECTION('',(1.,0.,-0.));
#4382 = ADVANCED_FACE('',(#4383),#4389,.F.);
#4383 = FACE_BOUND('',#4384,.F.);
#4384 = EDGE_LOOP('',(#4385,#4386,#4387,#4388));
#4385 = ORIENTED_EDGE('',*,*,#3302,.T.);
#4386 = ORIENTED_EDGE('',*,*,#4223,.F.);
#4387 = ORIENTED_EDGE('',*,*,#4371,.F.);
#4388 = ORIENTED_EDGE('',*,*,#4061,.T.);
#4389 = PLANE('',#4390);
#4390 = AXIS2_PLACEMENT_3D('',#4391,#4392,#4393);
#4391 = CARTESIAN_POINT('',(-1.625,7.5E-02,1.625));
#4392 = DIRECTION('',(-1.,0.,0.));
#4393 = DIRECTION('',(0.,0.,1.));
#4394 = ADVANCED_FACE('',(#4395),#4406,.F.);
#4395 = FACE_BOUND('',#4396,.F.);
#4396 = EDGE_LOOP('',(#4397,#4398,#4399,#4405));
#4397 = ORIENTED_EDGE('',*,*,#3286,.F.);
#4398 = ORIENTED_EDGE('',*,*,#4054,.T.);
#4399 = ORIENTED_EDGE('',*,*,#4400,.T.);
#4400 = EDGE_CURVE('',#4047,#4231,#4401,.T.);
#4401 = LINE('',#4402,#4403);
#4402 = CARTESIAN_POINT('',(-1.475,7.5E-02,1.475));
#4403 = VECTOR('',#4404,1.);
#4404 = DIRECTION('',(0.,1.,0.));
#4405 = ORIENTED_EDGE('',*,*,#4230,.F.);
#4406 = PLANE('',#4407);
#4407 = AXIS2_PLACEMENT_3D('',#4408,#4409,#4410);
#4408 = CARTESIAN_POINT('',(-1.475,7.5E-02,1.85));
#4409 = DIRECTION('',(1.,0.,0.));
#4410 = DIRECTION('',(0.,0.,-1.));
#4411 = ADVANCED_FACE('',(#4412),#4418,.F.);
#4412 = FACE_BOUND('',#4413,.F.);
#4413 = EDGE_LOOP('',(#4414,#4415,#4416,#4417));
#4414 = ORIENTED_EDGE('',*,*,#1418,.T.);
#4415 = ORIENTED_EDGE('',*,*,#4238,.F.);
#4416 = ORIENTED_EDGE('',*,*,#4400,.F.);
#4417 = ORIENTED_EDGE('',*,*,#4046,.T.);
#4418 = PLANE('',#4419);
#4419 = AXIS2_PLACEMENT_3D('',#4420,#4421,#4422);
#4420 = CARTESIAN_POINT('',(-1.475,7.5E-02,1.475));
#4421 = DIRECTION('',(0.,0.,-1.));
#4422 = DIRECTION('',(-1.,0.,0.));
#4423 = ADVANCED_FACE('',(#4424),#4435,.F.);
#4424 = FACE_BOUND('',#4425,.F.);
#4425 = EDGE_LOOP('',(#4426,#4427,#4428,#4434));
#4426 = ORIENTED_EDGE('',*,*,#3320,.F.);
#4427 = ORIENTED_EDGE('',*,*,#4107,.T.);
#4428 = ORIENTED_EDGE('',*,*,#4429,.T.);
#4429 = EDGE_CURVE('',#4100,#4254,#4430,.T.);
#4430 = LINE('',#4431,#4432);
#4431 = CARTESIAN_POINT('',(1.625,7.5E-02,1.625));
#4432 = VECTOR('',#4433,1.);
#4433 = DIRECTION('',(0.,1.,0.));
#4434 = ORIENTED_EDGE('',*,*,#4253,.F.);
#4435 = PLANE('',#4436);
#4436 = AXIS2_PLACEMENT_3D('',#4437,#4438,#4439);
#4437 = CARTESIAN_POINT('',(1.625,7.5E-02,1.85));
#4438 = DIRECTION('',(1.,0.,0.));
#4439 = DIRECTION('',(0.,0.,-1.));
#4440 = ADVANCED_FACE('',(#4441),#4447,.F.);
#4441 = FACE_BOUND('',#4442,.F.);
#4442 = EDGE_LOOP('',(#4443,#4444,#4445,#4446));
#4443 = ORIENTED_EDGE('',*,*,#2457,.T.);
#4444 = ORIENTED_EDGE('',*,*,#4261,.F.);
#4445 = ORIENTED_EDGE('',*,*,#4429,.F.);
#4446 = ORIENTED_EDGE('',*,*,#4099,.T.);
#4447 = PLANE('',#4448);
#4448 = AXIS2_PLACEMENT_3D('',#4449,#4450,#4451);
#4449 = CARTESIAN_POINT('',(1.625,7.5E-02,1.625));
#4450 = DIRECTION('',(0.,0.,1.));
#4451 = DIRECTION('',(1.,0.,-0.));
#4452 = ADVANCED_FACE('',(#4453),#4464,.F.);
#4453 = FACE_BOUND('',#4454,.F.);
#4454 = EDGE_LOOP('',(#4455,#4456,#4457,#4463));
#4455 = ORIENTED_EDGE('',*,*,#2441,.F.);
#4456 = ORIENTED_EDGE('',*,*,#4092,.T.);
#4457 = ORIENTED_EDGE('',*,*,#4458,.T.);
#4458 = EDGE_CURVE('',#4085,#4269,#4459,.T.);
#4459 = LINE('',#4460,#4461);
#4460 = CARTESIAN_POINT('',(1.475,7.5E-02,1.475));
#4461 = VECTOR('',#4462,1.);
#4462 = DIRECTION('',(0.,1.,0.));
#4463 = ORIENTED_EDGE('',*,*,#4268,.F.);
#4464 = PLANE('',#4465);
#4465 = AXIS2_PLACEMENT_3D('',#4466,#4467,#4468);
#4466 = CARTESIAN_POINT('',(1.85,7.5E-02,1.475));
#4467 = DIRECTION('',(0.,0.,-1.));
#4468 = DIRECTION('',(-1.,0.,0.));
#4469 = ADVANCED_FACE('',(#4470),#4476,.F.);
#4470 = FACE_BOUND('',#4471,.F.);
#4471 = EDGE_LOOP('',(#4472,#4473,#4474,#4475));
#4472 = ORIENTED_EDGE('',*,*,#3336,.T.);
#4473 = ORIENTED_EDGE('',*,*,#4276,.F.);
#4474 = ORIENTED_EDGE('',*,*,#4458,.F.);
#4475 = ORIENTED_EDGE('',*,*,#4084,.T.);
#4476 = PLANE('',#4477);
#4477 = AXIS2_PLACEMENT_3D('',#4478,#4479,#4480);
#4478 = CARTESIAN_POINT('',(1.475,7.5E-02,1.475));
#4479 = DIRECTION('',(-1.,0.,0.));
#4480 = DIRECTION('',(0.,0.,1.));
#4481 = ADVANCED_FACE('',(#4482),#4493,.F.);
#4482 = FACE_BOUND('',#4483,.F.);
#4483 = EDGE_LOOP('',(#4484,#4485,#4486,#4492));
#4484 = ORIENTED_EDGE('',*,*,#2475,.F.);
#4485 = ORIENTED_EDGE('',*,*,#4145,.T.);
#4486 = ORIENTED_EDGE('',*,*,#4487,.T.);
#4487 = EDGE_CURVE('',#4138,#4292,#4488,.T.);
#4488 = LINE('',#4489,#4490);
#4489 = CARTESIAN_POINT('',(1.625,7.5E-02,-1.625));
#4490 = VECTOR('',#4491,1.);
#4491 = DIRECTION('',(0.,1.,0.));
#4492 = ORIENTED_EDGE('',*,*,#4291,.F.);
#4493 = PLANE('',#4494);
#4494 = AXIS2_PLACEMENT_3D('',#4495,#4496,#4497);
#4495 = CARTESIAN_POINT('',(1.85,7.5E-02,-1.625));
#4496 = DIRECTION('',(0.,0.,-1.));
#4497 = DIRECTION('',(-1.,0.,0.));
#4498 = ADVANCED_FACE('',(#4499),#4505,.F.);
#4499 = FACE_BOUND('',#4500,.F.);
#4500 = EDGE_LOOP('',(#4501,#4502,#4503,#4504));
#4501 = ORIENTED_EDGE('',*,*,#1605,.T.);
#4502 = ORIENTED_EDGE('',*,*,#4299,.F.);
#4503 = ORIENTED_EDGE('',*,*,#4487,.F.);
#4504 = ORIENTED_EDGE('',*,*,#4137,.T.);
#4505 = PLANE('',#4506);
#4506 = AXIS2_PLACEMENT_3D('',#4507,#4508,#4509);
#4507 = CARTESIAN_POINT('',(1.625,7.5E-02,-1.625));
#4508 = DIRECTION('',(1.,0.,0.));
#4509 = DIRECTION('',(0.,0.,-1.));
#4510 = ADVANCED_FACE('',(#4511),#4522,.F.);
#4511 = FACE_BOUND('',#4512,.F.);
#4512 = EDGE_LOOP('',(#4513,#4514,#4515,#4521));
#4513 = ORIENTED_EDGE('',*,*,#1589,.F.);
#4514 = ORIENTED_EDGE('',*,*,#4130,.T.);
#4515 = ORIENTED_EDGE('',*,*,#4516,.T.);
#4516 = EDGE_CURVE('',#4123,#4307,#4517,.T.);
#4517 = LINE('',#4518,#4519);
#4518 = CARTESIAN_POINT('',(1.475,7.5E-02,-1.475));
#4519 = VECTOR('',#4520,1.);
#4520 = DIRECTION('',(0.,1.,0.));
#4521 = ORIENTED_EDGE('',*,*,#4306,.F.);
#4522 = PLANE('',#4523);
#4523 = AXIS2_PLACEMENT_3D('',#4524,#4525,#4526);
#4524 = CARTESIAN_POINT('',(1.475,7.5E-02,-1.85));
#4525 = DIRECTION('',(-1.,0.,0.));
#4526 = DIRECTION('',(0.,0.,1.));
#4527 = ADVANCED_FACE('',(#4528),#4534,.F.);
#4528 = FACE_BOUND('',#4529,.F.);
#4529 = EDGE_LOOP('',(#4530,#4531,#4532,#4533));
#4530 = ORIENTED_EDGE('',*,*,#2491,.T.);
#4531 = ORIENTED_EDGE('',*,*,#4314,.F.);
#4532 = ORIENTED_EDGE('',*,*,#4516,.F.);
#4533 = ORIENTED_EDGE('',*,*,#4122,.T.);
#4534 = PLANE('',#4535);
#4535 = AXIS2_PLACEMENT_3D('',#4536,#4537,#4538);
#4536 = CARTESIAN_POINT('',(1.475,7.5E-02,-1.475));
#4537 = DIRECTION('',(0.,0.,1.));
#4538 = DIRECTION('',(1.,0.,-0.));
#4539 = ADVANCED_FACE('',(#4540),#4558,.F.);
#4540 = FACE_BOUND('',#4541,.F.);
#4541 = EDGE_LOOP('',(#4542,#4543,#4551,#4557));
#4542 = ORIENTED_EDGE('',*,*,#223,.T.);
#4543 = ORIENTED_EDGE('',*,*,#4544,.T.);
#4544 = EDGE_CURVE('',#215,#4545,#4547,.T.);
#4545 = VERTEX_POINT('',#4546);
#4546 = CARTESIAN_POINT('',(-1.469,0.175,1.12));
#4547 = LINE('',#4548,#4549);
#4548 = CARTESIAN_POINT('',(-1.469,0.,1.12));
#4549 = VECTOR('',#4550,1.);
#4550 = DIRECTION('',(0.,1.,0.));
#4551 = ORIENTED_EDGE('',*,*,#4552,.F.);
#4552 = EDGE_CURVE('',#1264,#4545,#4553,.T.);
#4553 = LINE('',#4554,#4555);
#4554 = CARTESIAN_POINT('',(-1.75,0.175,1.12));
#4555 = VECTOR('',#4556,1.);
#4556 = DIRECTION('',(1.,0.,0.));
#4557 = ORIENTED_EDGE('',*,*,#1263,.F.);
#4558 = PLANE('',#4559);
#4559 = AXIS2_PLACEMENT_3D('',#4560,#4561,#4562);
#4560 = CARTESIAN_POINT('',(-1.85,-2.5E-02,1.12));
#4561 = DIRECTION('',(0.,0.,1.));
#4562 = DIRECTION('',(1.,0.,-0.));
#4563 = ADVANCED_FACE('',(#4564),#4583,.F.);
#4564 = FACE_BOUND('',#4565,.F.);
#4565 = EDGE_LOOP('',(#4566,#4567,#4575,#4582));
#4566 = ORIENTED_EDGE('',*,*,#214,.T.);
#4567 = ORIENTED_EDGE('',*,*,#4568,.T.);
#4568 = EDGE_CURVE('',#207,#4569,#4571,.T.);
#4569 = VERTEX_POINT('',#4570);
#4570 = CARTESIAN_POINT('',(-1.35,0.175,1.001));
#4571 = LINE('',#4572,#4573);
#4572 = CARTESIAN_POINT('',(-1.35,0.,1.001));
#4573 = VECTOR('',#4574,1.);
#4574 = DIRECTION('',(0.,1.,0.));
#4575 = ORIENTED_EDGE('',*,*,#4576,.F.);
#4576 = EDGE_CURVE('',#4545,#4569,#4577,.T.);
#4577 = CIRCLE('',#4578,0.119);
#4578 = AXIS2_PLACEMENT_3D('',#4579,#4580,#4581);
#4579 = CARTESIAN_POINT('',(-1.469,0.175,1.001));
#4580 = DIRECTION('',(0.,1.,0.));
#4581 = DIRECTION('',(0.,-0.,1.));
#4582 = ORIENTED_EDGE('',*,*,#4544,.F.);
#4583 = CYLINDRICAL_SURFACE('',#4584,0.119);
#4584 = AXIS2_PLACEMENT_3D('',#4585,#4586,#4587);
#4585 = CARTESIAN_POINT('',(-1.469,-2.5E-02,1.001));
#4586 = DIRECTION('',(0.,1.,0.));
#4587 = DIRECTION('',(1.,0.,0.));
#4588 = ADVANCED_FACE('',(#4589),#4607,.F.);
#4589 = FACE_BOUND('',#4590,.F.);
#4590 = EDGE_LOOP('',(#4591,#4592,#4600,#4606));
#4591 = ORIENTED_EDGE('',*,*,#206,.T.);
#4592 = ORIENTED_EDGE('',*,*,#4593,.T.);
#4593 = EDGE_CURVE('',#198,#4594,#4596,.T.);
#4594 = VERTEX_POINT('',#4595);
#4595 = CARTESIAN_POINT('',(-1.35,0.175,0.999));
#4596 = LINE('',#4597,#4598);
#4597 = CARTESIAN_POINT('',(-1.35,0.,0.999));
#4598 = VECTOR('',#4599,1.);
#4599 = DIRECTION('',(0.,1.,0.));
#4600 = ORIENTED_EDGE('',*,*,#4601,.F.);
#4601 = EDGE_CURVE('',#4569,#4594,#4602,.T.);
#4602 = LINE('',#4603,#4604);
#4603 = CARTESIAN_POINT('',(-1.35,0.175,1.001));
#4604 = VECTOR('',#4605,1.);
#4605 = DIRECTION('',(0.,0.,-1.));
#4606 = ORIENTED_EDGE('',*,*,#4568,.F.);
#4607 = PLANE('',#4608);
#4608 = AXIS2_PLACEMENT_3D('',#4609,#4610,#4611);
#4609 = CARTESIAN_POINT('',(-1.35,-2.5E-02,1.001));
#4610 = DIRECTION('',(1.,0.,0.));
#4611 = DIRECTION('',(0.,0.,-1.));
#4612 = ADVANCED_FACE('',(#4613),#4632,.F.);
#4613 = FACE_BOUND('',#4614,.F.);
#4614 = EDGE_LOOP('',(#4615,#4616,#4624,#4631));
#4615 = ORIENTED_EDGE('',*,*,#197,.T.);
#4616 = ORIENTED_EDGE('',*,*,#4617,.T.);
#4617 = EDGE_CURVE('',#190,#4618,#4620,.T.);
#4618 = VERTEX_POINT('',#4619);
#4619 = CARTESIAN_POINT('',(-1.469,0.175,0.88));
#4620 = LINE('',#4621,#4622);
#4621 = CARTESIAN_POINT('',(-1.469,0.,0.88));
#4622 = VECTOR('',#4623,1.);
#4623 = DIRECTION('',(0.,1.,0.));
#4624 = ORIENTED_EDGE('',*,*,#4625,.F.);
#4625 = EDGE_CURVE('',#4594,#4618,#4626,.T.);
#4626 = CIRCLE('',#4627,0.119);
#4627 = AXIS2_PLACEMENT_3D('',#4628,#4629,#4630);
#4628 = CARTESIAN_POINT('',(-1.469,0.175,0.999));
#4629 = DIRECTION('',(-0.,1.,0.));
#4630 = DIRECTION('',(1.,0.,0.));
#4631 = ORIENTED_EDGE('',*,*,#4593,.F.);
#4632 = CYLINDRICAL_SURFACE('',#4633,0.119);
#4633 = AXIS2_PLACEMENT_3D('',#4634,#4635,#4636);
#4634 = CARTESIAN_POINT('',(-1.469,-2.5E-02,0.999));
#4635 = DIRECTION('',(0.,1.,0.));
#4636 = DIRECTION('',(1.,0.,0.));
#4637 = ADVANCED_FACE('',(#4638),#4649,.F.);
#4638 = FACE_BOUND('',#4639,.F.);
#4639 = EDGE_LOOP('',(#4640,#4641,#4642,#4648));
#4640 = ORIENTED_EDGE('',*,*,#189,.F.);
#4641 = ORIENTED_EDGE('',*,*,#1279,.T.);
#4642 = ORIENTED_EDGE('',*,*,#4643,.F.);
#4643 = EDGE_CURVE('',#4618,#1272,#4644,.T.);
#4644 = LINE('',#4645,#4646);
#4645 = CARTESIAN_POINT('',(-1.469,0.175,0.88));
#4646 = VECTOR('',#4647,1.);
#4647 = DIRECTION('',(-1.,0.,0.));
#4648 = ORIENTED_EDGE('',*,*,#4617,.F.);
#4649 = PLANE('',#4650);
#4650 = AXIS2_PLACEMENT_3D('',#4651,#4652,#4653);
#4651 = CARTESIAN_POINT('',(-1.469,-2.5E-02,0.88));
#4652 = DIRECTION('',(0.,0.,-1.));
#4653 = DIRECTION('',(-1.,0.,0.));
#4654 = ADVANCED_FACE('',(#4655),#4663,.F.);
#4655 = FACE_BOUND('',#4656,.F.);
#4656 = EDGE_LOOP('',(#4657,#4658,#4659,#4660,#4661,#4662));
#4657 = ORIENTED_EDGE('',*,*,#1271,.F.);
#4658 = ORIENTED_EDGE('',*,*,#4552,.T.);
#4659 = ORIENTED_EDGE('',*,*,#4576,.T.);
#4660 = ORIENTED_EDGE('',*,*,#4601,.T.);
#4661 = ORIENTED_EDGE('',*,*,#4625,.T.);
#4662 = ORIENTED_EDGE('',*,*,#4643,.T.);
#4663 = PLANE('',#4664);
#4664 = AXIS2_PLACEMENT_3D('',#4665,#4666,#4667);
#4665 = CARTESIAN_POINT('',(0.,0.175,0.));
#4666 = DIRECTION('',(0.,1.,0.));
#4667 = DIRECTION('',(1.,0.,0.));
#4668 = ADVANCED_FACE('',(#4669),#4687,.F.);
#4669 = FACE_BOUND('',#4670,.F.);
#4670 = EDGE_LOOP('',(#4671,#4672,#4680,#4686));
#4671 = ORIENTED_EDGE('',*,*,#173,.T.);
#4672 = ORIENTED_EDGE('',*,*,#4673,.T.);
#4673 = EDGE_CURVE('',#165,#4674,#4676,.T.);
#4674 = VERTEX_POINT('',#4675);
#4675 = CARTESIAN_POINT('',(-1.469,0.175,0.62));
#4676 = LINE('',#4677,#4678);
#4677 = CARTESIAN_POINT('',(-1.469,0.,0.62));
#4678 = VECTOR('',#4679,1.);
#4679 = DIRECTION('',(0.,1.,0.));
#4680 = ORIENTED_EDGE('',*,*,#4681,.F.);
#4681 = EDGE_CURVE('',#1287,#4674,#4682,.T.);
#4682 = LINE('',#4683,#4684);
#4683 = CARTESIAN_POINT('',(-1.75,0.175,0.62));
#4684 = VECTOR('',#4685,1.);
#4685 = DIRECTION('',(1.,0.,0.));
#4686 = ORIENTED_EDGE('',*,*,#1286,.F.);
#4687 = PLANE('',#4688);
#4688 = AXIS2_PLACEMENT_3D('',#4689,#4690,#4691);
#4689 = CARTESIAN_POINT('',(-1.85,-2.5E-02,0.62));
#4690 = DIRECTION('',(0.,0.,1.));
#4691 = DIRECTION('',(1.,0.,-0.));
#4692 = ADVANCED_FACE('',(#4693),#4712,.F.);
#4693 = FACE_BOUND('',#4694,.F.);
#4694 = EDGE_LOOP('',(#4695,#4696,#4704,#4711));
#4695 = ORIENTED_EDGE('',*,*,#164,.T.);
#4696 = ORIENTED_EDGE('',*,*,#4697,.T.);
#4697 = EDGE_CURVE('',#157,#4698,#4700,.T.);
#4698 = VERTEX_POINT('',#4699);
#4699 = CARTESIAN_POINT('',(-1.35,0.175,0.501));
#4700 = LINE('',#4701,#4702);
#4701 = CARTESIAN_POINT('',(-1.35,0.,0.501));
#4702 = VECTOR('',#4703,1.);
#4703 = DIRECTION('',(0.,1.,0.));
#4704 = ORIENTED_EDGE('',*,*,#4705,.F.);
#4705 = EDGE_CURVE('',#4674,#4698,#4706,.T.);
#4706 = CIRCLE('',#4707,0.119);
#4707 = AXIS2_PLACEMENT_3D('',#4708,#4709,#4710);
#4708 = CARTESIAN_POINT('',(-1.469,0.175,0.501));
#4709 = DIRECTION('',(0.,1.,0.));
#4710 = DIRECTION('',(0.,-0.,1.));
#4711 = ORIENTED_EDGE('',*,*,#4673,.F.);
#4712 = CYLINDRICAL_SURFACE('',#4713,0.119);
#4713 = AXIS2_PLACEMENT_3D('',#4714,#4715,#4716);
#4714 = CARTESIAN_POINT('',(-1.469,-2.5E-02,0.501));
#4715 = DIRECTION('',(0.,1.,0.));
#4716 = DIRECTION('',(1.,0.,0.));
#4717 = ADVANCED_FACE('',(#4718),#4736,.F.);
#4718 = FACE_BOUND('',#4719,.F.);
#4719 = EDGE_LOOP('',(#4720,#4721,#4729,#4735));
#4720 = ORIENTED_EDGE('',*,*,#156,.T.);
#4721 = ORIENTED_EDGE('',*,*,#4722,.T.);
#4722 = EDGE_CURVE('',#148,#4723,#4725,.T.);
#4723 = VERTEX_POINT('',#4724);
#4724 = CARTESIAN_POINT('',(-1.35,0.175,0.499));
#4725 = LINE('',#4726,#4727);
#4726 = CARTESIAN_POINT('',(-1.35,0.,0.499));
#4727 = VECTOR('',#4728,1.);
#4728 = DIRECTION('',(0.,1.,0.));
#4729 = ORIENTED_EDGE('',*,*,#4730,.F.);
#4730 = EDGE_CURVE('',#4698,#4723,#4731,.T.);
#4731 = LINE('',#4732,#4733);
#4732 = CARTESIAN_POINT('',(-1.35,0.175,0.501));
#4733 = VECTOR('',#4734,1.);
#4734 = DIRECTION('',(0.,0.,-1.));
#4735 = ORIENTED_EDGE('',*,*,#4697,.F.);
#4736 = PLANE('',#4737);
#4737 = AXIS2_PLACEMENT_3D('',#4738,#4739,#4740);
#4738 = CARTESIAN_POINT('',(-1.35,-2.5E-02,0.501));
#4739 = DIRECTION('',(1.,0.,0.));
#4740 = DIRECTION('',(0.,0.,-1.));
#4741 = ADVANCED_FACE('',(#4742),#4761,.F.);
#4742 = FACE_BOUND('',#4743,.F.);
#4743 = EDGE_LOOP('',(#4744,#4745,#4753,#4760));
#4744 = ORIENTED_EDGE('',*,*,#147,.T.);
#4745 = ORIENTED_EDGE('',*,*,#4746,.T.);
#4746 = EDGE_CURVE('',#140,#4747,#4749,.T.);
#4747 = VERTEX_POINT('',#4748);
#4748 = CARTESIAN_POINT('',(-1.469,0.175,0.38));
#4749 = LINE('',#4750,#4751);
#4750 = CARTESIAN_POINT('',(-1.469,0.,0.38));
#4751 = VECTOR('',#4752,1.);
#4752 = DIRECTION('',(0.,1.,0.));
#4753 = ORIENTED_EDGE('',*,*,#4754,.F.);
#4754 = EDGE_CURVE('',#4723,#4747,#4755,.T.);
#4755 = CIRCLE('',#4756,0.119);
#4756 = AXIS2_PLACEMENT_3D('',#4757,#4758,#4759);
#4757 = CARTESIAN_POINT('',(-1.469,0.175,0.499));
#4758 = DIRECTION('',(-0.,1.,0.));
#4759 = DIRECTION('',(1.,0.,0.));
#4760 = ORIENTED_EDGE('',*,*,#4722,.F.);
#4761 = CYLINDRICAL_SURFACE('',#4762,0.119);
#4762 = AXIS2_PLACEMENT_3D('',#4763,#4764,#4765);
#4763 = CARTESIAN_POINT('',(-1.469,-2.5E-02,0.499));
#4764 = DIRECTION('',(0.,1.,0.));
#4765 = DIRECTION('',(1.,0.,0.));
#4766 = ADVANCED_FACE('',(#4767),#4778,.F.);
#4767 = FACE_BOUND('',#4768,.F.);
#4768 = EDGE_LOOP('',(#4769,#4770,#4771,#4777));
#4769 = ORIENTED_EDGE('',*,*,#139,.F.);
#4770 = ORIENTED_EDGE('',*,*,#1302,.T.);
#4771 = ORIENTED_EDGE('',*,*,#4772,.F.);
#4772 = EDGE_CURVE('',#4747,#1295,#4773,.T.);
#4773 = LINE('',#4774,#4775);
#4774 = CARTESIAN_POINT('',(-1.469,0.175,0.38));
#4775 = VECTOR('',#4776,1.);
#4776 = DIRECTION('',(-1.,0.,0.));
#4777 = ORIENTED_EDGE('',*,*,#4746,.F.);
#4778 = PLANE('',#4779);
#4779 = AXIS2_PLACEMENT_3D('',#4780,#4781,#4782);
#4780 = CARTESIAN_POINT('',(-1.469,-2.5E-02,0.38));
#4781 = DIRECTION('',(0.,0.,-1.));
#4782 = DIRECTION('',(-1.,0.,0.));
#4783 = ADVANCED_FACE('',(#4784),#4792,.F.);
#4784 = FACE_BOUND('',#4785,.F.);
#4785 = EDGE_LOOP('',(#4786,#4787,#4788,#4789,#4790,#4791));
#4786 = ORIENTED_EDGE('',*,*,#1294,.F.);
#4787 = ORIENTED_EDGE('',*,*,#4681,.T.);
#4788 = ORIENTED_EDGE('',*,*,#4705,.T.);
#4789 = ORIENTED_EDGE('',*,*,#4730,.T.);
#4790 = ORIENTED_EDGE('',*,*,#4754,.T.);
#4791 = ORIENTED_EDGE('',*,*,#4772,.T.);
#4792 = PLANE('',#4793);
#4793 = AXIS2_PLACEMENT_3D('',#4794,#4795,#4796);
#4794 = CARTESIAN_POINT('',(0.,0.175,0.));
#4795 = DIRECTION('',(0.,1.,0.));
#4796 = DIRECTION('',(1.,0.,0.));
#4797 = ADVANCED_FACE('',(#4798),#4816,.F.);
#4798 = FACE_BOUND('',#4799,.F.);
#4799 = EDGE_LOOP('',(#4800,#4801,#4809,#4815));
#4800 = ORIENTED_EDGE('',*,*,#123,.T.);
#4801 = ORIENTED_EDGE('',*,*,#4802,.T.);
#4802 = EDGE_CURVE('',#115,#4803,#4805,.T.);
#4803 = VERTEX_POINT('',#4804);
#4804 = CARTESIAN_POINT('',(-1.469,0.175,0.12));
#4805 = LINE('',#4806,#4807);
#4806 = CARTESIAN_POINT('',(-1.469,0.,0.12));
#4807 = VECTOR('',#4808,1.);
#4808 = DIRECTION('',(0.,1.,0.));
#4809 = ORIENTED_EDGE('',*,*,#4810,.F.);
#4810 = EDGE_CURVE('',#1310,#4803,#4811,.T.);
#4811 = LINE('',#4812,#4813);
#4812 = CARTESIAN_POINT('',(-1.75,0.175,0.12));
#4813 = VECTOR('',#4814,1.);
#4814 = DIRECTION('',(1.,0.,0.));
#4815 = ORIENTED_EDGE('',*,*,#1309,.F.);
#4816 = PLANE('',#4817);
#4817 = AXIS2_PLACEMENT_3D('',#4818,#4819,#4820);
#4818 = CARTESIAN_POINT('',(-1.85,-2.5E-02,0.12));
#4819 = DIRECTION('',(0.,0.,1.));
#4820 = DIRECTION('',(1.,0.,-0.));
#4821 = ADVANCED_FACE('',(#4822),#4841,.F.);
#4822 = FACE_BOUND('',#4823,.F.);
#4823 = EDGE_LOOP('',(#4824,#4825,#4833,#4840));
#4824 = ORIENTED_EDGE('',*,*,#114,.T.);
#4825 = ORIENTED_EDGE('',*,*,#4826,.T.);
#4826 = EDGE_CURVE('',#107,#4827,#4829,.T.);
#4827 = VERTEX_POINT('',#4828);
#4828 = CARTESIAN_POINT('',(-1.35,0.175,1.E-03));
#4829 = LINE('',#4830,#4831);
#4830 = CARTESIAN_POINT('',(-1.35,0.,1.E-03));
#4831 = VECTOR('',#4832,1.);
#4832 = DIRECTION('',(0.,1.,0.));
#4833 = ORIENTED_EDGE('',*,*,#4834,.F.);
#4834 = EDGE_CURVE('',#4803,#4827,#4835,.T.);
#4835 = CIRCLE('',#4836,0.119);
#4836 = AXIS2_PLACEMENT_3D('',#4837,#4838,#4839);
#4837 = CARTESIAN_POINT('',(-1.469,0.175,1.E-03));
#4838 = DIRECTION('',(0.,1.,0.));
#4839 = DIRECTION('',(0.,-0.,1.));
#4840 = ORIENTED_EDGE('',*,*,#4802,.F.);
#4841 = CYLINDRICAL_SURFACE('',#4842,0.119);
#4842 = AXIS2_PLACEMENT_3D('',#4843,#4844,#4845);
#4843 = CARTESIAN_POINT('',(-1.469,-2.5E-02,1.E-03));
#4844 = DIRECTION('',(0.,1.,0.));
#4845 = DIRECTION('',(1.,0.,0.));
#4846 = ADVANCED_FACE('',(#4847),#4865,.F.);
#4847 = FACE_BOUND('',#4848,.F.);
#4848 = EDGE_LOOP('',(#4849,#4850,#4858,#4864));
#4849 = ORIENTED_EDGE('',*,*,#106,.T.);
#4850 = ORIENTED_EDGE('',*,*,#4851,.T.);
#4851 = EDGE_CURVE('',#98,#4852,#4854,.T.);
#4852 = VERTEX_POINT('',#4853);
#4853 = CARTESIAN_POINT('',(-1.35,0.175,-1.E-03));
#4854 = LINE('',#4855,#4856);
#4855 = CARTESIAN_POINT('',(-1.35,0.,-1.E-03));
#4856 = VECTOR('',#4857,1.);
#4857 = DIRECTION('',(0.,1.,0.));
#4858 = ORIENTED_EDGE('',*,*,#4859,.F.);
#4859 = EDGE_CURVE('',#4827,#4852,#4860,.T.);
#4860 = LINE('',#4861,#4862);
#4861 = CARTESIAN_POINT('',(-1.35,0.175,1.E-03));
#4862 = VECTOR('',#4863,1.);
#4863 = DIRECTION('',(0.,0.,-1.));
#4864 = ORIENTED_EDGE('',*,*,#4826,.F.);
#4865 = PLANE('',#4866);
#4866 = AXIS2_PLACEMENT_3D('',#4867,#4868,#4869);
#4867 = CARTESIAN_POINT('',(-1.35,-2.5E-02,1.E-03));
#4868 = DIRECTION('',(1.,0.,0.));
#4869 = DIRECTION('',(0.,0.,-1.));
#4870 = ADVANCED_FACE('',(#4871),#4890,.F.);
#4871 = FACE_BOUND('',#4872,.F.);
#4872 = EDGE_LOOP('',(#4873,#4874,#4882,#4889));
#4873 = ORIENTED_EDGE('',*,*,#97,.T.);
#4874 = ORIENTED_EDGE('',*,*,#4875,.T.);
#4875 = EDGE_CURVE('',#90,#4876,#4878,.T.);
#4876 = VERTEX_POINT('',#4877);
#4877 = CARTESIAN_POINT('',(-1.469,0.175,-0.12));
#4878 = LINE('',#4879,#4880);
#4879 = CARTESIAN_POINT('',(-1.469,0.,-0.12));
#4880 = VECTOR('',#4881,1.);
#4881 = DIRECTION('',(0.,1.,0.));
#4882 = ORIENTED_EDGE('',*,*,#4883,.F.);
#4883 = EDGE_CURVE('',#4852,#4876,#4884,.T.);
#4884 = CIRCLE('',#4885,0.119);
#4885 = AXIS2_PLACEMENT_3D('',#4886,#4887,#4888);
#4886 = CARTESIAN_POINT('',(-1.469,0.175,-1.E-03));
#4887 = DIRECTION('',(-0.,1.,0.));
#4888 = DIRECTION('',(1.,0.,0.));
#4889 = ORIENTED_EDGE('',*,*,#4851,.F.);
#4890 = CYLINDRICAL_SURFACE('',#4891,0.119);
#4891 = AXIS2_PLACEMENT_3D('',#4892,#4893,#4894);
#4892 = CARTESIAN_POINT('',(-1.469,-2.5E-02,-1.E-03));
#4893 = DIRECTION('',(0.,1.,0.));
#4894 = DIRECTION('',(1.,0.,0.));
#4895 = ADVANCED_FACE('',(#4896),#4907,.F.);
#4896 = FACE_BOUND('',#4897,.F.);
#4897 = EDGE_LOOP('',(#4898,#4899,#4900,#4906));
#4898 = ORIENTED_EDGE('',*,*,#89,.F.);
#4899 = ORIENTED_EDGE('',*,*,#1325,.T.);
#4900 = ORIENTED_EDGE('',*,*,#4901,.F.);
#4901 = EDGE_CURVE('',#4876,#1318,#4902,.T.);
#4902 = LINE('',#4903,#4904);
#4903 = CARTESIAN_POINT('',(-1.469,0.175,-0.12));
#4904 = VECTOR('',#4905,1.);
#4905 = DIRECTION('',(-1.,0.,0.));
#4906 = ORIENTED_EDGE('',*,*,#4875,.F.);
#4907 = PLANE('',#4908);
#4908 = AXIS2_PLACEMENT_3D('',#4909,#4910,#4911);
#4909 = CARTESIAN_POINT('',(-1.469,-2.5E-02,-0.12));
#4910 = DIRECTION('',(0.,0.,-1.));
#4911 = DIRECTION('',(-1.,0.,0.));
#4912 = ADVANCED_FACE('',(#4913),#4921,.F.);
#4913 = FACE_BOUND('',#4914,.F.);
#4914 = EDGE_LOOP('',(#4915,#4916,#4917,#4918,#4919,#4920));
#4915 = ORIENTED_EDGE('',*,*,#1317,.F.);
#4916 = ORIENTED_EDGE('',*,*,#4810,.T.);
#4917 = ORIENTED_EDGE('',*,*,#4834,.T.);
#4918 = ORIENTED_EDGE('',*,*,#4859,.T.);
#4919 = ORIENTED_EDGE('',*,*,#4883,.T.);
#4920 = ORIENTED_EDGE('',*,*,#4901,.T.);
#4921 = PLANE('',#4922);
#4922 = AXIS2_PLACEMENT_3D('',#4923,#4924,#4925);
#4923 = CARTESIAN_POINT('',(0.,0.175,0.));
#4924 = DIRECTION('',(0.,1.,0.));
#4925 = DIRECTION('',(1.,0.,0.));
#4926 = ADVANCED_FACE('',(#4927),#4945,.F.);
#4927 = FACE_BOUND('',#4928,.F.);
#4928 = EDGE_LOOP('',(#4929,#4930,#4938,#4944));
#4929 = ORIENTED_EDGE('',*,*,#73,.T.);
#4930 = ORIENTED_EDGE('',*,*,#4931,.T.);
#4931 = EDGE_CURVE('',#65,#4932,#4934,.T.);
#4932 = VERTEX_POINT('',#4933);
#4933 = CARTESIAN_POINT('',(-1.469,0.175,-0.38));
#4934 = LINE('',#4935,#4936);
#4935 = CARTESIAN_POINT('',(-1.469,0.,-0.38));
#4936 = VECTOR('',#4937,1.);
#4937 = DIRECTION('',(0.,1.,0.));
#4938 = ORIENTED_EDGE('',*,*,#4939,.F.);
#4939 = EDGE_CURVE('',#1333,#4932,#4940,.T.);
#4940 = LINE('',#4941,#4942);
#4941 = CARTESIAN_POINT('',(-1.75,0.175,-0.38));
#4942 = VECTOR('',#4943,1.);
#4943 = DIRECTION('',(1.,0.,0.));
#4944 = ORIENTED_EDGE('',*,*,#1332,.F.);
#4945 = PLANE('',#4946);
#4946 = AXIS2_PLACEMENT_3D('',#4947,#4948,#4949);
#4947 = CARTESIAN_POINT('',(-1.85,-2.5E-02,-0.38));
#4948 = DIRECTION('',(0.,0.,1.));
#4949 = DIRECTION('',(1.,0.,-0.));
#4950 = ADVANCED_FACE('',(#4951),#4970,.F.);
#4951 = FACE_BOUND('',#4952,.F.);
#4952 = EDGE_LOOP('',(#4953,#4954,#4962,#4969));
#4953 = ORIENTED_EDGE('',*,*,#64,.T.);
#4954 = ORIENTED_EDGE('',*,*,#4955,.T.);
#4955 = EDGE_CURVE('',#57,#4956,#4958,.T.);
#4956 = VERTEX_POINT('',#4957);
#4957 = CARTESIAN_POINT('',(-1.35,0.175,-0.499));
#4958 = LINE('',#4959,#4960);
#4959 = CARTESIAN_POINT('',(-1.35,0.,-0.499));
#4960 = VECTOR('',#4961,1.);
#4961 = DIRECTION('',(0.,1.,0.));
#4962 = ORIENTED_EDGE('',*,*,#4963,.F.);
#4963 = EDGE_CURVE('',#4932,#4956,#4964,.T.);
#4964 = CIRCLE('',#4965,0.119);
#4965 = AXIS2_PLACEMENT_3D('',#4966,#4967,#4968);
#4966 = CARTESIAN_POINT('',(-1.469,0.175,-0.499));
#4967 = DIRECTION('',(0.,1.,0.));
#4968 = DIRECTION('',(0.,-0.,1.));
#4969 = ORIENTED_EDGE('',*,*,#4931,.F.);
#4970 = CYLINDRICAL_SURFACE('',#4971,0.119);
#4971 = AXIS2_PLACEMENT_3D('',#4972,#4973,#4974);
#4972 = CARTESIAN_POINT('',(-1.469,-2.5E-02,-0.499));
#4973 = DIRECTION('',(0.,1.,0.));
#4974 = DIRECTION('',(1.,0.,0.));
#4975 = ADVANCED_FACE('',(#4976),#4994,.F.);
#4976 = FACE_BOUND('',#4977,.F.);
#4977 = EDGE_LOOP('',(#4978,#4979,#4987,#4993));
#4978 = ORIENTED_EDGE('',*,*,#56,.T.);
#4979 = ORIENTED_EDGE('',*,*,#4980,.T.);
#4980 = EDGE_CURVE('',#48,#4981,#4983,.T.);
#4981 = VERTEX_POINT('',#4982);
#4982 = CARTESIAN_POINT('',(-1.35,0.175,-0.501));
#4983 = LINE('',#4984,#4985);
#4984 = CARTESIAN_POINT('',(-1.35,0.,-0.501));
#4985 = VECTOR('',#4986,1.);
#4986 = DIRECTION('',(0.,1.,0.));
#4987 = ORIENTED_EDGE('',*,*,#4988,.F.);
#4988 = EDGE_CURVE('',#4956,#4981,#4989,.T.);
#4989 = LINE('',#4990,#4991);
#4990 = CARTESIAN_POINT('',(-1.35,0.175,-0.499));
#4991 = VECTOR('',#4992,1.);
#4992 = DIRECTION('',(0.,0.,-1.));
#4993 = ORIENTED_EDGE('',*,*,#4955,.F.);
#4994 = PLANE('',#4995);
#4995 = AXIS2_PLACEMENT_3D('',#4996,#4997,#4998);
#4996 = CARTESIAN_POINT('',(-1.35,-2.5E-02,-0.499));
#4997 = DIRECTION('',(1.,0.,0.));
#4998 = DIRECTION('',(0.,0.,-1.));
#4999 = ADVANCED_FACE('',(#5000),#5019,.F.);
#5000 = FACE_BOUND('',#5001,.F.);
#5001 = EDGE_LOOP('',(#5002,#5003,#5011,#5018));
#5002 = ORIENTED_EDGE('',*,*,#47,.T.);
#5003 = ORIENTED_EDGE('',*,*,#5004,.T.);
#5004 = EDGE_CURVE('',#40,#5005,#5007,.T.);
#5005 = VERTEX_POINT('',#5006);
#5006 = CARTESIAN_POINT('',(-1.469,0.175,-0.62));
#5007 = LINE('',#5008,#5009);
#5008 = CARTESIAN_POINT('',(-1.469,0.,-0.62));
#5009 = VECTOR('',#5010,1.);
#5010 = DIRECTION('',(0.,1.,0.));
#5011 = ORIENTED_EDGE('',*,*,#5012,.F.);
#5012 = EDGE_CURVE('',#4981,#5005,#5013,.T.);
#5013 = CIRCLE('',#5014,0.119);
#5014 = AXIS2_PLACEMENT_3D('',#5015,#5016,#5017);
#5015 = CARTESIAN_POINT('',(-1.469,0.175,-0.501));
#5016 = DIRECTION('',(-0.,1.,0.));
#5017 = DIRECTION('',(1.,0.,0.));
#5018 = ORIENTED_EDGE('',*,*,#4980,.F.);
#5019 = CYLINDRICAL_SURFACE('',#5020,0.119);
#5020 = AXIS2_PLACEMENT_3D('',#5021,#5022,#5023);
#5021 = CARTESIAN_POINT('',(-1.469,-2.5E-02,-0.501));
#5022 = DIRECTION('',(0.,1.,0.));
#5023 = DIRECTION('',(1.,0.,0.));
#5024 = ADVANCED_FACE('',(#5025),#5036,.F.);
#5025 = FACE_BOUND('',#5026,.F.);
#5026 = EDGE_LOOP('',(#5027,#5028,#5029,#5035));
#5027 = ORIENTED_EDGE('',*,*,#39,.F.);
#5028 = ORIENTED_EDGE('',*,*,#1348,.T.);
#5029 = ORIENTED_EDGE('',*,*,#5030,.F.);
#5030 = EDGE_CURVE('',#5005,#1341,#5031,.T.);
#5031 = LINE('',#5032,#5033);
#5032 = CARTESIAN_POINT('',(-1.469,0.175,-0.62));
#5033 = VECTOR('',#5034,1.);
#5034 = DIRECTION('',(-1.,0.,0.));
#5035 = ORIENTED_EDGE('',*,*,#5004,.F.);
#5036 = PLANE('',#5037);
#5037 = AXIS2_PLACEMENT_3D('',#5038,#5039,#5040);
#5038 = CARTESIAN_POINT('',(-1.469,-2.5E-02,-0.62));
#5039 = DIRECTION('',(0.,0.,-1.));
#5040 = DIRECTION('',(-1.,0.,0.));
#5041 = ADVANCED_FACE('',(#5042),#5050,.F.);
#5042 = FACE_BOUND('',#5043,.F.);
#5043 = EDGE_LOOP('',(#5044,#5045,#5046,#5047,#5048,#5049));
#5044 = ORIENTED_EDGE('',*,*,#1340,.F.);
#5045 = ORIENTED_EDGE('',*,*,#4939,.T.);
#5046 = ORIENTED_EDGE('',*,*,#4963,.T.);
#5047 = ORIENTED_EDGE('',*,*,#4988,.T.);
#5048 = ORIENTED_EDGE('',*,*,#5012,.T.);
#5049 = ORIENTED_EDGE('',*,*,#5030,.T.);
#5050 = PLANE('',#5051);
#5051 = AXIS2_PLACEMENT_3D('',#5052,#5053,#5054);
#5052 = CARTESIAN_POINT('',(0.,0.175,0.));
#5053 = DIRECTION('',(0.,1.,0.));
#5054 = DIRECTION('',(1.,0.,0.));
#5055 = ADVANCED_FACE('',(#5056),#5081,.F.);
#5056 = FACE_BOUND('',#5057,.F.);
#5057 = EDGE_LOOP('',(#5058,#5059,#5067,#5075));
#5058 = ORIENTED_EDGE('',*,*,#1055,.T.);
#5059 = ORIENTED_EDGE('',*,*,#5060,.T.);
#5060 = EDGE_CURVE('',#1058,#5061,#5063,.T.);
#5061 = VERTEX_POINT('',#5062);
#5062 = CARTESIAN_POINT('',(-1.025,0.175,1.025));
#5063 = LINE('',#5064,#5065);
#5064 = CARTESIAN_POINT('',(-1.025,0.,1.025));
#5065 = VECTOR('',#5066,1.);
#5066 = DIRECTION('',(0.,1.,0.));
#5067 = ORIENTED_EDGE('',*,*,#5068,.F.);
#5068 = EDGE_CURVE('',#5069,#5061,#5071,.T.);
#5069 = VERTEX_POINT('',#5070);
#5070 = CARTESIAN_POINT('',(-1.025,0.175,-0.725));
#5071 = LINE('',#5072,#5073);
#5072 = CARTESIAN_POINT('',(-1.025,0.175,-0.725));
#5073 = VECTOR('',#5074,1.);
#5074 = DIRECTION('',(0.,0.,1.));
#5075 = ORIENTED_EDGE('',*,*,#5076,.T.);
#5076 = EDGE_CURVE('',#5069,#1056,#5077,.T.);
#5077 = LINE('',#5078,#5079);
#5078 = CARTESIAN_POINT('',(-1.025,0.175,-0.725));
#5079 = VECTOR('',#5080,1.);
#5080 = DIRECTION('',(0.,-1.,0.));
#5081 = PLANE('',#5082);
#5082 = AXIS2_PLACEMENT_3D('',#5083,#5084,#5085);
#5083 = CARTESIAN_POINT('',(-1.025,-2.5E-02,-1.025));
#5084 = DIRECTION('',(-1.,0.,0.));
#5085 = DIRECTION('',(0.,0.,1.));
#5086 = ADVANCED_FACE('',(#5087),#5105,.F.);
#5087 = FACE_BOUND('',#5088,.F.);
#5088 = EDGE_LOOP('',(#5089,#5090,#5098,#5104));
#5089 = ORIENTED_EDGE('',*,*,#1089,.T.);
#5090 = ORIENTED_EDGE('',*,*,#5091,.T.);
#5091 = EDGE_CURVE('',#1082,#5092,#5094,.T.);
#5092 = VERTEX_POINT('',#5093);
#5093 = CARTESIAN_POINT('',(1.025,0.175,1.025));
#5094 = LINE('',#5095,#5096);
#5095 = CARTESIAN_POINT('',(1.025,0.,1.025));
#5096 = VECTOR('',#5097,1.);
#5097 = DIRECTION('',(0.,1.,0.));
#5098 = ORIENTED_EDGE('',*,*,#5099,.F.);
#5099 = EDGE_CURVE('',#5061,#5092,#5100,.T.);
#5100 = LINE('',#5101,#5102);
#5101 = CARTESIAN_POINT('',(-1.025,0.175,1.025));
#5102 = VECTOR('',#5103,1.);
#5103 = DIRECTION('',(1.,0.,0.));
#5104 = ORIENTED_EDGE('',*,*,#5060,.F.);
#5105 = PLANE('',#5106);
#5106 = AXIS2_PLACEMENT_3D('',#5107,#5108,#5109);
#5107 = CARTESIAN_POINT('',(-1.025,-2.5E-02,1.025));
#5108 = DIRECTION('',(0.,0.,1.));
#5109 = DIRECTION('',(1.,0.,-0.));
#5110 = ADVANCED_FACE('',(#5111),#5129,.F.);
#5111 = FACE_BOUND('',#5112,.F.);
#5112 = EDGE_LOOP('',(#5113,#5114,#5122,#5128));
#5113 = ORIENTED_EDGE('',*,*,#1081,.T.);
#5114 = ORIENTED_EDGE('',*,*,#5115,.T.);
#5115 = EDGE_CURVE('',#1074,#5116,#5118,.T.);
#5116 = VERTEX_POINT('',#5117);
#5117 = CARTESIAN_POINT('',(1.025,0.175,-1.025));
#5118 = LINE('',#5119,#5120);
#5119 = CARTESIAN_POINT('',(1.025,0.,-1.025));
#5120 = VECTOR('',#5121,1.);
#5121 = DIRECTION('',(0.,1.,0.));
#5122 = ORIENTED_EDGE('',*,*,#5123,.F.);
#5123 = EDGE_CURVE('',#5092,#5116,#5124,.T.);
#5124 = LINE('',#5125,#5126);
#5125 = CARTESIAN_POINT('',(1.025,0.175,1.025));
#5126 = VECTOR('',#5127,1.);
#5127 = DIRECTION('',(0.,0.,-1.));
#5128 = ORIENTED_EDGE('',*,*,#5091,.F.);
#5129 = PLANE('',#5130);
#5130 = AXIS2_PLACEMENT_3D('',#5131,#5132,#5133);
#5131 = CARTESIAN_POINT('',(1.025,-2.5E-02,1.025));
#5132 = DIRECTION('',(1.,0.,0.));
#5133 = DIRECTION('',(0.,0.,-1.));
#5134 = ADVANCED_FACE('',(#5135),#5153,.F.);
#5135 = FACE_BOUND('',#5136,.F.);
#5136 = EDGE_LOOP('',(#5137,#5138,#5146,#5152));
#5137 = ORIENTED_EDGE('',*,*,#1073,.T.);
#5138 = ORIENTED_EDGE('',*,*,#5139,.F.);
#5139 = EDGE_CURVE('',#5140,#1066,#5142,.T.);
#5140 = VERTEX_POINT('',#5141);
#5141 = CARTESIAN_POINT('',(-0.725,0.175,-1.025));
#5142 = LINE('',#5143,#5144);
#5143 = CARTESIAN_POINT('',(-0.725,0.175,-1.025));
#5144 = VECTOR('',#5145,1.);
#5145 = DIRECTION('',(0.,-1.,0.));
#5146 = ORIENTED_EDGE('',*,*,#5147,.F.);
#5147 = EDGE_CURVE('',#5116,#5140,#5148,.T.);
#5148 = LINE('',#5149,#5150);
#5149 = CARTESIAN_POINT('',(1.025,0.175,-1.025));
#5150 = VECTOR('',#5151,1.);
#5151 = DIRECTION('',(-1.,0.,0.));
#5152 = ORIENTED_EDGE('',*,*,#5115,.F.);
#5153 = PLANE('',#5154);
#5154 = AXIS2_PLACEMENT_3D('',#5155,#5156,#5157);
#5155 = CARTESIAN_POINT('',(1.025,-2.5E-02,-1.025));
#5156 = DIRECTION('',(0.,0.,-1.));
#5157 = DIRECTION('',(-1.,0.,0.));
#5158 = ADVANCED_FACE('',(#5159),#5170,.F.);
#5159 = FACE_BOUND('',#5160,.F.);
#5160 = EDGE_LOOP('',(#5161,#5162,#5163,#5169));
#5161 = ORIENTED_EDGE('',*,*,#1065,.F.);
#5162 = ORIENTED_EDGE('',*,*,#5076,.F.);
#5163 = ORIENTED_EDGE('',*,*,#5164,.F.);
#5164 = EDGE_CURVE('',#5140,#5069,#5165,.T.);
#5165 = LINE('',#5166,#5167);
#5166 = CARTESIAN_POINT('',(-0.725,0.175,-1.025));
#5167 = VECTOR('',#5168,1.);
#5168 = DIRECTION('',(-0.707106781187,0.,0.707106781187));
#5169 = ORIENTED_EDGE('',*,*,#5139,.T.);
#5170 = PLANE('',#5171);
#5171 = AXIS2_PLACEMENT_3D('',#5172,#5173,#5174);
#5172 = CARTESIAN_POINT('',(-0.875,7.5E-02,-0.875));
#5173 = DIRECTION('',(-0.707106781187,0.,-0.707106781187));
#5174 = DIRECTION('',(0.707106781187,0.,-0.707106781187));
#5175 = ADVANCED_FACE('',(#5176),#5183,.F.);
#5176 = FACE_BOUND('',#5177,.F.);
#5177 = EDGE_LOOP('',(#5178,#5179,#5180,#5181,#5182));
#5178 = ORIENTED_EDGE('',*,*,#5164,.T.);
#5179 = ORIENTED_EDGE('',*,*,#5068,.T.);
#5180 = ORIENTED_EDGE('',*,*,#5099,.T.);
#5181 = ORIENTED_EDGE('',*,*,#5123,.T.);
#5182 = ORIENTED_EDGE('',*,*,#5147,.T.);
#5183 = PLANE('',#5184);
#5184 = AXIS2_PLACEMENT_3D('',#5185,#5186,#5187);
#5185 = CARTESIAN_POINT('',(0.,0.175,0.));
#5186 = DIRECTION('',(0.,1.,0.));
#5187 = DIRECTION('',(1.,0.,0.));
#5188 = ( GEOMETRIC_REPRESENTATION_CONTEXT(3) 
GLOBAL_UNCERTAINTY_ASSIGNED_CONTEXT((#5192)) 
GLOBAL_UNIT_ASSIGNED_CONTEXT((#5189,#5190,#5191)) REPRESENTATION_CONTEXT
('Context #1','3D Context with UNIT and UNCERTAINTY') );
#5189 = ( LENGTH_UNIT() NAMED_UNIT(*) SI_UNIT(.MILLI.,.METRE.) );
#5190 = ( NAMED_UNIT(*) PLANE_ANGLE_UNIT() SI_UNIT($,.RADIAN.) );
#5191 = ( NAMED_UNIT(*) SI_UNIT($,.STERADIAN.) SOLID_ANGLE_UNIT() );
#5192 = UNCERTAINTY_MEASURE_WITH_UNIT(LENGTH_MEASURE(1.E-07),#5189,
  'distance_accuracy_value','confusion accuracy');
#5193 = PRODUCT_RELATED_PRODUCT_CATEGORY('part',$,(#7));
#5194 = MECHANICAL_DESIGN_GEOMETRIC_PRESENTATION_REPRESENTATION('',(
    #5195),#5188);
#5195 = STYLED_ITEM('color',(#5196),#15);
#5196 = PRESENTATION_STYLE_ASSIGNMENT((#5197,#5203));
#5197 = SURFACE_STYLE_USAGE(.BOTH.,#5198);
#5198 = SURFACE_SIDE_STYLE('',(#5199));
#5199 = SURFACE_STYLE_FILL_AREA(#5200);
#5200 = FILL_AREA_STYLE('',(#5201));
#5201 = FILL_AREA_STYLE_COLOUR('',#5202);
#5202 = COLOUR_RGB('',9.803921802644E-02,9.803921802644E-02,
  9.803921802644E-02);
#5203 = CURVE_STYLE('',#5204,POSITIVE_LENGTH_MEASURE(0.1),#5202);
#5204 = DRAUGHTING_PRE_DEFINED_CURVE_FONT('continuous');
ENDSEC;
END-ISO-10303-21;
